OBJECTID;UIDENTSTLAE;ULAND;UREGBEZ;UKREIS;UGEMEINDE;UJAHR;UMONAT;USTUNDE;UWOCHENTAG;UKATEGORIE;UART;UTYP1;ULICHTVERH;IstStrassenzustand;IstRad;IstPKW;IstFuss;IstKrad;IstGkfz;IstSonstige;LINREFX;LINREFY;XGCSWGS84;YGCSWGS84
25952;5220207608200089833;5;3;34;2;2022;2;13;2;3;6;4;0;0;1;0;1;0;0;0;294990,752690138993785;5629365,531875089742243;6,091870788000050;50,779754964000098
25957;5220125600110886352;5;3;14;0;2022;1;7;3;3;1;5;2;0;1;1;0;0;0;0;362451,744039560027886;5622693,757812590338290;7,050585608000060;50,739722241000003
25973;5220202705000889359;5;5;54;4;2022;2;7;4;3;5;3;0;0;1;0;0;0;0;0;363466,941321718972176;5772340,792128940112889;7,007323302000030;52,084776668000103
25975;5220124608100385805;5;3;34;2;2022;1;16;2;2;4;2;0;0;1;1;0;0;0;0;295091,298934974998701;5627028,142289970070124;6,094596820000050;50,758797743999999
25979;5220122500100878866;5;1;11;0;2022;1;1;7;3;3;6;2;0;1;1;0;0;0;0;345091,668999733985402;5676512,057999160140753;6,781797752000050;51,218954953999997
25982;5220204317240518567;5;9;78;40;2022;2;13;6;2;0;5;0;1;1;1;0;0;0;0;405938,428963350015692;5724427,266355349682271;7,640010114000060;51,662949406999999
25988;5220202518400586781;5;1;70;8;2022;2;15;4;3;5;3;0;0;1;1;0;0;0;0;343464,577999725006521;5714759,603999109938741;6,741654547000050;51,562163787000003
25995;5220210711313981132;5;5;70;8;2022;2;14;5;3;3;2;0;1;1;1;0;0;0;0;434063,445999997027684;5734465,997999650426209;8,044682708000041;51,757203484000101
26000;5220212711114290658;5;5;70;52;2022;2;15;7;2;0;3;0;0;1;1;0;0;0;0;427427,763239288004115;5750763,504069169983268;7,945141318000030;51,902892604000002
26006;5220211608200089813;5;3;34;2;2022;2;22;6;3;7;7;2;2;1;0;0;0;0;0;301242,938215748989023;5616518,158911320380867;6,187366228000030;50,666535486000001
26023;5220205500300390132;5;1;11;0;2022;2;13;7;3;5;2;0;0;1;1;0;0;0;0;343066,048999716993421;5674557,267999109812081;6,753670866000050;51,200837495000002
26024;5220213315140643699;5;9;70;36;2022;2;12;1;3;5;3;0;0;1;1;0;0;0;0;430892,237275504972786;5626322,543849660083652;8,019656411000030;50,784531829999999
26030;5220131501318076268;5;1;12;0;2022;1;18;2;3;5;3;2;1;1;1;0;0;0;0;344669,374794172996189;5699430,435156700201333;6,765768312000030;51,424766212000101
26032;5220127501127279593;5;1;12;0;2022;1;19;5;3;0;7;2;1;1;0;0;0;0;0;346484,711999749008100;5705083,444999190047383;6,789405875000060;51,476053741000001
26034;5220129316300090686;5;9;74;28;2022;1;14;7;3;4;2;0;1;1;1;0;0;0;0;455224,495042687980458;5726355,915996329858899;8,352289708000059;51,686379056000099
26056;5220209701400961084;5;5;12;0;2022;2;13;4;1;0;1;0;0;1;0;0;0;0;0;355681,965590192994568;5709897,157573619857430;6,919778976000030;51,521729820000097
26067;5220206701300661166;5;5;62;14;2022;2;16;1;3;9;1;0;1;1;0;0;0;0;0;360409,828416957985610;5717462,171329460106790;6,984878033000030;51,590897918000103
26070;5220212405236556391;5;7;54;36;2022;2;15;7;3;5;3;0;0;1;1;0;0;0;0;476137,736163832014427;5750918,077560779638588;8,653115992000039;51,908498429000097
26083;5220206601100190244;5;3;15;0;2022;2;15;1;2;0;1;0;1;1;0;0;0;0;0;355287,606999807001557;5644179,759999359957874;6,940635489000040;50,931075180000100
26097;5220205514213946151;5;1;66;8;2022;2;16;7;2;0;7;0;0;1;0;0;0;0;0;316906,968999420001637;5688951,385997800156474;6,372257599000020;51,322351967000003
26101;5220204516600095738;5;1;58;4;2022;2;18;6;3;5;2;2;1;1;1;0;0;0;0;356498,089027485984843;5674265,075441749766469;6,945913230000030;51,201743708999999
26113;5220212502407189633;5;1;17;0;2022;2;23;7;3;0;1;2;0;1;0;0;0;0;0;351947,742999788024463;5697037,610999300144613;6,871377953000040;51,405213158999999
26114;5220201300000076699;5;9;11;0;2022;2;8;3;3;5;2;0;0;1;1;0;0;0;1;376175,332999913021922;5703752,468999559991062;7,217162966000050;51,471370268999998
26115;5220201608100665719;5;3;34;2;2022;2;15;3;3;5;3;0;1;1;1;0;0;0;0;295245,943564357992727;5628864,947090459987521;6,095764494000040;50,775349216999999
26135;5220127301202080691;5;9;13;0;2022;1;15;5;3;6;4;0;1;1;0;1;0;0;0;394631,055999963020440;5709147,084999619983137;7,481169684000060;51,523598406000097
26137;5220213514113090931;5;1;66;32;2022;2;14;1;3;3;6;0;0;1;0;0;0;0;0;316422,184999412973411;5688843,695997769944370;6,365363346000040;51,321228416000103
26156;5220209601100064384;5;3;15;0;2022;2;18;4;3;3;2;2;0;1;1;0;0;0;0;354891,783337273984216;5645497,891392920166254;6,934481610000030;50,942821455000100
26166;5220203400300090661;5;7;11;0;2022;2;5;5;3;5;3;2;1;1;1;0;0;0;0;465884,270952848019078;5757075,445214030332863;8,503456514000050;51,963323957000100
26169;5220201303100075348;5;9;15;0;2022;2;22;3;3;5;3;2;1;1;1;0;0;0;0;417444,850804293993860;5725270,371971230022609;7,806134946000040;51,672336836000099
26170;5220201608100785862;5;3;34;2;2022;2;14;3;3;8;1;0;1;1;0;0;0;0;0;292394,411998950992711;5628258,527995039708912;6,055717139000020;50,768889492000000
26171;5220208515110579015;5;1;54;36;2022;2;17;3;3;0;2;1;0;1;1;0;0;0;0;302097,783766834007110;5741515,018040849827230;6,130413591000040;51,789440064000097
26174;5220211500100871838;5;1;11;0;2022;2;7;6;3;1;1;0;1;1;1;0;0;0;0;345291,226209706976078;5676648,194277290254831;6,784594268000030;51,220232306000099
26181;5220202702100076723;5;5;15;0;2022;2;11;4;3;5;3;0;0;1;0;0;0;0;1;406208,938999979000073;5757441,278999660164118;7,634982973000040;51,959748044999998
26196;5220124300700177771;5;9;16;0;2022;1;19;2;3;5;2;2;0;1;1;0;0;0;0;373692,634999902977142;5711321,544999550096691;7,178725371000040;51,538846153000101
26200;5220124600140090938;5;3;14;0;2022;1;14;2;3;5;3;0;0;1;1;0;0;0;0;368351,968999879027251;5621673,449999489821494;7,134523136000040;50,731919183000102
26203;5220209602500174214;5;3;62;24;2022;2;11;4;3;5;2;0;0;1;1;0;0;0;0;343171,909999714000151;5641700,135999130085111;6,769420536000040;50,905627043999999
26206;5220130406220231814;5;7;58;24;2022;1;10;1;3;5;3;0;1;1;1;0;0;0;0;481177,184887586976402;5785787,749353280290961;8,724450351000030;52,222196197000102
26208;5220125606100044145;5;3;78;4;2022;1;8;3;3;5;3;1;0;1;1;0;0;0;0;364737,371569251990877;5652231,152176479808986;7,072034248000020;51,005730294000003
26210;5220131702100957476;5;5;15;0;2022;1;19;2;3;5;3;2;1;1;1;0;0;0;0;403802,505999977001920;5760932,148999660275877;7,598992882000060;51,990713927999998
26213;5220202601500025033;5;3;15;0;2022;2;19;4;2;6;6;2;0;1;0;1;0;0;0;360290,443340944999363;5647023,259417089633644;7,010692143000030;50,957863668000101
26221;5220127513320186711;5;1;62;4;2022;1;14;5;3;3;2;0;1;1;1;0;0;0;0;348891,834999762999360;5662799,034999250434339;6,841931049000040;51,096750158000098
26230;5220205609108589795;5;3;58;8;2022;2;14;7;3;5;3;0;0;1;1;0;0;0;0;322544,495300958980806;5631083,428980310447514;6,481466521000070;50,804275427999997
26232;5220211600110667671;5;3;14;0;2022;2;15;6;3;5;3;0;0;1;1;0;0;0;0;365263,218050520983525;5622013,615616279654205;7,090656262000040;50,734268321000101
26239;5220203317240718494;5;9;78;40;2022;2;5;5;3;5;3;2;1;1;1;0;0;0;0;406881,132999980996829;5724437,040999639779329;7,653633527000070;51,663194279999999
26247;5220122516100091206;5;1;58;12;2022;1;2;7;2;0;1;2;1;1;0;0;0;0;0;357599,644369543006178;5687797,677848139777780;6,956282005000050;51,323628502000098
26248;5220211406120331773;5;7;58;16;2022;2;13;6;3;4;6;0;1;1;0;0;1;0;0;476049,543000000005122;5777382,128999680280685;8,649981330000060;52,146426298000101
26249;5220131301101509055;5;9;13;0;2022;1;9;2;3;5;3;0;0;1;1;0;0;0;0;392019,943807783012744;5706101,220217010006309;7,444479631000040;51,495727761000097
26251;5220126411132370307;5;7;74;28;2022;1;14;4;2;0;1;0;0;1;0;0;0;0;0;492264,178649656998459;5713390,265421760268509;8,888378455000071;51,571530515000099
26256;5220207301204571288;5;9;13;0;2022;2;7;2;3;5;3;2;0;1;1;0;0;0;0;385456,021999940974638;5708723,264999610371888;7,349111532000050;51,518002796000097
26259;5220208502104989574;5;1;13;0;2022;2;17;3;3;0;7;0;0;1;1;0;0;0;0;361349,639185374020599;5702480,226302060298622;7,004332254000080;51,456498986000000
26262;5220204301301273373;5;9;78;24;2022;2;10;6;2;5;3;0;0;1;1;0;0;0;0;395269,986999962013215;5720907,057999630458653;7,486869319000050;51,629421522000001
26267;5220202513320286898;5;1;62;4;2022;2;18;4;3;0;3;2;0;1;1;0;0;0;0;344878,825939791975543;5661742,425568100064993;6,785117853000030;51,086184340000003
26276;5220203518200178891;5;1;70;24;2022;2;11;5;2;5;2;0;0;1;1;0;0;0;0;335669,101453538984060;5703458,397967780008912;6,634556425000030;51,458416190999998
26278;5220212506100611612;5;1;16;0;2022;2;15;7;3;5;3;0;0;1;1;0;0;0;0;321232,661999477015343;5672682,073998159728944;6,442397804000050;51,177578584999999
26285;5220131307000966970;5;9;62;16;2022;1;19;2;3;6;7;2;1;1;0;1;0;0;0;414498,778467500989791;5692621,184337859973311;7,771466041000050;51,378392789000003
26290;5220202701300979393;5;5;62;14;2022;2;13;4;3;5;3;0;0;1;0;0;0;0;1;361452,832982818013988;5714702,603496599942446;7,001013569000070;51,566357537000002
26301;5220209405224078034;5;7;54;24;2022;2;16;4;2;5;3;0;0;1;1;0;0;0;0;453100,459999997983687;5737840,617999659851193;8,320018185000039;51,789461486999997
26303;5220123300100136385;5;9;11;0;2022;1;0;1;3;1;5;2;0;1;1;0;0;0;0;377960,804667356016580;5705912,502960120327771;7,242110804000050;51,491171549000100
26304;5220211505100286056;5;1;14;0;2022;2;11;6;2;5;3;0;0;1;1;0;0;0;0;329558,882999582972843;5688948,683998609893024;6,553654282000020;51,326259196000102
26309;5220210500100057529;5;1;11;0;2022;2;18;5;3;5;2;2;1;1;1;0;0;0;0;346412,201895615027752;5675999,798198450356722;6,800911456000050;51,214708784000003
26313;5220124605152085261;5;3;74;52;2022;1;5;2;2;5;2;2;0;1;1;0;0;0;0;386816,153999944974203;5664464,574999590404332;7,382759421000060;51,120462604000103
26316;5220208610221249219;5;3;70;20;2022;2;15;3;3;8;1;0;0;1;0;0;0;0;0;310428,192665531008970;5657190,948700970038772;6,296135879000080;51,034953313000102
26320;5220130502226417332;5;1;13;0;2022;1;11;1;3;0;7;0;0;1;0;0;0;0;1;360155,706727246986702;5696511,761864989995956;6,989514922000070;51,402570974000099
26322;5220126505200582284;5;1;14;0;2022;1;18;4;3;2;2;2;0;1;1;0;0;0;0;330163,166999590990599;5690113,085998630151153;6,561764047000050;51,336900751000002
26335;5220210602250986763;5;3;62;16;2022;2;12;5;3;0;7;0;0;1;0;0;0;0;0;328971,635427533998154;5646261,007104350253940;6,565496496000040;50,942572552999998
26340;5220205500100090767;5;1;11;0;2022;2;16;7;3;0;1;0;0;1;1;0;0;0;0;339135,652191944012884;5677670,333916899748147;6,696063654000060;51,227714957000003
26342;5220128301101185249;5;9;13;0;2022;1;16;6;3;0;2;0;0;1;1;0;0;0;0;391931,517999957024585;5706003,003999619744718;7,443236387000070;51,494828056000102
26344;5220209600310722857;5;3;14;0;2022;2;19;4;3;5;3;2;0;1;1;0;0;0;0;363780,672092207008973;5617524,864051490090787;7,071316784000030;50,693578337000098
26348;5220131518210879044;5;1;70;28;2022;1;7;2;3;0;2;1;1;1;1;0;0;0;0;329202,618999583006371;5702247,802998569793999;6,542150088000030;51,445626892000099
26349;5220207518400989297;5;1;70;8;2022;2;10;2;3;5;2;0;0;1;1;0;0;0;0;343269,144999722018838;5713999,175999100320041;6,739176338000050;51,555277349000100
26359;5220205600140067674;5;3;14;0;2022;2;12;7;3;5;3;0;0;1;1;0;0;0;0;367452,093563648988493;5622823,574557970277965;7,121365377000070;50,742051936999999
26360;5220122607200490886;5;3;82;20;2022;1;13;7;3;0;1;0;0;1;0;0;0;0;0;379436,813999923004303;5625986,543999549932778;7,290107170000060;50,773095705999999
26364;5220126400200776189;5;7;11;0;2022;1;9;4;3;5;3;0;0;1;1;0;0;0;0;470279,768101198016666;5762475,662567010149360;8,566961416000030;52,012128175000001
26369;5220124601500066023;5;3;15;0;2022;1;10;2;2;5;1;0;0;1;1;0;0;0;0;363557,728326648008078;5648831,931037900038064;7,056507258000070;50,974901779000000
26370;5220201518200489487;5;1;70;24;2022;2;16;3;3;5;2;0;1;1;1;0;0;0;0;335896,868999654019717;5701993,933998869732022;6,638511269000050;51,445325287999999
26371;5220208601200093347;5;3;15;0;2022;2;7;3;3;0;1;2;0;1;0;0;0;0;0;354546,958416013978422;5643519,123656000010669;6,930366422000080;50,924951917999998
26381;5220202508000581043;5;1;19;0;2022;2;5;4;3;5;3;2;1;1;1;0;0;0;0;352411,670999791997019;5708170,356999309733510;6,873397962000070;51,505368597000000
26383;5220213709000712018;5;5;66;96;2022;2;1;1;2;4;6;2;0;1;0;0;0;0;0;386619,688176675001159;5786758,333033420145512;7,340252486000050;52,219573270000097
26384;5220124315210290856;5;9;70;24;2022;1;14;2;3;5;3;0;0;1;1;0;0;0;0;430820,513999996997882;5645780,325999620370567;8,014958120000070;50,959475454000000
26388;5220210706200020577;5;5;58;12;2022;2;15;5;3;5;2;0;1;1;0;0;1;0;0;372705,595961133018136;5756204,619067190214992;7,148078880000070;51,941975080000098
26390;5220203608200089775;5;3;34;2;2022;2;17;5;3;5;3;2;0;1;1;0;0;0;0;295601,650999020028394;5629372,689995570108294;6,100520758000070;50,780034864000100
26393;5220209608404333439;5;3;34;4;2022;2;8;4;3;5;3;0;0;1;1;0;0;0;0;300211,496999118011445;5638731,026996199972928;6,160729715000060;50,865695359000000
26397;5220204406140382071;5;7;58;32;2022;2;9;6;3;8;1;0;1;1;0;0;0;0;0;462044,415234847983811;5773065,759264480322599;8,445796572000059;52,106835729000103
26399;5220127303100577922;5;9;15;0;2022;1;13;5;3;5;3;0;1;1;1;0;0;0;0;410832,480953220976517;5723195,890174060128629;7,711065077000060;51,652678227000102
26405;5220214406120331885;5;7;58;16;2022;2;16;2;2;0;7;0;0;1;0;0;0;0;0;474186,636838362028357;5776590,079421520233154;8,622817078000031;52,139221411000101
26406;5220124404101690806;5;7;66;20;2022;1;14;2;3;1;5;0;0;1;1;0;0;0;0;492315,929163543973118;5755779,986480019986629;8,888187640000069;51,952670228999999
26417;5220209600130090902;5;3;82;8;2022;2;15;4;3;5;2;0;0;1;1;0;0;0;0;374629,991885054972954;5611393,728353859856725;7,226924185000030;50,640907175999999
26428;5220124706000096656;5;5;58;32;2022;1;6;2;2;5;2;2;1;1;1;0;0;0;0;381562,724999932979699;5754964,449999599717557;7,277297059000030;51,932785645000102
26433;5220205505200185879;5;1;14;0;2022;2;9;7;3;5;3;0;1;1;1;0;0;0;0;328105,962999569019303;5691851,784998529590666;6,531419845000070;51,351902358000103
26435;5220211502307079607;5;1;13;0;2022;2;16;6;3;3;6;1;0;1;1;0;0;0;0;359833,319842657016125;5702905,721232799813151;6,982352897000060;51,459949184999999
26436;5220131307000890027;5;9;62;16;2022;1;15;2;3;5;3;0;1;1;1;0;0;0;0;413669,151999985973816;5694760,461999629624188;7,759028276000040;51,397498880000100
26450;5220125605132141849;5;3;74;32;2022;1;5;3;3;1;3;2;0;1;1;0;0;0;0;399901,945933558978140;5643336,988100579939783;7,575505481000050;50,932968661000103
26452;5220131706100081078;5;5;58;32;2022;1;12;2;3;4;2;0;0;1;1;0;0;0;0;386661,790378886973485;5754379,469831939786673;7,351623147000050;51,928589967000100
26460;5220131410270440180;5;7;70;16;2022;1;17;2;2;2;6;2;1;1;1;0;0;0;0;478628,100390957028139;5788429,679231300018728;8,686967501000030;52,245855362999997
26461;5220208500200250578;5;1;11;0;2022;2;7;3;2;3;6;0;1;1;0;0;0;0;0;345655,019815107982140;5680376,750952909700572;6,788192909000030;51,253833464000103
26463;5220210702100242572;5;5;15;0;2022;2;8;5;3;5;2;0;0;1;1;0;0;0;0;405790,495177577016875;5753474,265321180224419;7,629981777000070;51,924019907000101
26465;5220203601100570589;5;3;15;0;2022;2;12;5;3;6;4;0;1;1;0;1;0;0;0;355329,754999807977583;5644072,077999359928071;6,941277610000040;50,930118037000099
26468;5220213404103490701;5;7;66;60;2022;2;15;1;3;2;2;0;0;1;1;0;0;0;0;510772,439698919013608;5751455,681390150450170;9,156616227000031;51,913739034000102
26474;5220211601100574254;5;3;15;0;2022;2;17;6;3;3;5;0;0;1;1;0;0;0;0;356646,028776040999219;5643036,094136769883335;6,960403340000030;50,921136374000099
26475;5220131405236091751;5;7;54;36;2022;1;3;2;2;0;1;2;0;1;0;0;0;0;0;473754,324000000022352;5752465,617999670095742;8,618351348000029;51,922304986000000
26478;5220126609108277567;5;3;58;8;2022;1;17;4;3;0;1;2;2;1;0;0;0;0;0;321859,891999471990857;5630660,965998269617558;6,471965320000040;50,800269938000000
26482;5220207502214862598;5;1;13;0;2022;2;16;2;2;0;7;0;1;1;0;1;0;0;0;359161,739999833982438;5697953,878999420441687;6,974661935000030;51,415284268000100
26483;5220124702100079228;5;5;15;0;2022;1;14;2;2;2;6;0;0;1;0;0;0;0;0;406430,937770250020549;5758996,477054609917104;7,637789105000020;51,973764295000102
26492;5220127705000268257;5;5;54;12;2022;1;17;5;3;5;3;1;1;1;1;0;0;0;0;352439,793999793997500;5745541,962999310344458;6,858014713000050;51,841167986000102
26502;5220129500200695430;5;1;11;0;2022;1;2;7;3;8;1;2;0;1;1;0;0;0;0;347046,577516700024717;5676722,256480500102043;6,809679220000020;51,221370768000000
26507;5220201601500786485;5;3;15;0;2022;2;9;3;3;3;2;0;1;1;1;0;0;0;0;360028,449999838019721;5648029,846999419853091;7,006576831000070;50,966846404000101
26519;5220124518400496096;5;1;70;8;2022;1;14;2;3;5;3;0;0;1;1;0;0;0;0;341672,150061865977477;5715883,486311609856784;6,715310783000060;51,571760977000103
26533;5220213700000491843;5;5;13;0;2022;2;15;1;3;9;1;0;0;1;0;0;0;0;0;368090,647685846022796;5713309,814638660289347;7,097249615000070;51,555432817000103
26536;5220131501316782162;5;1;12;0;2022;1;13;2;3;5;2;0;1;1;1;0;0;0;0;345196,615999738976825;5698224,994999160058796;6,773872301000040;51,414079510000100
26538;5220127505100071940;5;1;14;0;2022;1;20;5;3;5;2;2;1;1;1;0;0;0;0;327924,842999565007631;5689160,412998530082405;6,530121909000060;51,327669311000101
26541;5220203608312880785;5;3;34;12;2022;2;7;5;3;5;2;0;0;1;1;0;0;0;0;306509,600350561027881;5632445,271230130456388;6,253441426000050;50,811376144000100
26549;5220211518110944470;5;1;70;12;2022;2;7;6;3;1;5;0;1;1;0;0;0;0;1;328201,880119925015606;5734925,012039620429277;6,511767168000060;51,738868647000103
26554;5220210500200590506;5;1;11;0;2022;2;20;5;3;5;2;2;0;1;1;0;0;0;0;344716,425999731000047;5682428,126999150030315;6,773862803000040;51,272010885000000
26561;5220208601700481778;5;3;16;0;2022;2;5;3;2;4;2;2;0;1;1;0;0;0;0;363820,130999859014992;5658437,773999460041523;7,056635903000030;51,061294521000001
26573;5220207300700441900;5;9;16;0;2022;2;18;2;3;5;2;2;0;1;1;0;0;0;0;372681,217422831978183;5710642,069467679597437;7,164395095000030;51,532512441999998
26579;5220129709700276376;5;5;66;72;2022;1;13;7;3;5;3;0;1;1;1;0;0;0;0;412763,265999985975213;5803010,701999680139124;7,718633958000050;52,370414664000101
26581;5220125601300481738;5;3;15;0;2022;1;19;3;3;4;6;2;0;1;0;0;0;0;0;349618,234999768028501;5643223,346999269910157;6,860409608000050;50,921030330000100
26584;5220211410220053239;5;7;70;8;2022;2;13;6;2;5;3;0;1;1;1;0;0;0;0;473848,554999999993015;5802822,685999689623713;8,615844925000030;52,375046166000097
26586;5220204601500390403;5;3;15;0;2022;2;18;6;3;5;2;2;1;1;1;0;0;0;0;360872,793999840971082;5647710,999999430030584;7,018715896000060;50,964185413000102
26587;5220126410110376117;5;7;70;24;2022;1;7;4;2;5;2;2;1;1;1;0;0;0;0;497274,636999999987893;5794383,599999680183828;8,960033395000041;52,299792567000097
26594;5220201513130686019;5;1;62;22;2022;2;12;3;2;0;7;0;1;1;1;0;0;0;0;339036,283999681996647;5680438,639998990111053;6,693397479000050;51,252559728999998
26596;5220127516600376351;5;1;58;4;2022;1;14;5;3;1;5;0;1;1;0;0;0;0;1;354184,088940722984262;5675511,519957460463047;6,912307452000050;51,212358580999997
26599;5220203518400287465;5;1;70;8;2022;2;6;5;3;0;2;2;1;1;1;0;0;0;0;344929,806999735999852;5714907,902999149635434;6,762710644000040;51,563900967000102
26603;5220127705000565794;5;5;54;20;2022;1;7;5;3;5;2;2;1;1;1;0;0;0;0;366340,324999874981586;5785820,047999509610236;7,043931473000040;52,206595825000100
26606;5220124300100493874;5;9;11;0;2022;1;13;2;3;0;1;0;0;1;0;0;0;0;0;376587,889011262974236;5704662,815984349697828;7,222781891000070;51,479642089999999
26608;5220131514219091565;5;1;66;36;2022;1;7;2;3;5;3;2;1;1;1;0;0;0;0;328452,051999568997417;5680367,272998560220003;6,541905254000030;51,248833128000101
26623;5220204602500050569;5;3;62;24;2022;2;10;6;3;3;2;0;0;1;1;0;0;0;0;346613,009999745001551;5642143,383999209851027;6,818138969000070;50,910534631000097
26624;5220207501317382238;5;1;12;0;2022;2;17;2;3;3;2;0;0;1;1;0;0;0;0;344775,903999733971432;5698964,739999149926007;6,767503326000050;51,420611119000100
26630;5220124608404375492;5;3;34;4;2022;1;8;2;3;4;2;0;0;1;1;0;0;0;0;300312,928401841025334;5639670,730142540298402;6,161656375000060;50,874170489999997
26633;5220208513130982342;5;1;62;22;2022;2;16;3;2;0;1;0;0;1;0;0;0;0;0;337209,202999664004892;5680183,591998930089176;6,667354648000070;51,249749588999997
26637;5220130706000791755;5;5;58;8;2022;1;0;1;3;0;1;2;1;1;0;0;0;0;0;387504,566796855011489;5760184,222041220404208;7,361974521000040;51,980930291000000
26652;5220129605152085545;5;3;74;52;2022;1;11;7;2;0;1;0;1;1;0;0;0;0;0;386072,593844040005933;5662763,068745929747820;7,372676952000060;51,105020902000000
26676;5220211500200678850;5;1;11;0;2022;2;20;6;3;1;5;2;0;1;1;0;0;0;1;345703,848075517977122;5679441,387488289736211;6,789295291000030;51,245442051000097
26677;5220131400100776295;5;7;11;0;2022;1;7;2;3;5;2;0;1;1;1;0;0;0;0;467031,405969847983215;5767163,506586249917746;8,519180988000070;52,054091189000097
26678;5220204601100086472;5;3;15;0;2022;2;18;6;3;5;2;2;1;1;1;0;0;0;0;354857,802999805018771;5644405,280999359674752;6,934433497000040;50,932993889000002
26684;5220212303100584998;5;9;15;0;2022;2;12;7;3;5;3;0;0;1;1;0;0;0;0;413278,158999986015260;5721702,069999650120735;7,746778964000040;51,639632380000101
26698;5220122701800665467;5;5;62;4;2022;1;13;7;3;5;2;0;1;1;1;0;0;0;0;384427,015999938012101;5716606,155999599955976;7,331697058000030;51,588643331000100
26728;5220210608200089872;5;3;34;2;2022;2;13;5;3;5;3;0;1;1;1;0;0;0;0;299819,112148391024675;5627464,688331119716167;6,161306311000030;50,764368591999997
26729;5220129700000073461;5;5;13;0;2022;1;17;7;3;5;2;0;1;1;1;0;0;0;0;366522,066445783013478;5708067,201078359968960;7,076624131000070;51,507950574000098
26733;5220212701110995135;5;5;62;32;2022;2;17;7;3;6;4;2;0;1;0;1;0;0;0;376101,056843496975489;5714876,627418800257146;7,212182447000030;51,571330414999998
26734;5220128405140156672;5;7;54;40;2022;1;12;6;3;5;3;0;0;1;1;0;0;0;0;461118,801000001025386;5763365,359999669715762;8,433386747000039;52,019560761000001
26758;5220128701300408633;5;5;62;14;2022;1;8;6;3;5;3;0;1;1;1;0;0;0;0;359922,459999840008095;5716791,925999430008233;6,978114569000070;51,584754144999998
26767;5220204502228381454;5;1;13;0;2022;2;14;6;3;5;3;0;1;1;1;0;0;0;0;357576,813999825972132;5698766,788999400101602;6,951558686000060;51,422193239000102
26769;5220126709500076743;5;5;66;76;2022;1;8;4;2;5;3;1;0;1;1;0;0;0;0;393412,197999959986191;5794016,890999659895897;7,437353991000070;52,286163746000099
26772;5220128601400290314;5;3;15;0;2022;1;12;6;3;0;1;0;1;1;0;0;0;0;0;352805,021148519008420;5650812,256990919820964;6,902648673000040;50,990050185000001
26775;5220126516900195657;5;1;58;26;2022;1;13;4;3;2;2;0;0;1;1;0;0;0;0;352232,935999787994660;5664421,190999310463667;6,888948144000040;51,112197946000002
26776;5220127601300167882;5;3;15;0;2022;1;18;5;3;1;5;2;1;1;1;0;0;0;0;354037,865616200026125;5646050,694339689798653;6,922113641000070;50,947573765000101
26784;5220208518120672056;5;1;70;44;2022;2;7;3;3;5;3;1;1;1;1;0;0;0;0;337999,315999676997308;5719298,461998930200934;6,660782465000070;51,601398174000103
26801;5220214300700985365;5;9;16;0;2022;2;17;2;3;5;3;1;0;1;1;0;0;0;0;372780,050198643002659;5711838,613816459663212;7,165386787000050;51,543288132999997
26802;5220127515110079066;5;1;54;36;2022;1;8;5;3;5;3;1;1;1;1;0;0;0;0;303747,191326991014648;5740408,006974649615586;6,154924019000020;51,780079839999999
26803;5220210701910255843;5;5;62;8;2022;2;15;5;2;0;7;0;0;1;0;0;0;0;1;384272,048107561015058;5719883,522011240012944;7,328379554000040;51,618067639000103
26805;5220203701920085438;5;5;62;28;2022;2;14;5;3;5;3;0;0;1;1;0;0;0;0;377724,603999919025227;5722971,002999580465257;7,232774548000070;51,644431343000100
26816;5220204702100170622;5;5;15;0;2022;2;11;6;3;0;2;0;1;1;1;0;0;0;0;405610,577999976987485;5756975,108999660238624;7,626405320000060;51,955456648999998
26819;5220126601200674324;5;3;15;0;2022;1;16;4;3;0;1;0;0;1;0;0;0;0;0;351615,485585676971823;5644096,936894590035081;6,888449668000020;50,929397925000004
26826;5220201600380252792;5;3;14;0;2022;2;7;3;3;5;2;0;0;1;0;0;0;0;1;371011,441158229019493;5614248,177977399900556;7,174780920000050;50,665774593000002
26828;5220205518400173903;5;1;70;8;2022;2;16;7;3;0;1;0;0;1;0;0;0;0;0;343250,925749080022797;5713965,576145140454173;6,738928723000070;51,554970405000098
26833;5220126514215695938;5;1;66;28;2022;1;13;4;3;5;3;0;1;1;0;0;0;0;1;324224,938999519974459;5686322,919998319819570;6,478468618000020;51,301047916000101
26836;5220128514119282360;5;1;66;16;2022;1;8;6;3;0;1;0;2;1;0;0;0;0;0;307769,854999280010816;5685345,381996939890087;6,243223888000050;51,286950431999998
26839;5220124516400581335;5;1;58;24;2022;1;15;2;3;5;3;0;0;1;1;0;0;0;0;358142,489487410988659;5677712,660005060024559;6,968071324000050;51,233136151000103
26842;5220210602700186775;5;3;62;28;2022;2;7;5;3;7;1;1;0;1;0;0;0;0;0;351049,218887872993946;5639045,834814219735563;6,882458611000060;50,883860296000101
26848;5220213513110795487;5;1;62;16;2022;2;15;1;3;0;7;0;0;1;1;0;0;0;0;333443,199068881978747;5678257,258269839920104;6,614336727000020;51,231355451000098
26855;5220208300100038339;5;9;11;0;2022;2;6;3;3;5;3;2;1;1;1;0;0;0;0;374652,768999908003025;5705316,125999550335109;7,194697721000070;51,485088065000099