OBJECTID;UIDENTSTLAE;ULAND;UREGBEZ;UKREIS;UGEMEINDE;UJAHR;UMONAT;USTUNDE;UWOCHENTAG;UKATEGORIE;UART;UTYP1;ULICHTVERH;IstStrassenzustand;IstRad;IstPKW;IstFuss;IstKrad;IstGkfz;IstSonstige;LINREFX;LINREFY;XGCSWGS84;YGCSWGS84
26864;5220209316200590113;5;9;74;12;2022;2;6;4;3;5;3;2;1;1;1;0;0;0;0;427708,068999995011836;5706239,143999639898539;7,958447259000020;51,502658822999997
26865;5220205514110585836;5;1;66;32;2022;2;10;7;3;0;7;0;0;1;1;1;0;0;0;317054,488716640975326;5679660,500624990090728;6,379129307000030;51,238942806000097
26871;5220126608200685694;5;3;34;2;2022;1;20;4;3;5;2;2;0;1;1;0;0;0;0;295202,396262497990392;5630275,269204899668694;6,094362121000070;50,788000324999999
26873;5220124303100377883;5;9;15;0;2022;1;19;2;2;0;3;2;0;1;1;0;0;0;0;414039,122312504972797;5722420,074582460336387;7,757596468000030;51,646203630999999
26879;5220129501222676347;5;1;12;0;2022;1;12;7;3;5;2;0;1;1;1;0;0;0;0;340062,660999694024213;5702601,960999010130763;6,698130658000030;51,451979825000102
26886;5220205606100181203;5;3;78;4;2022;2;1;7;3;0;7;2;1;1;0;0;0;0;0;367567,656076536979526;5647118,163212699815631;7,114215307000050;50,960435099999998
26887;5220123404301087369;5;7;66;44;2022;1;13;1;3;8;1;0;1;1;0;0;0;0;0;494027,068741441995371;5763897,881467520259321;8,912945309000071;52,025678948000099
26893;5220210600110187059;5;3;14;0;2022;2;17;5;3;5;2;1;1;1;1;0;0;0;0;366204,596229452989064;5622322,696598690003157;7,103876433000040;50,737263951999999
26897;5220124702100076680;5;5;15;0;2022;1;7;2;3;6;4;1;0;1;0;1;0;0;0;404653,849049517011736;5760486,589001050218940;7,611511656000060;51,986855890000101
26898;5220212514215595939;5;1;66;28;2022;2;15;7;3;5;2;0;0;1;1;0;0;0;0;323688,010999511985574;5688706,623998279683292;6,469596005000030;51,322295288000099
26902;5220209701120567095;5;5;62;32;2022;2;18;4;3;5;3;1;1;1;1;0;0;0;0;376156,326999911980238;5715283,377999570220709;7,212836166000050;51,574998122000103
26908;5220131600110878215;5;3;14;0;2022;1;9;2;3;5;3;0;1;1;1;0;0;0;0;366079,993999868980609;5622573,991999469697475;7,102020305000050;50,739493867000100
26909;5220210405108772270;5;7;54;8;2022;2;18;5;3;5;3;2;1;1;1;0;0;0;0;460165,478000001981854;5748629,733999669551849;8,421203094000020;51,887011458000103
26911;5220202706300538857;5;5;58;24;2022;2;7;4;3;3;6;2;0;1;1;0;0;0;0;392761,396271090023220;5737066,987256850115955;7,445669567000040;51,774196286000098
26923;5220202518300091544;5;1;70;20;2022;2;15;4;3;5;3;0;0;1;1;0;0;0;0;328837,410999579005875;5708010,107998549938202;6,534108995000050;51,497282004000098
26930;5220210600370173798;5;3;82;4;2022;2;21;5;2;5;3;2;1;1;1;0;0;0;0;360240,766633896972053;5618936,656799609772861;7,020693719000060;50,705427188999998
26945;5220126410220540196;5;7;70;8;2022;1;18;4;3;5;2;2;0;1;1;0;0;0;0;474737,282123516022693;5804074,326955400407314;8,628805346000039;52,386340360000098
26948;5220203301201387612;5;9;13;0;2022;2;15;5;3;5;3;0;0;1;1;0;0;0;0;390175,437999952991959;5706979,816999609582126;7,417645663000030;51,503269520000103
26956;5220130601100193396;5;3;15;0;2022;1;19;1;2;2;6;2;0;1;1;0;0;0;0;356801,786070760979783;5644022,057591900229454;6,962230684000080;50,930035829000097
26960;5220131602600886742;5;3;62;20;2022;1;15;2;3;5;3;1;1;1;1;0;0;0;0;345626,233475883025676;5632148,969194609671831;6,808330398000070;50,820460654999998
26962;5220128506100996082;5;1;16;0;2022;1;11;6;3;4;2;0;1;1;1;0;0;0;0;322531,034999492985662;5673074,729998240247369;6,460759947000040;51,181510398000100
26967;5220212400300120665;5;7;11;0;2022;2;9;7;3;5;3;0;0;1;1;0;0;0;0;463488,808000001008622;5760373,881999669596553;8,468241896000050;51,992826729999997
26969;5220210500200501154;5;1;11;0;2022;2;15;5;3;6;4;0;1;1;0;1;0;0;0;350591,459226949024014;5678370,061771400272846;6,859717101000060;51,237116475000100
26970;5220128701200480911;5;5;62;20;2022;1;10;6;2;5;2;0;1;1;1;0;0;0;0;372111,779999898979440;5718283,252999540418386;7,153409191000040;51,601054736000002
26971;5220203313110085062;5;9;58;4;2022;2;14;5;2;0;6;0;1;1;1;0;0;0;0;435483,220080055994913;5692792,307125429622829;8,072902980000039;51,382704364000098
26974;5220212601600790290;5;3;15;0;2022;2;20;7;3;4;2;2;0;1;1;0;0;0;0;364849,819999865023419;5639529,785999470390379;7,078350314000030;50,891603135000103
26976;5220208515110592788;5;1;54;36;2022;2;16;3;3;0;3;0;0;1;1;0;0;0;0;301529,769999216019642;5741368,512995840050280;6,122272361000060;51,787923272999997
26981;5220204307000871819;5;9;62;16;2022;2;22;6;2;0;6;2;1;1;1;0;0;0;0;411785,627689738001209;5688053,512003350071609;7,733624802000070;51,336915423999997
26991;5220201506100291602;5;1;16;0;2022;2;15;3;3;5;3;0;1;1;1;0;0;0;0;319952,475721404014621;5668865,077120950445533;6,426012191000040;51,142888229999997
26995;5220203607500381170;5;3;82;56;2022;2;9;5;3;5;3;0;0;1;1;0;0;0;0;372454,223904978018254;5626777,056433440186083;7,190853329000050;50,778707693000101
27001;5220202314310095833;5;9;66;20;2022;2;15;4;3;5;3;0;0;1;1;0;0;0;0;431743,306009081017692;5666438,268001380376518;8,024199803000039;51,145323529999999
27009;5220129516300989351;5;1;58;28;2022;1;11;7;3;3;2;0;0;1;1;0;0;0;0;354011,014606397016905;5688997,655493159778416;6,904323147000070;51,333501770000098
27010;5220203508000085396;5;1;19;0;2022;2;19;5;3;5;2;2;1;1;1;0;0;0;0;351628,859496851975564;5706244,914556549862027;6,862936422000080;51,487862620999998
27012;5220212602800086775;5;3;62;12;2022;2;18;7;3;5;3;2;0;1;1;0;0;0;0;351753,170999784022570;5633142,938999299891293;6,894849710000070;50,830994159000099
27016;5220205705000191867;5;5;54;4;2022;2;11;7;3;0;1;0;0;1;0;0;0;0;0;363036,053610776027199;5770732,105941410176456;7,001684495000060;52,070215595000001
27020;5220204603116580738;5;3;66;16;2022;2;16;6;3;0;7;0;0;1;0;0;0;0;0;344388,876617492991500;5614890,949527859687805;6,798066170000030;50,665044943000098
27024;5220128702100069101;5;5;15;0;2022;1;7;6;3;5;2;0;0;1;1;0;0;0;0;403035,875618138990831;5758335,944991829805076;7,588565112000030;51,967245262000098
27025;5220202711212976704;5;5;70;4;2022;2;10;4;3;0;2;0;0;1;0;0;0;1;0;425407,579999994020909;5735524,373999659903347;7,919068246000050;51,765632002000103
27036;5220131608200733335;5;3;34;2;2022;1;9;2;3;1;5;0;1;1;1;0;0;0;0;295349,055764795979485;5628776,420590720139444;6,097274291000080;50,774590520000103
27039;5220202513210581533;5;1;62;24;2022;2;18;4;3;2;6;2;0;1;1;0;0;0;0;338964,186705251981039;5671208,897325820289552;6,696508556000030;51,169611179000100
27047;5220210608100089878;5;3;34;2;2022;2;8;5;2;5;3;0;0;1;1;0;0;0;0;294944,724999004974961;5627949,993995469994843;6,092007836000050;50,767025386000100
27050;5220125518200579225;5;1;70;24;2022;1;13;3;3;5;3;0;0;1;1;0;0;0;0;334351,426999636983965;5702182,572998809628189;6,616204241000050;51,446570151000103
27051;5220204702100176731;5;5;15;0;2022;2;5;6;3;0;3;2;1;1;0;0;1;0;0;403040,488787789014168;5758123,306149479933083;7,588692285000040;51,965334809000097
27058;5220211605112086069;5;3;74;12;2022;2;21;6;3;0;7;2;0;1;0;0;0;0;0;403978,653580065991264;5654425,155975580215454;7,630573049000080;51,033344037000099
27060;5220204705000520997;5;5;54;56;2022;2;7;6;3;4;6;1;0;1;0;0;0;0;0;357180,995916210988071;5762497,156873170286417;6,919756528000050;51,994746053000000
27073;5220127709700672667;5;5;66;28;2022;1;16;5;2;8;1;0;1;1;0;0;0;0;0;412160,943265864974819;5792994,237162150442600;7,712405889000020;52,280288611000103
27074;5220202405108068189;5;7;54;8;2022;2;11;4;2;5;2;0;1;1;0;0;0;1;0;456793,937275086995214;5751660,183091349899769;8,371837665000040;51,914005795000001
27077;5220123601200673794;5;3;15;0;2022;1;2;1;3;6;6;2;1;1;0;1;0;0;0;352973,502361809019931;5644445,504304669797421;6,907620162000060;50,932878101000000
27086;5220124706200584916;5;5;58;8;2022;1;7;2;3;5;2;1;0;1;1;0;0;0;0;380781,896118332981132;5757208,102712590247393;7,265167392000020;51,952782474000102
27088;5220131711213591831;5;5;70;4;2022;1;15;2;3;5;3;0;1;1;1;0;0;0;0;425355,296999994025100;5735346,345999659970403;7,918349001000020;51,764024612000100
27090;5220208709110979150;5;5;66;12;2022;2;15;3;2;3;1;0;0;1;1;0;0;0;0;403786,392503865994513;5772383,685871720314026;7,595535312000040;52,093639799000101
27104;5220208514218087486;5;1;66;36;2022;2;5;3;2;1;1;2;1;1;1;0;0;0;0;323327,455999506986700;5683889,936998270452023;6,466811134000070;51,278914016999998
27108;5220130601300181467;5;3;15;0;2022;1;14;1;2;5;2;0;0;1;1;0;0;0;0;354471,932999803975690;5647370,174999349750578;6,927761127000050;50,959541268000102
27113;5220213508000578103;5;1;19;0;2022;2;16;1;3;0;1;0;0;1;0;0;0;0;0;351628,859496851975564;5706244,914556549862027;6,862936422000080;51,487862620999998
27116;5220206709110396626;5;5;66;12;2022;2;0;1;2;0;1;2;1;1;0;0;0;0;0;400779,409321582992561;5776335,685093989595771;7,550504620000030;52,128629021999998
27119;5220212317140194450;5;9;78;28;2022;2;13;7;3;3;2;0;0;1;1;0;0;0;0;401537,572097108000889;5700549,445909149944782;7,583086773000050;51,447560711999998
27122;5220213702100565912;5;5;15;0;2022;2;21;1;3;6;7;2;0;1;0;1;0;0;0;405920,058103352028411;5757909,569786599837244;7,630651678000050;51,963908447000101
27132;5220209411216166245;5;7;74;16;2022;2;17;4;2;4;1;1;0;1;1;0;0;0;0;468901,101717340992764;5711824,566282100044191;8,551413946000030;51,556648042000099
27136;5220131406230033553;5;7;58;20;2022;1;14;2;3;2;2;0;0;1;1;0;0;0;0;475454,663763565011322;5782663,384487629868090;8,640905720000029;52,193881417999997
27142;5220128709300874703;5;5;66;84;2022;1;12;6;3;5;3;0;0;1;1;0;0;0;0;386950,505194588971790;5778521,232362889684737;7,347839321000040;52,145615002000099
27148;5220208609108891018;5;3;58;8;2022;2;16;3;3;0;2;0;0;1;1;0;0;0;0;323018,179985912982374;5629225,379213639535010;6,489077548000070;50,787727267000001
27154;5220126411216570327;5;7;74;16;2022;1;8;4;3;0;1;1;1;1;0;0;0;0;0;469495,673400542000309;5711647,217369330115616;8,560005456000059;51,555085900999998
27157;5220128501314972020;5;1;12;0;2022;1;12;6;2;0;6;0;0;1;0;0;0;0;0;346194,184313912002835;5701152,206004790030420;6,786935379000060;51,440652360999998
27164;5220212501325182193;5;1;12;0;2022;2;12;7;3;4;2;0;0;1;1;0;0;0;0;345447,342999739979859;5693400,443999170325696;6,779575331000050;51,370798695000097
27166;5220201601300585797;5;3;15;0;2022;2;19;3;2;0;2;2;1;1;1;0;0;0;0;352520,630453498975839;5644925,965436089783907;6,900985380000070;50,937080172000002
27173;5220126405236172203;5;7;54;36;2022;1;13;4;3;0;1;0;0;1;0;0;0;0;0;474562,156999866012484;5752027,619999730028212;8,630130459000039;51,918404490999997
27181;5220209607200573844;5;3;82;20;2022;2;7;4;3;4;6;2;0;1;0;0;0;0;0;377958,748383079015184;5626906,220129709690809;7,268849341000020;50,781053311999997
27186;5220125705000791736;5;5;54;64;2022;1;18;3;3;0;7;2;0;1;1;0;0;0;0;356632,927038536989130;5749935,828604060225189;6,917014980000030;51,881740154000099
27193;5220213711412174654;5;5;70;28;2022;2;14;1;2;5;3;0;0;1;1;0;0;0;0;438548,682611788972281;5741724,595774900168180;8,108372094000060;51,822969804000103
27195;5220211702100587860;5;5;15;0;2022;2;11;6;3;5;2;0;1;1;1;0;0;0;0;406280,483516854001209;5757396,510417670011520;7,636036113000050;51,959357707999999
27197;5220208410250153239;5;7;70;44;2022;2;7;3;2;5;3;1;1;1;1;0;0;0;0;466425,090264895989094;5812786,880279780365527;8,505800361000070;52,464219384000003
27199;5220127513110891336;5;1;62;16;2022;1;17;5;3;3;2;2;1;1;1;0;0;0;0;333147,913442382996436;5677608,288410250097513;6,610413315000070;51,225438646999997
27218;5220203410110987114;5;7;70;24;2022;2;13;5;3;0;2;0;0;1;1;0;0;0;0;493837,723173380014487;5792357,507827839814126;8,909669226000061;52,281549174000098
27219;5220207502103080547;5;1;13;0;2022;2;7;2;3;5;3;1;0;1;1;0;0;0;0;362328,716999851982109;5703457,720999450422823;7,018034951000060;51,465522088999997
27222;5220201601400064179;5;3;15;0;2022;2;15;3;3;5;3;0;1;1;1;0;0;0;0;356344,107999816013034;5647571,345999370329082;6,954322151000040;50,961818952000002
27229;5220126410110290657;5;7;70;24;2022;1;12;4;3;0;1;0;0;1;0;0;0;0;0;491970,983000000007451;5790778,116999690420926;8,882342959000029;52,267325530999997
27244;5220126702100976723;5;5;15;0;2022;1;8;4;3;0;6;0;0;1;1;0;0;0;0;406551,130470487987623;5757204,654872310347855;7,640026012000020;51,957678770000001
27246;5220127705000701326;5;5;54;56;2022;1;16;5;3;5;3;0;1;1;0;0;0;0;1;357790,996372128021903;5762214,872740100137889;6,928752341000060;51,992366238000002
27247;5220202505200242307;5;1;14;0;2022;2;23;4;2;0;7;2;0;1;1;0;0;0;0;329666,561230889987200;5690551,714973820373416;6,554431766000050;51,340692744000101
27254;5220210502407605548;5;1;17;0;2022;2;7;5;3;0;7;0;1;1;1;0;0;0;0;351740,108096722979099;5697360,479732359759510;6,868259948000060;51,408060105000096
27256;5220203516000591531;5;1;58;20;2022;2;7;5;3;5;3;2;1;1;1;0;0;0;0;357646,320999823976308;5664806,055999389849603;6,966080572000070;51,117026824000000
27271;5220207701700589514;5;5;62;16;2022;2;11;2;3;5;2;0;1;1;1;0;0;0;0;374599,570999908028170;5734540,970999560318887;7,183473627000070;51,747721456000100
27275;5220203514111190346;5;1;66;32;2022;2;18;5;3;5;2;2;1;1;1;0;0;0;0;314104,820999376999680;5681431,438997589983046;6,336001555000050;51,253896732999998
27277;5220213315110081072;5;9;70;40;2022;2;17;1;3;1;5;0;0;1;1;0;0;0;0;433053,184259668982122;5636577,414507569745183;8,048433438000069;50,876992313000102
27279;5220202407101090645;5;7;62;20;2022;2;10;4;3;3;6;0;1;1;1;0;0;0;0;525052,383373433956876;5731634,454478920437396;9,362789040000051;51,735066127000003
27280;5220209404302087425;5;7;66;8;2022;2;9;4;3;1;6;0;1;1;1;0;0;0;0;482720,566000000981148;5771259,211999669671059;8,747783203000040;52,091626072000103
27290;5220202705000776646;5;5;54;48;2022;2;14;4;3;5;2;0;0;1;1;0;0;0;0;340819,855999704974238;5745199,545999010093510;6,689639750000030;51,834900621000003
27296;5220209601600393522;5;3;15;0;2022;2;8;4;3;5;3;1;0;1;1;0;0;0;0;358866,572999829018954;5642358,032999410293996;6,992238019000070;50,915589994000101
27306;5220202606100844145;5;3;78;4;2022;2;21;4;3;0;3;2;1;1;1;0;0;0;0;369366,527999886020552;5650541,231999509967864;7,138586009000050;50,991611579999997
27314;5220129702100979175;5;5;15;0;2022;1;11;7;3;3;2;0;0;1;1;0;0;0;0;403032,421999977028463;5758526,368999660015106;7,588461076000040;51,968956243000001
27323;5220123702100718365;5;5;15;0;2022;1;17;1;3;5;3;2;0;1;1;0;0;0;0;405073,670999978028703;5757449,222999650053680;7,618463466000040;51,959626788000001
27324;5220211711311282312;5;5;70;8;2022;2;8;6;3;5;3;0;0;1;1;0;0;0;0;433932,383340034983121;5734880,071648550219834;8,042705379000040;51,760910590000002
27325;5220131515111085966;5;1;54;8;2022;1;12;2;3;5;3;0;1;1;1;0;0;0;0;309282,247999336977955;5746597,608996869996190;6,231657441000040;51,837580604000003
27326;5220207701920155843;5;5;62;28;2022;2;16;2;2;5;2;0;0;1;1;0;0;0;0;377939,145999918982852;5723366,005999580025673;7,235735875000050;51,648027937999998
27344;5220202709300787315;5;5;66;84;2022;2;13;4;2;5;3;0;0;1;1;0;0;0;0;390417,617999953974504;5776990,256999639794230;7,398981166000060;52,132554522000099
27345;5220207515210069460;5;1;54;28;2022;2;7;2;2;5;3;1;1;1;1;0;0;0;0;320594,881532898987643;5702133,879100929945707;6,418470586000070;51,441942613000002
27347;5220201515212478916;5;1;54;32;2022;2;13;3;3;5;2;0;1;1;1;0;0;0;0;309276,496649304986931;5718887,482472159899771;6,246737927000030;51,588715301000001
27353;5220212410110587151;5;7;70;24;2022;2;18;7;3;4;2;1;0;1;1;0;0;0;0;494987,588037479028571;5793225,010022570379078;8,926511795000071;52,289360154000100
27357;5220205503400278082;5;1;22;0;2022;2;13;7;3;0;4;0;0;1;0;1;0;0;0;370549,045348024985287;5667267,092365030199289;7,149439843000040;51,142206064000000
27359;5220211501212074432;5;1;12;0;2022;2;18;6;3;5;3;2;0;1;1;0;0;0;0;340892,935999700974207;5698195,657999039627612;6,712049323000030;51,412624637000100
27362;5220126600120471640;5;3;82;24;2022;1;7;4;2;4;6;2;1;1;0;0;0;0;0;376256,230560518975835;5618553,458837560378015;7,247516793000050;50,705612178000102
27365;5220202700000567038;5;5;13;0;2022;2;13;4;3;5;3;0;0;1;1;0;0;0;0;366873,474999875004869;5717012,507999500259757;7,078299838000020;51,588421368000098
27370;5220209705000891867;5;5;54;4;2022;2;6;4;3;5;3;2;1;1;1;0;0;0;0;361581,606854062003549;5773717,311403759755194;6,979266669000030;52,096676801999998
27373;5220130501133595923;5;1;12;0;2022;1;9;1;3;0;6;0;0;1;0;1;0;0;0;343414,662650770973414;5710379,351850899867713;6,742883833000060;51,522794797000103
27380;5220202601400593381;5;3;15;0;2022;2;12;4;2;0;5;0;0;1;1;0;0;0;0;356476,417915200989228;5646878,859839050099254;6,956478077000040;50,955628664000102
27387;5220210711215702938;5;5;70;4;2022;2;8;5;3;5;3;0;0;1;1;0;0;0;0;422753,679331575985998;5735208,601389760151505;7,880688099000050;51,762433457000000
27403;5220129300600479128;5;9;16;0;2022;1;19;7;3;5;7;2;1;1;1;0;0;0;0;376265,587044510000851;5712320,453326970338821;7,215454961000030;51,548393525999998
27405;5220124705000691842;5;5;54;12;2022;1;16;2;3;0;3;0;0;1;1;0;0;0;0;352822,275958542013541;5746061,895437790080905;6,863341401000070;51,845940485000000
27408;5220201702100574772;5;5;15;0;2022;2;7;3;3;5;3;1;0;1;1;0;0;0;0;401578,335999973001890;5757085,122999650426209;7,567714328000020;51,955746456999996
27410;5220205505200285879;5;1;14;0;2022;2;12;7;3;0;1;0;1;1;0;0;0;0;0;330565,110999593976885;5690468,425998659804463;6,567359838000070;51,340212997000002
27412;5220211516300330799;5;1;58;28;2022;2;10;6;2;6;4;0;0;1;0;1;0;0;0;348915,862882283981889;5689082,191232189536095;6,831201526000030;51,332930437000101
27417;5220128701910381228;5;5;62;8;2022;1;11;6;3;5;3;0;1;1;1;0;0;0;0;384074,306999937980436;5721126,845999600365758;7,325113126000080;51,629201561000102
27422;5220208601400786483;5;3;15;0;2022;2;7;3;3;0;3;1;1;1;1;0;0;0;0;351548,497999781975523;5650800,549999300390482;6,884762512000070;50,989622285999999
27430;5220131706000165766;5;5;58;16;2022;1;13;2;3;3;2;0;1;1;1;0;0;0;0;382327,203999931982253;5743280,830999599769711;7,292395140000050;51,827945526000100
27431;5220213410230440099;5;7;70;4;2022;2;14;1;3;5;3;0;0;1;0;0;1;0;0;486397,618000000016764;5785282,381999679841101;8,800892677000039;52,217806327000098
27440;5220127514217882211;5;1;66;36;2022;1;17;5;3;0;3;2;1;1;1;0;0;0;0;328648,350999572023284;5682329,096998569555581;6,543775650000040;51,266516836999998
27441;5220210702100076649;5;5;15;0;2022;2;8;5;3;0;1;0;1;1;0;0;0;0;0;406589,002553296973929;5758738,853682209737599;7,640159676000050;51,971475247000100
27443;5220203600360986617;5;3;82;12;2022;2;7;5;3;5;3;1;1;1;1;0;0;0;0;355782,750999809999485;5627799,243999370373785;6,954130876000020;50,783988081000103
27445;5220213400300003273;5;7;11;0;2022;2;11;1;3;5;3;0;0;1;0;0;0;0;1;464999,512999999977183;5760973,895999670028687;8,490181950000020;51,998318492000102
27448;5220209411112870408;5;7;74;12;2022;2;12;4;3;0;2;0;0;1;0;0;0;0;1;481403,161000000021886;5724998,782999649643898;8,731047817000050;51,675654121999997
27465;5220203601500066023;5;3;15;0;2022;2;15;5;3;4;3;0;0;1;0;0;0;0;1;358205,194122320972383;5644990,972403460182250;6,981811452000040;50,939090184000101
27467;5220205411132897002;5;7;74;32;2022;2;15;7;3;5;3;0;0;1;1;0;0;0;0;484651,144995659007691;5728365,389776140451431;8,777872447000050;51,706022670999999
27469;5220127705000651613;5;5;54;20;2022;1;17;5;3;0;6;1;0;1;0;1;0;0;0;367023,460999878996518;5786216,405999519862235;7,053767025000070;52,210322519000002
27474;5220211701300047281;5;5;62;14;2022;2;13;6;3;5;2;0;0;1;1;0;0;0;0;360215,115999842004385;5715943,179999429732561;6,982673820000060;51,577199960000002
27475;5220131404302287366;5;7;66;8;2022;1;15;2;1;5;3;0;0;1;0;0;0;1;0;483252,730000000970904;5769573,975999670103192;8,755633547000061;52,076490902000003
27477;5220207702100087866;5;5;15;0;2022;2;14;2;3;3;6;0;0;1;0;0;0;0;0;406836,429344049014617;5757701,122687639668584;7,644042093000050;51,962189144000000
27482;5220124702100572362;5;5;15;0;2022;1;7;2;3;0;7;1;0;1;0;1;0;0;0;404896,935999977984466;5758262,322999659925699;7,615666950000050;51,966905044999997
27488;5220121711151082073;5;5;70;32;2022;1;6;6;3;0;1;2;2;1;0;0;0;0;0;420575,329227502981666;5767376,842629079706967;7,841714849000030;52,051297859000002
27495;5220128709700169049;5;5;66;28;2022;1;17;6;3;8;7;1;0;1;0;0;0;0;0;406932,749643569986802;5795928,234113479964435;7,634980471000060;52,305798916000100
27496;5220202711141787219;5;5;70;44;2022;2;15;4;3;5;3;0;0;1;1;0;0;0;0;416036,858428478997666;5759553,711675830185413;7,777462709000080;51,980307631000102
27540;5220208608100071700;5;3;34;2;2022;2;15;3;3;3;2;0;1;1;1;0;0;0;0;294578,233998998010065;5628079,581995409913361;6,086745264000060;50,768059617000098
27541;5220210301103394454;5;9;13;0;2022;2;12;5;2;5;3;0;1;1;1;0;0;0;0;393011,728184204024728;5703467,850685739889741;7,459559228000050;51,472246299000098
27542;5220121711142190988;5;5;70;44;2022;1;13;6;3;0;2;0;0;1;0;0;0;1;0;416519,870540642004926;5760711,373175909742713;7,784212073000050;51,990786582000098
27545;5220204500200095650;5;1;11;0;2022;2;19;6;3;0;2;2;1;1;1;0;0;0;0;346509,478999749000650;5680015,314999190159142;6,800582863000050;51,250816423000103
27546;5220122315110080451;5;9;70;40;2022;1;13;7;3;0;7;0;0;1;0;0;0;0;0;430774,018129297008272;5639833,213322260417044;8,015425898000050;50,905997751000001
27548;5220214709000368098;5;5;66;88;2022;2;19;2;2;5;3;2;1;1;1;0;0;0;0;415006,898811412975192;5785989,636780370026827;7,755875327000070;52,217775532000097
27549;5220311500200569358;5;1;11;0;2022;3;13;6;2;5;3;0;0;1;1;0;0;0;0;346148,217663705989253;5680238,503109489567578;6,795314388000070;51,252724524000001
27551;5220303602700071784;5;3;62;28;2022;3;13;5;3;5;3;0;0;1;1;0;0;0;0;351987,996999786992092;5637454,490999310277402;6,896439186000070;50,869800748999999
27552;5220226601100093545;5;3;15;0;2022;2;12;7;3;4;6;0;0;1;1;0;0;0;0;355366,999710038013291;5644708,439176250249147;6,941554720000060;50,935846224999999
27553;5220221501212091445;5;1;12;0;2022;2;9;2;3;0;7;0;0;1;0;0;0;0;0;340871,802142443018965;5697463,092377150431275;6,712074365000030;51,406036831000101
27554;5220309503400678082;5;1;22;0;2022;3;21;4;3;5;3;2;0;1;1;0;0;0;0;360289,001570342981722;5669271,843077990226448;7,002081795000040;51,157810496000103
27556;5220223702100470512;5;5;15;0;2022;2;7;4;3;5;3;0;1;1;1;0;0;0;0;404436,277693910989910;5755103,119511290453374;7,609842220000080;51,938429918000097
27562;5220310600140381295;5;3;14;0;2022;3;9;5;3;5;2;0;0;1;1;0;0;0;0;368068,431648087978829;5622223,735114829614758;7,130310677000070;50,736800881000100
27572;5220225601500590246;5;3;15;0;2022;2;3;6;3;8;7;2;1;1;0;0;0;0;0;360490,479619803023525;5650727,221051559783518;7,012117412000070;50,991200102000100
27577;5220223516500181988;5;1;58;16;2022;2;7;4;3;0;7;0;1;1;0;0;0;0;0;354840,503999806998763;5670821,756999350152910;6,923594576000030;51,170382250000003
27579;5220301709500576614;5;5;66;76;2022;3;15;3;3;5;3;0;0;1;1;0;0;0;0;393374,987999958975706;5792891,626999660395086;7,437164581000050;52,276043579000003
27586;5220215601400024895;5;3;15;0;2022;2;11;3;3;5;5;0;0;1;1;0;0;0;0;356315,126132430974394;5647822,918376839719713;6,953810378000070;50,964072559999998
27590;5220221609108477586;5;3;58;8;2022;2;9;2;2;5;3;0;0;1;0;0;0;0;0;321649,227999468974303;5629281,095998260192573;6,469648699000060;50,787808337000101
27592;5220225410110887455;5;7;70;24;2022;2;14;6;3;0;2;0;1;1;1;0;0;0;0;495408,572693081980105;5793235,526656229980290;8,932683806000060;52,289458383000103
27593;5220303307000785210;5;9;62;24;2022;3;6;5;3;5;3;1;0;1;1;0;0;0;0;409023,890999982017092;5694575,068999630399048;7,692320227000040;51,395106318000003
27599;5220303711412996530;5;5;70;28;2022;3;17;5;3;5;2;0;0;1;1;0;0;0;0;440346,933341516996734;5741919,730666980147362;8,134426928000041;51,824918998000001
27606;5220223501311296039;5;1;12;0;2022;2;14;4;3;5;2;0;0;1;1;0;0;0;0;345240,320999738993123;5700849,850999159738421;6,773353802000030;51,437675902000102
27615;5220312505200086738;5;1;14;0;2022;3;19;7;3;8;1;2;0;1;0;0;0;0;0;332178,655481501016766;5694467,816154499538243;6,588617093000040;51,376622042000101
27628;5220218501128091506;5;1;12;0;2022;2;20;6;3;5;7;2;1;1;1;0;0;0;0;343043,897999720007647;5702786,982999100349844;6,740919292000060;51,454476432000000
27629;5220309502407978843;5;1;17;0;2022;3;17;4;3;5;2;0;0;1;1;0;0;0;0;352350,182999792974442;5696496,975999309681356;6,877384759000050;51,400460082999999
27631;5220223608100089777;5;3;34;2;2022;2;17;4;3;3;2;0;0;1;1;0;0;0;0;294732,854324396990705;5629618,377515300177038;6,088076297000040;50,781934610000100
27642;5220222406210576400;5;7;58;4;2022;2;14;3;2;5;1;0;0;1;0;0;1;0;0;472034,325697445019614;5781678,577202079817653;8,590949289000040;52,184864687000101
27659;5220215602300196192;5;3;62;36;2022;2;13;3;3;5;3;0;0;1;1;0;0;0;0;345286,964999733027071;5651448,565999169833958;6,795337179000060;50,993796390999997
27662;5220226705000920713;5;5;54;40;2022;2;15;7;3;3;3;0;0;1;1;0;0;0;0;352731,118999796977732;5735162,910999320447445;6,866647308000040;51,747988866000100
27665;5220224411232896826;5;7;74;32;2022;2;7;5;3;2;6;1;0;1;1;0;0;0;0;478863,781050560995936;5731422,839591749943793;8,693933692000030;51,733324819000103
27670;5220308701500695146;5;5;62;24;2022;3;16;3;2;5;3;0;0;1;0;0;1;0;0;374558,758516835980117;5725723,076503910124302;7,186056065000060;51,668466878000103
27672;5220305601400769164;5;3;15;0;2022;3;11;7;3;5;3;0;0;1;1;0;0;0;0;350741,837999776005745;5652188,195999289862812;6,872706811000060;51,001883491000100
27675;5220228400300290661;5;7;11;0;2022;2;11;2;3;5;3;0;0;1;1;0;0;0;0;464563,313950014999136;5760872,365712719969451;8,483839038000040;51,997378005000002