OBJECTID;UIDENTSTLAE;ULAND;UREGBEZ;UKREIS;UGEMEINDE;UJAHR;UMONAT;USTUNDE;UWOCHENTAG;UKATEGORIE;UART;UTYP1;ULICHTVERH;IstStrassenzustand;IstRad;IstPKW;IstFuss;IstKrad;IstGkfz;IstSonstige;LINREFX;LINREFY;XGCSWGS84;YGCSWGS84
27680;5220311505100776540;5;1;14;0;2022;3;10;6;3;0;1;0;0;1;0;0;0;0;0;331835,753999608976301;5688163,685998709872365;6,586673294000040;51,319884478000098
27683;5220304500300701076;5;1;11;0;2022;3;16;6;3;5;2;0;0;1;1;0;0;0;0;344252,242374859983101;5674446,162907539866865;6,770684238000060;51,200163776000103
27691;5220215515212691268;5;1;54;64;2022;2;18;3;2;4;6;2;1;1;0;0;0;0;0;306878,541180056985468;5722350,345025540329516;6,210258517000060;51,618998318000102
27692;5220304518210678442;5;1;70;28;2022;3;10;6;3;5;2;0;0;1;1;0;0;0;0;331706,209999611019157;5702292,698998689651489;6,578121667000060;51,446779671000101
27694;5220227317210578674;5;9;78;20;2022;2;13;1;2;5;3;0;0;1;1;0;0;0;0;403809,653999976988416;5716582,057999639771879;7,611395826000030;51,592069373000101
27696;5220310315150585248;5;9;70;44;2022;3;17;5;3;3;6;0;0;1;1;0;0;0;0;436615,447701085009612;5630881,651718090288341;8,100045873000060;50,826179934999999
27701;5220308709500535185;5;5;66;76;2022;3;6;3;3;5;3;0;0;1;1;0;0;0;0;394383,869999960996211;5793700,970999659970403;7,451692657000020;52,283512094999999
27705;5220304300500890530;5;9;11;0;2022;3;16;6;3;6;7;0;0;1;0;1;0;0;0;376457,283238901000004;5702572,581164499744773;7,221632783000080;51,460827725999998
27708;5220219506100189864;5;1;16;0;2022;2;22;7;3;5;2;2;1;1;1;0;0;0;0;321368,350999479007442;5674610,535998160019517;6,443378131000030;51,194944856000099
27722;5220308600140829351;5;3;14;0;2022;3;17;3;3;5;3;0;0;1;1;0;0;0;0;369797,256999886012636;5623772,334999499842525;7,154250027000050;50,751110214000100
27732;5220218501121587468;5;1;12;0;2022;2;14;6;3;5;3;0;1;1;1;0;0;0;0;344049,777743110025767;5705659,534356540068984;6,754117646000050;51,480563876000097
27735;5220223602700590912;5;3;62;28;2022;2;14;4;3;0;5;0;0;1;1;0;0;0;0;347907,296999755024444;5639916,872999239712954;6,837462951000020;50,890869151000103
27738;5220228709500016765;5;5;66;76;2022;2;13;2;3;5;3;0;0;1;1;0;0;0;0;395779,160996193997562;5793947,866936259903014;7,472063008000020;52,285997382000097
27741;5220310515210882341;5;1;54;48;2022;3;9;5;3;5;3;0;0;1;1;0;0;0;0;325801,689999543013982;5705901,631998379714787;6,491459156000080;51,477414108000097
27748;5220218701800477639;5;5;62;4;2022;2;9;6;3;5;3;0;1;1;1;0;0;0;0;384768,090999939013273;5716372,465999599546194;7,336694978000030;51,586612830000000
27758;5220301702100476642;5;5;15;0;2022;3;11;3;3;0;3;0;0;1;0;0;0;0;1;403887,851999977021478;5753107,964999659918249;7,602424137000070;51,920402236000001
27763;5220307601100876467;5;3;15;0;2022;3;12;2;3;0;1;0;0;1;0;0;0;0;0;355359,346712375991046;5643937,744290810078382;6,941751723000040;50,928918228000001
27768;5220221608200269664;5;3;34;2;2022;2;15;2;3;0;1;0;0;1;0;0;0;0;0;298108,051030408998486;5627210,034463999792933;6,137214232000080;50,761488624000002
27770;5220310313110589216;5;9;58;4;2022;3;15;5;3;5;3;0;0;1;1;0;0;0;0;428596,333463814982679;5698880,967283350415528;7,972729597000070;51,436619346000001
27774;5220303301202277642;5;9;13;0;2022;3;12;5;3;5;3;0;0;1;1;0;0;0;0;393846,341999961005058;5708877,189999620430171;7,469944143000020;51,521025502999997
27781;5220301501113172136;5;1;12;0;2022;3;4;3;3;3;2;2;0;1;0;0;0;0;1;344724,364999737008475;5707684,512999139726162;6,762933898000030;51,498943656999998
27788;5220223506100674690;5;1;16;0;2022;2;10;4;2;3;2;0;0;1;1;0;0;0;0;315622,028663238976151;5675266,732103790156543;6,360890389000080;51,199014235000000
27790;5220226601300085530;5;3;15;0;2022;2;21;7;3;8;1;2;0;1;0;0;0;0;0;352477,496997503971215;5644949,120005750097334;6,900362545000060;50,937277220000098
27794;5220224705000528616;5;5;54;68;2022;2;10;5;1;5;3;0;0;1;0;0;0;1;0;350816,376389249984641;5766134,435253930278122;6,825538522000040;52,025751931000102
27797;5220226701200267107;5;5;62;20;2022;2;21;7;2;0;1;2;0;1;0;0;0;0;0;371220,166999894019682;5717883,620999540202320;7,140689092000060;51,597260145000099
27798;5220310701300673593;5;5;62;14;2022;3;15;5;3;8;1;0;0;1;0;0;0;0;0;358929,078999832971022;5714675,239999409765005;6,964635829000030;51,565485958000103
27800;5220308601300978491;5;3;15;0;2022;3;9;3;3;0;1;0;0;1;0;0;0;0;0;353239,181536471005529;5645257,116759520024061;6,911071554000050;50,940239416000097
27809;5220303516300690699;5;1;58;28;2022;3;13;5;3;0;3;0;0;1;1;0;0;0;0;350553,330999778991099;5685814,516999280080199;6,856059238000060;51,304000801000001
27816;5220226502101078151;5;1;13;0;2022;2;19;7;3;5;2;2;0;1;1;0;0;0;0;361510,822999847005121;5702410,776999440044165;7,006677941000020;51,455914343000103
27823;5220224702100179610;5;5;15;0;2022;2;22;5;2;0;1;2;0;1;0;0;0;0;0;406051,685193066019565;5756765,684224830009043;7,632879779000060;51,953648938000100
27827;5220311709300074736;5;5;66;12;2022;3;13;6;3;5;2;0;0;1;1;0;0;0;0;403995,792999974975828;5772307,733999660238624;7,598612409000050;52,092993503000102
27831;5220228300100973248;5;9;11;0;2022;2;5;2;3;5;2;2;0;1;1;0;0;0;0;377019,434999915014487;5704397,831999570131302;7,229085507000040;51,477354547000097
27838;5220309502210089478;5;1;13;0;2022;3;13;4;3;0;3;0;0;1;1;0;0;0;0;362558,442999854974914;5700268,840999449603260;7,022578879000040;51,436921247999997
27844;5220226514216386193;5;1;66;28;2022;2;10;7;3;0;7;0;1;1;0;0;0;0;0;320998,372449372021947;5686228,992773589678109;6,432279365000060;51,299198859000100
27845;5220221310120080578;5;9;54;32;2022;2;5;2;3;7;7;2;1;1;0;0;0;0;0;384787,732602339994628;5696372,470993899740279;7,343508857000070;51,406857758999998
27848;5220308500200760585;5;1;11;0;2022;3;16;3;3;5;2;0;0;1;1;0;0;0;0;352930,730749995971564;5680934,471584670245647;6,892149072000050;51,260768096000000
27849;5220215515110541589;5;1;54;4;2022;2;19;3;3;3;2;2;1;1;1;0;0;0;0;305126,192999269987922;5739822,093996370211244;6,175217924000040;51,775299945000000
27853;5220218609108577543;5;3;58;8;2022;2;17;6;3;0;7;1;0;1;0;0;0;0;0;322807,590962027024943;5631196,780654969625175;6,485141954000030;50,805374308000097
27854;5220224601600586357;5;3;15;0;2022;2;16;5;3;1;5;0;1;1;1;0;0;0;1;365489,946363291994203;5635755,935456370003521;7,088834808000060;50,857834392000001
27855;5220225502405477733;5;1;17;0;2022;2;7;6;2;0;1;0;2;1;0;0;0;0;0;357216,904999823018443;5701473,066999389789999;6,945294635000040;51,446421429000097
27858;5220216608200232810;5;3;34;2;2022;2;15;4;3;0;7;0;1;1;0;0;0;1;0;295899,145705208007712;5631253,696381590329111;6,103690531000040;50,797033574000103
27861;5220304407101590542;5;7;62;20;2022;3;17;6;3;5;3;1;0;1;1;0;0;0;0;526666,000000000000000;5735642,905999650247395;9,386463106000059;51,771032198000100
27864;5220225709500535185;5;5;66;76;2022;2;11;6;3;5;2;0;0;1;1;0;0;0;0;395268,696999961975962;5793949,619999660179019;7,464581677000070;52,285916095000097
27875;5220225303100071289;5;9;15;0;2022;2;7;6;2;4;2;0;0;1;1;0;0;0;0;418213,864999989978969;5725904,156999650411308;7,817104986000060;51,678146763000001
27880;5220216405108554201;5;7;54;8;2022;2;15;4;3;0;1;0;1;1;1;0;0;0;0;460653,230000000970904;5752564,895999659784138;8,427840416000040;51,922425789000002
27881;5220305601600290259;5;3;15;0;2022;3;18;7;3;5;3;1;0;1;1;0;0;0;0;363781,374999857973307;5633482,168999459594488;7,065419235000040;50,836998741999999
27895;5220217410120079244;5;7;70;32;2022;2;16;5;3;0;1;0;0;1;0;0;0;0;0;494365,157999999995809;5785718,790999679826200;8,917511490000040;52,221869032000001
27896;5220223702100073242;5;5;15;0;2022;2;8;4;3;8;1;0;2;1;0;0;0;0;0;401628,203999973018654;5761520,762999660335481;7,567168338000040;51,995623631000100
27899;5220301410130448370;5;7;70;28;2022;3;7;3;3;5;3;0;0;1;1;0;0;0;0;500476,910000001022127;5804939,751999690197408;9,007008731000040;52,394703426000000
27903;5220308603116081185;5;3;66;16;2022;3;11;3;2;3;2;0;0;1;0;0;0;0;1;340626,793226072972175;5613701,821618380025029;6,745387162000040;50,653341830000002
27908;5220218506100991073;5;1;16;0;2022;2;11;6;2;0;1;0;1;1;0;0;0;0;0;321006,434201547992416;5674662,048196479678154;6,438178152000030;51,195294358000098
27913;5220309303100551349;5;9;15;0;2022;3;7;4;3;5;3;0;0;1;1;0;0;0;0;414957,604003998974804;5724696,077048540115356;7,770314422000070;51,666803233000103
27916;5220223608100089840;5;3;34;2;2022;2;12;4;2;3;2;0;0;1;1;0;0;0;0;295236,975017191027291;5628566,799022939987481;6,095803425000040;50,772668297999999
27917;5220304405104587157;5;7;54;4;2022;3;5;6;3;8;1;2;0;1;0;0;0;0;0;450411,211760648002382;5771280,376808649860322;8,276208696000030;52,089864288000101
27925;5220215518110057224;5;1;70;12;2022;2;13;3;2;5;2;0;0;1;1;0;0;0;0;335333,028999654983636;5738258,739998820237815;6,613373275000070;51,770957763000098
27949;5220310516300091287;5;1;58;28;2022;3;7;5;2;5;3;0;0;1;1;0;0;0;0;348856,875703615020029;5684066,687171240337193;6,832480753000030;51,287847580000097
27950;5220311701800689604;5;5;62;4;2022;3;16;6;2;5;2;0;0;1;1;0;0;0;0;385921,028999942005612;5712835,950999599881470;7,354477828000030;51,555061567999999
27971;5220219610122689891;5;3;70;28;2022;2;13;7;3;5;3;0;0;1;1;0;0;0;0;297283,924283577012829;5644512,267842370085418;6,115973374000020;50,916599378999997
27973;5220215500200395545;5;1;11;0;2022;2;17;3;3;5;3;1;0;1;1;0;0;0;0;342665,792233415006194;5686389,817487600259483;6,742743914000070;51,307044515000001
27975;5220223500200675923;5;1;11;0;2022;2;21;4;3;0;1;2;0;1;0;0;0;0;0;347070,940999749989714;5680993,137999209575355;6,808203990000040;51,259753506999999
27978;5220218503000080632;5;1;24;0;2022;2;10;6;3;5;2;0;1;1;1;0;0;0;0;375378,129999910015613;5681864,926999550312757;7,213366237000060;51,274480316000101
27979;5220309701300889735;5;5;62;14;2022;3;10;4;3;8;1;0;0;1;0;0;0;0;0;358929,078999832971022;5714675,239999409765005;6,964635829000030;51,565485958000103
27980;5220223709110979150;5;5;66;12;2022;2;15;4;2;5;7;0;0;1;1;0;0;0;0;411694,923952416982502;5772675,146519210189581;7,710870432000040;52,097578200000001
27989;5220301601400393423;5;3;15;0;2022;3;17;3;3;1;7;0;0;1;1;0;0;0;0;356310,616999813995790;5647867,095999379642308;6,953728760000050;50,964468452000098
28004;5220228711232491769;5;5;70;40;2022;2;8;2;2;2;6;0;0;1;1;0;0;0;0;414757,835939566022716;5750080,449113840237260;7,761192174000030;51,894958216000099
28009;5220308404101096980;5;7;66;64;2022;3;13;3;2;0;3;0;0;1;1;0;0;0;0;489588,169237087015063;5740469,408687129616737;8,848957692000059;51,814966826000003
28016;5220214600110276513;5;3;14;0;2022;2;16;2;3;6;4;0;0;1;0;1;0;0;0;365410,782980845018756;5623254,260402159765363;7,092293011000040;50,745453344000097
28021;5220306518400295868;5;1;70;8;2022;3;11;1;2;7;1;0;0;1;0;0;0;0;0;344848,135999736026861;5715490,165999139659107;6,761276256000030;51,569109997000098
28022;5220223508000785887;5;1;19;0;2022;2;13;4;3;3;3;0;0;1;0;0;1;0;0;349379,130999771005008;5707907,080999249592423;6,829847854000040;51,502202934000103
28025;5220228601200286502;5;3;15;0;2022;2;13;2;3;2;6;0;0;1;1;0;0;0;0;356813,216999817988835;5638490,343999380245805;6,964563052000070;50,880325372000101
28027;5220220303100880665;5;9;15;0;2022;2;13;1;2;0;1;0;1;1;0;0;0;0;0;415827,578378636972047;5724292,102191070094705;7,782988212000020;51,663302731000002
28029;5220311600370073798;5;3;82;4;2022;3;7;6;3;5;3;0;0;1;1;0;0;0;0;360122,513690447027329;5623141,409818559885025;7,017425360000060;50,743189149000003
28039;5220311307000432169;5;9;62;40;2022;3;7;6;3;0;6;0;0;1;1;0;0;0;0;415346,124999988009222;5699614,739999639801681;7,781968681000020;51,441390703000103
28049;5220307501313182359;5;1;12;0;2022;3;15;2;3;0;1;0;0;1;0;0;0;0;0;346515,495999749982730;5699696,725999189540744;6,792185728000050;51,427661812000103
28055;5220309601400893351;5;3;15;0;2022;3;17;4;3;4;2;0;0;1;1;0;0;0;0;350093,513999774004333;5659750,122999270446599;6,860344931000040;51,069667762000101
28057;5220218300800889628;5;9;54;36;2022;2;11;6;3;5;3;0;1;1;1;0;0;0;0;384460,746574571996462;5699474,054254789836705;7,337798486000050;51,434668466000097
28059;5220302601300385530;5;3;15;0;2022;3;17;4;3;0;5;1;0;1;1;0;0;0;0;353936,024999800021760;5646122,069999339990318;6,920636251000080;50,948189398000103
28065;5220228301302280494;5;9;13;0;2022;2;14;2;2;5;3;0;0;1;1;0;0;0;0;396794,934999964025337;5706923,408999630250037;7,513000347000060;51,504010101000098
28068;5220307300100491816;5;9;11;0;2022;3;15;2;3;4;2;0;0;1;1;0;0;0;0;375946,155686599027831;5706180,356707129627466;7,213012106000060;51,493140417000099
28076;5220228709000776730;5;5;66;8;2022;2;16;2;2;0;7;0;0;1;1;0;0;0;0;399247,144079254008830;5780198,896737040020525;7,526982514000050;52,163073445000101
28089;5220312518410596135;5;1;70;36;2022;3;12;7;3;4;6;0;0;1;0;0;0;0;0;352228,236999792978168;5727910,866999310441315;6,862443505000040;51,682695944000002
28092;5220305502135160700;5;1;13;0;2022;3;15;7;2;1;5;0;0;1;1;0;0;0;0;367003,742973109008744;5703635,504039170220494;7,085230286000070;51,468237741999999
28097;5220215300700673258;5;9;16;0;2022;2;7;3;3;0;1;1;0;1;0;0;0;0;0;372462,712067033979110;5709901,412719880230725;7,161514769000060;51,525806805999999
28098;5220223303100090435;5;9;15;0;2022;2;7;4;2;4;2;2;1;1;1;0;0;0;0;421436,785486838023644;5723825,561696999706328;7,864176348000060;51,659920915999997
28101;5220309514220586902;5;1;66;36;2022;3;16;4;3;5;3;0;0;1;0;0;1;0;0;320984,382214856974315;5682100,020190400071442;6,434147522000050;51,262103756999998
28104;5220302502215086697;5;1;13;0;2022;3;9;4;3;6;6;0;0;1;0;1;0;0;0;358103,044789347972255;5698545,111198389902711;6,959210934000050;51,420333191000097
28107;5220221410110582103;5;7;70;24;2022;2;16;2;3;5;3;0;1;1;1;0;0;0;0;495067,157000000006519;5793225,527999689802527;8,927678366000070;52,289365531000001
28108;5220310505200479065;5;1;14;0;2022;3;14;5;3;3;2;0;0;1;0;0;0;1;0;330867,600999600021169;5692809,573998659849167;6,570585935000050;51,361335640000000
28112;5220304709700011895;5;5;66;48;2022;3;17;6;3;0;7;1;0;1;0;0;0;0;0;428272,468178969982546;5796239,907156369648874;7,947838442000030;52,311802584000098
28114;5220222405228587286;5;7;54;28;2022;2;11;3;3;3;3;0;0;1;1;0;0;0;0;450854,965953184990212;5745261,123609480448067;8,286410824000029;51,855983021000000
28116;5220214601500593612;5;3;15;0;2022;2;16;2;3;5;2;0;0;1;1;0;0;0;0;362568,073876543028746;5648207,729648989625275;7,042655225000030;50,969056578000000
28121;5220306515211386195;5;1;54;16;2022;3;14;1;3;5;3;0;0;1;1;0;0;0;0;301526,433002541016322;5730138,987953529693186;6,128627709000060;51,687080537999996
28123;5220304500300180853;5;1;11;0;2022;3;19;6;2;5;3;2;0;1;1;0;0;0;0;343333,828207574028056;5675235,386673370376229;6,757204630000050;51,207004081000001
28133;5220304515110090182;5;1;54;4;2022;3;16;6;3;5;3;0;0;1;1;0;0;0;0;305126,192999269987922;5739822,093996370211244;6,175217924000040;51,775299945000000
28134;5220223600110390960;5;3;14;0;2022;2;15;4;3;0;7;0;0;1;1;0;0;0;0;365265,107543813996017;5623092,588069889694452;7,090288519000070;50,743966462000103
28136;5220221705000555672;5;5;54;56;2022;2;7;2;3;5;3;0;0;1;1;0;0;0;0;357938,952999831002671;5762145,576999410055578;6,930934492000060;51,991781472000099
28147;5220301600360986353;5;3;82;12;2022;3;7;3;3;0;7;0;0;1;0;1;0;0;0;356211,091343134001363;5629664,871132220141590;6,959473041000020;50,800861071000000
28148;5220228500300282078;5;1;11;0;2022;2;13;2;3;5;3;0;0;1;1;0;0;0;0;343338,007611354987603;5675324,702893169596791;6,757225414000060;51,207807758999998
28153;5220311503300563826;5;1;20;0;2022;3;19;6;2;1;5;2;0;1;1;0;0;0;0;377422,991608690004796;5674066,181719710119069;7,245336832000020;51,204829537000101
28154;5220223506100689782;5;1;16;0;2022;2;13;4;3;3;3;0;0;1;0;0;0;0;1;322933,166999497974757;5673062,610998259857297;6,466513619000070;51,181526208000001
28160;5220224706300176763;5;5;58;4;2022;2;5;5;3;0;1;2;0;1;0;0;0;0;0;405667,988778846978676;5738214,528069050051272;7,632366129000050;51,786835349999997
28169;5220222600110490879;5;3;14;0;2022;2;19;3;3;4;6;2;1;1;0;0;0;0;0;366668,797083061013836;5622421,608139730058610;7,110415392000050;50,738259728000102
28172;5220214605104393474;5;3;74;4;2022;2;13;2;3;2;3;0;0;1;1;0;0;0;0;405361,037104599003214;5652367,402230369858444;7,650819457000070;51,015074227000099
28177;5220223608200125242;5;3;34;2;2022;2;16;4;3;5;3;0;0;1;1;0;0;0;0;297780,754999061988201;5626923,511995919980109;6,132736830000060;50,758801245000001
28178;5220304501311565261;5;1;12;0;2022;3;16;6;3;6;2;0;0;1;0;1;0;0;0;344646,177446788002271;5699997,953993399627507;6,765186068000050;51,429859008000101
28183;5220310514219986030;5;1;66;36;2022;3;15;5;3;4;6;0;0;1;0;0;0;0;0;327048,932116293988656;5679946,034221299923956;6,522023666000050;51,244625112000101
28186;5220215600140529351;5;3;14;0;2022;2;11;3;3;5;3;0;0;1;1;0;0;0;0;368720,563660110987257;5623052,708519450388849;7,139251907000070;50,744399601000097
28187;5220304610122077553;5;3;70;28;2022;3;10;6;3;5;2;0;0;1;0;0;0;1;0;298680,131999090022873;5642838,168995969928801;6,136733844000050;50,902052313000098
28195;5220309315150585274;5;9;70;44;2022;3;17;4;3;5;3;0;0;1;1;0;0;0;0;439774,355613948020618;5632659,107435430400074;8,144599470000060;50,842499656000001
28200;5220302303100079096;5;9;15;0;2022;3;17;4;3;0;6;0;0;1;0;1;0;0;0;418184,675999988976400;5725912,231999649666250;7,816681022000070;51,678215102000102
28201;5220228601600690367;5;3;15;0;2022;2;16;2;3;0;3;0;0;1;1;0;0;0;0;366716,489820018992759;5638510,790693500079215;7,105247855000070;50,882878425999998
28216;5220218600320589881;5;3;82;72;2022;2;15;6;3;0;7;0;1;1;0;0;0;0;0;368357,608462820993736;5610221,818912589922547;7,138680370000030;50,628990510000101
28217;5220214601400590227;5;3;15;0;2022;2;7;2;3;0;1;1;0;1;0;0;0;0;0;355577,797999811009504;5650861,815999370068312;6,942110180000040;50,991197960000100
28218;5220224601300081847;5;3;15;0;2022;2;11;5;3;0;1;0;1;1;0;0;0;0;0;354850,527053479978349;5645530,464028799906373;6,933881783000060;50,943103791000098
28233;5220215608100189838;5;3;34;2;2022;2;15;3;3;4;2;0;0;1;0;0;0;0;1;293037,884998967987485;5631407,837995129637420;6,063057294000030;50,797403383000102
28240;5220225301301695246;5;9;78;24;2022;2;11;6;3;5;2;0;0;1;1;0;0;0;0;400455,810605330974795;5718871,162064310163260;7,562346109000030;51,612062903999998
28241;5220303301102475329;5;9;13;0;2022;3;17;5;3;5;3;0;0;1;1;0;0;0;0;394807,551052196009550;5704568,061266800388694;7,485078441000040;51,482472414000000
28251;5220219600380095309;5;3;14;0;2022;2;22;7;3;5;2;2;1;1;1;0;0;0;0;369552,150999884994235;5616583,462999500334263;7,153319249000050;50,686439776999997
28265;5220310709110674663;5;5;66;12;2022;3;14;5;1;4;6;0;0;1;1;0;0;0;0;407327,516766381973866;5772620,753949680365622;7,647146022000070;52,096375019000000
28273;5220307400200003655;5;7;11;0;2022;3;8;2;3;3;2;0;0;1;1;0;0;0;0;467408,310999999986961;5763055,523999669589102;8,525069144000041;52,017180281000002
28282;5220228701700785375;5;5;62;16;2022;2;7;2;3;5;3;0;0;1;1;0;0;0;0;374867,448021572025027;5731652,664826380088925;7,188390414000030;51,721824531000003
28283;5220226404302887366;5;7;66;8;2022;2;9;7;2;0;1;0;2;1;0;0;0;0;0;482355,001000000978820;5770561,794999679550529;8,742483440000060;52,085344245999998
28285;5220310601600585736;5;3;15;0;2022;3;17;5;3;0;7;0;0;1;0;1;0;0;0;370393,215245656028856;5637436,153469339944422;7,157867709000070;50,874056037999999
28301;5220301701800186112;5;5;62;4;2022;3;11;3;3;5;3;0;0;1;1;0;0;0;0;382716,174859603983350;5711238,080054470337927;7,308803748000060;51,540043132000100
28302;5220228606100472553;5;3;78;4;2022;2;12;2;3;3;2;0;0;1;1;0;0;0;0;367415,985999875993002;5649773,778999489732087;7,111088582000040;50,984267975000101
28306;5220215501128079395;5;1;12;0;2022;2;19;3;2;0;6;2;1;1;0;0;0;0;0;342921,107732712989673;5702367,454392840154469;6,739339713000050;51,450673000999998
28311;5220309701500754265;5;5;62;24;2022;3;12;4;3;5;3;0;0;1;1;0;0;0;0;370358,588073137972970;5725481,544256529770792;7,125443547000030;51,665342889999998
28315;5220302701400975486;5;5;12;0;2022;3;7;4;3;5;3;0;0;1;1;0;0;0;0;356697,061881989997346;5712015,519483010284603;6,933538439000070;51,541023514000102
28317;5220312406150576279;5;7;58;36;2022;3;14;7;3;1;5;0;0;1;1;0;0;0;0;491542,145247402018867;5782379,128054359927773;8,876268895000070;52,191807275000002
28321;5220303701610595207;5;5;62;12;2022;3;18;5;3;5;3;2;0;1;1;0;0;0;0;359298,252754657005426;5725817,568173579871655;6,965485140000060;51,665701904999999
28323;5220228502103089732;5;1;13;0;2022;2;11;2;3;5;7;0;0;1;1;0;0;0;0;362685,852991844993085;5703843,486946219578385;7,023023249000060;51,469075508000103
28333;5220309502103275423;5;1;13;0;2022;3;6;4;3;5;2;1;0;1;1;0;0;0;0;362685,852991844993085;5703843,486946219578385;7,023023249000060;51,469075508000103
28341;5220310508000589573;5;1;19;0;2022;3;16;5;3;2;3;0;0;1;1;0;0;0;0;353757,162987081974279;5709725,088747840374708;6,892126070000070;51,519688596000002
28342;5220311706000041017;5;5;58;12;2022;3;7;6;3;5;3;1;0;1;1;0;0;0;0;368330,521999882999808;5752001,397999529726803;7,086074186000080;51,903186593000001
28363;5220303602300976581;5;3;62;36;2022;3;18;5;3;4;6;2;0;1;0;0;0;0;0;345389,028368957981002;5647148,179697919636965;6,798619008000060;50,955181018000097
28366;5220309514217586193;5;1;66;36;2022;3;5;4;3;5;3;2;0;1;1;0;0;0;0;329471,092947513971012;5683806,617778629995883;6,554852752000040;51,280037445000097
28379;5220219411232576078;5;7;74;32;2022;2;7;7;3;0;7;1;1;1;0;0;0;1;0;481819,114906220987905;5733958,329080340452492;8,736595792000060;51,756225708999999
28385;5220216702100556376;5;5;15;0;2022;2;18;4;3;5;3;2;1;1;1;0;0;0;0;406724,745999978971668;5757078,943999660201371;7,642586026000060;51,956577967999998
28389;5220302501211072131;5;1;12;0;2022;3;14;4;3;4;2;0;0;1;1;0;0;0;0;340969,495999702019617;5697457,988999039866030;6,713480081000060;51,406018379000002
28395;5220308405108090674;5;7;54;8;2022;3;5;3;3;5;3;2;0;1;0;0;0;0;0;463207,222654087992851;5754023,874188089743257;8,464821389000059;51,935717636000000
28399;5220227607500279329;5;3;82;56;2022;2;15;1;3;3;6;0;0;1;1;0;0;0;0;370778,935098477988504;5628826,423157970421016;7,166382802000040;50,796756965999997
28422;5220224303100590435;5;9;15;0;2022;2;12;5;3;5;3;0;0;1;1;0;0;0;0;418544,975404374010395;5727835,329649910330772;7,821442072000020;51,695555231000100
28425;5220302608200985828;5;3;34;2;2022;3;12;4;3;5;2;0;0;1;1;0;0;0;0;296463,002999036980327;5630049,180995699949563;6,112348294000070;50,786413622000097
28435;5220215303100571295;5;9;15;0;2022;2;13;3;3;5;3;0;0;1;1;0;0;0;0;417452,755999989982229;5725603,893999650143087;7,806170407000020;51,675336196000003
28443;5220302410230540406;5;7;70;4;2022;3;13;4;3;1;3;0;0;1;1;0;0;0;0;486404,914000000979286;5785241,797999690286815;8,801001103000029;52,217441634000103
28445;5220226405220587018;5;7;54;20;2022;2;12;7;3;5;3;0;0;1;1;0;0;0;0;444763,875999998999760;5750254,624999660067260;8,197177430000069;51,900306262000100
28451;5220305301306689206;5;9;13;0;2022;3;15;7;3;0;7;0;0;1;0;0;0;0;0;397443,754538782988675;5713420,232497050426900;7,520452955000050;51,562526081999998
28452;5220227600380890922;5;3;14;0;2022;2;16;1;2;5;2;0;0;1;1;0;0;0;0;369210,381397331017070;5617154,145132529549301;7,148281717000030;50,691492498000102
28465;5220228513340481535;5;1;62;28;2022;2;15;2;3;5;3;0;0;1;1;0;0;0;0;340246,561282293987460;5659287,669756590388715;6,720116478000020;51,062856443999998
28468;5220310407226890659;5;7;62;32;2022;3;12;5;3;5;3;0;0;1;1;0;0;0;0;510167,028999999980442;5744275,889999659731984;9,147602873000039;51,849196117000098
28470;5220307711313545036;5;5;70;8;2022;3;12;2;3;5;3;0;0;1;1;0;0;0;0;434334,754999995988328;5735370,132999660447240;8,048442098000070;51,765363612000002
28473;5220223600370397714;5;3;82;4;2022;2;17;4;3;5;2;1;0;1;1;0;0;0;0;360693,050999841012526;5620939,555999419651926;7,026338926000050;50,723536996000099
28474;5220226705000382335;5;5;54;8;2022;2;11;7;3;0;1;0;0;1;0;0;0;0;0;333497,396999638993293;5745508,175998729653656;6,583311969000020;51,835538483999997
28479;5220303300800490002;5;9;54;36;2022;3;16;5;3;5;2;0;0;1;1;0;0;0;0;387113,936999946017750;5703634,076999600045383;7,374624203000050;51,472594381000100
28481;5220312701400747985;5;5;12;0;2022;3;21;7;3;0;1;2;0;1;0;0;0;0;0;355334,587909072986804;5714516,696211770176888;6,912876519000060;51,563150729000000
28487;5220214601200993349;5;3;15;0;2022;2;14;2;3;0;5;0;0;1;1;0;0;0;0;353826,021296522987541;5642387,595749340020120;6,920568975000040;50,914601011000101
28488;5220225601700387562;5;3;16;0;2022;2;17;6;3;5;2;1;1;1;1;0;0;0;0;359170,178999833005946;5653302,227999409660697;6,992317672000070;51,014020084000002
28491;5220216702100574772;5;5;15;0;2022;2;11;4;3;5;3;0;1;1;1;0;0;0;0;404645,978999977000058;5760313,865999660454690;7,611445104000040;51,985302047000097
28499;5220310301304594378;5;9;13;0;2022;3;12;5;3;5;2;0;0;1;1;0;0;0;0;399534,395210480026435;5709091,393920429982245;7,551839386000040;51,523991403000103
28500;5220311701300075483;5;5;62;14;2022;3;15;6;3;2;6;0;0;1;1;0;0;0;0;360814,103019662026782;5715158,016613859683275;6,991623544000050;51,570292633000101
28507;5220224503400181053;5;1;22;0;2022;2;16;5;3;0;2;0;0;1;1;0;0;0;0;365634,652578987006564;5669628,622775609605014;7,078346304000040;51,162297292000098
28516;5220217601300287361;5;3;15;0;2022;2;15;5;3;5;3;0;0;1;1;0;0;0;0;354141,982999800995458;5644821,856999339535832;6,924086827000050;50,936556950000103