OBJECTID;UIDENTSTLAE;ULAND;UREGBEZ;UKREIS;UGEMEINDE;UJAHR;UMONAT;USTUNDE;UWOCHENTAG;UKATEGORIE;UART;UTYP1;ULICHTVERH;IstStrassenzustand;IstRad;IstPKW;IstFuss;IstKrad;IstGkfz;IstSonstige;LINREFX;LINREFY;XGCSWGS84;YGCSWGS84
28527;5220309603116678216;5;3;66;16;2022;3;11;4;3;5;2;0;0;1;1;0;0;0;0;343625,120999716978986;5615282,076999150216579;6,787102136000040;50,668355120999998
28529;5220217706100223578;5;5;58;16;2022;2;18;5;3;5;3;1;1;1;1;0;0;0;0;380951,129999928991310;5742305,970999600365758;7,272771209000040;51,818892781000002
28531;5220302601400586306;5;3;15;0;2022;3;14;4;3;4;6;0;0;1;0;0;0;0;0;352328,216999788011890;5651881,926999310031533;6,895424749000030;50,999540578999998
28533;5220312501127991632;5;1;12;0;2022;3;19;7;3;5;3;0;0;1;1;0;0;0;0;346650,889999751001596;5705392,451999190263450;6,791662762000040;51,478875260000102
28536;5220305406240103231;5;7;58;28;2022;3;9;7;2;0;1;0;0;1;1;0;0;0;0;463121,303000001003966;5785604,209999679587781;8,460157550000080;52,219633139999999
28537;5220227709500576743;5;5;66;76;2022;2;10;1;3;0;2;0;1;1;1;0;0;0;0;396058,787999961990863;5796246,654999669641256;7,475451539000060;52,306710284000097
28543;5220303518310428507;5;1;70;32;2022;3;13;5;3;3;6;0;0;1;0;0;0;0;0;338885,643999685009476;5710238,797998970374465;6,677720951000030;51,520258311000099
28545;5220309513130786228;5;1;62;22;2022;3;7;4;2;9;7;0;0;1;1;0;0;0;0;338401,457487387990113;5680816,095551639795303;6,684137944000040;51,255771540000097
28546;5220217317210389231;5;9;78;20;2022;2;8;5;3;5;3;1;1;1;1;0;0;0;0;403792,924999976006802;5715026,098999629728496;7,611580833000060;51,578080074000098
28554;5220308316100894309;5;9;74;8;2022;3;14;3;2;5;3;0;0;1;1;0;0;0;0;441648,640999999013729;5714447,566999649628997;8,157910265000060;51,578069635000098
28556;5220304701400489528;5;5;12;0;2022;3;7;6;3;5;3;0;0;1;1;0;0;0;0;355568,533999814011622;5709755,389999370090663;6,918203225000070;51,520426937000103
28565;5220306701500085375;5;5;62;24;2022;3;13;1;3;5;3;0;0;1;0;0;0;0;0;370498,870075715996791;5730701,739764790050685;7,125533565000070;51,712287181000100
28566;5220217607200881296;5;3;82;20;2022;2;17;5;3;7;7;0;0;1;0;0;0;0;0;381841,961236322007608;5625210,802016579546034;7,324451732000060;50,766617523000001
28570;5220226303100094318;5;9;15;0;2022;2;5;7;3;5;3;2;2;1;1;0;0;0;0;414799,534538068983238;5724551,821300449781120;7,768064534000080;51,665482513000001
28573;5220311603116075849;5;3;66;16;2022;3;19;6;2;0;3;2;0;1;0;0;0;0;1;344134,635999721009284;5613651,617999159730971;6,794993252000040;50,653839861999998
28575;5220215608312675492;5;3;34;12;2022;2;17;3;3;6;6;0;0;1;0;1;0;0;0;307235,823640251997858;5633379,927517830394208;6,263246465000070;50,820013812000099
28576;5220304513110691122;5;1;62;16;2022;3;11;6;3;5;2;0;0;1;0;0;0;0;1;330938,406999595987145;5676429,578998680226505;6,579355541000040;51,214198881000101
28577;5220223518100676426;5;1;70;48;2022;2;7;4;3;5;2;0;1;1;1;0;0;0;0;335763,306999656022526;5725792,906998840160668;6,625479155000050;51,659095481000101
28582;5220225317140689311;5;9;78;28;2022;2;14;6;2;3;6;0;1;1;0;0;0;0;0;401579,160056137014180;5699221,127926100045443;7,584054393000030;51,435627599999997
28585;5220312411232174562;5;7;74;32;2022;3;15;7;2;3;5;0;0;1;1;0;0;0;0;478143,054158306971658;5731536,305059060454369;8,683490137000041;51,734317371000003
28594;5220307514219591595;5;1;66;36;2022;3;13;2;3;0;5;0;0;1;0;0;0;0;1;327807,819717055012006;5679688,225232429802418;6,533009859000060;51,242538588000102
28600;5220309701800177639;5;5;62;4;2022;3;13;4;3;5;2;0;0;1;1;0;0;0;0;381960,091999932017643;5714719,525999589823186;7,296737808000050;51,571175597000000
28605;5220301317110684911;5;9;78;36;2022;3;12;3;3;6;7;0;0;1;0;1;0;0;0;409048,595999980985653;5710809,311999640427530;7,688497332000050;51,541046816000097
28606;5220310711111081965;5;5;70;52;2022;3;11;5;3;0;3;0;0;1;1;0;0;0;0;430847,717999995977152;5757739,550999670289457;7,993440497000050;51,966039975000101
28608;5220308600110490938;5;3;14;0;2022;3;15;3;3;5;2;0;0;1;1;0;0;0;0;366348,522353478998411;5622366,025074150413275;7,105899225000030;50,737686527000101
28609;5220215701610089652;5;5;62;12;2022;2;9;3;3;5;3;0;0;1;1;0;0;0;0;359952,551999840012286;5726279,214999429881573;6,974754732000060;51,670013643000097
28611;5220228301205681914;5;9;13;0;2022;2;18;2;3;1;5;2;0;1;1;0;0;0;0;387151,406726683024317;5711677,913310330361128;7,372589065000060;51,544900577000099
28623;5220215503200781214;5;1;24;0;2022;2;9;3;3;4;6;0;0;1;1;0;0;0;0;375260,589095000002999;5681833,004213100299239;7,211693141000070;51,274167684000098
28629;5220309600350086329;5;3;82;32;2022;3;15;4;3;5;3;0;0;1;1;0;0;0;0;359617,176890157978050;5612760,468471080064774;7,014212544000030;50,649767928000102
28635;5220312600110967663;5;3;14;0;2022;3;13;7;3;5;2;0;0;1;1;0;0;0;0;366210,185827860026620;5622313,714230559766293;7,103958863000060;50,737184506000098
28636;5220308506100342691;5;1;16;0;2022;3;9;3;3;6;6;0;0;1;0;1;0;0;0;321566,195621450024191;5671981,554634840227664;6,447512246000030;51,171389783999999
28637;5220216502402089482;5;1;17;0;2022;2;14;4;3;3;2;0;1;1;0;0;0;1;0;352420,702999792993069;5700602,227999310009181;6,876688568000080;51,437366906000101
28641;5220219300500962586;5;9;11;0;2022;2;1;7;3;0;1;2;0;1;0;0;0;0;0;377866,084534543973859;5700322,786991650238633;7,242678493000030;51,440913287999997
28650;5220304502401578788;5;1;17;0;2022;3;17;6;3;0;2;0;0;1;1;0;0;0;0;352661,001999793981668;5699426,102999310009181;6,880632607000050;51,426861176999999
28651;5220302508000475319;5;1;19;0;2022;3;21;4;3;0;7;2;0;1;0;1;0;0;0;351552,973434146028012;5703347,797704730182886;6,863061446000070;51,461810652000104
28660;5220227602300694903;5;3;62;36;2022;2;15;1;3;5;2;0;0;1;1;0;0;0;0;346345,577653061016463;5653814,875036819837987;6,809408912000040;51,015343451000000
28667;5220309307000793936;5;9;62;32;2022;3;14;4;3;3;6;0;0;1;1;0;0;0;0;405820,507999978028238;5674002,457999619655311;7,651718942000060;51,209645453000100
28668;5220216602300958585;5;3;62;36;2022;2;12;4;3;0;1;0;1;1;0;0;0;0;0;345461,911999734991696;5651662,084999180398881;6,797737352000070;50,995762044999999
28669;5220306609132624256;5;3;58;32;2022;3;14;1;3;0;2;0;1;1;0;0;0;0;1;314206,513529882999137;5632654,969225780107081;6,362465290000050;50,815779632000002
28677;5220311702100074724;5;5;15;0;2022;3;12;6;3;4;6;0;0;1;0;0;0;0;0;406620,915831570979208;5759227,675038279965520;7,640491123000060;51,975874363999999
28679;5220215601200890451;5;3;15;0;2022;2;11;3;3;0;6;0;0;1;0;0;0;0;0;354492,648810598009732;5643665,521243750117719;6,929535773000050;50,926253860000003
28680;5220304607400996529;5;3;82;44;2022;3;23;6;2;0;7;2;0;1;0;0;0;0;0;360401,038999841024633;5632754,257999420166016;7,017719159000020;50,829651206999998
28684;5220309709700742411;5;5;66;28;2022;3;7;4;3;0;3;0;0;1;1;0;0;0;0;411523,591999983997084;5792418,934999680146575;7,703216780000050;52,275015444000097
28689;5220311410210690761;5;7;70;20;2022;3;16;6;3;5;3;0;0;1;1;0;0;0;0;470675,018000000971369;5795467,946999689564109;8,569870275000030;52,308765032000103
28704;5220226601700990416;5;3;16;0;2022;2;13;7;3;1;5;0;0;1;1;0;0;0;0;363138,821456163015682;5658779,949514820240438;7,046789812000040;51,064207705999998
28710;5220301317140294450;5;9;78;28;2022;3;17;3;3;0;7;0;0;1;0;0;0;0;0;400204,765999971015844;5700406,530999620445073;7,563953906000050;51,446042736000003
28715;5220215709300527831;5;5;66;52;2022;2;14;3;3;5;3;0;0;1;1;0;0;0;0;377057,012999916973058;5778570,847999590449035;7,203306914000050;52,143947445000002
28720;5220307400100703919;5;7;11;0;2022;3;16;2;3;5;2;0;0;1;1;0;0;0;0;468501,318213886988815;5766782,588097600266337;8,540652771000049;52,050752015999997
28735;5220215601200078523;5;3;15;0;2022;2;10;3;3;3;2;0;0;1;1;0;0;0;0;353264,621999796014279;5644007,906999330036342;6,911936390000050;50,929019713999999
28740;5220218702100075998;5;5;15;0;2022;2;13;6;3;5;3;0;1;1;1;0;0;0;0;404389,893999979016371;5759062,468999659642577;7,608065875000020;51,974010057000001
28751;5220228600110971638;5;3;14;0;2022;2;17;2;3;1;5;0;0;1;1;0;0;0;0;365255,988577858021017;5622275,942534339614213;7,090457974000060;50,736624415000101
28753;5220219601100690442;5;3;15;0;2022;2;17;7;3;6;6;0;0;1;0;1;0;0;0;356871,070686577004381;5645463,293778009712696;6,962649859000070;50,943005284000002
28759;5220302501126305303;5;1;12;0;2022;3;20;4;3;0;2;2;0;1;1;0;0;0;0;346141,669844164978713;5704077,243046370334923;6,784908170000050;51,466919783999998
28763;5220310601200248236;5;3;15;0;2022;3;13;5;3;4;6;0;0;1;0;0;0;0;0;357316,715999819978606;5642490,692999389953911;6,970152603000030;50,916401108000102
28764;5220311700000291481;5;5;13;0;2022;3;15;6;2;5;3;0;0;1;1;0;0;0;0;366422,532490707002580;5716099,479378069750965;7,072141764000040;51,580109713000098
28767;5220304609140089898;5;3;58;40;2022;3;15;6;3;0;1;0;0;1;0;0;0;0;0;329711,505202274012845;5634412,253632520325482;6,581540134000020;50,836334815999997
28776;5220306605112786484;5;3;74;12;2022;3;14;1;3;3;6;0;0;1;1;0;0;0;0;403983,945396156981587;5654429,717859029769897;7,630647288000030;51,033385932000002
28780;5220228601200093388;5;3;15;0;2022;2;6;2;3;8;3;0;0;1;1;0;0;0;0;355191,179048359976150;5637279,793857109732926;6,942000552000020;50,869042082000099
28784;5220215406120986989;5;7;58;16;2022;2;20;3;3;6;4;2;0;1;0;1;0;0;0;475988,483222239010502;5777712,866965830326080;8,649065628000070;52,149397167000103
28795;5220312405224478034;5;7;54;24;2022;3;16;7;3;5;3;0;0;1;1;0;0;0;0;453182,843573565012775;5736343,276111739687622;8,321414552000020;51,776006295000101
28800;5220301608404889871;5;3;34;4;2022;3;16;3;3;0;7;0;0;1;0;0;0;0;0;303406,539736551989336;5638293,515763339586556;6,206312586000020;50,862860781000101
28815;5220224702100079223;5;5;15;0;2022;2;15;5;3;4;6;0;1;1;0;0;0;0;0;404005,010999976017047;5758508,219999659806490;7,602619372000050;51,968961935999999
28816;5220302705000765869;5;5;54;8;2022;3;12;4;2;5;2;0;0;1;1;0;0;0;0;335746,809999659017194;5746087,533998819999397;6,615655116000030;51,841409099000003
28820;5220311702100876118;5;5;15;0;2022;3;17;6;3;9;6;0;0;1;1;0;0;0;0;405509,072778626985382;5756499,183114419691265;7,625059502000060;51,951161580000097
28823;5220305515211085993;5;1;54;16;2022;3;19;7;3;0;1;2;0;1;0;0;0;0;0;303077,686126597982366;5728725,268567919731140;6,151837385000020;51,674930973000102
28825;5220222701700181160;5;5;62;16;2022;2;13;3;3;5;3;0;1;1;1;0;0;0;0;375827,034999914001673;5735424,998999569565058;7,200929214000040;51,755939521000101
28833;5220306500200865412;5;1;11;0;2022;3;16;1;2;3;6;0;0;1;0;0;0;0;1;345733,719128125987481;5679455,534415910020471;6,789716836000030;51,245577246000003
28839;5220220601600593581;5;3;15;0;2022;2;17;1;2;0;2;1;0;1;1;0;0;0;0;365861,877999868011102;5635837,456999479793012;7,094086336000030;50,858653479000097
28843;5220215518400744428;5;1;70;8;2022;2;11;3;3;5;2;0;0;1;1;0;0;0;0;342160,940999715006910;5717194,540999069809914;6,721768916000030;51,583677185000099
28846;5220227602900590295;5;3;62;40;2022;2;15;1;3;5;2;0;0;1;1;0;0;0;0;359807,115999836008996;5629954,460999419912696;7,010360851000030;50,804344907000001
28848;5220224506100391496;5;1;16;0;2022;2;16;5;3;6;4;0;1;1;0;1;0;0;0;322886,252514529973269;5676201,684152039699256;6,464294655000060;51,209711192000000
28851;5220311406110396899;5;7;58;12;2022;3;7;6;3;8;1;0;0;1;0;0;0;0;0;480023,516999999992549;5771999,999999679625034;8,708373201000031;52,098195480000101
28858;5220301701400580917;5;5;12;0;2022;3;15;3;3;2;5;0;0;1;1;0;0;0;0;356525,638066959974822;5711389,286487460136414;6,931323434000030;51,535352758999998
28863;5220311500300471844;5;1;11;0;2022;3;12;6;2;5;3;0;0;1;1;0;0;0;0;343995,167437368014362;5674490,444885539822280;6,766988310000040;51,200491527000104
28867;5220218502105077745;5;1;13;0;2022;2;14;6;3;0;7;0;1;1;0;0;0;0;0;362292,993591972975992;5700918,240410519763827;7,018509613000050;51,442692573999999
28878;5220222608100980837;5;3;34;2;2022;2;16;3;2;6;4;0;1;1;0;1;0;0;0;292856,669998962024692;5628347,663995119743049;6,062213538000040;50,769855237999998
28881;5220215300600989995;5;9;16;0;2022;2;17;3;3;5;3;1;0;1;1;0;0;0;0;375386,771999910997692;5711674,957999560050666;7,203015643000070;51,542398915000000
28891;5220226709500238566;5;5;66;60;2022;2;16;7;3;5;3;0;0;1;1;0;0;0;0;388358,350999947986566;5788805,184999640099704;7,365017288000050;52,238323317000003
28897;5220302709800287356;5;5;66;44;2022;3;23;4;2;0;1;2;0;1;0;0;0;0;0;422603,933757885999512;5773883,601691380143166;7,869816111000030;52,110074699999998
28900;5220308600110790955;5;3;14;0;2022;3;16;3;2;5;2;0;0;1;1;0;0;0;0;364944,462148868013173;5622209,044585449621081;7,086070276000040;50,735950784000103
28902;5220305505200395968;5;1;14;0;2022;3;14;7;3;5;3;0;0;1;1;0;0;0;0;333748,745999631006271;5692539,006998790428042;6,612058175000070;51,359755318000097
28905;5220222606100365728;5;3;78;4;2022;2;18;3;2;3;6;1;1;1;0;0;0;0;0;367628,544054631027393;5646432,881641290150583;7,115331071000070;50,954289989000102
28911;5220303601200790257;5;3;15;0;2022;3;8;5;2;0;1;0;0;1;0;0;0;0;0;354515,446999803010840;5643607,490999350324273;6,929883104000060;50,925738107000001
28918;5220228711422287313;5;5;70;20;2022;2;16;2;2;5;3;0;0;1;1;0;0;0;0;433064,731999996991362;5745186,531999659724534;8,028144675000020;51,853462241999999
28924;5220215701800585088;5;5;62;4;2022;2;9;3;2;5;2;0;0;1;1;0;0;0;0;384544,818999940005597;5716566,825999599881470;7,333409714000030;51,588313993000000
28928;5220218601100466119;5;3;15;0;2022;2;11;6;3;0;7;0;0;1;0;0;0;0;0;355188,349312013015151;5644755,209940399974585;6,938995304000060;50,936221711000002
28929;5220307410140287106;5;7;70;12;2022;3;14;2;3;5;3;0;0;1;1;0;0;0;0;488056,015000001003500;5796253,597999690100551;8,824779216000019;52,316481574000100
28932;5220303503100286739;5;1;24;0;2022;3;16;5;3;5;3;0;0;1;1;0;0;0;0;370419,307999891985673;5682886,139999520033598;7,141943387000030;51,282552174999999
28937;5220304307000767824;5;9;62;36;2022;3;20;6;2;0;1;2;0;1;0;0;0;0;0;411807,572227309981827;5663326,218429120257497;7,740025005000060;51,114621345000003
28938;5220301701400751551;5;5;12;0;2022;3;14;3;3;5;2;0;0;1;1;0;0;0;0;356711,435822676983662;5708449,627006160095334;6,935195933000050;51,508984620000000
28940;5220225702100076673;5;5;15;0;2022;2;19;6;3;6;4;2;1;1;0;1;0;0;0;406402,614247623016126;5757175,079108599573374;7,637873353000030;51,957387949000100
28943;5220311605112878619;5;3;74;12;2022;3;5;6;3;5;3;2;0;1;1;0;0;0;0;399891,367393012973480;5651278,674907869659364;7,573168969000050;51,004360697999999
28945;5220215600110490959;5;3;14;0;2022;2;19;3;3;3;6;2;0;1;0;0;0;0;1;364942,071939704997931;5622198,187673419713974;7,086040402000040;50,735852647000101
28951;5220225410260090761;5;7;70;36;2022;2;20;6;3;3;6;2;0;1;1;0;0;0;0;466130,576850942976307;5794732,626505649648607;8,503290344000050;52,301892875000100
28952;5220303301306684945;5;9;13;0;2022;3;17;5;3;5;3;0;0;1;1;0;0;0;0;398617,282999968971126;5713753,508999629877508;7,537280977000020;51,565733991000101
28955;5220216518110657224;5;1;70;12;2022;2;13;4;2;8;7;0;1;1;0;0;0;0;0;334778,460441706993151;5734882,283888320438564;6,606947795000050;51,740462052000098
28964;5220311513330342462;5;1;62;12;2022;3;15;6;3;0;5;0;0;1;1;0;0;0;0;325510,022675095009618;5667734,575621060095727;6,505929407000050;51,134452879999998
28975;5220308600330191248;5;3;82;48;2022;3;9;3;3;5;3;0;0;1;1;0;0;0;0;354962,827691872022115;5612674,048086790367961;6,948452480000070;50,647851106000097
28976;5220216406130990785;5;7;58;8;2022;2;8;4;2;0;3;0;1;1;1;0;0;0;0;469603,649000001023524;5776490,011999679729342;8,555861767000071;52,138088594000102
28981;5220218506100711604;5;1;16;0;2022;2;14;6;3;2;6;0;1;1;1;0;0;0;0;322157,170854285010137;5673603,755547650158405;6,455154469000040;51,186146645000100
28991;5220228702100879223;5;5;15;0;2022;2;16;2;3;3;6;0;0;1;1;0;0;0;0;404353,477903704973869;5756439,985344059765339;7,608266208000030;51,950431962000003
28997;5220215702100076723;5;5;15;0;2022;2;20;3;3;3;6;2;1;1;1;0;0;0;0;406549,461419840983581;5756698,470629010349512;7,640139404000020;51,953128655999997
29002;5220214513110674103;5;1;62;16;2022;2;19;2;3;5;2;2;0;1;1;0;0;0;0;332559,986950234975666;5675108,950581000186503;6,603167946000040;51,202811721000003
29005;5220303501134960507;5;1;12;0;2022;3;11;5;3;4;2;0;0;1;1;0;0;0;0;343416,996040340978652;5710516,809376389719546;6,742856352000050;51,524030460000098
29007;5220216600120090368;5;3;82;24;2022;2;18;4;3;5;2;2;1;1;1;0;0;0;0;371974,292999894008972;5617672,899999519810081;7,187212272000070;50,696770198000102
29010;5220304307000080376;5;9;62;32;2022;3;13;6;3;5;3;0;0;1;1;0;0;0;0;404003,291236873017624;5677674,971894330345094;7,624727724000020;51,242357155999997
29012;5220228600350834351;5;3;82;32;2022;2;8;2;3;5;3;0;0;1;1;0;0;0;0;360220,437155548017472;5605588,346190280281007;7,025442337000070;50,585451816999999
29017;5220307601500386645;5;3;15;0;2022;3;0;2;3;0;7;2;0;1;0;0;0;0;0;358014,282092054025270;5645039,623801889829338;6,979077015000030;50,939480436000103
29020;5220223514120095907;5;1;66;16;2022;2;15;4;3;1;5;0;0;1;1;0;0;0;0;310605,885597174987197;5690496,861063679680228;6,281110828000070;51,334170499999999
29027;5220310513320495610;5;1;62;4;2022;3;5;5;3;5;3;2;0;1;1;0;0;0;0;344323,630107474979013;5664714,937313670292497;6,775915151000050;51,112743651000102
29048;5220310317210492214;5;9;78;20;2022;3;13;5;3;5;2;0;0;1;1;0;0;0;0;407213,768999980995432;5715876,639999640174210;7,660709421000040;51,586299236999999
29049;5220311702100076645;5;5;15;0;2022;3;17;6;3;0;6;0;0;1;0;0;0;0;1;404265,004554122977424;5754484,501025680452585;7,607523687000030;51,932840087000002
29052;5220304516100195720;5;1;58;32;2022;3;20;6;3;0;1;1;0;1;0;0;0;0;0;363588,468575968989171;5689467,976969620212913;7,041538412000020;51,340106828000003
29065;5220304300000063867;5;9;11;0;2022;3;11;6;3;5;2;0;0;1;1;0;0;0;0;375747,616999909980223;5700310,801999559625983;7,212216984000070;51,440344825000103
29070;5220307516700968103;5;1;58;8;2022;3;17;2;3;5;3;0;0;1;1;0;0;0;0;361042,124032750027254;5673034,901918680407107;7,011390024000040;51,191811800000004
29071;5220215503200881425;5;1;24;0;2022;2;15;3;3;0;3;0;0;1;1;0;0;0;0;376370,634098204027396;5683138,161154390312731;7,227147288000030;51,286140052000100
29075;5220221513130682342;5;1;62;22;2022;2;12;2;3;5;3;0;1;1;1;0;0;0;0;339576,241999686986674;5678811,898999010212719;6,701857279000020;51,238095809000100
29076;5220309601200080727;5;3;15;0;2022;3;10;4;3;5;3;0;0;1;1;0;0;0;0;357360,078999820980243;5637331,596999379806221;6,972783634000050;50,870046899000002
29077;5220223702100876642;5;5;15;0;2022;2;14;4;2;3;2;0;0;1;0;0;0;1;0;405972,618999978993088;5752311,447999659925699;7,632946998000020;51,913598688000000
29080;5220301406220644987;5;7;58;24;2022;3;11;3;3;0;1;0;0;1;0;0;0;0;0;481885,210677386028692;5786431,404568560421467;8,734780635000050;52,228006731999997
29082;5220312516300389712;5;1;58;28;2022;3;15;7;3;8;1;0;0;1;0;0;0;0;0;354686,691612455993891;5691806,588233560323715;6,912868835000040;51,358915905000103
29089;5220307316300082140;5;9;74;28;2022;3;12;2;3;5;3;0;0;1;1;0;0;0;0;447416,081999999994878;5722859,814999650232494;8,239871558000059;51,654269726999999
29092;5220303601500686366;5;3;15;0;2022;3;14;5;3;0;1;0;0;1;0;0;0;0;0;363481,588522573991213;5648656,043998910114169;7,055489425000080;50,973302975000102
29097;5220304501111082196;5;1;12;0;2022;3;13;6;3;5;2;0;0;1;1;0;0;0;0;345591,162824355007615;5709112,796134649775922;6,774786462000070;51,512014115000099
29098;5220302505200795968;5;1;14;0;2022;3;14;4;3;0;1;0;0;1;0;0;0;0;0;333925,409999631985556;5691273,317998800426722;6,615184100000020;51,348435843000097
29099;5220301307000146576;5;9;62;16;2022;3;15;3;3;5;2;0;0;1;1;0;0;0;0;413393,641999984974973;5692168,181999630294740;7,755701186000070;51,374152854999998
29103;5220311607000934468;5;3;82;20;2022;3;14;6;3;0;1;0;0;1;0;0;0;0;0;379523,030999923998024;5625934,117999560199678;7,291346539000070;50,772642371000103
29107;5220227518120182155;5;1;70;44;2022;2;13;1;3;5;3;0;0;1;1;0;0;0;0;338393,626999681990128;5718704,144998949952424;6,666744831000070;51,596172037000002
29110;5220224601000393572;5;3;15;0;2022;2;17;5;3;0;3;0;1;1;1;0;0;0;0;365148,117631911998615;5637059,590104820206761;7,083500424000020;50,869471607999998
29115;5220306608200077510;5;3;34;2;2022;3;11;1;3;5;2;0;0;1;0;0;1;0;0;297707,837999058014248;5621882,783995930105448;6,134470496000060;50,713501825000002
29117;5220304400200386996;5;7;11;0;2022;3;16;6;3;5;3;0;0;1;1;0;0;0;0;469218,829305519990157;5764772,209809619933367;8,551296953000080;52,032717790000000
29125;5220223600310473798;5;3;14;0;2022;2;7;4;3;6;4;0;1;1;0;1;0;0;0;362971,131691170972772;5620488,465117019601166;7,058761769000060;50,720024414000100
29133;5220311400100276295;5;7;11;0;2022;3;17;6;3;4;2;0;0;1;1;0;0;0;0;469952,933000001008622;5767290,439999680034816;8,561776405000050;52,055398524000097
29140;5220228502401578843;5;1;17;0;2022;2;15;2;3;3;3;0;0;1;1;0;0;0;0;352988,887999796017539;5699784,314999319612980;6,885196908000070;51,430165113999998
29153;5220302610212385700;5;3;70;40;2022;3;15;4;3;3;6;0;0;1;0;0;0;0;1;310165,310999309993349;5667455,656997259706259;6,286999647000070;51,127067291000103
29179;5220309608100385771;5;3;34;2;2022;3;23;4;3;0;1;2;0;1;0;0;0;0;0;293607,912799574027304;5628330,502393789589405;6,072862714000050;50,769968830000003
29203;5220228701700373567;5;5;62;16;2022;2;16;2;2;5;3;0;0;1;1;0;0;0;0;377255,977999917988200;5737176,895999579690397;7,221002620000040;51,771998763000099
29208;5220308500200190047;5;1;11;0;2022;3;11;3;3;0;1;0;0;1;0;0;0;0;0;346269,215619553986471;5679762,357724630273879;6,797251422000040;51,248478770000098
29211;5220227609108178390;5;3;58;8;2022;2;13;1;3;0;1;0;0;1;0;0;0;0;0;323155,124394081998616;5627753,620649529621005;6,491726368000060;50,774546463000000
29228;5220215500100374067;5;1;11;0;2022;2;19;3;3;3;6;2;0;1;1;0;0;0;0;345603,844365163997281;5675872,792346529662609;6,789401183000050;51,213349587000003
29234;5220224502249715843;5;1;13;0;2022;2;10;5;2;3;6;1;0;1;1;0;0;0;0;355920,921319047978614;5691341,495095459744334;6,930771954000020;51,355050900999998
29239;5220312400100333604;5;7;11;0;2022;3;10;7;3;5;3;0;0;1;1;0;0;0;0;469204,831999999994878;5766790,444999669678509;8,550911104000020;52,050862195000001
29246;5220222701610495149;5;5;62;12;2022;2;14;3;3;5;3;0;0;1;0;0;0;0;1;359567,110999837983400;5725210,768999420106411;6,969613959000070;51,660316569000003
29248;5220307518400990531;5;1;70;8;2022;3;17;2;3;0;7;0;0;1;0;0;0;0;0;344894,021859813015908;5716985,991899300366640;6,761277317000070;51,582562232000001
29251;5220223317140180649;5;9;78;28;2022;2;13;4;3;5;3;0;0;1;1;0;0;0;0;401306,581999971996993;5700372,505999630317092;7,579813182000070;51,445929978999999
29252;5220303518310391405;5;1;70;32;2022;3;9;5;3;5;3;0;0;1;1;0;0;0;0;332815,755999626009725;5712572,556998729705811;6,589204492000020;51,539460347999999
29274;5220303513210569332;5;1;62;24;2022;3;12;5;3;6;4;0;0;1;0;1;0;0;0;338674,506031460012309;5673600,894662070088089;6,691294675000050;51,191021446999997
29276;5220216702100991803;5;5;15;0;2022;2;5;4;3;5;2;2;1;1;1;0;0;0;0;403403,738999960012734;5758087,945999659597874;7,593987847000050;51,965080220000097
29281;5220228516300489276;5;1;58;28;2022;2;16;2;3;5;2;0;0;1;1;0;0;0;0;350654,628999779990409;5685387,088999279774725;6,857690239000020;51,300186629999999
29295;5220215702100442442;5;5;15;0;2022;2;17;3;3;5;3;0;0;1;1;0;0;0;0;402607,068999974988401;5753832,596999649889767;7,583601234000070;51,926692909000103
29300;5220307410120764614;5;7;70;32;2022;3;12;2;3;4;6;0;0;1;1;0;0;1;0;496010,969999999972060;5790201,283999679610133;8,941551610000030;52,262183635000000
29303;5220303515210085907;5;1;54;12;2022;3;14;5;2;5;3;0;0;1;1;0;0;0;0;317654,551019878010266;5716921,833410809747875;6,368562659000080;51,573832942000102
29313;5220311701300676772;5;5;62;14;2022;3;11;6;3;5;2;0;0;1;1;0;0;0;0;361493,951999848010018;5713404,220999450422823;7,002117975000030;51,554700162000103
29318;5220227608100389833;5;3;34;2;2022;2;13;1;3;5;3;0;0;1;1;0;0;0;0;291860,369998941023368;5628821,772994940169156;6,047835364000040;50,773756617000103
29321;5220218503200395646;5;1;24;0;2022;2;12;6;3;0;1;0;1;1;0;0;0;0;0;374668,344766811002046;5676758,486559529788792;7,204984165000040;51,228429529000003
29322;5220224405152506573;5;7;54;52;2022;2;17;5;3;5;3;0;0;1;0;0;0;0;1;459531,826999999000691;5769346,500999669544399;8,409552926000060;52,073220184000000
29327;5220216602700094902;5;3;62;28;2022;2;17;4;3;0;5;1;1;1;1;0;0;0;0;351653,498999783012550;5638696,730999300256371;6,891184742000060;50,880878515000099
29336;5220215500100771836;5;1;11;0;2022;2;16;3;3;2;6;0;0;1;1;0;0;0;0;345201,596960362978280;5677085,984983339905739;6,783122780000040;51,224141745000097
29337;5220304601200074394;5;3;15;0;2022;3;11;6;3;5;2;0;0;1;1;0;0;0;0;353162,064999795984477;5643641,639999330043793;6,910625545000070;50,925702111000099
29342;5220309701110195166;5;5;62;32;2022;3;14;4;3;5;3;0;0;1;1;0;0;0;0;377297,800560365023557;5720463,766138640232384;7,227487975000030;51,621805301000101
29356;5220307514119085981;5;1;66;16;2022;3;16;2;2;5;3;0;0;1;1;0;0;0;0;308284,519346648012288;5686961,144134620204568;6,249727988000070;51,301636139000003
29357;5220214608200833490;5;3;34;2;2022;2;12;2;2;4;2;0;0;1;1;0;0;0;0;297034,769264466012828;5627483,978519139811397;6,121864699000070;50,763574705000103