OBJECTID;UIDENTSTLAE;ULAND;UREGBEZ;UKREIS;UGEMEINDE;UJAHR;UMONAT;USTUNDE;UWOCHENTAG;UKATEGORIE;UART;UTYP1;ULICHTVERH;IstStrassenzustand;IstRad;IstPKW;IstFuss;IstKrad;IstGkfz;IstSonstige;LINREFX;LINREFY;XGCSWGS84;YGCSWGS84
30696;5220318405112580328;5;7;54;16;2022;3;16;6;3;6;1;0;0;1;0;1;0;0;0;446513,318999997980427;5757821,287999670021236;8,221425381000071;51,968502988000097
30702;5220321706100885357;5;5;58;16;2022;3;15;2;2;0;5;0;0;1;1;0;0;0;0;387726,425042519986164;5747329,334234139882028;7,369396144000060;51,865442857000097
30713;5220321600120595281;5;3;82;24;2022;3;17;2;3;1;5;0;0;1;1;0;0;0;0;371690,192731976974756;5617518,400716300122440;7,183245356000040;50,695318880000102
30714;5220321315220889985;5;9;70;4;2022;3;16;2;2;5;3;0;0;1;1;0;0;0;0;450197,711000000010245;5657808,851999619975686;8,289190013000050;51,069634303000001
30716;5220323515210248405;5;1;54;12;2022;3;14;4;2;0;7;0;0;1;0;1;0;0;0;311750,399661330971867;5713283,230622209608555;6,285408488000030;51,539212453000097
30720;5220316709700572667;5;5;66;92;2022;3;6;4;3;5;3;2;0;1;1;0;0;0;0;425430,279945503978524;5796695,233033729717135;7,906053938000070;52,315516769000098
30721;5220322502145071217;5;1;13;0;2022;3;9;3;3;5;2;0;0;1;1;0;0;0;0;368680,744129606988281;5702141,150934279896319;7,109915155000070;51,455199811999996
30732;5220322303100290435;5;9;15;0;2022;3;6;3;3;5;3;0;0;1;1;0;0;0;0;418505,839999991003424;5725721,638999650254846;7,821369534000040;51,676548452000098
30735;5220325601200776480;5;3;15;0;2022;3;6;6;3;5;3;0;0;1;1;0;0;0;0;358271,232618030975573;5640042,086934329941869;6,984673484000040;50,894630511000102
30738;5220318515110060554;5;1;54;36;2022;3;17;6;3;3;2;0;0;1;1;0;0;0;0;302093,183328431972768;5740980,164379009976983;6,130651979000050;51,784635451000000
30739;5220324601300493482;5;3;15;0;2022;3;17;5;3;1;6;0;0;1;0;0;0;0;0;354141,982999800995458;5644821,856999339535832;6,924086827000050;50,936556950000103
30741;5220313314210080532;5;9;66;4;2022;3;14;1;2;0;1;0;0;1;0;0;0;0;0;420547,187513506971300;5661907,630930409766734;7,865169623000040;51,103145986000101
30743;5220315315210076479;5;9;70;24;2022;3;14;3;2;0;1;0;1;1;0;0;0;0;0;430174,359024489007425;5645983,214027140289545;8,005720103000041;50,961221713999997
30746;5220317410240103545;5;7;70;40;2022;3;15;5;3;0;6;0;0;1;0;0;0;0;0;473508,597724593011662;5809234,265100729651749;8,610343701000030;52,432670772000101
30749;5220324411232137671;5;7;74;32;2022;3;13;5;2;3;2;0;0;1;1;0;0;0;0;477876,466000001004431;5732061,718999659642577;8,679596339000060;51,739031025000003
30750;5220323702100064121;5;5;15;0;2022;3;21;4;3;1;5;2;0;1;1;0;0;0;0;404687,914913473010529;5758301,695315940305591;7,612614445000080;51,967223138000101
30758;5220325405108457427;5;7;54;8;2022;3;8;6;3;5;2;0;0;1;1;0;0;0;0;459470,835000000020955;5749254,173999669961631;8,411037097000079;51,892575508000000
30759;5220316503400491274;5;1;22;0;2022;3;8;4;3;0;2;0;0;1;1;0;0;0;0;367730,804964769980870;5669504,769534950144589;7,108352751000040;51,161672678000102
30760;5220321602700164433;5;3;62;28;2022;3;17;2;3;0;1;0;0;1;0;0;0;0;0;352088,648948274028953;5636762,296253420412540;6,898148486000030;50,863606001000100
30762;5220313706100105114;5;5;58;32;2022;3;9;1;3;3;6;0;0;1;1;0;0;0;0;391549,729999957024120;5750866,612999630160630;7,423789071000040;51,897991305000097
30766;5220319701110075229;5;5;62;32;2022;3;18;7;3;0;7;0;0;1;0;0;0;0;0;373753,700978786975611;5719182,338182579725981;7,176780344000060;51,609505265999999
30770;5220318609108975502;5;3;58;8;2022;3;16;6;2;5;3;0;0;1;1;0;0;0;0;322916,444999488012400;5630587,130998330190778;6,486979308000060;50,799930404000101
30771;5220324702100176642;5;5;15;0;2022;3;9;5;3;3;2;0;0;1;1;0;0;0;0;412339,490168072981760;5752437,117754429578781;7,725456560000050;51,915766876000099
30779;5220325506100171714;5;1;16;0;2022;3;14;6;3;3;2;0;0;1;1;0;0;0;0;324524,238999518973287;5669831,183998369611800;6,490831958000060;51,152986882000100
30780;5220316709700591773;5;5;66;56;2022;3;11;4;3;3;6;0;0;1;0;0;0;0;0;416653,215968130971305;5797443,437999100424349;7,777138187000050;52,320979567000101
30782;5220318506100560545;5;1;16;0;2022;3;21;6;3;0;1;2;0;1;0;0;0;0;0;321263,685999476001598;5674179,751998160034418;6,442096145000050;51,191042297000102
30785;5220313301101894501;5;9;13;0;2022;3;16;1;3;3;3;0;0;1;1;0;0;0;0;392527,737999956996646;5707055,415999620221555;7,451501149000020;51,504401261000098
30789;5220319405108055548;5;7;54;8;2022;3;10;7;3;5;3;0;0;1;1;0;0;0;0;458712,857921715010889;5752511,051442369818687;8,399632660000069;51,921801177000098
30792;5220322407120790218;5;7;62;8;2022;3;12;3;3;5;3;0;0;1;1;0;0;0;0;525832,057000000029802;5723577,402999649755657;9,373482561000060;51,662587930000001
30793;5220314600360186538;5;3;82;12;2022;3;11;2;3;0;1;0;0;1;0;0;0;0;0;353365,230238678981550;5628929,818520810455084;6,919408668000070;50,793542088999999
30794;5220315702100088886;5;5;15;0;2022;3;18;3;3;5;2;0;0;1;1;0;0;0;0;405373,525999978010077;5761218,921999660320580;7,621786638000060;51,993561436000000
30803;5220314405116387099;5;7;54;16;2022;3;7;2;3;5;3;0;1;1;1;0;0;1;0;441103,843999999982771;5758865,892999669536948;8,142512629000070;51,977347098999999
30808;5220325601100290442;5;3;15;0;2022;3;20;6;3;5;2;2;0;1;1;0;0;0;0;355489,344999809982255;5645761,263999359682202;6,942877133000020;50,945338413000101
30810;5220315701800051401;5;5;62;4;2022;3;20;3;3;5;2;2;0;1;1;0;0;0;0;382994,538999933982268;5717156,536999600008130;7,310845278000040;51,593294331000003
30811;5220320513210481544;5;1;62;24;2022;3;13;1;3;0;1;0;1;1;0;0;0;0;0;337588,640770368976519;5675545,219309070147574;6,674888986000040;51,208183245999997
30814;5220322701400275295;5;5;12;0;2022;3;9;3;3;5;2;0;0;1;1;0;0;0;0;356354,780344487982802;5710219,974434399977326;6,929338582000070;51,524802104000102
30816;5220325316200463327;5;9;74;48;2022;3;15;6;3;5;3;0;0;1;1;0;0;0;0;425499,272679945977870;5719459,596063300035894;7,923827662000060;51,621224472000101
30819;5220314500200001154;5;1;11;0;2022;3;5;2;3;5;2;2;1;1;1;0;0;0;0;346617,428214162995573;5679965,877185470424592;6,802149669000070;51,250401243000098
30824;5220325601300586451;5;3;15;0;2022;3;17;6;3;0;7;0;0;1;0;0;0;0;0;348481,690856229979545;5648508,767090889625251;6,842052645000020;50,968228891000102
30826;5220322601600193481;5;3;15;0;2022;3;17;3;3;8;1;0;0;1;0;0;0;0;0;365149,346680995018687;5637713,225570579990745;7,083276865000070;50,875346549000000
30828;5220324702100991783;5;5;15;0;2022;3;15;5;3;0;3;0;0;1;1;0;0;0;0;403937,609202880994417;5754810,209494819864631;7,602672261000070;51,935711266000098
30829;5220321506100889846;5;1;16;0;2022;3;7;2;3;0;1;0;0;1;0;0;0;0;0;315807,033256868016906;5675234,902237679809332;6,363551791000020;51,198787985000102
30830;5220313601300787294;5;3;15;0;2022;3;0;1;2;0;1;2;0;1;0;0;0;0;0;354337,525999801990110;5645498,539999339729548;6,926597382000070;50,942687522000000
30832;5220315314310390036;5;9;66;20;2022;3;16;3;3;3;7;0;1;1;1;0;0;0;0;433255,371600968996063;5667168,964050919748843;8,045677607000069;51,152071560000103
30838;5220324405108672189;5;7;54;8;2022;3;16;5;3;0;1;0;0;1;0;0;0;0;0;457167,163999999989755;5750134,527999670244753;8,377453241000071;51,900318118000001
30839;5220312702100074714;5;5;15;0;2022;3;9;7;3;5;2;0;0;1;1;0;0;0;0;404651,017467550002038;5760119,002382819540799;7,611572620000060;51,983551411000100
30840;5220318501318396022;5;1;12;0;2022;3;20;6;3;5;3;2;0;1;1;0;0;0;0;343971,959273044019938;5700294,496241539716721;6,755364584000060;51,432338186000003
30842;5220314705000764548;5;5;54;68;2022;3;7;2;3;5;2;0;1;1;1;0;0;0;0;353120,518999802006874;5768419,209999320097268;6,858116306000060;52,046894598999998
30846;5220322406210191348;5;7;58;4;2022;3;14;3;3;5;3;0;0;1;1;0;0;0;0;470104,083784717018716;5783769,008453380316496;8,562532273000039;52,203557242999999
30847;5220314502134778809;5;1;13;0;2022;3;10;2;2;5;2;0;1;1;1;0;0;0;0;365803,181636900990270;5700887,309120720252395;7,068998817000020;51,443257156000101
30852;5220323301302181029;5;9;13;0;2022;3;18;4;2;0;1;0;0;1;0;0;0;0;0;395726,342627972015180;5708084,092457150109112;7,497266258000020;51,514246886000102
30859;5220323515210095944;5;1;54;48;2022;3;18;4;3;5;2;0;0;1;1;0;0;0;0;324347,761290648020804;5705782,839332560077310;6,470602779000050;51,475897461999999
30874;5220322502339981233;5;1;13;0;2022;3;10;3;3;0;7;0;0;1;0;0;0;0;0;364526,241999864985701;5706898,282999480143189;7,048331664000050;51,496971139999999
30876;5220322600140629351;5;3;14;0;2022;3;8;3;3;8;1;0;0;1;0;0;0;0;0;370023,970962886000052;5623906,987030839547515;7,157414613000070;50,752371306999997
30884;5220325500100076026;5;1;11;0;2022;3;16;6;3;1;5;0;0;1;1;0;0;0;0;345990,459832587977871;5677250,187216670252383;6,794340579000050;51,225830556000098
30885;5220317303100079813;5;9;15;0;2022;3;8;5;3;0;2;0;1;1;1;0;0;0;1;416467,358218163019046;5724719,028635210357606;7,792134218000060;51,667236047000102
30886;5220322516800891361;5;1;58;20;2022;3;6;3;3;0;2;0;0;1;0;0;0;0;0;358480,974999829020817;5660816,268999399617314;6,979561972000060;51,081378372000103
30887;5220324506100569411;5;1;16;0;2022;3;14;5;3;1;5;0;0;1;1;0;0;0;0;323008,763470457983203;5677799,106645270250738;6,465258403000060;51,224099389999999
30893;5220319400300774730;5;7;11;0;2022;3;15;7;3;4;6;0;0;1;0;0;0;0;0;469305,837238150998019;5757646,880470939911902;8,553203501000040;51,968661032000099
30897;5220314608100380785;5;3;34;2;2022;3;6;2;3;3;2;0;0;1;1;0;0;0;0;292394,411998950992711;5628258,527995039708912;6,055717139000020;50,768889492000000
30900;5220319706000507182;5;5;58;32;2022;3;16;7;3;8;1;0;0;1;0;0;0;0;0;389678,966197233006824;5755681,793200770393014;7,395068081000030;51,940900786999997
30901;5220325610111026066;5;3;70;16;2022;3;7;6;3;0;6;0;0;1;1;0;0;0;0;296116,557811654987745;5660373,776028130203485;6,090488826000070;51,058639638000002
30903;5220322606100981786;5;3;78;4;2022;3;17;3;3;0;2;0;0;1;1;0;0;0;0;373266,729978545976337;5649983,252968239597976;7,194325191000080;50,987468486000097
30905;5220324701700186129;5;5;62;16;2022;3;7;5;3;6;4;0;0;1;0;1;0;0;0;375059,744695533998311;5733946,591559809632599;7,190349525000040;51,742482658000000
30906;5220316316300557673;5;9;74;28;2022;3;15;4;3;5;3;0;0;1;1;0;0;0;0;457333,806000002019573;5726008,966999650001526;8,382842888000029;51,683423926000003
30924;5220322500200664153;5;1;11;0;2022;3;17;3;3;5;3;0;0;1;1;0;0;0;0;346231,103119964012876;5689175,678768560290337;6,792652138000050;51,333050798999999
30931;5220323300400717035;5;9;11;0;2022;3;10;4;3;5;3;0;0;1;1;0;0;0;0;373382,059999903023709;5702069,876999549567699;7,177569470000040;51,455630247000002
30932;5220319300700439211;5;9;16;0;2022;3;13;7;2;0;1;0;0;1;0;0;0;0;0;371195,672990971012041;5712206,590395109727979;7,142416948000060;51,546235740000000
30935;5220321607400587654;5;3;82;68;2022;3;15;2;3;1;5;0;0;1;0;0;0;0;1;367719,350996633002069;5632226,294382180087268;7,121767111000050;50,826624589000097
30936;5220314303100794426;5;9;15;0;2022;3;5;2;3;0;6;2;1;1;1;0;0;0;0;427108,885491440014448;5726571,320285339839756;7,945591856000020;51,685369446000003
30945;5220318505100078910;5;1;14;0;2022;3;12;6;3;0;7;0;0;1;0;0;0;0;0;335343,935999648005236;5689843,118998860009015;6,636196725000050;51,335999227999999
30949;5220325302130093805;5;9;14;0;2022;3;13;6;3;5;2;0;0;1;1;0;0;0;0;397224,751999966974836;5694100,639999619685113;7,522915247000070;51,388826972000103
30954;5220315705000596748;5;5;54;20;2022;3;7;3;3;5;3;0;0;1;1;0;0;0;0;367032,436410997004714;5786220,949962619692087;7,053896522000060;52,210365514999999
30956;5220325706000365766;5;5;58;32;2022;3;11;6;3;5;2;0;0;1;1;0;0;0;0;390509,924705936980899;5753604,397471889853477;7,407812731000040;51,922394150999999
30957;5220318300100567612;5;9;11;0;2022;3;5;6;3;5;3;2;0;1;1;0;0;0;0;375901,460271286021452;5706638,638832350261509;7,212207444000060;51,497249351999997
30958;5220322600310573792;5;3;14;0;2022;3;8;3;3;0;1;0;0;1;0;0;0;0;0;363643,653613560018130;5618911,988593019545078;7,068865831000040;50,706013505000001
30959;5220318608100289922;5;3;34;2;2022;3;6;6;3;5;3;1;0;1;1;0;0;0;0;293557,994998976006173;5628324,394995239563286;6,072159173000050;50,769896219000003
30960;5220324608404069699;5;3;34;4;2022;3;19;5;3;5;3;2;0;1;1;0;0;0;0;300139,736028868006542;5638971,590989730320871;6,159579831000030;50,867831219999999
30967;5220325601100966085;5;3;15;0;2022;3;13;6;3;6;7;0;0;1;1;1;0;0;0;354806,020667575008702;5644682,007133989594877;6,933586829000030;50,935467723999999
30979;5220317400200087113;5;7;11;0;2022;3;8;5;3;5;3;0;1;1;0;1;0;0;0;468627,125999999989290;5763154,936999670229852;8,542820160000080;52,018144323000101
30980;5220322500200471970;5;1;11;0;2022;3;19;3;3;5;3;2;0;1;1;0;0;0;0;344653,300999731989577;5688124,581999150104821;6,770479409000070;51,323177661000003
30982;5220315608100880711;5;3;34;2;2022;3;18;3;3;5;3;0;0;1;1;0;0;0;0;291797,878998939006124;5628441,286994930356741;6,047165606000020;50,770317087000102
30986;5220323300300547277;5;9;11;0;2022;3;15;4;3;5;3;0;0;1;1;0;0;0;0;379081,574999923992436;5707636,527999579906464;7,257655766000030;51,506907142999999
30993;5220323607200890216;5;3;82;20;2022;3;18;4;3;0;6;1;0;1;1;0;0;0;0;377386,834357514977455;5623023,008486949838698;7,262034645000030;50,746027546999997
30995;5220319601400393390;5;3;15;0;2022;3;14;7;3;0;3;0;0;1;1;0;0;0;0;349407,391999766987283;5658086,414999259635806;6,851251595000060;51,054537955999997
30997;5220317516800595654;5;1;58;20;2022;3;7;5;3;5;3;0;1;1;1;0;0;0;0;358236,753999827022199;5665064,079999400302768;6,974409465000060;51,119491987000103
30999;5220318513210881533;5;1;62;24;2022;3;16;6;3;3;6;0;0;1;0;0;0;0;0;341511,308114135987125;5669613,557474629953504;6,733615229000070;51,155988207000100
31007;5220316705000685682;5;5;54;8;2022;3;7;4;3;5;3;0;0;1;1;0;0;0;0;335201,974999653990380;5742186,566998809576035;6,609610098000080;51,806204670000099
31008;5220322518120675297;5;1;70;44;2022;3;10;3;3;5;3;0;0;1;1;0;0;0;0;338393,626999681990128;5718704,144998949952424;6,666744831000070;51,596172037000002
31011;5220324400200000043;5;7;11;0;2022;3;16;5;3;1;6;0;0;1;1;0;0;0;0;468647,723999999987427;5763517,791999669745564;8,543087076000059;52,021407787000001
31018;5220406610111841750;5;3;70;16;2022;4;16;4;3;5;3;0;0;1;0;0;0;0;1;300240,939999132009689;5658599,134996100328863;6,150246033000030;51,044150548000097
31023;5220412501314582238;5;1;12;0;2022;4;14;3;3;3;5;0;0;1;0;1;0;0;0;347483,587454013002571;5700281,590888420119882;6,805848513000060;51,433178320000103
31024;5220328515110090182;5;1;54;36;2022;3;17;2;3;5;3;0;0;1;1;0;0;0;0;302180,797999226022512;5740197,424995950423181;6,132366556000020;51,777637410000096
31025;5220402411232582113;5;7;74;32;2022;4;12;7;3;5;3;0;1;1;1;0;0;0;0;477997,936587949981913;5731920,619198770262301;8,681364428000050;51,737767148000003
31026;5220326406110076279;5;7;58;12;2022;3;11;7;3;5;2;0;0;1;1;0;0;0;0;476424,182000001019333;5774390,939999680034816;8,655663695000040;52,119549857999999
31027;5220411600380075882;5;3;14;0;2022;4;15;2;3;5;2;0;0;1;1;0;0;0;0;369337,701923028973397;5616897,855746519751847;7,150173941000050;50,689217508000098
31030;5220401518110885889;5;1;70;12;2022;4;15;6;3;5;3;0;1;1;1;0;0;0;0;340002,188999697973486;5733292,889998990111053;6,683270554000050;51,727698551000103
31039;5220327411236037810;5;7;74;36;2022;3;16;1;3;4;3;0;0;1;0;0;1;0;0;476599,815000000991859;5721474,465999649837613;8,661817746000050;51,643786256000098
31045;5220405601600490189;5;3;15;0;2022;4;14;3;3;0;1;0;1;1;0;0;0;0;0;361984,260097382008098;5640254,034314310178161;7,037357610000070;50,897434626000098
31049;5220413316200781011;5;9;74;52;2022;4;6;4;3;0;3;1;0;1;1;0;0;0;0;424811,215289878018666;5710470,378966569900513;7,915815461000020;51,540319998000001
31052;5220403301201775386;5;9;13;0;2022;4;19;1;3;0;3;0;0;1;1;0;0;0;0;387576,366999946010765;5707574,984999610111117;7,380024382000040;51,508107923000097
31059;5220329500200150578;5;1;11;0;2022;3;17;3;3;3;2;0;0;1;0;0;0;0;0;347053,717848726024386;5677807,472371569834650;6,809318287000050;51,231123968000098
31070;5220411601400669774;5;3;15;0;2022;4;17;2;3;5;2;0;0;1;1;0;0;0;0;349409,912599214992952;5658076,024792419746518;6,851291856000050;51,054445250000100
31084;5220331513320079544;5;1;62;4;2022;3;15;5;3;5;3;0;1;1;1;0;0;0;0;346723,380327882012352;5658782,157085600309074;6,812689392000040;51,060079716000097
31093;5220407501113076126;5;1;12;0;2022;4;15;5;3;3;5;0;1;1;1;0;0;0;0;345329,801204557996243;5707375,007640739902854;6,771785015000030;51,496328752000103
31099;5220404709700691793;5;5;66;76;2022;4;16;2;3;5;3;0;1;1;1;0;0;0;0;393649,391673999023624;5792971,102869540452957;7,441159919000030;52,276810996000101
31102;5220328301102078067;5;9;13;0;2022;3;17;2;3;0;7;0;0;1;0;1;0;0;0;396580,352649953973014;5703322,678850989788771;7,510964581000050;51,471604972000101
31103;5220410500200069177;5;1;11;0;2022;4;17;1;2;0;5;0;0;1;0;0;0;0;0;343401,347797632974107;5679489,599744630046189;6,756311667000030;51,245247786999997
31113;5220403610212485762;5;3;70;40;2022;4;13;1;3;0;1;0;0;1;0;0;0;0;0;307405,388348999025766;5668562,302869980223477;6,247013569000050;51,136085891999997
31135;5220329601700156087;5;3;16;0;2022;3;10;3;3;0;1;0;0;1;0;0;0;0;0;356761,594509924005251;5659057,442868419922888;6,955728168000060;51,065145721000100
31137;5220408501318291403;5;1;12;0;2022;4;5;6;3;0;7;2;1;1;0;0;0;0;0;343674,765133688983042;5697733,655557139776647;6,752222154000040;51,409247323000002
31144;5220326316400884993;5;9;74;36;2022;3;16;7;3;1;1;0;0;1;1;0;0;0;0;461659,125999999989290;5703469,436999640427530;8,447865929000050;51,481078942000103
31148;5220401601300286759;5;3;15;0;2022;4;17;6;3;5;2;0;1;1;1;0;0;0;0;353611,138999796996359;5646413,500999339856207;6,915897284000040;50,950725966000000
31149;5220329702100299922;5;5;15;0;2022;3;15;3;3;1;3;0;0;1;0;0;0;0;0;403847,662566912011243;5754781,180479059927166;7,601372428000050;51,935434808000103
31151;5220406705000687336;5;5;54;60;2022;4;15;4;2;5;3;0;1;1;1;0;0;0;0;349753,251766389992554;5755622,052930439822376;6,814657446000070;51,931017232999999
31152;5220413607300536239;5;3;82;16;2022;4;14;4;3;3;6;0;0;1;1;0;0;0;0;390188,756999953009654;5625901,341999580152333;7,442559452000070;50,774465189000097
31156;5220327500200063677;5;1;11;0;2022;3;23;1;2;0;7;2;0;1;1;0;1;0;0;346857,047820381994825;5676489,340018450282514;6,807066740000040;51,219227072000102
31157;5220412601500676564;5;3;15;0;2022;4;17;3;3;4;6;0;0;1;0;0;0;0;0;359669,792999834986404;5647556,946999420411885;7,001654703000040;50,962509156000102
31163;5220409502213986113;5;1;13;0;2022;4;15;7;3;0;1;0;1;1;0;0;0;0;0;364553,491999863996170;5699839,876999479718506;7,051428469000030;51,433546814000103
31170;5220326607400487654;5;3;82;68;2022;3;15;7;3;1;5;0;0;1;1;0;0;0;0;367791,576593565987423;5629323,189282650128007;7,123838028000020;50,800548094000099
31175;5220331500200176643;5;1;11;0;2022;3;5;5;3;3;2;2;1;1;1;0;0;0;0;346257,338666518975515;5680884,161142620258033;6,796599414000070;51,258555482000098
31180;5220327702100499922;5;5;15;0;2022;3;5;1;2;8;1;0;0;1;0;0;0;0;0;398671,044183817983139;5751022,783864559605718;7,527205767000050;51,900735447000002
31182;5220413405108578110;5;7;54;8;2022;4;18;4;3;5;2;0;0;1;1;0;0;0;0;458968,433000001008622;5749819,790999660268426;8,403669387000040;51,897624000000100
31186;5220326514119182307;5;1;66;16;2022;3;17;7;3;0;1;0;0;1;0;0;0;0;0;307099,014126951980870;5686574,160512230359018;6,232951573000040;51,297759997000099
31196;5220402600310322849;5;3;14;0;2022;4;17;7;3;0;7;0;0;1;1;0;0;0;0;363777,920670275983866;5615925,550933689810336;7,071867290000060;50,679203246000000
31197;5220326303100894318;5;9;15;0;2022;3;18;7;3;5;3;0;0;1;1;0;0;0;0;422570,586532816989347;5727165,417719130404294;7,879824286000030;51,690102709000001
31203;5220406601500790402;5;3;15;0;2022;4;14;4;3;5;3;0;0;1;1;0;0;0;0;359748,559999837016221;5647316,494999419897795;7,002868321000050;50,960367371000103
31205;5220330503400091321;5;1;22;0;2022;3;13;4;3;5;2;0;0;1;1;0;0;0;0;362155,720230075996369;5671364,049290509894490;7,027957506000060;51,177065737000099
31206;5220404500200978869;5;1;11;0;2022;4;16;2;3;0;1;0;1;1;0;0;0;0;0;344805,018091316975188;5682448,781246189959347;6,775122859000020;51,272220602000097
31207;5220407400200357434;5;7;11;0;2022;4;18;5;3;5;3;1;1;1;1;0;0;0;0;471383,593000001972541;5765405,987999670207500;8,582799155000030;52,038531816000003
31217;5220326405108476255;5;7;54;8;2022;3;12;7;3;3;2;0;0;1;1;0;0;0;0;456980,529092776007019;5749144,675625040195882;8,374864317000061;51,891404389000101
31219;5220331605112186577;5;3;74;12;2022;3;12;5;3;5;3;0;1;1;1;0;0;0;0;397579,795999967027456;5648864,845999609678984;7,540914570000040;50,982254449000003
31235;5220408709110779617;5;5;66;8;2022;4;17;6;3;0;3;0;0;1;1;0;0;0;0;399401,699999968986958;5781822,078999670222402;7,528760096000040;52,177690360000000
31236;5220328411132006542;5;7;74;32;2022;3;19;2;2;0;7;0;0;1;0;0;0;0;0;481844,570000000996515;5727483,428999650292099;8,737302242000061;51,698008874000003
31238;5220413600110586274;5;3;14;0;2022;4;10;4;2;5;3;0;0;1;1;0;0;0;0;365286,558999865024816;5621033,175999470055103;7,091345061000030;50,725461619000001
31242;5220407500200867523;5;1;11;0;2022;4;14;5;3;5;2;0;0;1;1;0;0;0;0;346842,685080938972533;5676457,989248610101640;6,806874625000030;51,218941514999997
31243;5220326702100488557;5;5;15;0;2022;3;21;7;3;4;6;2;0;1;0;0;0;0;1;405139,702743333997205;5758233,714596400037408;7,619207489000080;51,966689383000102
31244;5220412405108176255;5;7;54;8;2022;4;8;3;3;0;1;0;0;1;0;0;0;0;0;456350,461972752993461;5751499,312673140317202;8,365410900000031;51,912524900000101
31248;5220329600380075848;5;3;14;0;2022;3;15;3;3;5;3;0;0;1;1;0;0;0;0;371506,607628968020435;5614513,400807050056756;7,181691772000020;50,668268036000001
31249;5220404706100853317;5;5;58;16;2022;4;16;2;3;5;3;0;1;1;1;0;0;0;0;381481,303886154026259;5743669,956657979637384;7,279992593000030;51,831263847000102
31252;5220328300500077957;5;9;11;0;2022;3;19;2;3;5;7;0;0;1;1;0;0;0;0;376189,103999912971631;5703685,667999560013413;7,217384543000040;51,470772914000101
31255;5220328706000879112;5;5;58;8;2022;3;14;2;3;5;3;0;0;1;1;0;0;0;0;382248,030774753016885;5759604,337391160428524;7,285670256000060;51,974629746000097
31261;5220409701610989672;5;5;62;12;2022;4;13;7;3;5;3;0;1;1;1;0;0;0;0;359308,925999837985728;5725794,448999419808388;6,965648676000060;51,665496833000098
31280;5220330600110075899;5;3;14;0;2022;3;6;4;3;5;3;1;1;1;1;0;0;0;0;366279,889536426984705;5622157,597582629881799;7,105002755000040;50,735797385000097
31282;5220407607500656079;5;3;82;56;2022;4;14;5;3;1;7;0;0;1;1;0;0;0;0;371409,148730173998047;5627838,654822190292180;7,175666275000030;50,788018830000098
31293;5220328607200861165;5;3;82;20;2022;3;6;2;3;2;6;2;0;1;1;0;0;0;0;380189,304924008029047;5627405,723532509990036;7,300311885000040;50,786008473000003
31302;5220412601200467623;5;3;15;0;2022;4;13;3;3;5;2;0;0;1;1;0;0;0;0;353681,999999798019417;5642554,397999339736998;6,918454715000050;50,916063516000101
31308;5220405518400489420;5;1;70;8;2022;4;11;3;2;5;3;0;1;1;1;0;0;0;0;341891,258999712008517;5715513,188999059610069;6,718636467000070;51,568495531000103
31319;5220412316300289751;5;9;74;28;2022;4;18;3;3;0;2;0;0;1;1;0;0;0;0;454757,527803634002339;5725655,227676490321755;8,345625984000041;51,680041830999997
31325;5220404513210678680;5;1;62;24;2022;4;12;2;2;2;3;0;1;1;1;0;0;0;0;337837,068041288002860;5675313,832203219644725;6,678546959000070;51,206174865000001
31329;5220412608404789785;5;3;34;4;2022;4;12;3;3;5;2;0;0;1;1;0;0;0;0;303071,084639271022752;5637645,455203520134091;6,201900333000030;50,856925772000103
31330;5220328701300526177;5;5;62;14;2022;3;7;2;3;5;3;0;0;1;1;0;0;0;0;361883,846999849018175;5712939,304999450221658;7,007920919000070;51,550617920000001
31331;5220402301301553428;5;9;78;24;2022;4;13;7;3;0;5;0;0;1;1;0;0;0;0;391795,489758195995819;5717580,333487999625504;7,437716979000070;51,598862750000102
31332;5220403515210085907;5;1;54;12;2022;4;11;1;3;7;5;0;0;1;1;0;0;0;0;317838,001999441999942;5708314,888997830450535;6,375659672000040;51,496582793000101
31334;5220411701120081594;5;5;62;32;2022;4;9;2;3;5;3;0;0;1;1;0;0;0;0;379312,637999925005715;5716894,120999580249190;7,257807647000050;51,590159155000002
31338;5220331301304984950;5;9;13;0;2022;3;16;5;3;1;7;0;1;1;1;0;0;0;0;403201,845348711998668;5709790,186834139749408;7,604494578000070;51,530913407000099
31339;5220404405116078114;5;7;54;16;2022;4;7;2;3;5;3;0;0;1;1;0;0;0;0;447081,754000001004897;5756579,964999670162797;8,229890226000069;51,957397653999998
31340;5220407701910777639;5;5;62;8;2022;4;15;5;3;0;1;0;1;1;0;0;0;0;0;385069,361010927997995;5723432,795222080312669;7,338725738000050;51,650130957000002
31342;5220412515211082176;5;1;54;56;2022;4;14;3;2;5;2;0;0;1;1;0;0;0;0;311629,126725086010993;5726779,430402330122888;6,276415048000050;51,660387227999998
31343;5220328501213691571;5;1;12;0;2022;3;9;2;3;5;3;0;0;1;1;0;0;0;0;340151,533999693987425;5698521,445999019779265;6,701250329000060;51,415343203000099
31344;5220402508000072138;5;1;19;0;2022;4;13;7;3;6;4;0;0;1;0;1;0;0;0;349627,564608841028530;5710827,091501389630139;6,832178877000050;51,528506153000102
31351;5220409508000575287;5;1;19;0;2022;4;9;7;3;5;3;0;0;1;1;0;0;0;0;350557,421999779995531;5704697,507999279536307;6,848170367000020;51,473676417000000