OBJECTID;UIDENTSTLAE;ULAND;UREGBEZ;UKREIS;UGEMEINDE;UJAHR;UMONAT;USTUNDE;UWOCHENTAG;UKATEGORIE;UART;UTYP1;ULICHTVERH;IstStrassenzustand;IstRad;IstPKW;IstFuss;IstKrad;IstGkfz;IstSonstige;LINREFX;LINREFY;XGCSWGS84;YGCSWGS84
31352;5220328404301090692;5;7;66;44;2022;3;11;2;3;4;2;0;0;1;1;0;0;0;0;494498,184000000997912;5762622,997999680228531;8,919832237000040;52,014221447000097
31354;5220413503400996429;5;1;22;0;2022;4;15;4;3;6;5;0;0;1;0;1;0;0;0;365473,009809551993385;5669417,093772239983082;7,076115038000070;51,160358255000098
31359;5220412316200580978;5;9;74;48;2022;4;19;3;3;3;6;0;0;1;1;0;0;0;0;427264,396658167010173;5717781,352078929543495;7,949668748000020;51,606367902999999
31364;5220405601100726786;5;3;15;0;2022;4;17;3;3;3;6;0;0;1;1;0;0;0;0;354736,129272788006347;5644661,667974590323865;6,932600928000060;50,935267340999999
31368;5220414400100070319;5;7;11;0;2022;4;16;5;2;0;6;0;0;1;0;0;0;0;0;467319,953072862001136;5767558,896483439952135;8,523351215000050;52,057663058999999
31369;5220413410110390657;5;7;70;24;2022;4;10;4;2;5;3;0;0;1;0;0;0;0;0;492390,925999998988118;5791479,731999680399895;8,888480954000039;52,273639391000103
31370;5220328702100087860;5;5;15;0;2022;3;7;2;3;3;3;0;0;1;1;0;0;0;0;407028,152999980025925;5760011,474999659694731;7,646205922000040;51,982987815999998
31374;5220326502338977717;5;1;13;0;2022;3;13;7;3;5;2;0;0;1;1;0;0;0;0;364138,288999861979391;5705382,815999469719827;7,043329494000030;51,483259300999997
31380;5220329500300501652;5;1;11;0;2022;3;17;3;2;5;3;0;0;1;0;0;0;0;1;349525,020999769971240;5670464,681999259628356;6,847766197000060;51,165799833999998
31382;5220408503200076284;5;1;24;0;2022;4;17;6;3;5;3;0;0;1;1;0;0;0;0;376370,634098204027396;5683138,161154390312731;7,227147288000030;51,286140052000100
31397;5220330702100676765;5;5;15;0;2022;3;0;4;2;0;1;2;0;1;0;0;0;0;0;407043,895750630006660;5757871,838900930248201;7,647014565000060;51,963758355000003
31398;5220404502319085346;5;1;13;0;2022;4;15;2;3;0;7;0;1;1;0;0;0;0;0;356257,589999818010256;5706118,175999379716814;6,929610375000040;51,487919281000103
31400;5220327502111569045;5;1;13;0;2022;3;15;1;3;5;2;0;0;1;1;0;0;0;0;362410,888999853981659;5700987,627999460324645;7,020177969000030;51,443344773000000
31409;5220328601300087235;5;3;15;0;2022;3;9;2;3;5;3;0;0;1;1;0;0;0;0;353655,746999797003809;5648666,700999329797924;6,915625736000040;50,970985917000100
31410;5220402301301909055;5;9;78;24;2022;4;13;7;3;0;5;0;0;1;1;0;0;0;0;391795,489758195995819;5717580,333487999625504;7,437716979000070;51,598862750000102
31413;5220326513130695708;5;1;62;22;2022;3;14;7;3;2;1;0;0;1;1;0;0;0;0;337919,874999671999831;5681513,631998949684203;6,676926456000050;51,261902014999997
31417;5220409702100555909;5;5;15;0;2022;4;15;7;3;5;3;0;1;1;1;0;0;0;0;405544,770999978005420;5756669,024999660439789;7,625532105000050;51,952694258000101
31422;5220327404102478072;5;7;66;40;2022;3;17;1;3;2;1;0;0;1;0;0;0;0;1;484139,094416372012347;5762464,519395180046558;8,768896668000020;52,012597180999997
31424;5220405706200703118;5;5;58;8;2022;4;7;3;3;4;2;0;1;1;1;0;0;0;0;383128,970999935001601;5760200,108999609947205;7,298286666000020;51,980169918999998
31427;5220331709110087267;5;5;66;8;2022;3;12;5;3;5;2;0;1;1;0;0;0;1;0;400237,045999970985577;5780709,750999660231173;7,541299725000040;52,167844690999999
31429;5220401705000268257;5;5;54;40;2022;4;10;6;3;5;3;0;0;1;1;0;0;0;0;350454,440999782003928;5738154,193999269977212;6,832405147000030;51,774262186999998
31430;5220405702100572343;5;5;15;0;2022;4;10;3;3;5;3;0;1;1;1;0;0;0;0;405654,596999978995882;5757012,944999660365283;7,627035315000060;51,955804205000000
31433;5220406513310535825;5;1;62;8;2022;4;14;4;3;5;3;0;0;1;1;0;0;0;0;330256,623031240014825;5662209,495609429664910;6,576308180000070;51,086240660999998
31437;5220404301303084979;5;9;13;0;2022;4;19;2;3;0;6;1;1;1;1;0;0;0;0;401945,590999973006546;5706358,787999629974365;7,587344107000040;51,499851896000102
31444;5220405301202580397;5;9;13;0;2022;4;14;3;3;5;3;0;0;1;1;0;0;0;0;395069,518306447018404;5709185,771351490169764;7,487475959000050;51,524027779000100
31446;5220408705000680990;5;5;54;12;2022;4;9;6;3;0;7;0;0;1;0;1;0;0;0;351498,118507937993854;5745997,927413820289075;6,844159984000040;51,845015127000103
31455;5220411701400785663;5;5;12;0;2022;4;16;2;3;5;2;0;0;1;1;0;0;0;0;356054,791999818000477;5709590,545999379828572;6,925274401000020;51,519069810000097
31459;5220329506100983194;5;1;16;0;2022;3;18;3;3;5;2;0;0;1;1;0;0;0;0;321506,537265961989760;5671282,109831400215626;6,447006900000080;51,165087843999999
31461;5220408501315791545;5;1;12;0;2022;4;7;6;3;0;3;0;1;1;1;0;0;0;0;346367,714999746996909;5699511,647999189794064;6,790141908000070;51,425958817000001
31463;5220412610211032769;5;3;70;4;2022;4;8;3;3;3;2;0;0;1;0;0;0;0;1;312150,324485938006546;5661592,722999400459230;6,318385405000070;51,075057985000100
31466;5220413606100790252;5;3;78;4;2022;4;10;4;2;0;3;0;0;1;1;0;0;0;0;367356,114979528996628;5649773,464276949875057;7,110236216000030;50,984251354999998
31472;5220409705000821129;5;5;54;12;2022;4;15;7;3;5;3;0;1;1;1;0;0;0;0;352832,073999797983561;5746036,508999319747090;6,863494342000020;51,845714972000103
31475;5220330607200281170;5;3;82;20;2022;3;19;4;3;3;6;0;0;1;1;0;0;0;0;379713,517679020005744;5627219,579482570290565;7,293626266000050;50,784236730000003
31482;5220331516300291341;5;1;58;28;2022;3;17;5;3;5;3;0;1;1;1;0;0;0;0;349231,449999768985435;5689055,757999249733984;6,835739464000030;51,332776682000002
31488;5220414404101782009;5;7;66;40;2022;4;15;5;2;0;1;0;0;1;0;0;0;0;0;486378,922416313027497;5757429,345032590441406;8,801732166000020;51,967385831000101
31494;5220326702100791756;5;5;15;0;2022;3;20;7;3;0;3;2;0;1;1;0;0;0;0;407040,993841030984186;5761100,525579280219972;7,646097640000050;51,992778858000101
31495;5220412411232574548;5;7;74;32;2022;4;15;3;3;8;7;0;0;1;0;0;0;0;0;478426,398961842001881;5731472,578279820270836;8,687597130000031;51,733755367000100
31507;5220328317240118677;5;9;78;40;2022;3;7;2;3;0;3;0;0;1;1;0;0;0;0;405080,993999977014028;5725117,046999639831483;7,627429314000040;51,669005591000001
31513;5220326605144586315;5;3;74;44;2022;3;12;7;3;0;3;0;0;1;1;0;0;0;0;405074,096718058979604;5638567,460822929628193;7,650328748000050;50,890964506000003
31523;5220413405236290669;5;7;54;36;2022;4;13;4;3;5;3;0;0;1;1;0;0;0;0;475865,889000000024680;5750647,887999669648707;8,649183176000070;51,906057461000003
31524;5220328706200681437;5;5;58;12;2022;3;16;2;2;5;2;0;0;1;1;0;0;0;0;370700,502928843023255;5755482,918156459927559;7,119196284000050;51,935027388999998
31538;5220328508000876702;5;1;19;0;2022;3;8;2;3;5;3;0;0;1;1;0;0;0;0;349637,007012061018031;5708888,335430770181119;6,833142121000040;51,511088443000098
31540;5220413601100051150;5;3;15;0;2022;4;10;4;3;5;3;0;0;1;1;0;0;0;0;356563,847358187020291;5647097,904286690056324;6,957635749000080;50,957618951000001
31543;5220331609108158632;5;3;58;8;2022;3;14;5;3;6;4;0;0;1;0;1;0;0;0;323064,653132875973824;5629474,188543139956892;6,489616417000040;50,789976801000101
31550;5220404501319985908;5;1;12;0;2022;4;7;2;2;0;3;0;0;1;1;0;0;0;0;344709,329999734007288;5697491,125999149866402;6,767192022000070;51,407352426999999
31551;5220407603116078298;5;3;66;16;2022;4;7;5;2;5;3;1;1;1;1;0;0;0;0;339628,139365897979587;5613505,831980960443616;6,731356095000020;50,651306591000001
31552;5220327410110136408;5;7;70;24;2022;3;20;1;3;2;6;2;0;1;1;0;0;0;0;495493,278843973996118;5793158,821916650049388;8,933926732000030;52,288769469999998
31562;5220413513120290231;5;1;62;20;2022;4;7;4;3;5;3;0;0;1;1;0;0;0;0;327419,821074855979532;5673175,829999290406704;6,530589903000020;51,183915286000101
31567;5220326701200589475;5;5;62;20;2022;3;16;7;3;0;1;0;0;1;0;0;0;0;0;369729,850999889022205;5719584,984999530017376;7,118552421000060;51,612207132000002
31573;5220404608100277556;5;3;34;2;2022;4;8;2;3;5;2;0;0;1;1;0;0;0;0;295183,061999011028092;5628209,171995510347188;6,095238910000030;50,769437315000097
31574;5220408602700864433;5;3;62;28;2022;4;7;6;3;5;2;0;1;1;1;0;0;0;0;350597,655483227979857;5637158,466921970248222;6,876814846000060;50,866782853000103
31575;5220327702100276765;5;5;15;0;2022;3;14;1;3;9;1;0;0;1;0;1;0;0;0;405144,451267583004665;5757006,137027000077069;7,619615603000060;51,955656228000102
31581;5220326516300385389;5;1;58;28;2022;3;13;7;3;2;2;0;0;1;1;0;0;0;0;354358,761125064978842;5688620,566283619962633;6,909465655000080;51,330202423000102
31586;5220330701400589666;5;5;12;0;2022;3;15;4;3;5;2;0;0;1;1;0;0;0;0;357346,329999825975392;5711214,840999389998615;6,943218983000070;51,533993189000100
31589;5220327600110073798;5;3;14;0;2022;3;11;1;3;5;3;0;0;1;1;0;0;0;0;364378,191235642007086;5622579,358170789666474;7,077913941000080;50,739147146999997
31593;5220408607400079338;5;3;82;44;2022;4;11;6;3;0;3;0;0;1;1;0;0;0;0;360593,950858146999963;5632832,982411139644682;7,020426791000030;50,830405224000103
31597;5220328608416171699;5;3;34;16;2022;3;7;2;3;4;6;1;0;1;0;0;0;0;0;296157,978635556995869;5638607,486347859725356;6,103270313000050;50,863171078000100
31605;5220404701110885379;5;5;62;32;2022;4;8;2;3;5;3;0;0;1;1;0;0;0;0;377283,350334451999515;5720442,197714489884675;7,227286895000020;51,621608310000099
31614;5220405406210031892;5;7;58;4;2022;4;7;3;3;0;6;0;0;1;0;0;0;0;1;471692,017674567992799;5782678,988400190137327;8,585858970000061;52,193841354000000
31624;5220412513210085923;5;1;62;24;2022;4;13;3;3;5;3;0;0;1;1;0;0;0;0;339235,282999681017827;5671348,778998999856412;6,700320484000030;51,170944276999997
31626;5220411500100057529;5;1;11;0;2022;4;10;2;2;5;2;0;0;1;1;0;0;0;0;342574,054569364991039;5678628,120843109674752;6,744847051000020;51,237279548000103
31632;5220406410210033689;5;7;70;20;2022;4;6;4;3;5;3;1;1;1;1;0;0;0;0;474848,747370088007301;5797300,064883439801633;8,630950764000030;52,325443344000099
31637;5220407518200789223;5;1;70;24;2022;4;11;5;3;5;3;0;1;1;1;0;0;0;0;334562,708999640017282;5704000,400998810306191;6,618391748000020;51,462963320000000
31638;5220326701910155850;5;5;62;8;2022;3;14;7;2;5;3;0;0;1;0;0;1;0;0;386361,510458657983691;5726450,994038630276918;7,356413419000030;51,677520512999997
31640;5220401501134382180;5;1;12;0;2022;4;16;6;3;0;3;0;1;1;1;0;0;0;0;343376,677658341010101;5710206,868089639581740;6,742413419000060;51,521234548999999
31641;5220410506100174690;5;1;16;0;2022;4;13;1;3;5;3;0;0;1;1;0;0;0;0;319451,707048329990357;5672001,876512520015240;6,417287120000030;51,170908775999997
31645;5220407706100181078;5;5;58;16;2022;4;15;5;2;6;1;0;0;1;0;1;0;0;0;381443,106576784979552;5743577,713908069767058;7,279470121000030;51,830426741000103
31651;5220326503200778540;5;1;24;0;2022;3;17;7;3;5;3;0;0;1;1;0;0;0;0;376422,421348928008229;5683218,857154070399702;7,227861618000080;51,286876565999997
31654;5220402405244272193;5;7;54;44;2022;4;20;7;3;3;3;2;0;1;1;0;0;0;0;465632,180393896007445;5747850,039193360134959;8,500708613000031;51,880365236999999
31661;5220412506100091508;5;1;16;0;2022;4;19;3;3;0;1;0;0;1;0;0;0;0;0;315843,312999397981912;5669302,822997770272195;6,367108819000070;51,145513467999997
31684;5220327606400776815;5;3;78;28;2022;3;18;1;3;0;7;0;0;1;0;0;0;0;0;372603,095225248020142;5638679,904558390378952;7,188826900000040;50,885726465000097
31688;5220326407228790638;5;7;62;32;2022;3;13;7;3;0;1;0;0;1;0;0;0;0;0;502412,982415803999174;5743759,098788869567215;9,035027643000030;51,844636928000099
31699;5220403601100986448;5;3;15;0;2022;4;14;1;3;0;4;0;0;1;0;1;0;0;0;355024,183571118977852;5644249,716433759778738;6,936861550000060;50,931637712000096
31711;5220413301202780637;5;9;13;0;2022;4;8;4;3;0;4;0;0;1;0;1;0;0;0;393518,049473362974823;5709314,972149049863219;7,465081775000040;51,524898693000097
31712;5220328607100061165;5;3;82;28;2022;3;11;2;3;2;2;0;0;1;1;0;0;0;0;379979,584999924991280;5634113,214999560266733;7,295143826000070;50,846257428000101
31713;5220330315110490151;5;9;70;40;2022;3;15;4;2;5;3;0;0;1;1;0;0;0;0;431621,125364750972949;5635868,280731639824808;8,028214193000050;50,870448515000099
31715;5220407514217085960;5;1;66;36;2022;4;15;5;3;3;2;0;1;1;1;0;0;0;0;328648,350999572023284;5682329,096998569555581;6,543775650000040;51,266516836999998
31725;5220412701700747576;5;5;62;16;2022;4;12;3;3;5;3;0;0;1;1;0;0;0;0;373352,678999902971555;5733167,671999559737742;7,165921248000070;51,735099501000001
31729;5220413702100870610;5;5;15;0;2022;4;19;4;3;1;1;0;0;1;1;0;0;0;0;405677,307266331976280;5755640,014138190075755;7,627742479000060;51,943467532000099
31730;5220326601200676474;5;3;15;0;2022;3;22;7;3;0;1;2;0;1;0;0;0;0;0;354781,567093521996867;5641569,038050440140069;6,934478576000060;50,907486032000101
31741;5220412605144075877;5;3;74;44;2022;4;7;3;3;5;3;0;0;1;1;0;0;0;0;402974,960999973001890;5637537,386999599635601;7,620765567000030;50,881355253999999
31745;5220331515110091715;5;1;54;4;2022;3;13;5;3;5;3;0;1;1;1;0;0;0;0;304786,586999266000930;5739294,778996329754591;6,170598026000050;51,770446160000098
31755;5220326701300638825;5;5;62;14;2022;3;16;7;2;5;3;0;0;1;1;0;0;0;0;360751,168999844987411;5714851,698999440297484;6,990837426000040;51,567524497000100
31757;5220401506100681635;5;1;16;0;2022;4;14;6;3;6;4;0;1;1;0;1;0;0;0;323520,598016652977094;5677709,171429010108113;6,472625146000040;51,223449922000000
31779;5220412705000491207;5;5;54;36;2022;4;8;3;3;5;3;0;0;1;1;0;0;0;0;370529,437999894027598;5766901,115999549627304;7,112399329000030;52,037592770000103
31782;5220413605112886583;5;3;74;12;2022;4;13;4;3;3;3;0;0;1;1;0;0;0;0;396448,456471615994815;5648998,024059980176389;7,524765162000050;50,983249278000102
31785;5220331705000020717;5;5;54;20;2022;3;15;5;3;4;2;0;0;1;1;0;0;0;0;365817,203999873017892;5787104,897999510169029;7,035771308000050;52,218013541000097
31786;5220405501317284585;5;1;12;0;2022;4;14;3;3;5;3;0;1;1;1;0;0;0;0;344187,669999730016571;5700676,335999130271375;6,758297273000040;51,435828350000101
31787;5220401601300081847;5;3;15;0;2022;4;18;6;2;4;6;0;1;1;1;0;0;0;0;353416,345736453018617;5646624,835529030300677;6,913040939000040;50,952575641000102
31796;5220331404101776077;5;7;66;20;2022;3;8;5;2;5;3;0;0;1;1;0;0;0;0;492540,096000001009088;5753053,605999669991434;8,891508675000070;51,928160302000002
31797;5220329500200900757;5;1;11;0;2022;3;8;3;3;5;3;0;0;1;1;0;0;0;0;344498,990999731002375;5679258,281999150291085;6,772125964000050;51,243469607000101
31811;5220329702100338623;5;5;15;0;2022;3;16;3;3;3;3;0;0;1;1;0;0;0;0;407458,837302830012050;5754239,615996619686484;7,654030123000040;51,931179149000101
31812;5220409513210381419;5;1;62;24;2022;4;1;7;3;5;3;2;0;1;1;0;0;0;0;337937,418587267980911;5674562,141685199923813;6,680321702000070;51,199449549000100
31813;5220406701930549485;5;5;62;36;2022;4;20;4;3;5;3;1;1;1;1;0;0;0;0;388707,872023364005145;5720136,983537949621677;7,392344136000080;51,621240336000000
31822;5220331601700586440;5;3;16;0;2022;3;18;5;3;0;2;0;1;1;1;0;0;0;0;361434,338999847008381;5659796,297999439761043;7,022090347000070;51,072932780000002
31835;5220410609128569704;5;3;58;28;2022;4;9;1;3;5;3;0;0;1;1;0;0;0;0;323090,661999485979322;5620622,870998360216618;6,494236610000030;50,710462159000002
31840;5220408702100169524;5;5;15;0;2022;4;7;6;3;5;3;0;1;1;1;0;0;0;0;403504,949999974982347;5760699,557999660260975;7,594726177000040;51,988571720000003
31841;5220327606400872570;5;3;78;28;2022;3;17;1;3;0;1;0;0;1;0;0;0;0;0;373235,939999900991097;5643661,654999529942870;7,196088813000070;50,930642571000099
31843;5220413405148374466;5;7;54;48;2022;4;13;4;3;5;3;0;0;1;1;0;0;0;0;440899,115694802021608;5768138,898673440329731;8,137931240000061;52,060688871000103
31848;5220326600130029351;5;3;82;8;2022;3;8;7;3;0;1;0;0;1;0;0;0;0;0;374631,120250374020543;5611397,712430720217526;7,226938787000050;50,640943231000101
31849;5220412300100173248;5;9;11;0;2022;4;8;3;3;5;3;0;0;1;1;0;0;0;0;375900,127446849015541;5706651,693928579799831;7,212183661000040;51,497366390000103
31855;5220327600110690889;5;3;14;0;2022;3;4;1;3;1;1;2;0;1;1;0;0;0;0;365783,588748497015331;5622359,054221020080149;7,097900255000070;50,737493587000102
31860;5220326405108306297;5;7;54;8;2022;3;14;7;2;3;6;0;0;1;1;0;0;0;0;457167,163999999989755;5750134,527999670244753;8,377453241000071;51,900318118000001
31871;5220327400200068158;5;7;11;0;2022;3;18;1;3;5;3;0;0;1;1;0;0;0;0;467741,655751955986489;5762961,126219290308654;8,529935410000061;52,016351065999999
31874;5220411410270840350;5;7;70;16;2022;4;5;2;1;8;1;2;0;1;0;0;0;0;0;481360,461999999999534;5791611,208999689668417;8,726811948000030;52,274558101000103
31876;5220404702100665912;5;5;15;0;2022;4;15;2;3;4;2;0;1;1;1;0;0;0;0;405449,743999978003558;5758145,272999660111964;7,623743413000060;51,965947256000000
31880;5220406508000375319;5;1;19;0;2022;4;13;4;3;2;6;0;0;1;1;0;0;0;0;349611,128999772015959;5710576,594999260269105;6,832049064000050;51,526251005000098
31883;5220330500200178826;5;1;11;0;2022;3;17;4;3;3;5;0;0;1;1;0;0;0;0;344721,427580259973183;5682491,349994960241020;6,773906984000060;51,272580324000003
31902;5220413600120045323;5;3;82;24;2022;4;12;4;3;0;6;0;0;1;1;0;0;0;0;372340,513999898976181;5614898,537999509833753;7,193353192000070;50,671913314000101
31903;5220329313240413504;5;9;58;40;2022;3;16;3;3;5;2;0;0;1;1;0;0;0;0;451837,193870590010192;5671344,954253720119596;8,310778562000049;51,191486112000099
31907;5220326706100682422;5;5;58;16;2022;3;13;7;2;0;1;0;1;1;0;0;0;0;1;383241,786018988990691;5742122,178164900280535;7,306051481000050;51,817724263999999
31913;5220405303200023353;5;9;15;0;2022;4;6;3;3;5;3;1;1;1;1;0;0;0;0;415695,152999988989905;5725573,320999650284648;7,780764803000070;51,674800306000101
31915;5220408702100142871;5;5;15;0;2022;4;12;6;3;0;2;0;0;1;0;0;0;0;1;403207,760999973979779;5755252,723999650217593;7,591934776000070;51,939562270000103
31917;5220410500200891674;5;1;11;0;2022;4;14;1;3;6;4;0;0;1;0;1;0;0;0;346442,254277319007087;5677740,114173400215805;6,800595939000060;51,230354521999999
31918;5220413315110679556;5;9;70;40;2022;4;7;4;3;5;3;0;0;1;1;0;0;0;0;431754,500980841985438;5635830,091663169674575;8,030116534000060;50,870120906000103
31926;5220409709700348420;5;5;66;28;2022;4;10;7;3;9;3;0;1;1;1;0;0;0;0;413501,738710406003520;5789469,952919130213559;7,732958161000060;52,248823739000002
31927;5220407303100563420;5;9;15;0;2022;4;23;5;2;5;3;2;1;1;1;0;0;0;0;416482,302994202997070;5725960,531056860461831;7,792053387000070;51,678398706999999
31929;5220404701110378098;5;5;62;32;2022;4;13;2;3;5;2;0;1;1;1;0;0;0;0;374676,891999909013975;5719738,973999559879303;7,189906642000040;51,614714032999998
31935;5220326501122273958;5;1;12;0;2022;3;10;7;2;5;2;0;0;1;0;0;0;0;1;342680,136999716982245;5704918,011999090202153;6,734739785000040;51,473522244000002
31949;5220411406110490708;5;7;58;12;2022;4;10;2;3;0;7;0;0;1;0;0;0;0;0;477106,963870597013738;5774910,974226149730384;8,665600881000049;52,124253985000102
31950;5220331601300176828;5;3;15;0;2022;3;15;5;3;0;3;1;1;1;0;0;0;1;0;348237,142447965976316;5645182,200331450439990;6,839959160000030;50,938271415000003
31951;5220404705000491247;5;5;54;8;2022;4;8;2;3;0;7;0;1;1;0;0;0;0;0;335292,542999654018786;5745904,373998809605837;6,609154244000020;51,839629909999999
31966;5220410602800885761;5;3;62;12;2022;4;9;1;3;5;3;0;0;1;1;0;0;0;0;352133,829999784997199;5630246,492999309673905;6,901418738000070;50,805061914000099
31969;5220408506100677561;5;1;16;0;2022;4;11;6;3;0;7;0;0;1;0;0;0;0;0;321136,861438119027298;5668530,509861200116575;6,443092376000040;51,140253943000097
31971;5220412608320033335;5;3;34;20;2022;4;17;3;2;5;3;0;0;1;1;0;0;0;0;306285,722999214020092;5605862,200997070409358;6,264202153000040;50,572514523999999
31973;5220402303100080583;5;9;15;0;2022;4;18;7;3;5;3;1;0;1;1;0;0;0;0;422819,247999990999233;5726694,615999650210142;7,883525080000030;51,685904571000002
31982;5220327300500385311;5;9;11;0;2022;3;16;1;3;1;5;0;0;1;1;0;0;0;0;378520,440894622995984;5701964,881531329825521;7,251525195000060;51,455812523000098
31988;5220404515210025205;5;1;54;12;2022;4;11;2;2;0;5;0;0;1;1;0;0;0;0;314638,573701429006178;5710942,850324190221727;6,328238910000040;51,519147122000000
31989;5220408603116881189;5;3;66;16;2022;4;4;6;3;0;7;2;0;1;0;0;0;0;0;345075,375999728974421;5615243,366999180056155;6,807625152000070;50,668394978999999
31996;5220326505200742307;5;1;14;0;2022;3;15;7;3;0;5;0;0;1;1;0;0;0;1;329174,460999578994233;5689498,433998590335250;6,547878524000050;51,331082692000102
31997;5220411701200965514;5;5;62;20;2022;4;15;2;3;0;1;0;0;1;0;0;0;0;0;369417,942999887978658;5719360,257999530062079;7,114133980000080;51,610115323000102
32005;5220412601300784966;5;3;15;0;2022;4;15;3;3;0;5;0;0;1;1;0;0;0;0;352800,899438178981654;5644908,123502530157566;6,904978689000070;50,936991442000100
32029;5220327608436489785;5;3;34;36;2022;3;12;1;3;0;3;0;0;1;1;0;0;0;0;298123,105989589006640;5636117,346619489602745;6,132531262000040;50,841495377000101
32030;5220410500200370604;5;1;11;0;2022;4;18;1;3;0;6;0;0;1;0;0;0;0;1;348373,222999762976542;5681692,916999230161309;6,826557297000020;51,266389293000003
32031;5220414400100850983;5;7;11;0;2022;4;17;5;2;0;1;0;0;1;0;0;0;0;0;467222,649596401024610;5766507,168659470044076;8,522032976000050;52,048201683999999
32041;5220331501317881476;5;1;12;0;2022;3;15;5;3;3;3;0;1;1;1;0;0;0;0;344066,984999728971161;5700109,775999129749835;6,756811828000020;51,430704644000102
32043;5220404601500267803;5;3;15;0;2022;4;7;2;3;5;2;0;0;1;1;0;0;0;0;360492,936999840021599;5646626,189999420195818;7,013725762000040;50,954344200999998
32045;5220327516400280922;5;1;58;24;2022;3;17;1;3;5;2;0;0;1;1;0;0;0;0;357435,406999823986553;5681660,947999389842153;6,956377380000050;51,268440802000001
32046;5220412711121087306;5;5;70;36;2022;4;13;3;3;0;7;0;0;1;0;1;0;0;0;434077,839771232975181;5760409,947993939742446;8,039936801000071;51,990438578000102
32065;5220411500200002247;5;1;11;0;2022;4;13;2;3;2;7;0;0;1;1;0;0;0;0;350561,038749777013436;5678941,394968410022557;6,859043248000030;51,242242421000100
32066;5220331514115082360;5;1;66;24;2022;3;6;5;2;8;1;2;1;1;0;0;0;0;0;310136,434345285000745;5680827,461684740148485;6,279520421000030;51,247164504000096
32068;5220405701610551227;5;5;62;12;2022;4;14;3;3;5;3;0;0;1;1;0;0;0;0;361129,533999848004896;5726417,861999440006912;6,991708800000030;51,671551665999999
32072;5220413506100467294;5;1;16;0;2022;4;12;4;3;5;7;0;0;1;1;0;0;0;0;320939,269992018002085;5669383,079292319715023;6,439846847000070;51,147851066999998
32073;5220330506100011760;5;1;16;0;2022;3;11;4;3;5;3;0;0;1;0;0;0;0;1;318175,581465101975482;5666518,894299729727209;6,401821034000020;51,121250841000098
32085;5220405709800787280;5;5;66;40;2022;4;10;3;3;5;3;0;1;1;1;0;0;0;0;420989,567999991995748;5783078,413999680429697;7,844108573000030;52,192497648000000
32097;5220403601100279340;5;3;15;0;2022;4;3;1;2;0;1;2;0;1;0;0;0;0;0;355234,842999808024615;5644395,442999360151589;6,939799472000060;50,933000237000002
32099;5220326705000174468;5;5;54;32;2022;3;16;7;2;9;1;0;0;1;0;0;0;0;0;325017,657112264016178;5747579,852054590359330;6,459312864000030;51,851555103000102
32100;5220412500200002247;5;1;11;0;2022;4;14;3;3;4;6;0;0;1;1;0;0;0;0;346953,604139394999947;5676613,598622119985521;6,808395253000070;51,220369498000103
32102;5220410711322582312;5;5;70;48;2022;4;14;1;3;5;3;0;0;1;1;0;0;0;0;445887,914999999979045;5730545,264999650418758;8,216591408000060;51,723221471000002
32109;5220414317220189379;5;9;78;4;2022;4;15;5;3;0;1;0;0;1;0;0;0;0;0;404108,076999976008665;5717772,290999639779329;7,615377143000050;51,602819194000098
32110;5220413404101882009;5;7;66;20;2022;4;15;4;3;5;3;0;0;1;1;0;0;0;0;497424,857864607998636;5756901,744609059765935;8,962520179000020;51,962803106000102
32116;5220411702100305212;5;5;15;0;2022;4;15;2;3;5;3;0;0;1;1;0;0;0;0;406128,461999979976099;5757704,004999659955502;7,633740283000070;51,962095966000000
32119;5220331407201053232;5;7;62;4;2022;3;22;5;2;2;6;2;1;1;1;0;0;0;0;501502,417597097984981;5732667,383462940342724;9,021761533000070;51,744911478000098
32121;5220407709500602281;5;5;66;76;2022;4;7;5;3;6;7;0;1;1;0;1;0;0;0;392837,307496828027070;5794075,899037970229983;7,428910389000070;52,286582260000003
32127;5220413702100975998;5;5;15;0;2022;4;14;4;3;4;6;0;0;1;0;0;0;0;0;411025,608999983000103;5751986,295999660156667;7,706475015000020;51,911506159000098
32129;5220411514219685921;5;1;66;36;2022;4;18;2;3;0;3;0;0;1;1;0;0;0;0;327716,238999560009688;5678600,825998529791832;6,532222111000070;51,232741980000100
32130;5220331701500476701;5;5;62;24;2022;3;9;5;3;5;3;0;1;1;1;0;0;0;0;368587,025999882025644;5724442,270999520085752;7,100233355000060;51,655591920000099
32132;5220401601100326310;5;3;15;0;2022;4;16;6;3;0;7;0;1;1;1;0;0;0;0;355194,107365081028547;5644621,911428339779377;6,939130167000030;50,935025232999998
32133;5220329702100064121;5;5;15;0;2022;3;8;3;3;5;3;0;0;1;1;0;0;0;0;404220,157014248019550;5759077,437601169571280;7,605591382000060;51,974115371000003
32135;5220406601200390176;5;3;15;0;2022;4;15;4;3;3;2;0;0;1;1;0;0;0;0;353817,172999799018726;5635926,926999339833856;6,923027500000050;50,856538316000098
32136;5220413601300474384;5;3;15;0;2022;4;12;4;3;5;2;0;0;1;1;0;0;0;0;351477,130999781016726;5644622,089999300427735;6,886268289000040;50,934081597000002
32142;5220329404102090592;5;7;66;40;2022;3;7;3;2;5;3;0;0;1;1;0;0;0;0;484393,086859195027500;5760981,144382360391319;8,772665048000020;51,999267537999998
32152;5220330500100900363;5;1;11;0;2022;3;14;4;3;0;7;0;0;1;0;1;0;0;0;343636,827528733992949;5677971,164172939956188;6,760345678000020;51,231668857000003