OBJECTID;UIDENTSTLAE;ULAND;UREGBEZ;UKREIS;UGEMEINDE;UJAHR;UMONAT;USTUNDE;UWOCHENTAG;UKATEGORIE;UART;UTYP1;ULICHTVERH;IstStrassenzustand;IstRad;IstPKW;IstFuss;IstKrad;IstGkfz;IstSonstige;LINREFX;LINREFY;XGCSWGS84;YGCSWGS84
32154;5220407514110591637;5;1;66;32;2022;4;6;5;2;0;5;2;1;1;0;0;0;0;1;316936,296628113021143;5679566,471558890305459;6,377486050000070;51,238060263000101
32157;5220401506100672122;5;1;16;0;2022;4;9;6;2;0;7;0;1;1;0;0;0;0;0;314861,898291848017834;5675417,060978639870882;6,349945122000070;51,200118793999998
32165;5220410410240587133;5;7;70;40;2022;4;21;1;3;0;1;2;1;1;0;0;0;0;0;472776,721971451013815;5809914,660409470088780;8,599523533000021;52,438751615999998
32173;5220407301302075399;5;9;13;0;2022;4;9;5;3;5;3;0;1;1;1;0;0;0;0;395765,582330880977679;5706923,513037529774010;7,498174646000050;51,503822118000102
32174;5220330701500238984;5;5;62;24;2022;3;20;4;2;5;3;2;0;1;1;0;0;0;0;367743,240271295013372;5724310,031769160181284;7,088092512000060;51,654205660999999
32176;5220410600380275816;5;3;14;0;2022;4;14;1;3;5;3;0;0;1;0;0;0;0;1;367800,374823404999916;5619312,761477850377560;7,127557430000020;50,710575748000103
32180;5220408516500762021;5;1;58;16;2022;4;16;6;2;0;7;0;0;1;0;0;0;0;0;353955,785999801999424;5670033,840999339707196;6,911268261000030;51,163076598000004
32188;5220326601300593497;5;3;15;0;2022;3;13;7;3;0;5;0;0;1;1;0;0;0;0;353589,739961622981355;5646436,669482450000942;6,915583530000050;50,950928736999998
32189;5220412300100090022;5;9;11;0;2022;4;14;3;3;3;2;0;0;1;0;0;0;0;1;375662,575805831002071;5705680,697180939838290;7,209105308000060;51,488587510999999
32191;5220407316300082015;5;9;74;28;2022;4;5;5;3;5;2;1;1;1;0;0;0;0;1;454584,424944780010264;5726391,332433939911425;8,343026670000031;51,686646068000101
32196;5220327605104690184;5;3;74;4;2022;3;10;1;3;0;6;0;0;1;1;0;0;0;0;406200,574363545980304;5652003,809592369943857;7,662878479000030;51,011943078999998
32200;5220413601200065722;5;3;15;0;2022;4;20;4;3;4;6;1;0;1;0;0;0;0;0;354931,273771676002070;5638701,484004260040820;6,937745349000070;50,881753453000002
32204;5220405508000172124;5;1;19;0;2022;4;21;3;3;8;1;2;1;1;1;0;0;0;0;351256,826998638978694;5707030,849062729626894;6,857250691000050;51,494826864000103
32207;5220409600120690918;5;3;82;24;2022;4;10;7;3;0;2;0;0;1;0;0;0;0;1;372496,863690698985010;5614625,792412489652634;7,195658701000070;50,669495996000101
32209;5220413606100969887;5;3;78;4;2022;4;10;4;3;0;2;0;0;1;1;0;0;0;0;368032,023747674014885;5649470,689258090220392;7,119970207000050;50,981685447000103
32210;5220330602800782483;5;3;62;12;2022;3;18;4;3;0;6;0;0;1;1;0;0;0;0;351617,241392028983682;5631891,505106169730425;6,893427233000070;50,819713089000103
32217;5220411400200174619;5;7;11;0;2022;4;9;2;3;0;3;0;0;1;1;0;0;0;0;467349,117000000027474;5763106,815999669954181;8,524201700000051;52,017637946999997
32231;5220401501314091364;5;1;12;0;2022;4;15;6;3;0;7;0;1;1;0;0;0;0;0;347483,587454013002571;5700281,590888420119882;6,805848513000060;51,433178320000103
32237;5220327709500591793;5;5;66;76;2022;3;21;1;3;0;1;2;0;1;0;0;0;0;0;393718,616207950981334;5792201,844146840274334;7,442416578000060;52,269910891000102
32238;5220410405220370244;5;7;54;20;2022;4;2;1;3;0;1;2;1;1;0;0;0;0;0;448316,034283686021809;5749308,168162589892745;8,248942765000040;51,892138119999998
32239;5220413404301090726;5;7;66;24;2022;4;20;4;2;0;1;2;0;1;0;0;0;0;0;503253,725283182982821;5766445,934073460288346;9,047446888000019;52,048610847000099
32244;5220411705000320922;5;5;54;20;2022;4;14;2;3;3;3;0;0;1;0;0;0;0;0;365801,196173720003571;5787092,587896849960089;7,035542010000030;52,217899031000101
32247;5220409516100881610;5;1;58;32;2022;4;16;7;3;0;1;0;0;1;0;0;0;0;0;366364,522999871987849;5685924,136999489739537;7,082698923000070;51,308917872999999
32250;5220404405244006409;5;7;54;44;2022;4;12;2;3;5;2;0;1;1;1;0;0;0;0;466219,624000001000240;5748610,285999669693410;8,509168139000050;51,887236369999997
32251;5220408405116006330;5;7;54;16;2022;4;12;6;2;5;2;0;0;1;1;0;0;0;0;449996,771999999007676;5755069,023999660275877;8,272528001000071;51,944083615000103
32254;5220328601500586851;5;3;15;0;2022;3;6;2;3;0;2;1;0;1;1;0;0;0;0;357764,193094186019152;5645087,532101660035551;6,975501098000050;50,939849352000103
32256;5220326317220789231;5;9;78;4;2022;3;13;7;3;5;3;0;0;1;1;0;0;0;0;402864,456420021015219;5719141,650394099764526;7,597046322000040;51,614915041000103
32260;5220401600380575848;5;3;14;0;2022;4;22;6;3;5;2;2;1;1;1;0;0;0;0;369225,676201000984292;5617138,840330869890749;7,148503556000040;50,691358373000099
32263;5220328411132796957;5;7;74;32;2022;3;7;2;3;0;1;0;0;1;0;0;0;0;0;484330,395912521984428;5728403,952676200307906;8,773228894000059;51,706360535999998
32267;5220403601400890269;5;3;15;0;2022;4;17;1;2;0;3;0;0;1;1;0;0;0;0;351548,497999781975523;5650800,549999300390482;6,884762512000070;50,989622285999999
32268;5220407602800073730;5;3;62;12;2022;4;14;5;3;0;1;0;0;1;0;0;0;0;0;352875,306726076989435;5630753,602069679647684;6,911731372000080;50,809807972999998
32276;5220326501112591529;5;1;12;0;2022;3;21;7;3;0;7;2;0;1;0;0;0;0;0;343449,209999724000227;5709152,023999109864235;6,743926541000060;51,511777174000002
32278;5220331702100579175;5;5;15;0;2022;3;16;5;3;6;6;0;0;1;0;1;0;0;0;405877,064999977999832;5757933,717999660409987;7,630019481000030;51,964118225000000
32284;5220330502229676142;5;1;13;0;2022;3;19;4;3;3;6;0;0;1;1;0;0;0;0;360718,949999844015110;5694752,280999439768493;6,998297550000070;51,386898168000101
32287;5220327506100196088;5;1;16;0;2022;3;16;1;2;0;1;0;0;1;0;0;0;0;0;314142,672999374975916;5674411,744997610338032;6,340182405000060;51,190855051000000
32292;5220331601100086469;5;3;15;0;2022;3;13;5;3;0;5;0;1;1;1;0;0;0;0;356569,212385947001167;5646355,934711540117860;6,958004439000040;50,950952314000098
32295;5220409407221274576;5;7;62;32;2022;4;6;7;3;0;7;0;1;1;1;0;0;0;0;503504,612498549977317;5742548,658529159612954;9,050861833000059;51,833747829000103
32298;5220413301301067124;5;9;78;24;2022;4;9;4;2;0;7;0;0;1;0;0;0;0;0;397985,433012038003653;5719489,889782589860260;7,526500444000020;51,617182149000001
32300;5220330317220589231;5;9;78;4;2022;3;10;4;3;5;2;0;0;1;1;0;0;0;0;404358,352999977010768;5718112,451999640092254;7,618897069000070;51,605919446000001
32306;5220329705000891746;5;5;54;64;2022;3;16;3;2;0;3;0;0;1;1;0;0;0;0;355816,845999818004202;5750157,234999369829893;6,905074135000060;51,883519102000001
32310;5220404508000279057;5;1;19;0;2022;4;5;2;2;5;2;2;0;1;1;0;0;0;0;350872,583402748976368;5709803,909686819650233;6,850546942000050;51,519642666000003
32312;5220327709110072380;5;5;66;12;2022;3;17;1;3;3;6;0;0;1;1;0;0;0;0;409698,689527706999797;5766682,408693140372634;7,683322071000020;52,043390439000099
32314;5220412709000276750;5;5;66;12;2022;4;17;3;3;4;6;0;0;1;0;0;0;0;1;400952,705999972007703;5775933,184999669902027;7,553152598000050;52,125042479000101
32317;5220402705000391694;5;5;54;68;2022;4;16;7;3;0;1;0;0;1;0;0;0;0;0;349760,698968670971226;5766118,523693719878793;6,810170341000060;52,025324087000101
32330;5220326500200474188;5;1;11;0;2022;3;14;7;3;0;7;0;0;1;0;0;0;0;0;346576,341306837974116;5678965,258023570291698;6,801990210000040;51,241399131999998
32340;5220330601500654016;5;3;15;0;2022;3;11;4;3;6;4;0;0;1;0;1;0;0;0;360489,533006680023391;5646574,325452719815075;7,013697205000030;50,953877261999999
32341;5220404303100589417;5;9;15;0;2022;4;17;2;3;5;3;0;1;1;1;0;0;0;0;417744,549999989976641;5726319,308999650180340;7,810220914000070;51,681810235999997
32343;5220326607200336281;5;3;82;20;2022;3;12;7;3;3;6;0;0;1;1;0;0;0;0;384858,372999937972054;5621184,181999560445547;7,368466308000050;50,731027812999997
32350;5220408706200476731;5;5;58;20;2022;4;18;6;3;5;3;0;1;1;1;0;0;0;0;391846,505862636025995;5759563,840078859589994;7,425365915000040;51,976216725000000
32352;5220410314210289411;5;9;66;12;2022;4;14;1;3;8;1;0;0;1;0;0;0;0;0;427125,022803631029092;5668681,917816259898245;7,957733578000050;51,164926292000096
32358;5220326601200395409;5;3;15;0;2022;3;21;7;3;6;7;2;0;1;0;1;0;0;0;353750,472194098983891;5644278,836365830153227;6,918736518000060;50,931577851000000
32359;5220411702100542451;5;5;15;0;2022;4;16;2;3;5;2;0;0;1;1;0;0;0;0;409317,437999981979374;5754008,424999659880996;7,681115752000040;51,929406970999999
32369;5220411500200070418;5;1;11;0;2022;4;13;2;3;5;3;0;0;1;1;0;0;0;0;346842,685080938972533;5676457,989248610101640;6,806874625000030;51,218941514999997
32371;5220404701910485414;5;5;62;8;2022;4;11;2;3;2;6;0;1;1;0;0;0;1;0;384603,055999938980676;5723412,396999609656632;7,331995296000060;51,649852105999997
32373;5220408601600453376;5;3;15;0;2022;4;15;6;3;0;1;0;0;1;0;0;0;0;0;365577,708319858997129;5645694,303026240319014;7,086421798000060;50,947177274000097
32374;5220327706300668251;5;5;58;28;2022;3;17;1;3;6;7;0;0;1;0;1;0;0;0;397062,319538086012471;5733280,969516229815781;7,509105781000070;51,740974010999999
32379;5220402605144676592;5;3;74;44;2022;4;11;7;3;0;1;0;0;1;0;0;0;0;0;403179,259859355981462;5637299,782827340066433;7,623731765000060;50,879253444000000
32381;5220326702100669524;5;5;15;0;2022;3;19;7;3;5;2;2;0;1;1;0;0;0;0;405773,306999979016837;5758001,692999660037458;7,628491076000050;51,964711637000100
32388;5220408502135680959;5;1;13;0;2022;4;8;6;3;5;3;0;0;1;1;0;0;0;0;365695,395999869972002;5702405,966999489814043;7,066872327000060;51,456879306000097
32389;5220327506100591430;5;1;16;0;2022;3;11;1;3;5;3;0;0;1;1;0;0;0;0;318547,411999435978942;5667322,133997979573905;6,406724194000050;51,128584288000098
32391;5220328516300481335;5;1;58;28;2022;3;21;2;3;0;1;2;0;1;0;0;0;0;0;347963,995825060992502;5685420,360983950085938;6,819109570000020;51,299773409000103
32402;5220330702100391783;5;5;15;0;2022;3;13;4;3;3;6;0;0;1;0;0;0;0;0;405515,095574660983402;5756524,659204729832709;7,625140109000030;51,951391592999997
32408;5220326317110063327;5;9;78;36;2022;3;19;7;3;5;3;2;0;1;1;0;0;0;0;409287,247049660014454;5710790,343645599670708;7,691942560000030;51,540914713000099
32412;5220401702100465755;5;5;15;0;2022;4;10;6;3;7;5;0;1;1;0;0;0;0;1;406352,048752904986031;5757673,921620559878647;7,637001698000060;51,961863268999998
32415;5220328310110385522;5;9;54;16;2022;3;17;2;2;5;2;0;0;1;1;0;1;0;0;375765,039999912027270;5689144,775999560020864;7,216374914000030;51,339993691000103
32421;5220326702100045931;5;5;15;0;2022;3;15;7;3;5;3;0;0;1;1;0;0;0;0;406402,614247623016126;5757175,079108599573374;7,637873353000030;51,957387949000100
32431;5220413400100383316;5;7;11;0;2022;4;12;4;3;5;2;0;0;1;1;0;0;0;0;469357,743350779986940;5767476,171687910333276;8,553079440000030;52,057035766000098
32442;5220404516900090291;5;1;58;26;2022;4;7;2;3;5;3;0;0;1;1;0;0;0;0;352569,182999791984912;5666051,892999320290983;6,893081693000060;51,126938410000001
32445;5220412706200549812;5;5;58;8;2022;4;15;3;2;2;6;0;0;1;1;0;0;1;0;381978,938999932026491;5759254,369999609887600;7,281874830000050;51,971427523999999
32455;5220406600140090368;5;3;14;0;2022;4;12;4;3;5;3;0;0;1;1;0;0;0;0;367648,119107428006828;5623242,105128870345652;7,123991744000020;50,745858435000102
32460;5220327404301890649;5;7;66;24;2022;3;20;1;3;8;1;2;0;1;0;0;0;0;0;499824,209296875982545;5766679,454644300043583;8,997436442000041;52,050719926000099
32464;5220331513210290183;5;1;62;24;2022;3;13;5;3;0;1;0;1;1;0;0;0;0;0;340237,246999690018129;5666009,045999039895833;6,717010382000070;51,123246901000101
32487;5220405702100748314;5;5;15;0;2022;4;13;3;3;5;2;0;0;1;1;0;0;0;0;406877,758469577005599;5755876,804329570382833;7,645137845000020;51,945798160000002
32488;5220408709500038566;5;5;66;16;2022;4;18;6;3;1;3;0;0;1;1;0;0;0;0;403479,809399541001767;5795276,329478760249913;7,584539460000030;52,299343745000002
32490;5220406514218586050;5;1;66;36;2022;4;14;4;3;5;3;0;1;1;1;0;0;0;0;325432,784999532974325;5682267,808998400345445;6,497759060000020;51,264990574000102
32492;5220330505100081428;5;1;14;0;2022;3;12;4;3;5;3;0;0;1;1;0;0;0;0;330492,682233404018916;5687638,678422469645739;6,567667021000030;51,314769294000001
32506;5220413405228278034;5;7;54;28;2022;4;19;4;3;5;3;0;0;1;1;0;0;0;0;450677,471752759010997;5745407,732062630355358;8,283812886000019;51,857285441000002
32512;5220411608436356252;5;3;34;36;2022;4;13;2;3;0;1;0;0;1;0;0;0;0;0;298254,333606026018970;5631984,502444160170853;6,136665773000060;50,804421890000100
32514;5220407310210085312;5;9;54;24;2022;4;14;5;3;5;3;0;0;1;1;0;0;0;0;380746,315999927988742;5683285,490999580360949;7,289815092000030;51,288397277999998
32516;5220404600110187059;5;3;14;0;2022;4;16;2;3;2;6;0;1;1;1;0;0;0;0;365649,826449867978226;5622277,635829269886017;7,096035388000080;50,736730874999999
32518;5220327601100074317;5;3;15;0;2022;3;0;1;3;0;1;2;0;1;0;0;0;0;0;356613,490999818022829;5644098,204999379813671;6,959523030000070;50,930673382000101
32519;5220412700000862587;5;5;13;0;2022;4;12;3;3;1;7;0;0;1;1;0;0;0;0;369959,054999888001475;5707571,591999529860914;7,126303962000070;51,504297990000097
32523;5220326313212996489;5;9;58;36;2022;3;15;7;2;0;7;0;0;1;0;0;0;0;0;464379,640000001003500;5686795,198999630287290;8,488716101000019;51,331330208000097
32526;5220405500200556862;5;1;11;0;2022;4;6;3;2;5;2;1;1;1;1;0;0;0;0;346162,529231466003694;5679693,009890000335872;6,795753771000020;51,247826881999998
32531;5220330600370043573;5;3;82;4;2022;3;17;4;3;0;1;0;0;1;0;0;0;0;0;360491,014776161988266;5617682,065232389606535;7,024709453000070;50,694211503000098
32543;5220328411132482051;5;7;74;32;2022;3;16;2;2;0;3;0;0;1;1;0;0;0;0;479065,435586047009565;5726860,315803900361061;8,697127864000040;51,692309485000102
32548;5220403602500215180;5;3;62;24;2022;4;9;1;3;1;2;0;0;1;1;0;0;0;0;347309,447999748983420;5642432,773999219760299;6,827916769000070;50,913319783000098
32554;5220331503100776224;5;1;24;0;2022;3;22;5;3;7;1;2;1;1;0;0;0;0;0;371744,946999893989414;5680122,712999530136585;7,161932606000050;51,258016038000100
32555;5220329514211625991;5;1;66;12;2022;3;10;3;3;9;1;0;0;1;0;0;0;0;0;320165,549849330971483;5695727,527890290133655;6,415548437000040;51,384260181999998
32557;5220408515110089888;5;1;54;36;2022;4;6;6;3;5;3;1;1;1;1;0;0;0;0;303719,435226926987525;5740619,427732490003109;6,154402641000050;51,781968708000100
32558;5220327606400590388;5;3;78;24;2022;3;13;1;2;3;6;0;0;1;0;0;0;0;0;378557,981999919982627;5642793,995999550446868;7,272075331000050;50,923988743000102
32559;5220410404101186664;5;7;66;20;2022;4;19;1;3;3;6;1;0;1;0;0;0;0;0;490897,559000000997912;5753893,696999670006335;8,867598667000040;51,935689154999999
32568;5220329301202071269;5;9;13;0;2022;3;9;3;3;5;3;0;0;1;1;0;0;0;0;395071,199882511980832;5709186,069773839786649;7,487500100000030;51,524030773000000
32570;5220404301306580601;5;9;13;0;2022;4;16;2;3;3;6;0;1;1;1;0;0;0;0;396878,825403473980259;5712876,153659249655902;7,512465441000070;51,557532557999998
32573;5220412410110487455;5;7;70;24;2022;4;15;3;3;5;2;0;0;1;1;0;0;0;0;493991,714664575003553;5792501,608414179645479;8,911923965000030;52,282846418000098
32584;5220328709700372667;5;5;66;28;2022;3;12;2;3;5;3;0;0;1;1;0;0;0;0;412573,873999986972194;5792383,832999680191278;7,718615480000040;52,274867960000101
32588;5220411702100072463;5;5;15;0;2022;4;14;2;3;5;3;0;0;1;1;0;0;0;0;405609,972662304004189;5752103,621487029828131;7,627733108000030;51,911669293000003
32590;5220409709700591773;5;5;66;28;2022;4;19;7;3;0;7;0;1;1;0;0;0;0;0;412438,531045903975610;5791616,924204070121050;7,716831410000050;52,267953224999999
32592;5220331301102278067;5;9;13;0;2022;3;14;5;3;3;6;0;1;1;1;0;0;0;0;396330,253064966003876;5704165,336449960246682;7,507117680000020;51,479133607000101
32597;5220328501127482198;5;1;12;0;2022;3;14;2;3;1;6;0;0;1;1;0;0;0;0;346719,864999752026051;5704036,079999189823866;6,793243620000060;51,466706825000102
32601;5220331702100968953;5;5;15;0;2022;3;14;5;3;0;2;0;0;1;1;0;0;0;0;405477,762999979022425;5754900,428999659605324;7,625043586000060;51,936785934000099
32604;5220409702100664164;5;5;15;0;2022;4;12;7;2;5;3;0;1;1;1;0;0;0;0;403183,698999974993058;5759053,038999659940600;7,590513923000060;51,973716471000003
32608;5220330602800786144;5;3;62;12;2022;3;7;4;3;5;3;1;1;1;1;0;0;0;0;351618,533999781997409;5631779,711999299935997;6,893490790000040;50,818708769000096
32609;5220404500200501154;5;1;11;0;2022;4;18;2;3;5;3;0;1;1;1;0;0;0;0;344781,347999733989127;5682444,685999150387943;6,774785578000040;51,272177359000104
32610;5220407608100877498;5;3;34;2;2022;4;12;5;3;0;7;0;1;1;0;0;0;0;0;291710,191998935013544;5624841,392994940280914;6,047959849000050;50,737955231000100
32611;5220327503200981542;5;1;24;0;2022;3;13;1;3;3;6;0;0;1;1;0;0;0;0;371428,191999893984757;5683089,524999530054629;7,156328494000040;51,284608689000002
32614;5220411411224679080;5;7;74;24;2022;4;0;2;3;0;7;2;0;1;0;0;0;0;0;476454,791999999026302;5742363,368999660015106;8,658308295000040;51,831596556000100
32616;5220404709110176669;5;5;66;8;2022;4;21;2;3;5;3;2;1;1;1;0;0;0;0;399049,142755631997716;5781293,888882749713957;7,523763022000030;52,172878746000002
32620;5220410313110141378;5;9;58;4;2022;4;20;1;3;3;6;1;0;1;0;0;0;0;0;428362,536355758027639;5699362,572395400144160;7,969269129000050;51,440919633000100
32632;5220404515110578357;5;1;54;36;2022;4;13;2;3;5;3;0;1;1;1;0;0;0;0;302044,277016868989449;5742857,618600869551301;6,128872599000030;51,801477661000000
32643;5220409601100190219;5;3;15;0;2022;4;12;7;3;3;2;0;0;1;1;0;0;0;0;355583,889999810024165;5643707,412999370135367;6,945036035000040;50,926904541000098
32659;5220413501313665261;5;1;12;0;2022;4;7;4;3;4;6;0;0;1;0;0;0;0;0;343389,357999722007662;5701482,389999110251665;6,746464772000020;51,442850528000100
32661;5220420411232772320;5;7;74;32;2022;4;18;4;3;5;2;0;0;1;1;0;0;0;0;479217,793000000005122;5731373,532999649643898;8,699062885000050;51,732894730000098
32664;5220428600350085748;5;3;82;32;2022;4;16;5;3;5;3;0;0;1;0;0;1;0;0;360059,915240535978228;5611823,114612219855189;7,020825391000070;50,641449814000097
32666;5220422601100490623;5;3;15;0;2022;4;23;6;3;0;1;2;0;1;0;0;0;0;0;355418,666972891020123;5644700,773957399651408;6,942292593000050;50,935790295000103
32668;5220504705000374716;5;5;54;8;2022;5;13;4;3;5;3;0;0;1;1;0;0;0;0;335279,941999654984102;5745846,875998809933662;6,608998880000060;51,839109667999999
32670;5220427702100518365;5;5;15;0;2022;4;6;4;3;5;3;1;0;1;1;0;0;0;0;405645,787999977997970;5757040,246999659575522;7,626899663000070;51,956048113000101
32683;5220414601600171781;5;3;15;0;2022;4;20;5;3;6;4;1;0;1;0;1;0;0;0;363112,608840360015165;5638216,250740709714592;7,054156710000030;50,879388660000103
32687;5220506601200786263;5;3;15;0;2022;5;15;6;3;5;3;0;0;1;0;0;0;0;0;354285,720844349008985;5644192,491798230446875;6,926382766000070;50,930937366000101
32688;5220504515110078980;5;1;54;36;2022;5;15;4;3;0;1;0;0;1;0;0;0;0;0;302185,309302409004886;5741928,805703249759972;6,131445082000030;51,793186828000003
32702;5220414505200082202;5;1;14;0;2022;4;10;5;3;3;2;0;0;1;0;0;0;0;1;336063,764185893000104;5691995,711279969662428;6,645529840000050;51,355546909000097
32705;5220507606000081773;5;3;78;16;2022;5;16;7;3;0;1;0;0;1;0;0;0;0;0;361439,936251518025529;5664923,417751070111990;7,020202718000060;51,119011473000100
32706;5220506405148006675;5;7;54;48;2022;5;7;6;2;5;3;0;0;1;0;0;0;1;0;447689,590820538986009;5769712,687500789761543;8,236728463000080;52,075520142000101
32720;5220507301202889547;5;9;13;0;2022;5;17;7;3;5;3;0;0;1;1;0;0;0;0;393874,632383299991488;5709143,522815230302513;7,470271529000060;51,523424748000103
32721;5220505301301956124;5;9;78;24;2022;5;17;5;3;5;3;0;0;1;1;0;0;0;0;391849,825999956985470;5717386,057999620214105;7,438561082000040;51,597126992000000
32722;5220429701110273595;5;5;62;32;2022;4;18;6;3;5;2;0;0;1;1;0;0;0;0;373315,968999902019277;5718848,543999549932778;7,170582797000070;51,606407146000002
32727;5220507505200579549;5;1;14;0;2022;5;16;7;3;5;2;0;0;1;1;0;0;0;0;334147,121999634022359;5690954,106998809613287;6,618513647000040;51,345632733000102
32731;5220421405236787038;5;7;54;36;2022;4;13;5;3;0;4;0;0;1;0;1;0;0;0;473419,424999998998828;5750495,907999670132995;8,613633589000070;51,904579658000003
32733;5220416601200286408;5;3;15;0;2022;4;15;7;3;0;7;0;0;1;0;0;0;0;0;358251,147999600972980;5640743,968999669887125;6,984115643000050;50,900933458000097
32735;5220429609108091018;5;3;58;8;2022;4;17;6;3;1;5;0;0;1;1;0;0;0;1;320787,199689737986773;5627864,614000620320439;6,458121944000030;50,774816880000103
32737;5220418709110987267;5;5;66;80;2022;4;3;2;3;0;1;2;0;1;0;0;0;0;0;411305,645142987021245;5778219,725078900344670;7,703743781000070;52,147353211000102
32740;5220430702100591805;5;5;15;0;2022;4;1;7;2;0;1;2;0;1;0;0;0;0;0;406215,674999977985863;5754999,776999659836292;7,635747145000040;51,937803778000003
32742;5220428601600475855;5;3;15;0;2022;4;15;5;3;5;3;0;0;1;1;0;0;0;0;365148,075999865017366;5637064,112999469973147;7,083498165000040;50,869512247999999
32746;5220418609160171766;5;3;58;60;2022;4;13;2;3;3;2;0;0;1;1;0;0;0;0;327796,054020052019041;5623598,517097240313888;6,559429686000040;50,738610479000002
32751;5220503607400690912;5;3;82;68;2022;5;15;3;3;0;1;0;0;1;0;0;0;0;0;368806,251999881991651;5630241,938999489881098;7,137900757000070;50,809036483000099
32755;5220427513130082342;5;1;62;22;2022;4;9;4;3;4;7;0;0;1;1;0;0;0;0;338754,040999678021763;5680307,971998980268836;6,689415347000020;51,251305969999997
32757;5220505505100591454;5;1;14;0;2022;5;18;5;3;4;6;0;0;1;0;0;0;0;0;331260,195170687977225;5684647,706927330233157;6,580084019000030;51,288126515000002
32759;5220430600110273824;5;3;14;0;2022;4;1;7;3;0;1;2;1;1;0;0;0;0;0;364393,501999862026423;5622568,679999459534883;7,078134730000040;50,739054748999997
32760;5220414411132276241;5;7;74;32;2022;4;3;5;3;8;1;2;0;1;0;0;0;0;0;484762,398999999975786;5729736,346999649889767;8,779422542000081;51,718352438000103
32762;5220422508000775319;5;1;19;0;2022;4;17;6;2;0;1;0;0;1;0;0;0;0;0;351155,567999782972038;5704647,765999290160835;6,856797557000050;51,473387133000102
32764;5220504501313773956;5;1;12;0;2022;5;12;4;3;0;3;0;0;1;1;0;0;0;0;345064,694166140980087;5701777,536426830105484;6,770422953000040;51,445963157000101
32771;5220501404301076111;5;7;66;24;2022;5;13;1;2;0;1;0;0;1;0;0;0;0;0;499832,407999999995809;5766650,093999669887125;8,997556018000070;52,050455951000103
32778;5220430406110341016;5;7;58;12;2022;4;18;7;3;0;6;0;0;1;1;0;0;0;0;477681,109675392974168;5772575,207625660113990;8,674140437000061;52,103277435000102
32784;5220504300300047277;5;9;11;0;2022;5;17;4;3;3;2;0;0;1;1;0;0;0;0;380806,618999927013647;5707794,190999579615891;7,282446969000030;51,508690661000102
32789;5220424500100691349;5;1;11;0;2022;4;16;1;3;3;6;0;0;1;1;0;0;0;0;344797,392055728996638;5677721,287675839848816;6,777063686000080;51,229740425999999
32792;5220430705000085645;5;5;54;8;2022;4;15;7;3;5;3;0;0;1;1;0;0;0;0;337010,491280807997100;5743226,877554239705205;6,635329019000040;51,816080491999998
32793;5220415500100876026;5;1;11;0;2022;4;12;6;3;0;7;0;0;1;1;0;0;0;0;343104,567999719991349;5677961,909999109804630;6,752732236000040;51,231439626000103
32794;5220428516000886795;5;1;58;36;2022;4;18;5;3;0;1;0;0;1;0;0;0;0;0;362040,475999848975334;5682189,316999450325966;7,022142906000060;51,274322456999997
32797;5220503513130467135;5;1;62;22;2022;5;17;3;3;0;1;0;0;1;0;1;0;0;0;341023,111296862014569;5685603,755275939591229;6,719546701000070;51,299525375000002
32805;5220505405108306528;5;7;54;8;2022;5;17;5;3;5;3;0;0;1;1;0;0;0;0;462434,731000000028871;5754144,519999659620225;8,453572287000039;51,936750707000002
32806;5220430405244882127;5;7;54;44;2022;4;15;7;2;5;3;0;0;1;1;0;0;0;0;469539,791000001016073;5744514,604999669827521;8,557770124000060;51,850603866000000
32807;5220418315110996424;5;9;70;40;2022;4;17;2;3;4;2;0;0;1;1;0;0;0;0;431630,652216579008382;5638579,109606149606407;8,027842434000039;50,894823752999997
32811;5220506505100285994;5;1;14;0;2022;5;14;6;2;5;2;0;0;1;1;0;0;0;0;332344,869999615999404;5689746,687998729757965;6,593227928000030;51,334256516000004
32812;5220504316300887641;5;9;74;28;2022;5;19;4;3;0;7;0;0;1;0;0;1;0;0;454115,545106815989129;5723553,096286259591579;8,336617344000050;51,661089769999997
32814;5220502500200502247;5;1;11;0;2022;5;11;2;3;3;6;0;0;1;0;0;0;0;0;347229,830913728976157;5677967,724284759722650;6,811770488000040;51,232611093999999
32815;5220416606100132563;5;3;78;12;2022;4;14;7;2;5;2;0;0;1;1;0;0;0;0;373949,910731301002670;5654112,685138430446386;7,202619699000020;51,024734101000000
32824;5220422709700042445;5;5;66;72;2022;4;17;6;3;0;3;0;0;1;0;0;0;0;0;412618,855497147014830;5801850,064979479648173;7,716815702000080;52,359959682000103
32828;5220427702100576692;5;5;15;0;2022;4;8;4;3;5;2;0;0;1;0;0;0;0;0;405968,413136160990689;5757190,915837699547410;7,631552015000070;51,957457042000001
32831;5220507515210562166;5;1;54;20;2022;5;23;7;2;5;2;2;1;1;1;0;0;0;0;323203,104265243979171;5713656,681232489645481;6,450189212000050;51,546270194999998
32834;5220504300100577943;5;9;11;0;2022;5;14;4;3;0;1;0;0;1;0;0;0;0;0;375821,678513602993917;5704851,881580020301044;7,211687227000030;51,481173603000101
32835;5220420705000979006;5;5;54;32;2022;4;14;4;3;5;3;0;0;1;1;0;0;0;0;325379,728756011987571;5747951,449641309678555;6,464376759000060;51,855006302000000
32836;5220502400300903849;5;7;11;0;2022;5;7;2;3;5;3;0;0;1;1;0;0;0;0;466853,168563900981098;5762983,122813929803669;8,516986846000069;52,016496462000099