OBJECTID;UIDENTSTLAE;ULAND;UREGBEZ;UKREIS;UGEMEINDE;UJAHR;UMONAT;USTUNDE;UWOCHENTAG;UKATEGORIE;UART;UTYP1;ULICHTVERH;IstStrassenzustand;IstRad;IstPKW;IstFuss;IstKrad;IstGkfz;IstSonstige;LINREFX;LINREFY;XGCSWGS84;YGCSWGS84
32837;5220416601200991759;5;3;15;0;2022;4;0;7;3;5;2;2;0;1;1;0;0;0;0;356886,487999817007221;5641084,499999379739165;6,964587645000050;50,903657179000000
32838;5220419410250487105;5;7;70;44;2022;4;17;3;3;5;3;0;0;1;1;0;0;0;0;463962,345280869980343;5803541,943620730191469;8,470548629000060;52,380951099000100
32839;5220429501134578936;5;1;12;0;2022;4;5;6;3;5;3;2;0;1;1;0;0;0;0;344270,895999730972107;5710883,770999129861593;6,754992909000070;51,527563620000102
32845;5220428607400890890;5;3;82;44;2022;4;16;5;3;4;2;0;0;1;1;0;0;0;0;363429,355597486020997;5627441,701557730324566;7,062670573000050;50,782626209999997
32852;5220417705000087233;5;5;54;52;2022;4;15;1;2;5;3;0;0;1;1;0;0;0;0;379012,412872251996305;5774887,001625940203667;7,233178571000050;52,111274378000097
32853;5220425500200871875;5;1;11;0;2022;4;17;2;2;5;3;0;1;1;1;0;0;0;0;344462,996971311978996;5680334,668047989718616;6,771142989000050;51,253131453999998
32858;5220429301302382388;5;9;13;0;2022;4;14;6;3;5;2;0;0;1;1;0;0;0;0;396934,023694071976934;5706893,242973100394011;7,515012456000020;51,503764331000099
32859;5220427518320551764;5;1;70;52;2022;4;18;4;3;5;2;0;0;1;1;0;0;0;0;324784,145999538013712;5725899,698998290114105;6,466851713000040;51,656739807000100
32862;5220419602400090870;5;3;62;32;2022;4;12;3;3;0;1;0;1;1;0;0;0;0;0;343196,849721845006570;5635466,258995950222015;6,772448440000060;50,849616954000098
32870;5220502506100076538;5;1;16;0;2022;5;15;2;3;0;1;0;0;1;0;0;0;0;0;317374,291999422013760;5669748,732997889630497;6,388746617000040;51,150009485000098
32874;5220420505100571976;5;1;14;0;2022;4;14;4;3;0;1;0;0;1;0;0;0;0;0;334033,190999632002786;5688395,022998809814453;6,618071579000060;51,322608149000096
32876;5220415609144081255;5;3;58;44;2022;4;11;6;3;8;7;0;0;1;0;0;0;0;0;316954,612999395991210;5615077,306997979991138;6,410163877000060;50,658742521000100
32879;5220423410110087151;5;7;70;24;2022;4;15;7;3;3;2;0;0;1;1;0;0;0;0;492321,581000000995118;5793375,578999689780176;8,887421446000079;52,290683055000002
32882;5220505404101787045;5;7;66;20;2022;5;16;5;3;5;3;0;0;1;1;0;0;0;0;489681,728999999992084;5753196,591999669559300;8,849934545000050;51,929400246000100
32887;5220418601100885320;5;3;15;0;2022;4;6;2;3;0;7;1;0;1;0;0;0;0;0;355431,659034566022456;5644699,540364029817283;6,942477860000050;50,935782465999999
32889;5220505705000091108;5;5;54;56;2022;5;12;5;2;5;3;0;0;1;1;0;0;0;0;355943,452999820001423;5761688,124999370425940;6,902083865000070;51,987157326999998
32890;5220503706300276677;5;5;58;28;2022;5;18;3;3;0;1;0;0;1;0;0;0;0;0;399913,374598284019157;5731984,694797010160983;7,550757297000080;51,729838936000100
32891;5220421515211790977;5;1;54;28;2022;4;16;5;2;5;3;0;0;1;0;0;1;0;0;314059,012428489979357;5703622,337111460044980;6,323749742000080;51,453204416000098
32892;5220502303100977974;5;9;15;0;2022;5;13;2;3;5;3;0;0;1;0;0;0;0;1;417265,151845943997614;5725193,163132810033858;7,803555142000050;51,671616329000102
32894;5220419515210076030;5;1;54;48;2022;4;19;3;2;0;1;0;0;1;0;0;0;0;0;325630,294797773996834;5701896,345174499787390;6,490968331000030;51,441381197000098
32915;5220423602400989820;5;3;62;32;2022;4;11;7;3;0;7;0;0;1;0;0;0;0;0;343178,846235293021891;5635497,687650790438056;6,772179430000050;50,849894490000104
32916;5220420301202208824;5;9;13;0;2022;4;18;4;3;5;7;0;0;1;0;0;0;0;1;394538,326991898997221;5708845,281884149648249;7,479923896000060;51,520868332000099
32921;5220422602100315333;5;3;62;8;2022;4;8;6;3;5;3;0;0;1;1;0;0;0;0;333981,044530373008456;5648013,354139329865575;6,635938060000060;50,959781393000100
32923;5220504601700065984;5;3;16;0;2022;5;14;4;3;3;6;0;0;1;1;0;0;0;0;362267,926193393010180;5658984,899120190180838;7,034290624000050;51,065841324000097
32924;5220502601600381673;5;3;15;0;2022;5;10;2;3;0;1;0;0;1;0;0;0;0;0;365152,715513764997013;5637695,784755519591272;7,083331152000030;50,875190583000098
32925;5220417502318077665;5;1;13;0;2022;4;12;1;3;0;1;0;0;1;0;0;0;0;0;354286,328209482016973;5705356,236924850381911;6,901552114000030;51,480568216999998
32927;5220422701500477638;5;5;62;24;2022;4;13;6;3;5;3;0;0;1;1;0;0;0;0;370443,982999891974032;5725365,528999529778957;7,126720620000070;51,664319995000000
32932;5220418514110581679;5;1;66;32;2022;4;14;2;3;5;2;0;0;1;1;0;0;0;0;318711,558999443019275;5681330,382997959852219;6,401996561000030;51,254472039000099
32933;5220507502210677651;5;1;13;0;2022;5;15;7;2;0;1;0;0;1;0;0;0;0;0;360876,980999843974132;5698771,263999430462718;6,998991026000060;51,423053078000102
32936;5220503601100476172;5;3;15;0;2022;5;19;3;3;6;4;0;0;1;0;1;0;0;0;355666,645999810018111;5644691,272999360226095;6,945823211000060;50,935767027000097
32937;5220421501000682347;5;1;12;0;2022;4;16;5;3;0;1;0;0;1;1;0;0;0;0;343357,416417952976190;5706459,263199759647250;6,743800313000070;51,487557959000100
32938;5220416502405879101;5;1;17;0;2022;4;18;7;3;0;7;0;0;1;1;0;0;0;0;356343,085380391974468;5699413,791654510423541;6,933564272000070;51,427695866000100
32950;5220502515110582191;5;1;54;36;2022;5;18;2;3;5;3;0;0;1;1;0;0;0;0;304218,675999258994125;5742566,478996230289340;6,160532192000060;51,799628544000001
32953;5220503406210474489;5;7;58;4;2022;5;13;3;3;2;2;0;0;1;1;0;0;0;0;472002,809000000997912;5783480,294999679550529;8,590339441000030;52,201061310999997
32959;5220505500100571838;5;1;11;0;2022;5;10;5;3;3;2;0;0;1;1;0;0;0;0;345512,485999737982638;5677071,066999169997871;6,787577907000070;51,224091919999999
32964;5220426301101080629;5;9;13;0;2022;4;19;3;3;3;5;0;1;1;1;0;0;0;0;392579,921853801002726;5708069,066086660139263;7,451943921000070;51,513522305000002
32965;5220508301205580619;5;9;13;0;2022;5;17;1;2;5;3;0;0;1;1;0;0;0;0;386979,412999944994226;5711613,626999610103667;7,370130439000040;51,544288350000002
32966;5220422307000489948;5;9;62;32;2022;4;23;6;2;0;7;2;0;1;0;0;0;0;0;404003,834999977028929;5675290,266999620012939;7,625374506000070;51,220919823000003
32971;5220417502318190833;5;1;13;0;2022;4;12;1;3;0;1;0;0;1;0;0;0;0;0;354238,272011396009475;5705368,791060569696128;6,900855366000030;51,480668643999998
32975;5220420502111887322;5;1;13;0;2022;4;9;4;3;4;7;0;0;1;1;0;0;0;0;362254,172999854024965;5700889,484999449923635;7,017962566000050;51,442424726000098
32981;5220507317220375439;5;9;78;4;2022;5;11;7;3;0;1;0;0;1;0;0;0;0;0;405847,436318635998759;5717901,282963990233839;7,640450149000060;51,604272202000097
32982;5220505400100266297;5;7;11;0;2022;5;7;5;3;5;2;0;0;1;1;0;0;0;0;469536,100492256984580;5767910,275013649836183;8,555641988000049;52,060948450000097
32988;5220507705000425217;5;5;54;68;2022;5;12;7;3;1;6;0;0;1;1;0;0;0;0;353246,707344826019835;5766751,526199850253761;6,860670792000060;52,031944508999999
32990;5220503711211887402;5;5;70;4;2022;5;10;3;3;0;1;0;0;1;1;0;0;0;0;426298,183999995002523;5738573,049999659880996;7,931324375000030;51,793156734000000
32991;5220421502338079607;5;1;13;0;2022;4;16;5;3;5;3;0;0;1;1;0;0;0;0;363830,544999859994277;5704636,812999470159411;7,039187779000030;51,476481346000099
32992;5220502301302073589;5;9;13;0;2022;5;10;2;3;5;3;0;0;1;1;0;0;0;0;395751,638323051971383;5706922,435910530388355;7,497974132000020;51,503809864000097
32994;5220419513320681460;5;1;62;4;2022;4;16;3;3;0;7;0;0;1;0;0;0;0;0;346223,998999743023887;5659731,960999189876020;6,805164882000040;51,068480936000100
32997;5220420405148290679;5;7;54;48;2022;4;7;4;3;5;3;0;0;1;1;0;0;0;0;442273,582703826017678;5768038,011731659993529;8,157994441000030;52,059926836000002
33004;5220504605152981871;5;3;74;52;2022;5;16;4;2;8;1;0;0;1;0;0;0;0;0;388536,006254088017158;5663448,290110000409186;7,407637586000020;51,111664578999999
33008;5220425316300089235;5;9;74;28;2022;4;7;2;3;2;2;0;1;1;1;0;0;0;0;456747,395000000018626;5729933,806999660097063;8,373874252000061;51,718666830000103
33010;5220503602400573759;5;3;62;32;2022;5;19;3;3;2;2;0;0;1;0;0;0;0;0;337852,874999662977643;5639257,490998979657888;6,694916073000060;50,882209633000102
33014;5220429503400291145;5;1;22;0;2022;4;18;6;2;5;3;0;0;1;1;0;0;0;0;366329,110999871976674;5671495,993999489583075;7,087578029000040;51,179242465000101
33021;5220422301202080664;5;9;13;0;2022;4;12;6;3;5;2;0;0;1;0;0;1;0;0;393159,316999959992245;5711417,536999619565904;7,459274678000040;51,543729677999998
33022;5220506513310478782;5;1;62;8;2022;5;11;6;3;0;1;0;0;1;0;0;0;0;0;331373,308999600005336;5661043,691998720169067;6,592781669000030;51,076095913000103
33024;5220421602900176757;5;3;62;40;2022;4;17;5;3;5;3;0;0;1;1;0;0;0;0;355674,117999810026959;5633287,930999370291829;6,950432706000070;50,833288120000098
33025;5220502600310078278;5;3;14;0;2022;5;17;2;3;0;6;0;0;1;0;0;0;0;1;363799,325743813998997;5619339,646306700073183;7,070911405000060;50,709893717999996
33028;5220503515210062166;5;1;54;28;2022;5;12;3;2;0;3;0;0;1;1;0;0;0;0;320460,742292859998997;5699637,084933389909565;6,417807940000050;51,419472185000103
33029;5220420603116813406;5;3;66;16;2022;4;11;4;2;0;1;0;0;1;0;0;0;0;0;343967,697404804988764;5613631,272421210072935;6,792642033000050;50,653612336999998
33030;5220501607400341636;5;3;82;44;2022;5;15;1;3;0;1;0;0;1;0;0;0;0;0;361322,735999842989258;5633031,099999429658055;7,030694084000060;50,832360852000100
33033;5220427310240485255;5;9;54;4;2022;4;14;4;2;0;1;0;0;1;0;0;0;0;0;392293,545999954978470;5680785,769999600015581;7,456096329000050;51,268228843000003
33037;5220414505200074017;5;1;14;0;2022;4;8;5;3;5;2;0;0;1;1;0;0;0;0;334164,730999635008629;5691174,053998810239136;6,618663788000050;51,347613916999997
33043;5220421515110078980;5;1;54;36;2022;4;9;5;3;9;7;0;0;1;0;0;0;0;0;308787,326835801010020;5744759,231678860262036;6,225497941000070;51,820901544999998
33045;5220416702100787860;5;5;15;0;2022;4;14;7;3;0;1;0;0;1;0;0;0;0;0;399285,734999970009085;5757015,186999649740756;7,534383311000060;51,954707384000102
33047;5220424411224287044;5;7;74;24;2022;4;11;1;2;5;3;0;0;1;1;0;0;0;0;475647,427000001014676;5743348,992999659851193;8,646522545000041;51,840423721000001
33050;5220501307000876074;5;9;62;40;2022;5;12;1;3;0;2;0;0;1;1;0;0;0;0;415655,529800973017700;5700166,701187070459127;7,786287889000050;51,446398881999997
33051;5220414705000786931;5;5;54;8;2022;4;8;5;3;5;3;0;1;1;1;0;0;0;0;336042,349021933972836;5747533,417543049901724;6,619255669000040;51,854484933999998
33056;5220505313122066934;5;9;58;8;2022;5;13;5;2;0;5;0;0;1;1;0;0;0;1;458468,917626115027815;5690279,577666760422289;8,403473324000061;51,362258898999997
33057;5220503506100081915;5;1;16;0;2022;5;15;3;3;3;6;0;0;1;1;0;0;0;0;321233,930447196005844;5674793,998490249738097;6,441364984000070;51,196550907000102
33058;5220420608332980719;5;3;34;32;2022;4;15;4;2;0;1;0;0;1;0;0;0;0;0;306593,907781978021376;5622839,714858179911971;6,259685691000070;50,725121946999998
33061;5220427502208977668;5;1;13;0;2022;4;19;4;2;0;1;1;0;1;0;0;0;0;0;357770,781815818976611;5701735,629351469688118;6,953154133000060;51,448920203000100
33065;5220419600130761345;5;3;82;8;2022;4;15;3;3;2;3;0;0;1;1;0;0;0;0;374628,264999905019067;5611387,630999520421028;7,226901837000070;50,640851996999999
33072;5220506316300064049;5;9;74;28;2022;5;7;6;3;5;3;0;0;1;1;0;0;0;0;456747,395000000018626;5729933,806999660097063;8,373874252000061;51,718666830000103
33075;5220502500300081436;5;1;11;0;2022;5;21;2;3;0;7;1;0;1;0;0;0;0;0;343414,187956391018815;5675505,290419739671052;6,758236300000020;51,209451279000099
33103;5220502709110576669;5;5;66;4;2022;5;14;2;3;5;3;0;0;1;1;0;0;0;0;395036,376428167975973;5766035,955143730156124;7,469806943000040;52,034998126000097
33105;5220430608324789892;5;3;34;24;2022;4;11;7;2;5;3;0;0;1;1;0;0;0;0;301192,817982302978635;5613984,469687270000577;6,188018069000070;50,643760301000000
33109;5220422518310528507;5;1;70;32;2022;4;8;6;3;5;2;0;0;1;1;0;0;0;0;333934,167999634984881;5712137,356998779810965;6,605522065000060;51,535880722000101
33112;5220502607500071621;5;3;82;60;2022;5;18;2;3;5;3;0;0;1;1;0;0;0;0;375046,581269318994600;5627947,392508169636130;7,227207233000060;50,789791679000103
33116;5220505601400566078;5;3;15;0;2022;5;13;5;3;4;6;0;0;1;0;0;0;0;0;354202,670230804011226;5653676,963409130461514;6,921398837000030;51,016149805000097
33118;5220421300300077963;5;9;11;0;2022;4;20;5;3;5;3;2;0;1;1;0;0;0;0;380111,515680290991440;5708666,279551680199802;7,272138971000060;51,516381606000003
33123;5220423602700071666;5;3;62;28;2022;4;16;7;3;5;3;0;0;1;1;0;0;0;0;352191,174999785027467;5636555,983999310061336;6,899687692000040;50,861778161000103
33125;5220430513210075524;5;1;62;24;2022;4;22;7;3;0;1;2;0;1;0;0;0;0;0;338202,310348596016411;5670647,391628660261631;6,685872634000020;51,164351093999997
33133;5220417410140587124;5;7;70;12;2022;4;14;1;2;5;3;0;0;1;1;0;0;0;0;482594,000000000989530;5797283,961999690160155;8,744597703000069;52,325598911999997
33134;5220424709700191641;5;5;66;72;2022;4;19;1;3;8;3;0;0;1;0;0;0;0;0;411119,200418131018523;5800834,717158909887075;7,695068409000040;52,350592520000099
33142;5220505500200365526;5;1;11;0;2022;5;16;5;3;0;7;0;0;1;0;0;0;0;0;348124,948911365005188;5681430,928560329601169;6,823112516000040;51,263969072000101
33145;5220427709300074703;5;5;66;68;2022;4;17;4;3;5;2;0;0;1;1;0;0;0;0;378144,358551297977101;5785215,225820939987898;7,216802493000050;52,203897015000102
33148;5220506405244691751;5;7;54;44;2022;5;20;6;3;5;3;0;0;1;1;0;0;0;0;469946,610000000975560;5751140,906999659724534;8,563099133000041;51,910202211000097
33150;5220421518301072108;5;1;70;4;2022;4;17;5;3;5;2;0;0;1;1;0;0;0;0;328299,368999573984183;5716279,517998510040343;6,522333115000040;51,571405233000100
33152;5220416608312533360;5;3;34;12;2022;4;12;7;3;0;2;0;0;1;1;0;0;0;0;306808,848495109996293;5633567,605786879546940;6,257093095000070;50,821557353000102
33163;5220504608200525242;5;3;34;2;2022;5;12;4;3;5;3;0;0;1;1;0;0;0;0;297319,730999052990228;5627616,553995849564672;6,125827142000050;50,764865031000099
33168;5220418518210448286;5;1;70;28;2022;4;17;2;3;4;2;0;0;1;1;0;0;0;0;331896,333999612019397;5702832,542998700402677;6,580598616000030;51,451685976000100
33169;5220507600360590924;5;3;82;12;2022;5;14;7;3;5;3;0;0;1;1;0;0;0;0;356862,659999819006771;5625369,707999380305409;6,970385708000040;50,762420956000000
33174;5220502406110882095;5;7;58;12;2022;5;13;2;2;4;6;0;0;1;0;0;0;0;0;476142,002288379997481;5772899,346646679565310;8,651646939000051;52,106127405000102
33180;5220419702100565835;5;5;15;0;2022;4;21;3;3;5;3;2;0;1;1;0;0;0;0;403022,609999976004474;5754056,401999659836292;7,589579454000050;51,928777091000001
33184;5220426406210686804;5;7;58;4;2022;4;15;3;3;0;3;0;0;1;1;0;0;0;0;471013,396932335977908;5782363,808781130239367;8,575958115000050;52,190972497000097
33185;5220422601300086263;5;3;15;0;2022;4;11;6;3;0;1;0;0;1;0;0;0;0;0;353307,372850406973157;5646742,822277690283954;6,911443015000030;50,953608215000003
33187;5220504602300180797;5;3;62;36;2022;5;14;4;3;5;2;0;0;1;1;0;0;0;0;345783,947999737982173;5652526,210999189876020;6,801955920000070;51,003613364000003
33188;5220502600130086324;5;3;82;8;2022;5;18;2;3;5;3;0;0;1;1;0;0;0;0;375478,380604665027931;5611534,147125099785626;7,238869478000030;50,642351281000103
33189;5220417515210248405;5;1;54;12;2022;4;18;1;2;5;3;0;0;1;1;0;0;0;0;315144,176999403978698;5709697,688997600227594;6,336170950000050;51,508128778000099
33193;5220420701910685435;5;5;62;8;2022;4;15;4;3;5;3;0;0;1;1;0;0;0;0;384272,048107561015058;5719883,522011240012944;7,328379554000040;51,618067639000103
33195;5220429301204587415;5;9;13;0;2022;4;17;6;3;5;2;0;0;1;1;0;0;0;0;383791,676956844981760;5709207,019616729579866;7,324975232000040;51,522010762000001
33197;5220429709700776747;5;5;66;28;2022;4;10;6;2;0;1;0;0;1;1;0;0;0;0;412502,701200825977139;5791961,040468559600413;7,717682282000060;52,271056457000000
33201;5220418501127575479;5;1;12;0;2022;4;15;2;3;3;7;0;0;1;0;0;0;0;0;346673,044999748992268;5702564,371999190188944;6,793208214000060;51,453470681000098
33206;5220420706000087452;5;5;58;20;2022;4;16;4;2;0;1;0;0;1;0;0;0;0;0;393315,309389015019406;5755558,257390259765089;7,447985988000030;51,940499606000103
33208;5220416516000386853;5;1;58;20;2022;4;9;7;3;5;2;0;0;1;1;0;0;0;0;355484,372999809973408;5664448,644999359734356;6,935355641000060;51,113273784999997
33212;5220417711114276143;5;5;70;52;2022;4;23;1;3;9;1;2;0;1;0;0;0;0;0;422520,130292020970955;5746812,862278630025685;7,874709089000020;51,866717827999999
33214;5220430706200584916;5;5;58;20;2022;4;17;7;3;5;3;0;0;1;1;0;0;0;0;391432,884569160989486;5759372,972007559612393;7,419406749000070;51,974420629000100
33216;5220428608100089813;5;3;34;2;2022;4;7;5;3;3;6;0;0;1;1;0;0;0;0;295084,591615496028680;5626318,679931519553065;6,094896657000050;50,752423475999997
33217;5220426500300045578;5;1;11;0;2022;4;8;3;3;5;3;0;1;1;1;0;0;0;0;343662,315950124990195;5674528,894656949676573;6,762211107000040;51,200746027000001
33224;5220505600350085748;5;3;82;32;2022;5;15;5;3;5;3;0;0;1;1;0;0;0;0;361418,317023964016698;5610363,421106619760394;7,040570956000070;50,628655010999999
33233;5220430518310091455;5;1;70;32;2022;4;2;7;3;0;1;2;0;1;0;0;0;0;0;330280,745234236004762;5714435,727036699652672;6,551786590000060;51,555441571000102
33240;5220502516300286871;5;1;58;28;2022;5;7;2;3;5;3;0;0;1;1;0;0;0;0;350361,507414516003337;5689386,281383389607072;6,851810128000070;51,336045153000001
33247;5220415607300686325;5;3;82;16;2022;4;14;6;3;0;1;0;0;1;0;0;0;0;0;390819,697632977971807;5626182,104945190250874;7,451421150000040;50,777108243999997
33249;5220427303100523143;5;9;15;0;2022;4;12;4;3;4;6;0;0;1;0;0;0;0;0;412953,182719959004316;5724151,736846339888871;7,741474184000030;51,661603027000098
33252;5220505316200551335;5;9;74;52;2022;5;8;5;3;1;7;0;0;1;1;0;0;0;0;421787,719683099014219;5710804,012819619849324;7,872152935000030;51,542908443000002
33253;5220430407149687148;5;7;62;16;2022;4;11;7;2;2;2;0;0;1;0;0;0;0;0;515983,855308289988898;5729637,750056340359151;9,231375518000050;51,717445148000103
33255;5220428303100958254;5;9;15;0;2022;4;7;5;3;5;3;0;0;1;0;0;0;0;0;418633,047387979982886;5725496,989900959655643;7,823261230000070;51,674547398000101
33256;5220425605136686081;5;3;74;36;2022;4;15;2;2;0;1;0;0;1;0;0;0;0;0;386915,036888604983687;5674360,453092399984598;7,381060037000050;51,209432802999999
33262;5220416709110080991;5;5;66;8;2022;4;19;7;3;0;2;0;0;1;1;0;0;0;0;399401,699999968986958;5781822,078999670222402;7,528760096000040;52,177690360000000
33265;5220503400300090661;5;7;11;0;2022;5;14;3;3;5;3;0;0;1;1;0;0;0;0;462894,830714893992990;5757531,569489859975874;8,459898886000079;51,967233296000103
33266;5220420500100378693;5;1;11;0;2022;4;22;4;3;4;6;2;0;1;0;0;0;0;0;346412,201895615027752;5675999,798198450356722;6,800911456000050;51,214708784000003
33268;5220414702100572362;5;5;15;0;2022;4;11;5;3;5;2;0;0;1;0;0;0;0;1;408287,172999982023612;5760804,439999659545720;7,664321460000050;51,990324682000100
33274;5220429701610690206;5;5;62;12;2022;4;8;6;2;5;3;0;0;1;1;0;0;0;0;360424,272999843000434;5726336,581999430432916;6,981548865000040;51,670646521999998
33277;5220418514220078903;5;1;66;36;2022;4;15;2;3;5;3;0;0;1;1;0;0;0;0;324631,786860116000753;5681402,588789190165699;6,486713574000020;51,256972070000103
33280;5220506310140989423;5;9;54;28;2022;5;15;6;3;0;7;0;0;1;0;0;0;0;0;380474,910799623001367;5687472,895381810143590;7,284521747000040;51,325976748000102
33281;5220503701500685012;5;5;62;24;2022;5;13;3;3;5;3;0;0;1;1;0;0;0;0;370360,193999890005216;5725446,615999530069530;7,125479712000070;51,665029373000003
33285;5220419410110840257;5;7;70;24;2022;4;10;3;2;0;7;0;0;1;0;0;0;0;0;492974,044158257020172;5795301,672187809832394;8,896947449000040;52,308008298000097
33286;5220429601100786469;5;3;15;0;2022;4;22;6;3;0;4;2;1;1;0;1;0;0;0;355190,168999809015077;5644805,020999359898269;6,939001389000050;50,936669809000101
33289;5220419706000086167;5;5;58;16;2022;4;9;3;3;4;2;0;0;1;1;0;0;0;0;382004,699999932025094;5744826,631999599747360;7,287190251000030;51,841769913000100
33292;5220426404301421697;5;7;66;24;2022;4;7;3;2;0;2;0;0;1;1;0;0;0;0;500495,336986266018357;5764676,884018179960549;9,007220604000050;52,032714832000103
33293;5220422600330090888;5;3;82;48;2022;4;16;6;2;9;1;0;0;1;0;0;0;0;0;354302,103278123016935;5606024,963009759783745;6,941723775000070;50,587929080999999
33304;5220423608100686854;5;3;34;2;2022;4;0;7;3;5;2;2;0;1;1;0;0;0;0;293582,760998975019902;5628737,183995240367949;6,072278316000050;50,773612331999999
33311;5220506503000591179;5;1;20;0;2022;5;18;6;3;1;7;0;0;1;1;0;0;0;0;379268,471015270974021;5672344,417756999842823;7,272320555000020;51,189747205000103
33312;5220504500200267523;5;1;11;0;2022;5;18;4;3;5;3;0;0;1;1;0;0;0;0;346371,003650308004580;5679853,066774030216038;6,798669816000030;51,249321260000002
33313;5220421606700873243;5;3;78;16;2022;4;5;5;3;0;1;1;0;1;0;0;0;0;0;361809,862995360977948;5662463,717043990269303;7,026427015000020;51,096995505999999
33314;5220502411132066267;5;7;74;32;2022;5;17;2;3;0;7;0;0;1;0;0;0;0;0;484958,390190156991594;5730943,147281330078840;8,782207532000029;51,729208454000101
33320;5220501515110927547;5;1;54;36;2022;5;21;1;2;0;1;2;0;1;0;0;0;0;0;301579,410653945000377;5743694,687580550089478;6,121660311000030;51,808829737000103
33324;5220423405228387018;5;7;54;28;2022;4;10;7;2;5;3;0;0;1;1;0;0;0;0;454521,693000000028405;5743800,031999659724534;8,339840196000070;51,843157812000101
33325;5220507300600269503;5;9;16;0;2022;5;14;7;3;5;3;0;0;1;1;0;0;0;0;373888,168999904009979;5712186,457999560050666;7,181233375000030;51,546662958000098
33335;5220430503200480511;5;1;24;0;2022;4;14;7;3;5;3;0;0;1;1;0;0;0;0;374061,596890854998492;5676701,696318419650197;7,196318810000040;51,227785550000100
33336;5220414515212091268;5;1;54;32;2022;4;18;5;3;4;2;0;0;1;1;0;0;0;0;309679,978081131004728;5718649,958238489925861;6,252684089000070;51,586718443999999
33340;5220506502134952578;5;1;13;0;2022;5;16;6;3;1;1;0;0;1;0;0;0;0;0;366330,123775170999579;5700908,564991730265319;7,076568527000060;51,443572783000000
33341;5220504406230790662;5;7;58;20;2022;5;11;4;3;5;3;0;0;1;1;0;0;0;0;475031,156000001006760;5786838,916999679990113;8,634401959000060;52,231402314000000
33346;5220503500100557529;5;1;11;0;2022;5;14;3;3;3;2;0;0;1;1;0;0;0;0;342945,789180734020192;5677965,508063799701631;6,750458293000070;51,231428282000103
33347;5220420518400882173;5;1;70;8;2022;4;10;4;3;0;1;0;0;1;0;0;0;0;0;343551,430999725998845;5714920,255999109707773;6,742835036000030;51,563631286000003
33348;5220501500200775923;5;1;11;0;2022;5;2;1;3;0;1;2;0;1;0;0;0;0;0;344740,493995869997889;5680381,958954920060933;6,775095805000030;51,253631998000102
33360;5220505706000085477;5;5;58;12;2022;5;16;5;2;5;2;0;0;1;0;0;0;1;0;374224,629999906988814;5755077,698999569751322;7,170578107000040;51,932193508000097
33365;5220419501213276338;5;1;12;0;2022;4;21;3;3;0;3;2;0;1;1;0;0;0;0;341138,377999702992383;5698478,113999050110579;6,715449196000070;51,415231237000100
33366;5220424405140470390;5;7;54;40;2022;4;4;1;3;0;1;2;0;1;0;0;0;0;0;458103,346442301000934;5760623,726696070283651;8,389780656000029;51,994692755000102
33368;5220420400100403919;5;7;11;0;2022;4;17;4;3;5;2;0;0;1;1;0;0;0;0;469485,028000000980683;5767754,291999669745564;8,554910988000071;52,059543259000101
33369;5220430700000191449;5;5;13;0;2022;4;17;7;3;2;2;0;0;1;1;0;0;0;0;366460,615999875997659;5715284,414999499917030;7,073000952000030;51,572794146000000
33372;5220426700000491000;5;5;13;0;2022;4;5;3;3;4;2;0;1;1;1;0;0;0;0;367528,594999876979273;5709431,722999500110745;7,090606413000050;51,520449991000099
33374;5220506705000981625;5;5;54;8;2022;5;11;6;3;5;3;0;0;1;1;0;0;0;0;335287,621999656024855;5745846,259998809546232;6,609110547000060;51,839106399999999
33377;5220428502405085457;5;1;17;0;2022;4;10;5;2;5;3;0;0;1;1;0;0;0;0;357634,187999825982843;5701622,371999399736524;6,951235305000070;51,447868143000100
33383;5220421301301709039;5;9;78;24;2022;4;11;5;2;5;3;0;0;1;1;0;0;0;0;397995,303999966010451;5720549,842999629676342;7,526334317000020;51,626711395000001
33385;5220419405000982136;5;7;54;32;2022;4;7;3;3;5;2;0;0;1;1;0;0;0;0;456863,205519618990365;5730332,996111120097339;8,375501179000031;51,722264801000101
33388;5220417601300080369;5;3;15;0;2022;4;19;1;3;0;1;0;0;1;0;0;0;0;0;353356,565999794984236;5645596,196999330073595;6,912604668000030;50,943316465000102
33392;5220426405140506573;5;7;54;12;2022;4;16;3;2;0;1;0;0;1;0;0;0;0;0;457066,465362632006872;5767147,891565769910812;8,373861034000070;52,053268309000003
33393;5220422601100574357;5;3;15;0;2022;4;21;6;3;3;5;2;0;1;1;0;0;0;0;356692,539481014013290;5643066,917001809924841;6,961052520000070;50,921424930999997
33394;5220506514124085878;5;1;66;20;2022;5;12;6;3;5;3;0;0;1;1;0;0;0;0;302884,444778374978341;5677059,780992209911346;6,177814526000020;51,210866413000097
33396;5220502602400467864;5;3;62;32;2022;5;5;2;3;4;6;2;0;1;0;0;0;0;0;337110,771999658027198;5640870,780998949892819;6,683656323000040;50,896496835000100
33399;5220503500100673888;5;1;11;0;2022;5;7;3;3;5;3;0;0;1;1;0;0;0;0;346593,760675659985282;5676156,648289349861443;6,803441893000070;51,216166972000103
33401;5220416407101077576;5;7;62;20;2022;4;18;7;3;0;1;0;0;1;0;0;0;0;0;528908,450000002048910;5738477,900999659672379;9,419197603000040;51,796410458000103