OBJECTID;UIDENTSTLAE;ULAND;UREGBEZ;UKREIS;UGEMEINDE;UJAHR;UMONAT;USTUNDE;UWOCHENTAG;UKATEGORIE;UART;UTYP1;ULICHTVERH;IstStrassenzustand;IstRad;IstPKW;IstFuss;IstKrad;IstGkfz;IstSonstige;LINREFX;LINREFY;XGCSWGS84;YGCSWGS84
33403;5220427601600190167;5;3;15;0;2022;4;21;4;3;0;7;1;0;1;1;0;0;0;0;359804,930035797995515;5644850,430402119643986;7,004619984000040;50,938218276999997
33406;5220419601100686377;5;3;15;0;2022;4;3;3;3;5;2;2;0;1;1;0;0;0;0;355404,685833646974061;5643945,792734580114484;6,942393266000070;50,929001923999998
33408;5220414406110582087;5;7;58;12;2022;4;9;5;3;5;3;0;0;1;1;0;0;0;0;477921,262000000977423;5777215,005999679677188;8,677345525000019;52,145001762000000
33409;5220428405108782151;5;7;54;8;2022;4;0;5;3;9;1;2;0;1;0;0;0;0;0;460019,526174710015766;5751130,133356340229511;8,418792523000040;51,909481229000100
33414;5220504400200960938;5;7;11;0;2022;5;10;4;3;5;2;0;0;1;1;0;0;0;0;472799,298000000999309;5764742,443999670445919;8,603491060000071;52,032637364000003
33416;5220502506100889782;5;1;16;0;2022;5;16;2;3;0;1;0;0;1;0;0;0;0;0;318857,293312159017660;5670215,690696519799531;6,409692842000030;51,154675441000101
33421;5220420502403081510;5;1;17;0;2022;4;22;4;3;3;7;2;0;1;1;0;0;0;0;351329,763240100990515;5702349,126624040305614;6,860270478000070;51,452778494000000
33430;5220418500300774189;5;1;11;0;2022;4;14;2;3;5;3;0;0;1;1;0;0;0;0;350405,987999774981290;5668765,105999279767275;6,861063798000030;51,150758543000101
33434;5220507516800578613;5;1;58;20;2022;5;14;7;3;5;7;0;0;1;1;0;0;0;0;358381,136999827984255;5665130,133999399840832;6,976445166000080;51,120121300000100
33436;5220504307000885539;5;9;62;60;2022;5;6;4;3;5;3;0;0;1;1;0;0;0;0;414091,869999984977767;5679185,469999630004168;7,768858679000060;51,257545284000102
33441;5220424317120366932;5;9;78;16;2022;4;11;1;3;5;7;0;0;1;1;0;0;0;0;406393,117999979003798;5704851,242999640293419;7,651799335000020;51,487054288000103
33442;5220502705000820733;5;5;54;12;2022;5;11;2;3;5;3;0;0;1;1;0;0;0;0;349045,984999774023890;5745059,391999240033329;6,808999154000050;51,835925189000100
33445;5220415410130039404;5;7;70;28;2022;4;20;6;2;0;1;2;0;1;0;0;0;0;0;497862,569973359000869;5798844,885414250195026;8,968626897000039;52,339904208000100
33447;5220426702000191700;5;5;15;0;2022;4;19;3;3;3;2;0;0;1;1;0;0;0;0;405404,312999979010783;5756016,686999659985304;7,623668405000050;51,946806885000100
33451;5220502702100391845;5;5;15;0;2022;5;16;2;3;3;4;0;0;1;0;1;0;0;0;405374,128937622008380;5755631,197818939574063;7,623335477000070;51,943336803000101
33454;5220425303100873343;5;9;15;0;2022;4;9;2;3;0;1;0;0;1;0;0;0;0;0;417867,171763202990405;5726390,033279590308666;7,811977517000060;51,682463961000103
33455;5220505700000289700;5;5;13;0;2022;5;22;5;3;0;7;2;0;1;0;0;0;0;0;364923,025999866018537;5716779,109999479725957;7,050252069000070;51,585859776000099
33459;5220419317110618785;5;9;78;36;2022;4;17;3;3;0;6;0;0;1;0;0;0;0;0;408570,588759461010341;5712981,469989930279553;7,681041886000060;51,560495687000099
33464;5220504316200468332;5;9;74;52;2022;5;13;4;3;3;3;0;0;1;1;0;0;0;0;425022,200999994005542;5711507,737999640405178;7,918636124000050;51,549673982999998
33467;5220416701800689378;5;5;62;4;2022;4;12;7;2;5;3;0;0;1;1;0;0;0;0;385210,926999941002578;5717330,949999599717557;7,342770655000040;51,595317901000001
33469;5220424317210018902;5;9;78;20;2022;4;21;1;3;4;6;2;1;1;0;0;0;0;0;411726,209420914994553;5715316,241791079752147;7,725965807000020;51,581986614000101
33470;5220502607000078277;5;3;82;60;2022;5;14;2;2;3;6;0;0;1;0;0;0;1;0;372076,997856481000781;5630502,065643889829516;7,184208227000060;50,812106100999998
33474;5220428514214885972;5;1;66;8;2022;4;14;5;3;5;2;0;0;1;1;0;0;0;0;317561,926999430987053;5688867,618997859768569;6,381689840000040;51,321809934000001
33477;5220506610122285813;5;3;70;28;2022;5;21;6;3;4;2;1;0;1;1;0;0;0;0;295716,062999034998938;5645552,407995490357280;6,093115585000020;50,925388146000003
33478;5220504605140986315;5;3;74;40;2022;5;18;4;3;4;1;0;0;1;1;0;0;0;0;403256,333074920985382;5648155,608477089554071;7,621945938000070;50,976860373000100
33481;5220428411232650043;5;7;74;32;2022;4;16;5;3;0;1;0;0;1;0;0;0;0;0;480311,947852278011851;5733009,890776529908180;8,714813987000070;51,747647127000100
33482;5220507500200474169;5;1;11;0;2022;5;21;7;3;5;3;1;0;1;1;0;0;0;0;344421,539828204025980;5677998,997933640144765;6,771564209000080;51,232133415000099
33486;5220421407153590712;5;7;62;16;2022;4;16;5;3;3;6;0;0;1;1;0;0;0;0;511144,845488398976158;5727768,808884800411761;9,161268659000029;51,700757849000098
33490;5220427705000565974;5;5;54;32;2022;4;15;4;3;5;3;0;0;1;0;0;0;0;0;323158,396999522985425;5747023,133998139761388;6,432630828000070;51,845968720000002
33492;5220420300100073766;5;9;11;0;2022;4;15;4;3;2;2;0;0;1;0;0;0;0;1;377175,662580923992209;5704336,227661220356822;7,231355443000040;51,476834822000100
33494;5220414601100176582;5;3;15;0;2022;4;15;5;3;0;1;0;0;1;0;0;0;0;0;355287,606999807001557;5644179,759999359957874;6,940635489000040;50,931075180000100
33495;5220426513110490236;5;1;62;16;2022;4;7;3;3;0;3;2;1;1;1;0;0;0;0;333312,004572640988044;5677886,068438540212810;6,612631983000030;51,227982255000001
33502;5220417315230750044;5;9;70;28;2022;4;19;1;2;0;1;0;0;1;0;0;0;0;0;454052,400367385009304;5640580,725629819557071;8,346382246000079;50,915041867000099
33503;5220424602100053779;5;3;62;8;2022;4;13;1;3;5;3;0;0;1;1;0;0;0;0;337541,354999664006755;5649890,347998959943652;6,685752811000040;50,977661345000101
33504;5220503502103985382;5;1;13;0;2022;5;16;3;3;5;2;0;0;1;1;0;0;0;0;361233,671086081012618;5703278,683520349673927;7,002350817000040;51,463645765000102
33505;5220420608100958005;5;3;34;2;2022;4;12;4;3;5;3;0;0;1;1;0;0;0;0;295091,744999005983118;5627024,857995499856770;6,094604964000040;50,758768404000101
33509;5220427601400190621;5;3;15;0;2022;4;9;4;2;0;2;0;0;1;0;0;0;1;0;357705,125371310976334;5646929,075084289535880;6,973941319000060;50,956384642000003
33514;5220414515110376706;5;1;54;24;2022;4;11;5;3;0;1;0;0;1;0;0;0;0;0;312140,256429706001654;5738063,726236949674785;6,277714599000030;51,761905570000103
33517;5220507702100242871;5;5;15;0;2022;5;12;7;2;7;3;0;0;1;1;0;0;0;0;411161,750643901003059;5751951,272983260452747;7,708462754000040;51,911213076000102
33521;5220421607100781296;5;3;82;60;2022;4;20;5;3;0;3;0;0;1;1;0;0;0;0;373676,839277849998325;5629292,141969360411167;7,207321463000030;50,801581962000100
33526;5220503406110331833;5;7;58;12;2022;5;19;3;3;0;1;0;0;1;0;0;0;0;0;477977,302215279021766;5774330,039624149911106;8,678351313000061;52,119066380000000
33527;5220420502401072164;5;1;17;0;2022;4;9;4;2;0;7;0;0;1;1;0;0;0;0;353220,240999797009863;5700814,340999330393970;6,888095641000060;51,439480607000100
33530;5220428701200957214;5;5;62;20;2022;4;10;5;2;0;1;0;0;1;0;0;0;0;0;373561,076999903016258;5713313,761999550275505;7,176113438000070;51,556720945000102
33537;5220428301201077923;5;9;13;0;2022;4;19;5;3;3;6;0;0;1;1;0;0;0;0;386773,921308420016430;5709442,735915579833090;7,367866484000050;51,524735143000001
33540;5220507503100691295;5;1;24;0;2022;5;10;7;3;4;2;0;0;1;1;0;0;0;0;371132,806999893975444;5680235,391999520361423;7,153124103000040;51,258890696999998
33543;5220503705000176333;5;5;54;8;2022;5;18;3;2;5;3;0;0;1;1;0;0;0;0;339054,621999691007659;5750981,283998950384557;6,661348745000050;51,886336103000097
33545;5220501705000051452;5;5;54;20;2022;5;19;1;3;0;1;0;0;1;0;0;0;0;0;365521,414203763997648;5786838,436791320331395;7,031550054000040;52,215547183000098
33550;5220420407101187067;5;7;62;20;2022;4;17;4;3;5;3;0;0;1;1;0;0;0;0;526410,120000001043081;5736849,123999659903347;9,382846562000051;51,781889558000003
33551;5220430606700568005;5;3;78;16;2022;4;9;7;3;1;5;0;0;1;1;0;0;0;0;360634,410766714019701;5663421,680216359905899;7,009280656000040;51,105320151000100
33552;5220414709000879088;5;5;66;8;2022;4;7;5;3;5;7;0;0;1;0;0;0;0;0;399241,120999970007688;5779797,726999660022557;7,527013552000030;52,159466737000102
33556;5220506701610402177;5;5;62;12;2022;5;7;6;3;5;3;0;0;1;1;0;0;0;0;360047,204999841982499;5726280,641999430023134;6,976122030000060;51,670050050999997
33558;5220502701300141218;5;5;62;14;2022;5;15;2;3;5;2;0;0;1;0;0;0;1;0;361017,964999845018610;5714964,523999439552426;6,994639752000070;51,568604175000097
33559;5220427702100579100;5;5;15;0;2022;4;8;4;3;5;3;0;0;1;1;0;0;0;0;403504,949999974982347;5760699,557999660260975;7,594726177000040;51,988571720000003
33560;5220428513310072583;5;1;62;8;2022;4;8;5;2;5;2;0;0;1;1;0;0;0;0;334049,799999627983198;5660070,719998829998076;6,631401014000060;51,068134284999999
33563;5220503610212463494;5;3;70;40;2022;5;18;3;3;4;6;0;0;1;0;0;0;0;0;309863,562327059975360;5670453,821956920437515;6,281109860000070;51,153897205000099
33564;5220420601500676508;5;3;15;0;2022;4;11;4;3;5;3;0;0;1;1;0;0;0;0;359947,054999836022034;5648940,793999419547617;7,005067571000040;50,975013384000100
33569;5220505407120779418;5;7;62;8;2022;5;15;5;2;0;1;0;0;1;0;0;0;0;0;525754,587000000057742;5723531,822999649681151;9,372359158000050;51,662181663000098
33572;5220414701400277853;5;5;12;0;2022;4;17;5;3;5;3;0;0;1;1;0;0;0;0;357746,533537664974574;5709776,001210889779031;6,949566219000080;51,521164869000103
33573;5220425709000542437;5;5;66;8;2022;4;18;2;2;5;3;0;1;1;1;0;0;0;0;400790,635792620014399;5779774,808324559591711;7,549664567000040;52,159541382999997
33576;5220504514110077518;5;1;66;32;2022;5;10;4;3;0;7;0;0;1;0;0;0;0;0;318430,135876988002565;5681417,953116619959474;6,397923576000040;51,255169133000003
33578;5220502601400486348;5;3;15;0;2022;5;15;2;3;0;3;0;0;1;1;0;0;0;0;356106,724579708010424;5649004,406848080456257;6,950377167000060;50,974638336000098
33579;5220417407201053232;5;7;62;4;2022;4;23;1;3;0;7;2;0;1;1;0;0;0;0;501201,174932990979869;5730281,876662350259721;9,017389997000070;51,723463238000100
33581;5220503514110085820;5;1;66;32;2022;5;11;3;3;5;2;0;0;1;1;0;0;0;0;317554,218999427976087;5681205,356997880153358;6,385493190000030;51,252979875999998
33582;5220420601100290623;5;3;15;0;2022;4;16;4;2;4;6;0;0;1;0;0;0;0;0;354916,243625740986317;5644674,174979690462351;6,935157560000050;50,935425078000002
33587;5220423508000778922;5;1;19;0;2022;4;12;7;3;5;3;0;0;1;1;0;0;0;0;352962,362999797973316;5707543,966999320313334;6,881588144000030;51,499883668000102
33590;5220418400300291275;5;7;11;0;2022;4;14;2;3;4;2;0;0;1;1;0;0;0;0;465259,926735421991907;5760308,868926860392094;8,494042384000069;51,992355846000102
33592;5220425608408977506;5;3;34;8;2022;4;14;2;3;2;6;0;0;1;0;0;0;0;0;301163,975993692001794;5644113,374235729686916;6,171319341000070;50,914366375000000
33595;5220504410210290716;5;7;70;20;2022;5;13;4;3;5;3;0;0;1;1;0;0;0;0;472950,517999999981839;5795917,836999690160155;8,603209534000030;52,312926478000101
33596;5220421518200578930;5;1;70;24;2022;4;7;5;3;0;2;0;0;1;1;0;0;0;0;335670,649999652989209;5703455,198998860083520;6,634580181000050;51,458387901000002
33605;5220506602100889756;5;3;62;8;2022;5;14;6;3;5;2;0;0;1;1;0;0;0;0;331468,630999597022310;5649006,317998739890754;6,599735398000060;50,967973529000098
33608;5220502514120079534;5;1;66;16;2022;5;7;2;3;0;1;0;0;1;0;0;0;0;0;310654,608999330026563;5690641,671997229568660;6,281732469000080;51,335487395000001
33613;5220501601500169944;5;3;15;0;2022;5;17;1;3;0;5;0;0;1;1;0;0;0;1;360961,908206299005542;5647736,594366669654846;7,019974362000030;50,964436948000099
33624;5220507606700874389;5;3;78;20;2022;5;13;7;3;0;1;0;0;1;0;0;0;0;0;368454,745247718004975;5656468,221669759601355;7,123451605000070;51,044673617000100
33625;5220506407321074576;5;7;62;12;2022;5;8;6;3;4;6;0;0;1;1;0;0;0;0;518487,472346865979489;5719703,120240350253880;9,267090520000069;51,628042331000103
33632;5220503317110007765;5;9;78;36;2022;5;10;3;3;0;1;0;0;1;0;0;0;0;0;406322,721999979985412;5712893,985999640077353;7,648647126000070;51,559340397000000
33634;5220501301302078068;5;9;13;0;2022;5;17;1;3;0;3;0;0;1;1;0;0;0;0;396112,780990967003163;5706931,748494810424745;7,503172872000050;51,503960075000101
33635;5220415411224248659;5;7;74;24;2022;4;18;6;2;0;1;0;0;1;0;0;0;0;0;476086,646743230987340;5740893,789412019774318;8,653067335000060;51,818367833000103
33636;5220428702100476731;5;5;15;0;2022;4;13;5;3;5;3;0;0;1;1;0;0;0;0;405130,740999979025219;5757065,174999659880996;7,619399846000020;51,956184547000099
33639;5220507301304485049;5;9;13;0;2022;5;15;7;3;1;5;0;0;1;1;0;0;0;0;403798,889077742001973;5710017,434122850187123;7,613037143000040;51,533058190000098
33644;5220425608100775554;5;3;34;2;2022;4;14;2;2;0;1;0;0;1;0;0;0;0;0;293631,964748035999946;5629069,285389459691942;6,072788898000060;50,776612473999997
33648;5220506314130590340;5;9;66;28;2022;5;11;6;3;5;3;0;0;1;1;0;0;0;0;417992,118336568993982;5642879,500644749961793;7,832986114000050;50,931711845000102
33653;5220419411112855575;5;7;74;12;2022;4;17;3;3;0;1;0;0;1;0;0;0;0;0;480472,190234279027209;5723362,708081780001521;8,717675512000030;51,660911987000098
33654;5220429609108377538;5;3;58;8;2022;4;13;6;3;0;3;0;0;1;1;0;0;0;0;322371,561999479017686;5630460,340998300351202;6,479316084000060;50,798624559000103
33657;5220420500200290784;5;1;11;0;2022;4;8;4;3;5;3;0;0;1;1;0;0;0;0;348564,894305660971440;5681974,795449240133166;6,829183243000050;51,268973103000100
33668;5220505605108086583;5;3;74;8;2022;5;16;5;3;5;3;0;0;1;1;0;0;0;0;388314,031999948027078;5649667,806999590247869;7,408719234000050;50,987749391000101
33675;5220505500300671736;5;1;11;0;2022;5;13;5;3;5;2;0;0;1;1;0;0;0;0;350145,593999772972893;5670059,092999270185828;6,856804523000050;51,162318142000103
33681;5220506601700786544;5;3;16;0;2022;5;7;6;3;4;6;0;0;1;0;0;0;0;0;363737,327789565024432;5658458,961485659703612;7,055447003000040;51,061465292000001
33686;5220424701400614019;5;5;12;0;2022;4;17;1;3;6;6;0;0;1;0;1;0;0;0;353936,840068690013140;5710542,920964330434799;6,894374920000080;51,527083812000100
33690;5220415605144075877;5;3;74;44;2022;4;18;6;3;5;3;0;0;1;1;0;0;0;0;402449,262999974016566;5636673,931999599561095;7,613525374000060;50,873504226000101
33692;5220427411224637811;5;7;74;24;2022;4;16;4;3;5;2;0;0;1;1;0;0;0;0;476435,739833479980007;5741103,382672299630940;8,658117584000021;51,820267133000101
33704;5220501705000021108;5;5;54;4;2022;5;13;1;2;5;3;0;0;1;0;0;1;0;0;363878,249012059997767;5768979,214037040248513;7,014662933000070;52,054672683000000
33706;5220419513320679060;5;1;62;4;2022;4;7;3;3;5;3;0;0;1;1;0;0;0;0;347523,603119926992804;5662895,379834149964154;6,822364847000070;51,097253716000097
33710;5220430608200933186;5;3;34;2;2022;4;14;7;3;0;4;0;0;1;0;1;0;0;0;300709,632467653020285;5628867,353104550391436;6,173158210000050;50,777273702999999
33713;5220426705000881028;5;5;54;12;2022;4;13;3;3;0;1;0;0;1;0;0;0;0;0;352119,537103285023477;5748500,830284750089049;6,852103463000050;51,867668285000001
33719;5220418501311541233;5;1;12;0;2022;4;15;2;3;5;3;0;0;1;1;0;0;0;0;345208,487078259000555;5700395,132312879897654;6,773094919000070;51,433581543999999
33722;5220505601100178521;5;3;15;0;2022;5;16;5;3;0;1;0;0;1;0;0;0;0;0;355301,953999807999935;5644192,984999359585345;6,940834266000020;50,931197630000000
33726;5220419405236091751;5;7;54;36;2022;4;12;3;3;5;3;0;0;1;1;0;0;0;0;473607,059999999997672;5750143,772999660111964;8,616387892000031;51,901422566000100
33729;5220417515111076230;5;1;54;8;2022;4;0;1;3;0;1;2;0;1;0;0;0;0;0;309593,006258138979319;5746124,744109420105815;6,236422723000030;51,833439945000102
33733;5220426515211001304;5;1;54;16;2022;4;7;3;3;5;3;0;1;1;0;0;0;0;0;303291,086005055985879;5728130,608422909863293;6,155254594000040;51,669665462000097
33737;5220501411220570343;5;7;74;20;2022;5;17;1;2;6;6;0;0;1;0;1;0;0;0;471820,388895035022870;5732619,994524099864066;8,591846233000069;51,743778734999999
33738;5220415405232082479;5;7;54;32;2022;4;22;6;2;4;6;2;0;1;0;0;0;0;0;459052,620867915975396;5742439,512466509826481;8,405767827000030;51,831276455000101
33740;5220426701110478327;5;5;62;32;2022;4;16;3;2;5;3;0;0;1;1;0;0;0;0;375671,405842454987578;5717843,782874610275030;7,204935204000040;51,597902202000100
33744;5220505300100090602;5;9;11;0;2022;5;18;5;3;5;3;0;0;1;1;0;0;0;0;375911,988884221005719;5706534,269571970216930;7,212395746000030;51,496313660000098
33745;5220429705000925217;5;5;54;36;2022;4;21;6;3;3;6;2;0;1;0;0;0;0;0;371569,133102199994028;5767487,143908780068159;7,127328522000030;52,043100654000099
33755;5220416601300781795;5;3;15;0;2022;4;13;7;3;0;6;0;0;1;0;1;0;0;0;347213,829794441990089;5645228,742837440222502;6,825386013000070;50,938419434000103
33757;5220429516800778389;5;1;58;20;2022;4;8;6;3;5;3;0;0;1;0;0;0;0;0;357192,711999821010977;5661776,969999389722943;6,960802395000030;51,089692659000001
33758;5220423701400881320;5;5;12;0;2022;4;18;7;3;5;3;0;0;1;1;0;0;0;0;354998,550403708009981;5709430,980279380455613;6,910126979000040;51,517365853999998
33761;5220430606100690362;5;3;78;4;2022;4;2;7;3;0;7;2;0;1;0;0;0;0;0;367592,579895792005118;5646503,941969369538128;7,114793471000040;50,954920395999999
33762;5220414601300490395;5;3;15;0;2022;4;12;5;3;5;2;0;0;1;1;0;0;0;0;351198,742999779002275;5645042,486999300308526;6,882137583000030;50,937787716999999
33763;5220428601100572042;5;3;15;0;2022;4;21;5;3;0;7;0;0;1;0;0;0;0;0;356654,692999815975782;5646260,683999380096793;6,959258084000060;50,950117573999997
33774;5220420701110590836;5;5;62;32;2022;4;9;4;2;3;6;0;0;1;1;0;0;0;0;374730,524999907996971;5719069,360999559983611;7,190920177000070;51,608708112000002
33775;5220416406110172191;5;7;58;12;2022;4;13;7;3;5;3;0;0;1;1;0;0;0;0;481768,584806516999379;5775634,990815379656851;8,733653582000040;52,130936798999997
33776;5220429307000567824;5;9;62;36;2022;4;12;6;3;5;2;0;0;1;1;0;0;0;0;408176,574871253978927;5661901,347618239931762;7,688527090000040;51,101241430000101
33778;5220423515111078966;5;1;54;8;2022;4;0;7;3;3;1;2;0;1;0;0;0;0;0;310006,854524841997772;5748073,172925289720297;6,241351691000030;51,851079247000001
33784;5220422300700550851;5;9;16;0;2022;4;14;6;3;5;2;0;0;1;1;0;0;0;0;374167,150999906007200;5710718,045999550260603;7,185779609000060;51,533528394000001
33786;5220504500100200428;5;1;11;0;2022;5;16;4;3;5;2;0;0;1;0;0;0;0;1;345501,514944384980481;5677803,857523259706795;6,787105012000040;51,230673394000100
33794;5220415601600686470;5;3;15;0;2022;4;15;6;3;0;7;0;0;1;1;0;0;0;0;359589,594791330979206;5644806,818146999925375;7,001573941000060;50,937773935999999
33799;5220505405108882022;5;7;54;8;2022;5;18;5;2;2;6;0;0;1;0;0;0;0;0;455952,393649385019671;5751092,029020289890468;8,359676142000071;51,908831861000102
33802;5220428310120889440;5;9;54;32;2022;4;15;5;2;0;1;0;0;1;0;0;0;0;0;387279,071873673994560;5693932,924215230159461;7,380087953000040;51,385431082000103
33804;5220418601200186379;5;3;15;0;2022;4;19;2;3;5;3;0;0;1;1;0;0;0;0;351332,408732090028934;5642117,909814749844372;6,885231020000050;50,911540531000099
33807;5220503701200777704;5;5;62;20;2022;5;8;3;3;5;3;0;0;1;1;0;0;0;0;373561,076999903016258;5713313,761999550275505;7,176113438000070;51,556720945000102
33811;5220419500200674130;5;1;11;0;2022;4;20;3;3;3;7;1;0;1;1;0;0;0;0;348772,004999762983061;5678801,858999240212142;6,833490889000070;51,240517142999998
33815;5220430702100139947;5;5;15;0;2022;4;20;7;3;4;6;0;0;1;0;0;0;0;1;405657,288288137991913;5756973,591145140118897;7,627085273000030;51,955450932000097
33816;5220415405108081985;5;7;54;8;2022;4;17;6;3;4;6;0;0;1;0;0;0;0;0;456696,421000001020730;5752377,365999669767916;8,370329798000061;51,920446083999998
33819;5220422706300876763;5;5;58;36;2022;4;20;6;1;5;3;0;0;1;1;0;0;0;0;389288,279431350005325;5730150,423077019862831;7,397551961000030;51,711355194000099
33821;5220504709800281124;5;5;66;40;2022;5;15;4;3;0;1;0;0;1;0;0;0;0;0;424248,672600427991711;5780388,475707530044019;7,892379031000080;52,168775176000103
33822;5220427608100058005;5;3;34;2;2022;4;12;4;3;5;3;0;0;1;0;0;0;0;1;294571,137413977994584;5628081,862680999562144;6,086643487000060;50,768077587000100
33829;5220416602250390224;5;3;62;16;2022;4;12;7;3;5;3;0;0;1;1;0;0;0;0;333658,593610404001083;5642651,216230290010571;6,633798162000060;50,911510042000003
33833;5220417607400513097;5;3;82;68;2022;4;17;1;3;5;3;0;0;1;1;0;0;0;0;370712,288999892014544;5636432,854999509640038;7,162754919000070;50,865109783000001
33834;5220419706100065763;5;5;58;16;2022;4;15;3;3;5;3;0;0;1;0;0;0;1;0;379736,257999925001059;5741844,038999600335956;7,255314312000050;51,814481245000103
33836;5220414601500390297;5;3;15;0;2022;4;7;5;3;0;1;0;1;1;0;0;0;0;0;358437,844969757017680;5644011,331122769974172;6,985501164000030;50,930343274000101
33839;5220422606100876840;5;3;78;20;2022;4;8;6;3;0;1;0;0;1;0;0;0;0;0;368027,851278371992521;5655305,972350290045142;7,117788723000050;51,034129894000003
33841;5220504513120090231;5;1;62;20;2022;5;10;4;3;5;3;0;0;1;1;0;0;0;0;326270,886502819019370;5674057,016134819947183;6,513740431000030;51,191483642000001
33845;5220503501124691396;5;1;12;0;2022;5;16;3;3;4;6;0;0;1;1;0;0;0;0;342537,868999717000406;5704154,381999080069363;6,733033206000070;51,466621660999998
33864;5220419608200575583;5;3;34;2;2022;4;9;3;3;2;6;0;0;1;1;0;0;0;0;295408,202794575016014;5629254,243374750018120;6,097846267000020;50,778902854000101
33868;5220504601600958729;5;3;15;0;2022;5;17;4;3;5;3;0;0;1;1;0;0;0;0;365148,075999865017366;5637064,112999469973147;7,083498165000040;50,869512247999999
33869;5220502601500577587;5;3;15;0;2022;5;13;2;3;0;3;0;0;1;0;0;0;0;0;360225,176999839022756;5647100,772999419830739;7,009733652000020;50,958544465999999
33874;5220420606100374235;5;3;78;4;2022;4;8;4;3;0;2;0;0;1;1;0;0;0;0;367388,156999876024202;5650989,811999489553273;7,110248428000030;50,995190809000100
33877;5220427503400081629;5;1;22;0;2022;4;15;4;3;9;2;0;0;1;1;0;0;0;0;365322,310387675010134;5671048,661223400384188;7,073350114000050;51,174985947000003
33889;5220502513110785987;5;1;62;16;2022;5;15;2;3;0;3;0;0;1;1;0;0;0;0;332281,898426104977261;5677687,514678309671581;6,597985193000060;51,225896648999999
33893;5220503404301086052;5;7;66;44;2022;5;12;3;2;0;1;0;0;1;0;0;0;0;0;493316,767999999981839;5764967,462999669834971;8,902571886000031;52,035287343999997
33898;5220427310140368927;5;9;54;28;2022;4;15;4;3;0;1;0;0;1;0;0;0;0;0;378221,136870682996232;5692222,934108749963343;7,250565281000040;51,368190906000102
33899;5220423500300270340;5;1;11;0;2022;4;20;7;2;5;2;1;0;1;1;0;0;0;0;341860,746801501023583;5674330,578881699591875;6,736532597000060;51,198468306999999
33906;5220418513210290179;5;1;62;24;2022;4;13;2;2;5;3;0;0;1;1;0;0;0;0;338296,902277006010991;5675037,529860310256481;6,685248480000040;51,203822690000003
33907;5220507705000490507;5;5;54;52;2022;5;10;7;3;5;3;0;0;1;1;0;0;0;0;378447,228132018004544;5772684,172045449726284;7,225715188000040;52,091354744999997
33908;5220506303100558254;5;9;15;0;2022;5;7;6;3;5;2;0;0;1;1;0;0;0;0;417036,692812609020621;5723175,206687269732356;7,800731193000050;51,653442204999998
33910;5220421513130976161;5;1;62;22;2022;4;12;5;3;5;2;0;0;1;1;0;0;0;0;338679,486999678018037;5686274,899998979642987;6,685654266000030;51,304896163000102
33913;5220419502103091851;5;1;13;0;2022;4;14;3;3;3;6;0;0;1;1;0;0;0;0;361104,742992313986178;5703556,040216829627752;7,000387038000040;51,466106550000099
33926;5220427608100189805;5;3;34;2;2022;4;18;4;3;5;2;0;0;1;1;0;0;0;0;293582,907637614989653;5628735,840342190116644;6,072281147000070;50,773600316000099
33928;5220507500100090534;5;1;11;0;2022;5;22;7;3;2;6;2;1;1;1;0;0;0;0;346888,132999748981092;5675331,801999200135469;6,808005670000060;51,208834256999999
33929;5220425405228585586;5;7;54;28;2022;4;6;2;3;5;3;0;1;1;1;0;0;0;0;452426,478999999002554;5744697,760999660007656;8,309305026000059;51,851054277000102
33931;5220503518310585918;5;1;70;32;2022;5;13;3;3;0;3;0;0;1;0;0;0;1;0;333656,876999634027015;5710816,016998769715428;6,602151655000060;51,523928437000102
33934;5220419316400961077;5;9;74;44;2022;4;17;3;3;5;6;0;0;1;1;0;0;0;0;455172,140999999013729;5700179,706999639980495;8,354872191000030;51,451023314000103
33936;5220427702100091749;5;5;15;0;2022;4;9;4;3;5;3;0;0;1;1;0;0;0;0;405421,711558435985353;5756104,740487930364907;7,623897242000060;51,947601307000099
33937;5220423608100585753;5;3;34;2;2022;4;15;7;3;0;1;0;0;1;0;0;0;0;0;292716,746919457975309;5633659,098737049847841;6,057235504000060;50,817507052000103
33938;5220419609128281356;5;3;58;28;2022;4;9;3;3;8;1;0;0;1;0;0;0;0;0;323746,681759405008052;5621321,574769809842110;6,503185449000060;50,716938847999998
33943;5220422506100891375;5;1;16;0;2022;4;21;6;3;4;6;2;0;1;0;0;0;0;0;321658,670999479014426;5669550,206998189911246;6,450038888000050;51,149577018000102
33945;5220504505100091502;5;1;14;0;2022;5;21;4;3;5;3;1;0;1;1;0;0;0;0;329628,337999586015940;5687324,915998619981110;6,555426153000040;51,311692376000103
33951;5220420605104986399;5;3;74;4;2022;4;13;4;2;5;3;0;0;1;1;0;0;0;0;407713,073123548994772;5656573,857525659725070;7,683269265000040;51,053272858000099
33952;5220501601300086438;5;3;15;0;2022;5;19;1;3;0;3;1;0;1;1;0;0;0;0;354259,793999800982419;5645174,392999339848757;6,925621376000040;50,939754869000097
33959;5220414513310890914;5;1;62;8;2022;4;18;5;2;0;7;0;0;1;1;0;0;0;0;330267,751220839971211;5662210,385680209845304;6,576466504000050;51,086251950000097
33961;5220426400300176390;5;7;11;0;2022;4;14;3;3;5;3;0;0;1;0;0;1;0;0;470937,834144184016623;5755929,984358550049365;8,577104061000060;51,953312540000098
33962;5220507701800571551;5;5;62;4;2022;5;12;7;2;5;3;0;0;1;1;0;0;0;0;382791,092999934975524;5718483,173999600112438;7,307466302000020;51,605175387000003