OBJECTID;UIDENTSTLAE;ULAND;UREGBEZ;UKREIS;UGEMEINDE;UJAHR;UMONAT;USTUNDE;UWOCHENTAG;UKATEGORIE;UART;UTYP1;ULICHTVERH;IstStrassenzustand;IstRad;IstPKW;IstFuss;IstKrad;IstGkfz;IstSonstige;LINREFX;LINREFY;XGCSWGS84;YGCSWGS84
33976;5220422608200585777;5;3;34;2;2022;4;15;6;3;3;2;0;0;1;1;0;0;0;0;295294,891999013023451;5629228,012995519675314;6,096255746000050;50,778627291000099
33980;5220430300100671532;5;9;11;0;2022;4;9;7;3;5;2;0;0;1;1;0;0;0;0;375896,599423006002326;5707022,332945610396564;7,212002486000070;51,500696677000100
33982;5220427711215581052;5;5;70;4;2022;4;16;4;3;5;2;0;0;1;1;0;0;0;0;422754,756886284973007;5735229,710894550196826;7,880699017000040;51,762623371000103
33984;5220507601100290623;5;3;15;0;2022;5;14;7;3;0;1;0;0;1;0;0;0;0;0;356131,661033276002854;5644616,416155699640512;6,952466411000050;50,935210494000003
33986;5220505709500155927;5;5;66;76;2022;5;15;5;3;0;7;0;0;1;0;0;0;0;0;393660,209431928000413;5792978,456343050114810;7,441316098000070;52,276879176000101
33987;5220503701800865786;5;5;62;4;2022;5;18;3;3;5;3;0;0;1;1;0;0;0;0;383343,713999935018364;5719265,889999600127339;7,315182145000050;51,612324934000100
33989;5220502301201581368;5;9;13;0;2022;5;17;2;3;5;3;0;0;1;1;0;0;0;0;387180,364043277979363;5708483,100234240293503;7,374029997000040;51,516191213000099
34004;5220420516300181648;5;1;58;28;2022;4;17;4;3;6;4;0;0;1;0;1;0;0;0;351623,030556414974853;5689642,551409590058029;6,869800113000050;51,338678547000001
34005;5220501411220082090;5;7;74;20;2022;5;17;1;3;5;3;0;0;1;1;0;0;0;0;465057,830927785020322;5737432,507336580194533;8,493416923000041;51,786666948000097
34009;5220422610111969636;5;3;70;16;2022;4;16;6;3;0;2;0;0;1;1;0;0;0;0;295454,702999046014156;5664661,820995329879224;6,078630838000040;51,096913895999997
34013;5220418310130689314;5;9;54;20;2022;4;16;2;3;0;1;0;0;1;0;0;0;0;0;391509,457999954989646;5698122,572999609634280;7,439576727000030;51,423914375999999
34014;5220428316300082136;5;9;74;28;2022;4;10;5;3;5;2;0;0;1;1;0;0;0;0;452032,701000000000931;5725930,696999650448561;8,306180051000069;51,682292380000000
34015;5220425701110789479;5;5;62;32;2022;4;16;2;3;5;2;0;1;1;1;0;0;0;0;373985,193999905022793;5719166,349999560043216;7,180127442000070;51,609413437999997
34019;5220504303100618601;5;9;15;0;2022;5;14;4;3;4;2;0;0;1;1;0;0;0;0;413286,146999984979630;5724236,106999649666250;7,746266015000060;51,662412935000098
34020;5220421601400581881;5;3;15;0;2022;4;15;5;3;8;1;0;0;1;0;0;0;0;0;356172,713717792998068;5648731,967712660320103;6,951424237000030;50,972206466999999
34031;5220422605112440048;5;3;74;12;2022;4;12;6;3;0;1;0;0;1;0;0;0;0;0;395187,791684483003337;5649911,750014339573681;7,506548131000050;50,991235042000000
34038;5220505602900015445;5;3;62;40;2022;5;17;5;3;0;7;0;0;1;0;0;0;0;0;358037,588782995997462;5631892,056528770364821;6,984514361000040;50,821327645000103
34043;5220429601100676582;5;3;15;0;2022;4;18;6;3;2;6;0;0;1;0;0;0;0;1;355435,808999809029046;5643894,652999370358884;6,942856126000040;50,928550142000098
34044;5220427601300781661;5;3;15;0;2022;4;21;4;2;0;1;1;0;1;0;0;0;0;0;352800,899438178981654;5644908,123502530157566;6,904978689000070;50,936991442000100
34047;5220430502210577719;5;1;13;0;2022;4;14;7;3;2;3;0;0;1;1;0;0;0;0;363443,081999858026393;5698803,514999469742179;7,035863351000050;51,423966958999998
34059;5220420702100442488;5;5;15;0;2022;4;7;4;3;5;2;0;0;1;1;0;0;0;0;408550,255298335978296;5753668,319203020073473;7,670051484000060;51,926224364000099
34063;5220427300700390493;5;9;16;0;2022;4;16;4;3;5;3;0;0;1;1;0;0;0;0;373203,176999902992975;5708946,679999549873173;7,172526488000070;51,517393255999998
34065;5220505503200071878;5;1;24;0;2022;5;20;5;3;5;3;0;0;1;1;0;0;0;0;373660,602245502988808;5681015,099843040108681;7,189056461000060;51,266464184000000
34072;5220504500300501652;5;1;11;0;2022;5;9;4;3;0;2;0;0;1;1;0;0;0;0;344651,538977082003839;5674618,696285010315478;6,776320326000080;51,201822769000003
34073;5220421518320785925;5;1;70;52;2022;4;14;5;3;5;3;0;0;1;1;0;0;0;0;320814,833999489026610;5731339,196998010389507;6,406737382000070;51,704347550000101
34074;5220502500200990232;5;1;11;0;2022;5;9;2;2;8;7;0;0;1;0;0;0;0;0;350773,252390264009591;5679602,261741059832275;6,861805820000030;51,248236425000101
34075;5220416700000689346;5;5;13;0;2022;4;16;7;3;0;7;0;0;1;0;0;0;0;0;364901,918999866000377;5719327,626999479718506;7,048966175000030;51,608756614000100
34080;5220501601100467762;5;3;15;0;2022;5;16;1;3;0;7;0;0;1;0;0;0;0;0;356889,734532686008606;5643122,571005670353770;6,963834435000020;50,921974032999998
34081;5220415307000867597;5;9;62;36;2022;4;19;6;3;5;3;0;0;1;1;0;0;0;0;405447,687999976973515;5662603,346999609842896;7,649379123000070;51,107108701000101
34085;5220507300800677933;5;9;54;36;2022;5;1;7;3;0;1;2;0;1;0;0;0;0;0;384433,430673583992757;5697797,303118700161576;7,337952667000020;51,419592168000101
34086;5220505317110618858;5;9;78;36;2022;5;16;5;3;5;1;0;0;1;1;0;0;0;0;408986,221999980974942;5710812,621999640017748;7,687597308000020;51,541066516000100
34092;5220507601100142097;5;3;15;0;2022;5;20;7;2;6;4;0;0;1;0;1;0;0;0;355078,615999807021581;5644788,246999359689653;6,937421487000050;50,936491042000100
34095;5220503700000289526;5;5;13;0;2022;5;5;3;3;5;3;0;0;1;1;0;0;0;0;364620,082850408973172;5713926,257215449586511;7,046981378000050;51,560150248000099
34098;5220416506100182232;5;1;16;0;2022;4;11;7;3;5;2;0;0;1;1;0;0;0;0;321640,841999481024686;5668699,358998189680278;6,450205678000030;51,141927988000099
34102;5220418709110570516;5;5;66;8;2022;4;16;2;3;3;2;0;0;1;1;0;0;0;0;400034,006108067987952;5781258,634166889823973;7,538170283000060;52,172741187000000
34106;5220414602700786144;5;3;62;28;2022;4;15;5;3;0;1;0;0;1;0;0;0;0;0;349078,826222593022976;5639942,679900979623199;6,854097198000030;50,891408344000098
34108;5220426405220470375;5;7;54;20;2022;4;7;3;3;5;3;0;0;1;1;0;0;0;0;449483,879714388982393;5751028,474940109997988;8,265659924000030;51,907711397000099
34109;5220422601300393392;5;3;15;0;2022;4;17;6;3;5;3;0;0;1;1;0;0;0;0;347544,029999752994627;5647336,789999219588935;6,829199623000020;50,957449996999998
34110;5220506601100776532;5;3;15;0;2022;5;18;6;3;3;6;0;0;1;0;0;0;0;0;356587,626999816973694;5643045,500999379903078;6,959569281000030;50,921206400000102
34121;5220505506100385961;5;1;16;0;2022;5;14;5;3;6;4;0;0;1;0;1;0;0;0;324707,975466769014020;5670565,231540040113032;6,493098997000060;51,159637609000100
34127;5220422508000386033;5;1;19;0;2022;4;10;6;3;5;2;0;0;1;1;0;0;0;0;349828,764252841996495;5704295,506717559881508;6,837857242000040;51,469871363000003
34135;5220420502407689704;5;1;17;0;2022;4;18;4;3;3;6;0;0;1;1;0;0;0;0;351085,804999782005325;5698035,265999290160835;6,858575799000050;51,413952021000100
34136;5220501502340480904;5;1;13;0;2022;5;16;1;3;1;5;0;0;1;1;0;0;0;1;362043,364276379987132;5710588,930966380052269;7,011141390000030;51,529535916999997
34138;5220429300100090025;5;9;11;0;2022;4;16;6;3;3;6;0;0;1;1;0;0;0;0;374929,991493489011191;5706028,993814559653401;7,198435712000050;51,491556195999998
34144;5220505607500073799;5;3;82;56;2022;5;17;5;3;1;5;0;0;1;1;0;0;0;0;370710,948771419003606;5628346,592867650091648;7,165587502000050;50,792428990000097
34148;5220429514110085915;5;1;66;32;2022;4;8;6;3;5;3;0;0;1;1;0;0;0;0;320159,441517940023914;5678628,672389400191605;6,424080074000070;51,230660952000100
34149;5220427516300181364;5;1;58;28;2022;4;17;4;3;0;1;0;0;1;0;0;0;0;0;351593,553999785974156;5689655,241999300196767;6,869371953000040;51,338784888000099
34152;5220419702100972463;5;5;15;0;2022;4;15;3;3;6;4;0;0;1;0;1;0;0;0;409783,850999984017108;5753867,874999660067260;7,687934169000070;51,928219400000003
34171;5220505316300090709;5;9;74;4;2022;5;22;5;2;3;7;2;0;1;0;0;0;0;0;453333,328555673011579;5712427,552624150179327;8,326790460000041;51,560996325000097
34173;5220418301304284914;5;9;13;0;2022;4;11;2;3;5;3;0;0;1;1;0;0;0;0;398790,446967858006246;5710656,611997430212796;7,540669617000050;51,537927937000099
34174;5220428307000480355;5;9;62;24;2022;4;8;5;3;5;3;0;0;1;1;0;0;0;0;410858,259794844023418;5692924,841552999801934;7,719094391000060;51,380562550000000
34176;5220507601400472256;5;3;15;0;2022;5;12;7;3;5;2;0;0;1;1;0;0;0;0;356575,510282734001521;5647103,078604989685118;6,957799664000050;50,957668355000102
34184;5220503301103180881;5;9;13;0;2022;5;15;3;2;0;1;0;0;1;0;0;0;0;0;391669,259477152023464;5704553,951611859723926;7,439904644000020;51,481753185999999
34186;5220501310140880524;5;9;54;28;2022;5;14;1;2;0;1;0;0;1;0;0;0;0;0;380963,558343903976493;5690220,498396679759026;7,290613166000070;51,350774614999999
34188;5220429300400341269;5;9;11;0;2022;4;23;6;2;8;1;2;0;1;0;0;0;0;0;373151,451935122022405;5701734,973471890203655;7,174372205000050;51,452568769000003
34192;5220504711413036320;5;5;70;28;2022;5;9;4;3;5;2;0;0;1;1;0;0;0;0;441101,002999997988809;5742709,893999660387635;8,145232782000051;51,832102749000100
34193;5220429606700072214;5;3;78;8;2022;4;18;6;3;5;3;0;0;1;1;0;0;0;0;368849,364075455989223;5660856,686387180350721;7,127486663000070;51,084205600000097
34199;5220503702100865409;5;5;15;0;2022;5;10;3;3;5;2;0;0;1;1;0;0;0;0;405435,184999978984706;5755190,813999660313129;7,624344582000050;51,939388813999997
34200;5220421303200773406;5;9;15;0;2022;4;7;5;2;5;3;0;0;1;1;0;0;0;0;412896,498040893988218;5727660,820349769666791;7,739779473000060;51,693138374999997
34201;5220502317220675790;5;9;78;4;2022;5;17;2;3;5;3;0;0;1;1;0;0;0;0;406932,648999980010558;5719428,013999640010297;7,655710420000050;51,618176513000002
34203;5220419400200604163;5;7;11;0;2022;4;16;3;2;0;2;0;0;1;1;0;0;0;0;468627,125999999989290;5763154,936999670229852;8,542820160000080;52,018144323000101
34204;5220429601400990328;5;3;15;0;2022;4;18;6;2;5;3;0;0;1;1;0;0;0;0;355125,749161723011639;5648138,262842579744756;6,936758797000040;50,966608616000002
34216;5220502605104851751;5;3;74;4;2022;5;19;2;3;5;3;0;0;1;1;0;0;0;0;404956,177581200026907;5652914,637597870081663;7,644906061000030;51,019927074000101
34217;5220417609108180825;5;3;58;8;2022;4;13;1;2;0;1;0;0;1;0;0;0;0;0;317739,661855601007119;5628829,322268010117114;6,414465383000050;50,782533958000002
34226;5220419601100172584;5;3;15;0;2022;4;16;3;3;0;1;0;0;1;0;0;0;0;0;355307,445999810006469;5644748,515999360010028;6,940691812000070;50,936191448000002
34232;5220506503200007627;5;1;24;0;2022;5;13;6;3;8;6;0;0;1;1;0;0;0;0;365508,126406138995662;5677461,545815980061889;7,073603276000030;51,232662941999997
34245;5220423407101874617;5;7;62;20;2022;4;20;7;2;0;1;1;0;1;0;0;0;0;0;527112,915880150045268;5736355,630105989985168;9,392995631000080;51,777418898000100
34258;5220416607500856079;5;3;82;56;2022;4;17;7;2;3;2;0;0;1;1;0;0;0;1;370747,950999890977982;5624379,584999510087073;7,167506477000070;50,756780816000102
34260;5220423608332080782;5;3;34;32;2022;4;22;7;3;1;5;2;0;1;1;0;0;0;0;311482,347467819985468;5627385,358143989928067;6,326541039000060;50,767562433000101
34261;5220502711231089244;5;5;70;40;2022;5;21;2;2;5;3;1;0;1;1;0;0;0;0;419393,999999990977813;5744328,728999660350382;7,829895693000030;51,843944256000000
34262;5220420500100282324;5;1;11;0;2022;4;15;4;3;0;3;0;0;1;1;0;0;0;0;339284,576154228998348;5677424,305594280362129;6,698305054000060;51,225546372000103
34278;5220430400100090747;5;7;11;0;2022;4;14;7;2;4;7;0;0;1;1;0;0;0;0;467312,092236226017121;5765186,021673849783838;8,523463536000071;52,036329086000102
34279;5220418316500818973;5;9;74;20;2022;4;9;2;3;7;1;0;0;1;1;0;0;0;0;466300,406000000017229;5722191,242999649606645;8,512905312000040;51,649707976000101
34284;5220503711411426853;5;5;70;28;2022;5;19;3;3;5;3;0;0;1;1;0;0;0;0;441703,343999999982771;5741468,579999660141766;8,154182230000060;51,821006227000098
34286;5220502317220075790;5;9;78;4;2022;5;15;2;2;0;7;0;0;1;0;0;0;0;0;406240,361999979009852;5722510,305999649688601;7,644888355000030;51,645768363999998
34289;5220424518301091405;5;1;70;4;2022;4;17;1;3;3;6;0;0;1;0;0;0;0;0;329146,407999586022925;5718523,336998539976776;6,533452117000020;51,591819353000098
34294;5220428600110871624;5;3;14;0;2022;4;7;5;3;5;3;0;0;1;1;0;0;0;0;365226,696086378011387;5623060,740097180008888;7,089756054000080;50,743671301000099
34301;5220418513330181414;5;1;62;12;2022;4;9;2;3;0;7;0;0;1;0;0;0;0;0;329103,645872951019555;5665676,075690000317991;6,558220165000020;51,117042714000000
34306;5220421406210284944;5;7;58;4;2022;4;17;5;3;2;6;0;0;1;1;0;0;0;0;470979,060976974025834;5783428,739365160465240;8,575364609000079;52,200544854000000
34310;5220423702100474121;5;5;15;0;2022;4;20;7;3;5;2;1;0;1;1;0;0;0;0;407221,709999979007989;5751347,411999659612775;7,651361535000040;51,905142837000000
34319;5220504516900974046;5;1;58;26;2022;5;19;4;3;5;2;0;0;1;1;0;0;0;0;352569,182999791984912;5666051,892999320290983;6,893081693000060;51,126938410000001
34320;5220502516100178835;5;1;58;32;2022;5;13;2;2;0;1;0;0;1;0;0;0;0;0;365237,489999866986182;5688256,005999480374157;7,065657426000030;51,329608337000103
34334;5220428405108872270;5;7;54;8;2022;4;7;5;3;5;2;0;0;1;1;0;0;0;0;459110,790000001026783;5750697,239999660290778;8,405634104000059;51,905523280000097
34337;5220422410120517271;5;7;70;32;2022;4;5;6;2;0;1;1;0;1;0;0;0;0;0;495577,391315687971655;5787564,003427269868553;8,935233235000061;52,238469666000100
34339;5220504400200600043;5;7;11;0;2022;5;8;4;3;0;5;0;0;1;1;0;0;0;0;467542,382680519018322;5763543,589158399961889;8,526976503000069;52,021576149000097
34353;5220505317220076686;5;9;78;4;2022;5;14;5;3;5;2;0;0;1;1;0;0;0;0;404785,261999976995867;5718676,925999639555812;7,624906573000030;51,611065837000098
34354;5220429607500886340;5;3;82;56;2022;4;13;6;3;5;3;0;0;1;0;0;0;0;0;370432,587999888986815;5627120,790999510325491;7,162072336000050;50,781349082000098
34373;5220422513310485979;5;1;62;8;2022;4;15;6;3;7;1;0;0;1;0;0;0;0;0;330617,657995724992361;5664681,524861340411007;6,580298681000040;51,108556894000102
34376;5220504705000681002;5;5;54;20;2022;5;5;4;3;5;2;1;0;1;0;0;0;1;0;366340,324999874981586;5785820,047999509610236;7,043931473000040;52,206595825000100
34381;5220505607200078245;5;3;82;20;2022;5;15;5;2;7;7;0;0;1;0;1;0;0;0;380507,111999925982673;5624565,806999550200999;7,305741042000020;50,760546300000001
34385;5220418711411491692;5;5;70;28;2022;4;15;2;3;2;6;0;0;1;0;0;0;0;0;442053,099788438994437;5739222,396954629570246;8,159631872000030;51,800848793999997
34389;5220419709500474762;5;5;66;76;2022;4;14;3;3;5;3;0;0;1;1;0;0;0;0;393190,224854302010499;5793344,696941490285099;7,434314029000060;52,280079532000101
34391;5220414601100178292;5;3;15;0;2022;4;15;5;3;3;6;0;0;1;1;0;0;0;0;355216,548628515971359;5644965,536807330325246;6,939312795000030;50,938118952000103
34392;5220426410120979222;5;7;70;32;2022;4;17;3;3;5;3;0;0;1;1;0;0;0;0;497390,833000000973698;5784206,645999680273235;8,961816020000070;52,208296545000103
34396;5220421706100685357;5;5;58;16;2022;4;10;5;3;3;3;0;0;1;1;0;0;0;0;381769,785773466981482;5744190,619545079767704;7,283999276000030;51,836004271000000
34401;5220420601300774386;5;3;15;0;2022;4;7;4;3;6;4;0;0;1;0;1;0;0;0;349024,104138247028459;5645124,929133020341396;6,851175273000020;50,937963332999999
34402;5220501603236043538;5;3;66;36;2022;5;15;1;1;2;2;0;0;1;1;0;0;0;0;317596,722257234971039;5598335,112833729945123;6,427452375000030;50,508531366000099
34403;5220416301201282381;5;9;13;0;2022;4;16;7;3;0;5;0;0;1;1;0;0;0;0;386480,982457067002542;5709609,964746019802988;7,363591783000060;51,526179388999999
34406;5220423500100471982;5;1;11;0;2022;4;17;7;3;2;6;0;0;1;1;0;0;0;0;346295,052999744017143;5676694,454999189823866;6,798937667000080;51,220919117999998
34408;5220505601600624396;5;3;15;0;2022;5;13;5;3;5;3;0;0;1;1;0;0;0;0;363407,383876856998540;5639906,737030129879713;7,057712429000050;50,894651668000101
34409;5220503516500786706;5;1;58;16;2022;5;13;3;2;5;3;0;0;1;1;0;0;0;0;355748,155999812006485;5670845,440999370068312;6,936559350000040;51,170824735000103
34410;5220421301101735188;5;9;13;0;2022;4;19;5;3;5;3;0;0;1;1;0;0;0;0;392832,481159892980941;5708164,786028260365129;7,455553087000060;51,514430644000100
34421;5220504601200172647;5;3;15;0;2022;5;10;4;3;8;6;0;0;1;1;0;0;0;0;354606,326697631971911;5643278,431146199814975;6,931306545000040;50,922803840000000
34432;5220505501324228549;5;1;12;0;2022;5;15;5;2;5;2;0;0;1;0;0;0;1;0;343693,625999725016300;5695993,838999119587243;6,753259556000050;51,393620342000098
34438;5220507702100768269;5;5;15;0;2022;5;10;7;3;3;2;0;0;1;1;0;0;0;0;405574,813999979989603;5754354,143999650143087;7,626604836000070;51,931892142999999
34444;5220416711151091695;5;5;70;32;2022;4;12;7;2;0;1;0;0;1;0;0;0;0;0;418532,161456320027355;5762877,388650350272655;7,812996846000030;52,010555777000000
34445;5220419602600085737;5;3;62;20;2022;4;16;3;2;0;1;0;0;1;0;0;0;0;0;346674,236999744025525;5628194,889999209903181;6,824848695000070;50,785206494000100
34446;5220424601300381849;5;3;15;0;2022;4;11;1;3;3;6;0;0;1;0;0;0;0;0;354189,770721153006889;5644961,538540519773960;6,924710590000070;50,937824310000103
34451;5220428701300489516;5;5;62;14;2022;4;14;5;3;5;3;0;0;1;1;0;0;0;0;357325,020868720021099;5716943,657252689823508;6,940587188000050;51,585465967000097
34452;5220427405108382114;5;7;54;8;2022;4;22;4;3;5;3;2;0;1;1;0;0;0;0;458502,906491462024860;5751275,849789110012352;8,396728735000069;51,910680378000102
34453;5220422700000089238;5;5;13;0;2022;4;15;6;3;0;5;0;0;1;1;0;0;0;0;364922,448999866028316;5718631,359999479725957;7,049530692000080;51,602504641000102
34459;5220428310210580127;5;9;54;24;2022;4;15;5;3;0;1;0;0;1;0;0;0;0;0;380596,769999925978482;5683990,868999569676816;7,287435624000070;51,294705901999997
34461;5220418503300376025;5;1;20;0;2022;4;21;2;2;0;7;2;0;1;0;0;0;0;1;372471,155999897979200;5672457,376999530009925;7,175061719000040;51,189286109000101
34465;5220503709110672380;5;5;66;8;2022;5;7;3;3;5;3;0;0;1;1;0;0;0;0;399092,709999969985802;5781289,935999659821391;7,524401067000040;52,172851186999999
34467;5220501709500535185;5;5;66;16;2022;5;19;1;3;0;1;0;0;1;0;0;0;0;0;404790,904278350993991;5793171,039515550248325;7,604355208000070;52,280650546000103
34468;5220416513210090179;5;1;62;24;2022;4;10;7;3;1;2;0;0;1;1;0;0;0;0;336386,948418979998678;5671085,584001949988306;6,659731984000080;51,167771825999999
34471;5220502709700455928;5;5;66;28;2022;5;5;2;3;5;3;0;0;1;1;0;0;0;0;412160,926762084010988;5793203,366054910235107;7,712351157000060;52,282168313000099
34472;5220420400100996421;5;7;11;0;2022;4;15;4;3;4;6;0;0;1;0;0;0;0;0;463397,797787607996725;5766911,176298709586263;8,466217291000021;52,051594508000100
34473;5220430608312089836;5;3;34;12;2022;4;13;7;3;5;3;0;0;1;1;0;0;0;0;307551,081999248999637;5633607,181997110135853;6,267597661000020;50,822159980000002
34481;5220503300600973294;5;9;16;0;2022;5;19;3;3;6;4;0;0;1;0;1;0;0;0;376075,898752365028486;5712839,099052909761667;7,212537915000040;51,553013106999998
34483;5220428514123786020;5;1;66;20;2022;4;19;5;3;0;1;0;0;1;0;0;0;0;0;302812,181494336982723;5677704,560592619702220;6,176426804000070;51,216632393000097
34484;5220425315110379556;5;9;70;40;2022;4;4;2;3;5;3;2;1;1;1;0;0;0;0;432025,819999998027924;5639088,093999610282481;8,033365801000061;50,899446876000098
34485;5220505608332063889;5;3;34;32;2022;5;13;5;3;6;4;0;0;1;0;1;0;0;0;304817,362679463985842;5627073,133018629625440;6,232302981000030;50,762554229000003
34486;5220503516300030437;5;1;58;28;2022;5;16;3;3;5;2;0;0;1;1;0;0;0;0;351465,125999783980660;5692003,588999300263822;6,866549380000040;51,359852945999997
34487;5220420702100991805;5;5;15;0;2022;4;17;4;3;5;3;0;0;1;1;0;0;0;0;407083,637602969014551;5751306,436629760079086;7,649366145000040;51,904751514000097
34489;5220429501325073942;5;1;12;0;2022;4;18;6;3;3;5;0;0;1;1;0;0;0;0;345570,759476153994910;5694101,178722499869764;6,781042498000030;51,377128493999997
34492;5220505601300786438;5;3;15;0;2022;5;22;5;3;0;1;2;0;1;0;0;0;0;0;352728,672999790986069;5647104,594999319873750;6,903063215000030;50,956711718000101
34493;5220419610121962776;5;3;70;12;2022;4;12;3;3;0;1;0;0;1;0;0;0;0;0;294807,743999022990465;5651654,367995300330222;6,076769819000050;50,979866786000102
34496;5220426301302685597;5;9;13;0;2022;4;7;3;3;0;1;0;0;1;0;0;0;0;0;396771,318634503986686;5708525,014993160031736;7,512191234000060;51,518402107000000
34498;5220506601300572621;5;3;15;0;2022;5;18;6;3;0;5;0;0;1;1;0;0;0;0;353385,952103241987061;5646657,827876520343125;6,912595235000030;50,952864400000102
34500;5220421705000091822;5;5;54;4;2022;4;14;5;3;0;3;0;0;1;1;0;0;0;0;364103,915652307972778;5772211,283851349726319;7,016665397000050;52,083769716000099
34501;5220502515000091636;5;1;54;24;2022;5;14;2;3;5;3;0;0;1;1;0;0;0;0;313367,311879549000878;5737327,371384629979730;6,295869853000060;51,755702380000102
34502;5220417303100371447;5;9;15;0;2022;4;20;1;2;5;3;1;0;1;1;0;0;0;0;415588,302972502016928;5725169,118547059595585;7,779317584000070;51,671150714000099
34503;5220424701110773555;5;5;62;32;2022;4;12;1;3;3;2;0;0;1;1;0;0;0;0;379554,838999923027586;5719383,008999579586089;7,260447497000030;51,612579680000103
34505;5220420501324654299;5;1;12;0;2022;4;20;4;3;0;3;1;0;1;0;0;0;0;1;344469,016999732994009;5697140,714999140240252;6,763893203000070;51,404138126000099
34507;5220415515212091268;5;1;54;64;2022;4;17;6;3;5;3;0;0;1;1;0;0;0;0;304954,284551032003947;5722853,886264350265265;6,182217338000040;51,622857045000003
34509;5220427315210278219;5;9;70;32;2022;4;17;4;3;2;6;0;0;1;0;0;0;1;0;439333,055242237984203;5643736,465826430357993;8,136492448000070;50,942057243000100
34510;5220423513120591199;5;1;62;20;2022;4;9;7;3;1;1;0;0;1;1;0;0;0;0;329123,366530995001085;5671370,824826540425420;6,555799699000030;51,168210786000003
34511;5220505405108480644;5;7;54;8;2022;5;14;5;3;5;3;0;0;1;1;0;0;0;0;458800,046976900019217;5750670,594087930396199;8,401120593000030;51,905260821000098
34518;5220504404302470367;5;7;66;40;2022;5;5;4;3;5;3;1;0;1;1;0;0;0;0;483038,232284640020225;5763200,212863319553435;8,752820124000040;52,019179134000098
34519;5220421514111082360;5;1;66;32;2022;4;11;5;2;5;3;0;0;1;1;0;0;0;0;312215,671196040988434;5679300,482804699800909;6,310078193000040;51,234137138999998
34527;5220414711421881044;5;5;70;20;2022;4;5;5;2;5;3;2;1;1;1;0;0;0;0;427841,228999994986225;5741544,150999659672379;7,953075812000070;51,820067404000000
34528;5220428609144730189;5;3;58;52;2022;4;19;5;3;2;6;0;0;1;0;0;0;0;0;333315,456187498988584;5632470,700847280211747;6,633559401000070;50,819938964000102
34529;5220426601500053682;5;3;15;0;2022;4;17;3;3;5;3;0;1;1;1;0;0;0;0;357884,578348549024668;5643530,774396739900112;6,977820475000040;50,925888459000099
34531;5220506702100176690;5;5;15;0;2022;5;9;6;3;5;3;0;0;1;1;0;0;0;0;407561,669999979028944;5761421,806999660097063;7,653592129000060;51,995753600999997
34532;5220505300100440497;5;9;11;0;2022;5;18;5;3;5;2;0;0;1;1;0;0;0;0;376715,612204350996763;5704164,197631129994988;7,224794262000050;51,475188638000098
34533;5220429706000476631;5;5;58;16;2022;4;7;6;3;3;6;0;0;1;0;0;0;0;0;386228,490738823020365;5747085,109199590049684;7,347731056000040;51,862944448000100
34534;5220427705000091108;5;5;54;16;2022;4;19;4;3;3;7;0;0;1;1;0;0;0;0;362359,789410274010152;5760663,694188220426440;6,995873668000060;51,979579200000003
34537;5220507407202378031;5;7;62;4;2022;5;14;7;2;0;1;0;0;1;0;0;0;0;1;503937,320000000006985;5732916,695999659597874;9,057032306000050;51,747141312000103
34538;5220425514217560576;5;1;66;36;2022;4;16;2;3;5;2;0;0;1;1;0;0;0;0;329832,691999584028963;5682842,604998629540205;6,560491514000030;51,271484952999998
34539;5220506303200006667;5;9;15;0;2022;5;7;6;2;5;2;0;0;1;0;0;0;0;1;415519,203279821027536;5727483,136023689992726;7,777758564000070;51,691941958000001
34552;5220504405108587126;5;7;54;8;2022;5;14;4;2;9;1;0;0;1;0;0;0;0;0;460942,071087341988459;5750616,808263730257750;8,432261294000060;51,904931555000097
34557;5220424410240453239;5;7;70;40;2022;4;0;1;2;8;1;2;0;1;0;0;0;0;0;476592,920366632984951;5816601,591282269917428;8,655192247000061;52,499044411000099
34559;5220420601200690374;5;3;15;0;2022;4;7;4;3;1;7;0;0;1;1;0;0;0;0;353960,999999799998477;5642237,551999339833856;6,922547852000040;50,913286781000103
34563;5220426606700086610;5;3;78;12;2022;4;7;3;3;5;3;0;1;1;1;0;0;0;0;374513,552419425977860;5655873,133363369852304;7,210042985000030;51,040680426000101
34573;5220425601300385797;5;3;15;0;2022;4;20;2;3;0;1;0;0;1;0;0;0;0;0;353660,429999799001962;5646360,132999340072274;6,916619982000040;50,950258884000000
34575;5220503705000005265;5;5;54;12;2022;5;14;3;2;0;7;0;0;1;0;0;0;0;0;351753,887720101978630;5746420,341345950029790;6,847689128000070;51,848878417000002
34577;5220501702100339947;5;5;15;0;2022;5;20;1;3;0;1;0;0;1;0;0;0;0;0;406206,374747621011920;5756684,545601249672472;7,635152252000070;51,952945736000103
34580;5220429701300349921;5;5;62;14;2022;4;13;6;3;5;3;0;0;1;1;0;0;0;0;360150,533999841019977;5715618,024999430403113;6,981871874000030;51,574262089999998
34581;5220423709700370497;5;5;66;72;2022;4;8;7;3;4;2;0;0;1;1;0;0;0;0;412792,253554620023351;5802274,928852350451052;7,719250919000050;52,363806040999997
34589;5220506711141287234;5;5;70;44;2022;5;7;6;3;4;2;0;0;1;1;0;0;0;0;416352,528350452019367;5759112,979245900176466;7,782165309000050;51,976393520999999
34590;5220504608328590334;5;3;34;28;2022;5;19;4;2;8;1;0;0;1;0;0;0;0;0;310288,437529879971407;5604658,723085819743574;6,321278880000020;50,563016769999997