OBJECTID;UIDENTSTLAE;ULAND;UREGBEZ;UKREIS;UGEMEINDE;UJAHR;UMONAT;USTUNDE;UWOCHENTAG;UKATEGORIE;UART;UTYP1;ULICHTVERH;IstStrassenzustand;IstRad;IstPKW;IstFuss;IstKrad;IstGkfz;IstSonstige;LINREFX;LINREFY;XGCSWGS84;YGCSWGS84
34604;5220414501323891517;5;1;12;0;2022;4;18;5;3;0;3;0;0;1;1;0;0;0;0;344040,677330549980979;5694244,073012859560549;6,759012360000040;51,377994160000100
34608;5220504513130485987;5;1;62;22;2022;5;15;4;2;0;7;0;0;1;0;0;0;0;0;338945,077629849023651;5680400,478218509815633;6,692108807000070;51,252191101999998
34609;5220421607200078224;5;3;82;20;2022;4;11;5;2;6;4;0;0;1;0;1;0;0;0;378088,503420715976972;5625959,323950010351837;7,271002959000040;50,772569197999999
34612;5220424701700838984;5;5;62;16;2022;4;14;1;3;5;3;0;0;1;1;0;0;0;0;374735,595999908982776;5732459,678999559953809;7,186192250000030;51,729047627000099
34613;5220503505100885899;5;1;14;0;2022;5;10;3;3;5;2;0;0;1;1;0;0;0;0;332485,910999617015477;5687683,236998739652336;6,596220600000040;51,315759886000102
34617;5220429400300290668;5;7;11;0;2022;4;8;6;2;3;2;0;0;1;0;0;0;0;1;466689,440000000002328;5759787,807999669574201;8,514911744000070;51,987758756000098
34618;5220427400100154107;5;7;11;0;2022;4;15;4;3;5;3;0;0;1;1;0;0;0;0;466707,818000001017936;5771641,882999680005014;8,514024939000020;52,094334779000100
34639;5220426709500611903;5;5;66;76;2022;4;10;3;3;5;7;0;0;1;0;0;0;0;0;394534,998911601025611;5792884,904909229837358;7,454162571000040;52,276206923000103
34643;5220429701300989735;5;5;62;14;2022;4;14;6;2;0;1;0;0;1;0;0;0;0;0;360173,988180127984378;5715578,364114910364151;6,982225895000060;51,573911514000002
34646;5220418501328782193;5;1;12;0;2022;4;18;2;2;5;3;0;0;1;1;0;0;0;0;341417,976216393988580;5693070,724547030404210;6,721881901000070;51,366725334000101
34649;5220505601300672642;5;3;15;0;2022;5;22;5;3;0;1;2;0;1;0;0;0;0;0;352477,496997503971215;5644949,120005750097334;6,900362545000060;50,937277220000098
34651;5220421501114876178;5;1;12;0;2022;4;15;5;2;5;3;0;0;1;1;0;0;0;0;348713,684999765013345;5707690,206999240443110;6,820360528000040;51,500076556000103
34652;5220416602600578592;5;3;62;20;2022;4;21;7;3;5;3;1;0;1;1;0;0;0;0;340990,492076135007665;5634259,740329629741609;6,741654369000060;50,838173226999999
34654;5220429518310072108;5;1;70;32;2022;4;13;6;3;5;3;0;0;1;1;0;0;0;0;332357,729999620001763;5716122,983998710289598;6,580913717000040;51,571220224000101
34655;5220424300800777725;5;9;54;36;2022;4;14;1;2;2;6;0;0;1;0;0;0;0;0;378856,219489427981898;5695236,603931440040469;7,258656276000070;51,395412868000101
34656;5220417608404189928;5;3;34;4;2022;4;19;1;3;0;1;0;0;1;0;0;0;0;0;299763,593730754975695;5638883,649921949952841;6,154289250000030;50,866911225000102
34657;5220419709000187292;5;5;66;64;2022;4;17;3;3;0;6;0;0;1;0;0;0;0;1;395740,537084507988766;5772743,243666649796069;7,478020186000040;52,095413979999996
34659;5220414601300470445;5;3;15;0;2022;4;23;5;2;0;1;2;0;1;0;0;0;0;0;354814,331999805988744;5645557,585999350063503;6,933356116000030;50,943338416000103
34666;5220424602200115333;5;3;62;4;2022;4;10;1;3;0;1;0;0;1;0;0;0;0;0;332727,953495857014786;5654802,623970549553633;6,614984900000020;51,020418753000101
34668;5220420607400090883;5;3;82;60;2022;4;10;4;3;3;2;0;0;1;1;0;0;0;0;371789,815929724019952;5629639,466621340252459;7,180435345000030;50,804289342000096
34670;5220429500200002247;5;1;11;0;2022;4;11;6;3;5;2;0;0;1;1;0;0;0;0;346779,778999748989008;5683860,333999199792743;6,802805312000030;51,285438419999998
34671;5220427502339078749;5;1;13;0;2022;4;16;4;3;0;3;0;0;1;1;0;0;0;0;363541,802999860025011;5707282,767999470233917;7,034009837000040;51,500189515999999
34676;5220414502350885363;5;1;13;0;2022;4;12;5;3;0;5;0;0;1;1;0;0;0;0;360082,362858214008156;5706187,784336210228503;6,984635639000030;51,489504082000103
34677;5220425709500591846;5;5;66;16;2022;4;6;2;2;9;1;1;1;1;0;0;0;0;0;405676,621636250987649;5791796,843145649880171;7,617718926000070;52,268452086000103
34679;5220417508000489691;5;1;19;0;2022;4;20;1;2;4;2;1;0;1;1;0;0;0;0;348381,741026304021943;5704982,660647939890623;6,816744565000020;51,475659747000101
34686;5220506508000260346;5;1;19;0;2022;5;6;6;3;3;1;0;0;1;1;0;0;0;0;346888,815071101998910;5710767,930567430332303;6,792753069000070;51,527238661000098
34691;5220505516100286907;5;1;58;32;2022;5;7;5;3;1;5;0;0;1;1;0;0;0;0;362227,252999851014465;5691062,724999450147152;7,021390558000060;51,354109923000102
34694;5220416410230790783;5;7;70;4;2022;4;17;7;3;4;5;0;0;1;1;0;0;0;0;485385,576000000990462;5785530,966999679803848;8,786068099000030;52,220015325000098
34696;5220427501319191607;5;1;12;0;2022;4;17;4;3;9;1;0;0;1;0;0;0;0;0;344082,923191961017437;5695874,280999789945781;6,758903203000050;51,392653219000103
34699;5220419601300478422;5;3;15;0;2022;4;14;3;3;0;1;0;0;1;0;0;0;1;0;353991,571999799984042;5644828,877999340184033;6,921944806000060;50,936581983000103
34700;5220430601100073829;5;3;15;0;2022;4;14;7;3;5;3;0;0;1;1;0;0;0;0;354671,039930082974024;5644807,614113960415125;6,931617015000030;50,936562522000003
34704;5220506501315569402;5;1;12;0;2022;5;16;6;3;0;6;0;0;1;0;0;0;0;0;346712,914455152000301;5700045,849135559983552;6,794872184000040;51,430852174999998
34705;5220504501114578954;5;1;12;0;2022;5;9;4;3;5;2;0;0;1;1;0;0;0;0;348713,684999765013345;5707690,206999240443110;6,820360528000040;51,500076556000103
34706;5220421601600078513;5;3;15;0;2022;4;8;5;3;5;3;0;0;1;1;0;0;0;0;366463,429999870015308;5640385,398999479599297;7,100967250000050;50,899668460000001
34707;5220502502103477623;5;1;13;0;2022;5;14;2;3;5;3;0;0;1;1;0;0;0;0;361163,571366089978255;5703436,002761810086668;7,001280554000060;51,465042292000099
34710;5220503501315491545;5;1;12;0;2022;5;17;3;3;0;7;0;0;1;1;0;0;0;0;346324,363999746972695;5699454,983999189920723;6,789543419000040;51,425437930000001
34713;5220415601500486356;5;3;15;0;2022;4;15;6;3;5;2;0;0;1;1;0;0;0;0;361780,136999847018160;5651650,370999439619482;7,030130819000020;50,999807779000001
34714;5220428701500548703;5;5;62;24;2022;4;15;5;3;5;3;0;0;1;1;0;0;0;0;369104,939594027993735;5724837,101590280421078;7,107568314000050;51,659260936000102
34716;5220423502409889733;5;1;17;0;2022;4;9;7;3;5;3;0;0;1;1;0;0;0;0;350081,966999776021112;5699677,576999270357192;6,843456595000020;51,428444438000000
34718;5220505301303087443;5;9;13;0;2022;5;7;5;3;0;5;0;0;1;1;0;0;0;0;399616,078967372013722;5705443,966732979752123;7,554054775000050;51,491219760000000
34721;5220428313240179616;5;9;58;40;2022;4;15;5;3;8;1;0;0;1;0;0;0;0;0;445207,417393763025757;5664820,171904070302844;8,216907772000070;51,132221865000098
34725;5220506300300037268;5;9;11;0;2022;5;14;6;2;0;1;0;0;1;0;0;0;0;0;383580,624999935971573;5703496,092999589629471;7,323818769000070;51,470638186000002
34729;5220416701610151227;5;5;62;12;2022;4;9;7;3;0;1;0;0;1;0;0;0;0;0;358954,850352369016036;5725102,571423660032451;6,960811547000050;51,659191014000001
34732;5220503405228087018;5;7;54;28;2022;5;7;3;3;5;3;0;0;1;1;0;0;0;0;452604,723999998997897;5742010,472999660298228;8,312260883000020;51,826909225000101
34736;5220428601200825869;5;3;15;0;2022;4;10;5;3;3;2;0;0;1;1;0;0;0;0;354170,203999802004546;5644539,167999340221286;6,924601324000040;50,934023647000103
34738;5220422706100465766;5;5;58;16;2022;4;9;6;3;5;3;0;0;1;1;0;0;0;0;382004,699999932025094;5744826,631999599747360;7,287190251000030;51,841769913000100
34739;5220506606100181741;5;3;78;4;2022;5;15;6;3;2;6;0;0;1;0;0;0;0;0;366974,785917798988521;5649770,115622710436583;7,104807861000040;50,984133272000101
34740;5220504610111845494;5;3;70;16;2022;5;7;4;3;5;3;0;0;1;0;0;0;0;1;298765,636134098982438;5661989,818547179922462;6,127342248000050;51,074087837999997
34745;5220505702100574754;5;5;15;0;2022;5;17;5;3;3;6;0;0;1;0;0;0;0;0;405477,762999979022425;5754900,428999659605324;7,625043586000060;51,936785934000099
34748;5220416503100481630;5;1;24;0;2022;4;13;7;3;5;3;0;0;1;1;0;0;0;0;371132,806999893975444;5680235,391999520361423;7,153124103000040;51,258890696999998
34750;5220429514119086027;5;1;66;16;2022;4;11;6;3;0;2;0;0;1;1;0;0;0;0;308612,933723583992105;5686337,087955489754677;6,254768075000070;51,296141542999997
34754;5220430506100670283;5;1;16;0;2022;4;14;7;3;0;1;0;0;1;0;0;0;0;0;314331,639999378006905;5676036,430997620336711;6,342043384000020;51,205510228999998
34758;5220506601100981289;5;3;15;0;2022;5;16;6;3;3;6;0;0;1;0;0;0;0;0;355077,043538973026443;5645329,920235239900649;6,937183662000050;50,941358535000099
34759;5220504514115090957;5;1;66;24;2022;5;7;4;3;3;3;0;0;1;1;0;0;0;0;307609,090999272011686;5678209,523996950127184;6,244757596000060;51,222804121000102
34760;5220502601200780749;5;3;15;0;2022;5;8;2;3;1;5;0;0;1;1;0;0;0;0;359286,699705742998049;5638788,841251740232110;6,999586233000060;50,883615667000100
34764;5220420602100373729;5;3;62;8;2022;4;16;4;3;0;1;0;0;1;0;0;0;0;0;334070,606999627023470;5647846,207998840138316;6,637288449000040;50,958305396000100
34767;5220427601500025033;5;3;15;0;2022;4;20;4;3;5;2;0;0;1;1;0;0;0;0;363013,801999853982124;5648407,110999450087547;7,048924370000070;50,970954657999997
34778;5220506501318482258;5;1;12;0;2022;5;10;6;3;0;5;0;0;1;1;0;0;0;0;343780,295641225005966;5698501,746104420162737;6,753399915000050;51,416177654000101
34782;5220417506100691602;5;1;16;0;2022;4;8;1;3;8;6;0;0;1;0;0;0;0;0;319030,567553111002780;5668560,582550239749253;6,412999795000080;51,139862264999998
34785;5220503301306590827;5;9;13;0;2022;5;16;3;3;5;3;0;0;1;1;0;0;0;0;398589,550071706005838;5711576,362553070299327;7,537508878000040;51,546159269999997
34788;5220415506100876427;5;1;16;0;2022;4;17;6;2;0;3;0;0;1;0;0;1;0;0;321412,906622233975213;5674528,828457090072334;6,444055779000050;51,194224781999999
34791;5220423303100289417;5;9;15;0;2022;4;23;7;3;0;1;2;0;1;0;0;0;0;0;419126,629307560971938;5725790,299883239902556;7,830329934000080;51,677255416000001
34794;5220429607500090216;5;3;82;56;2022;4;7;6;3;5;3;0;0;1;1;0;0;0;0;373779,089999901014380;5626706,312999520450830;7,209660060000030;50,778361706000098
34800;5220505705000030800;5;5;54;56;2022;5;12;5;2;0;1;0;0;1;0;0;0;0;0;357583,797210971999448;5762535,405964730307460;6,925603515000030;51,995193162000099
34802;5220421516700191131;5;1;58;8;2022;4;20;5;3;0;1;0;0;1;0;0;0;0;0;361633,472473528992850;5676354,847569529898465;7,018566994000030;51,221790976000101
34804;5220416503200744503;5;1;24;0;2022;4;19;7;3;5;3;0;0;1;1;0;0;0;0;374799,243039535998832;5681551,878701509907842;7,205181076000030;51,271539838000102
34817;5220501506100091148;5;1;16;0;2022;5;14;1;2;0;5;0;0;1;1;0;0;0;0;320880,455502544995397;5674104,749748249538243;6,436654998000050;51,190248564999997
34819;5220428609220677538;5;3;58;20;2022;4;11;5;3;0;6;0;0;1;1;0;0;0;0;313770,397175390971825;5636281,087866369634867;6,354439199000070;50,848213627000099
34830;5220506307000090043;5;9;62;12;2022;5;14;6;3;8;1;0;0;1;0;0;0;0;0;394736,781972046999726;5671224,748232640326023;7,493913633000030;51,182740999000004
34837;5220502705000081024;5;5;54;8;2022;5;16;2;3;0;2;0;0;1;1;0;0;0;0;335746,809999659017194;5746087,533998819999397;6,615655116000030;51,841409099000003
34846;5220502702100674777;5;5;15;0;2022;5;8;2;3;5;3;0;0;1;0;0;0;0;0;406063,776255014992785;5757742,585285980254412;7,632788548000060;51,962431817999999
34864;5220422518200191440;5;1;70;24;2022;4;14;6;3;5;3;0;0;1;1;0;0;0;0;333270,501999627973419;5706022,384998760186136;6,598852877000070;51,480749414999998
34865;5220506516800049428;5;1;58;20;2022;5;12;6;3;5;2;0;0;1;1;0;0;0;0;354767,567885974014644;5665400,109794910065830;6,924738913000060;51,121642837000103
34867;5220421711311684994;5;5;70;8;2022;4;14;5;2;0;7;0;0;1;0;0;0;0;0;434061,741604327980895;5734467,544317110441625;8,044657724000050;51,757217185000101
34870;5220424700000474766;5;5;13;0;2022;4;13;1;3;0;7;0;0;1;0;0;0;0;0;367930,964763401017990;5708756,716477819718421;7,096655519000020;51,514478113000102
34877;5220423410260787448;5;7;70;36;2022;4;8;7;3;0;1;0;0;1;0;0;0;0;0;468405,703350747004151;5793517,021005320362747;8,536768861000040;52,291099920000100
34878;5220505503100490723;5;1;24;0;2022;5;6;5;3;3;6;1;0;1;0;0;0;0;1;370841,828999891004059;5681321,886999519541860;7,148563847000050;51,268589609000102
34881;5220414515110002194;5;1;54;36;2022;4;18;5;3;0;3;0;0;1;1;0;0;0;0;302170,086067543015815;5740016,978225779719651;6,132314283000030;51,776013207000098
34885;5220506405228587174;5;7;54;28;2022;5;19;6;3;1;3;0;0;1;1;0;0;0;0;452255,500851219985634;5744842,559789120219648;8,306802879000029;51,852341495000097
34886;5220504405228276094;5;7;54;28;2022;5;15;4;3;5;2;0;0;1;1;0;0;0;0;451683,057719257019926;5743638,431051219813526;8,298660584000061;51,841466488999998
34892;5220503404101187045;5;7;66;20;2022;5;13;3;3;5;2;0;0;1;1;0;0;0;0;490297,785627849982120;5754024,369925020262599;8,858870888000069;51,936853905000099
34904;5220425702100391863;5;5;15;0;2022;4;12;2;3;0;3;0;0;1;1;0;0;0;0;406128,461999979976099;5757704,004999659955502;7,633740283000070;51,962095966000000
34909;5220503702100768372;5;5;15;0;2022;5;9;3;3;5;3;0;0;1;1;0;0;0;0;403008,771965047984850;5758690,420537480153143;7,588070571000060;51,970426656000001
34912;5220416601400986562;5;3;15;0;2022;4;14;7;3;0;1;0;0;1;0;0;0;0;0;355818,048170823021792;5650334,099966689944267;6,945740610000030;50,986515751000098
34914;5220424300500089559;5;9;11;0;2022;4;13;1;3;5;3;0;0;1;1;0;0;0;0;376890,605999914987478;5702774,234999570064247;7,227796929000020;51,462734500000103
34916;5220420400200074619;5;7;11;0;2022;4;9;4;3;5;3;0;0;1;1;0;0;0;0;469152,618271675019059;5763565,242126629687846;8,550440638000049;52,021862699000103
34922;5220506607400079338;5;3;82;68;2022;5;5;6;3;5;3;0;0;1;1;0;0;0;0;367071,733999873977154;5629557,915999479591846;7,113543706000030;50,802493115000097
34923;5220504608408089867;5;3;34;8;2022;5;17;4;3;5;2;2;0;1;1;0;0;0;0;301463,068772013008129;5643051,066624639555812;6,176146588000050;50,904927991000100
34928;5220505518120582155;5;1;70;44;2022;5;7;5;3;5;2;0;0;1;1;0;0;0;0;341669,586999710008968;5718132,782999060116708;6,714259644000040;51,591968936000100
34933;5220427600110475574;5;3;14;0;2022;4;7;4;2;0;7;0;0;1;0;0;0;0;0;366122,277389620023314;5622358,292724040336907;7,102697577000070;50,737564917999997
34934;5220423601300079235;5;3;15;0;2022;4;20;7;2;0;1;1;0;1;0;0;0;0;0;354573,520325234974734;5645700,947926290333271;6,929873435000050;50,944566076999998
34935;5220505514118586225;5;1;66;16;2022;5;14;5;3;0;7;0;0;1;1;0;0;0;0;309419,646794463973492;5687082,403131489641964;6,265927351000070;51,303106370000101
34937;5220430600110478286;5;3;14;0;2022;4;12;7;3;3;6;0;0;1;0;0;0;0;1;366452,729031720024068;5621651,317866089753807;7,107634122000040;50,731286711000102
34939;5220425709500341172;5;5;66;60;2022;4;14;2;3;5;2;0;0;1;1;0;0;0;0;388629,895195467979647;5788690,374985789880157;7,369030113000060;52,237346526000103
34942;5220504502407875425;5;1;17;0;2022;5;13;4;3;5;2;0;0;1;1;0;0;0;0;351092,132999781984836;5698116,460999290458858;6,858632628000070;51,414683267000001
34957;5220510400300086997;5;7;11;0;2022;5;16;3;3;5;3;0;0;1;1;0;0;0;0;469336,016000000992790;5760775,232999670319259;8,553363124000040;51,996788814000098
34972;5220513404103796994;5;7;66;60;2022;5;20;6;3;9;1;0;0;1;0;0;0;0;0;510195,590570228989236;5752758,683227979578078;9,148268265000070;51,925465250999999
34973;5220516500300700801;5;1;11;0;2022;5;16;2;3;0;1;0;0;1;0;0;0;0;0;350124,998318845988251;5670061,529636990278959;6,856509172000070;51,162334643000101
34974;5220510600380581263;5;3;14;0;2022;5;15;3;3;5;3;0;0;1;1;0;0;0;0;367725,209198985015973;5619443,577650000341237;7,126446527000040;50,711734442000100
34976;5220514702100079175;5;5;15;0;2022;5;11;7;3;0;5;0;0;1;1;0;0;0;0;401138,603999971994199;5761917,612999659962952;7,559925046000050;51,999103619000003
34979;5220512313110794416;5;9;58;4;2022;5;22;5;2;4;2;2;0;1;1;0;0;0;0;434227,961210530018434;5695924,415689649991691;8,054287174000020;51,410720012000098
34984;5220513307000071439;5;9;62;32;2022;5;7;6;3;5;2;0;0;1;1;0;0;0;0;404003,291236873017624;5677674,971894330345094;7,624727724000020;51,242357155999997
34990;5220509601100590463;5;3;15;0;2022;5;11;2;3;1;5;0;0;1;1;0;0;0;0;355734,253703201015014;5644681,241980999708176;6,946788725000030;50,935693797000098
34993;5220516702100572345;5;5;15;0;2022;5;6;2;3;5;2;0;0;1;1;0;0;0;0;404650,300999977975152;5760135,902999660000205;7,611557492000030;51,983703197000096
34994;5220509404101679107;5;7;66;20;2022;5;22;2;3;0;1;2;0;1;0;0;0;0;1;492117,514103187015280;5753203,283236510120332;8,885359540000019;51,929500233000098
34997;5220515701910489734;5;5;62;8;2022;5;13;1;3;0;1;0;0;1;0;0;0;0;0;383768,516863165015820;5720297,192607940174639;7,320972465000070;51,621681821999999
34999;5220512518200648995;5;1;70;24;2022;5;13;5;3;5;3;0;0;1;0;0;0;0;1;332994,904999624006450;5699072,469998749904335;6,598167752000050;51,418230863000097
35002;5220513601500081806;5;3;15;0;2022;5;14;6;3;3;5;0;0;1;1;0;0;0;0;361213,834062324021943;5649521,888832240365446;7,022878346000030;50,980542464999999
35009;5220509605140076592;5;3;74;40;2022;5;15;2;2;8;1;0;0;1;0;0;0;0;0;412067,749989609001204;5643746,450693840160966;7,748490902000070;50,938633277000100
35013;5220511516300278610;5;1;58;28;2022;5;13;4;2;0;1;0;0;1;0;0;0;0;0;349355,642434759996831;5684218,974113130010664;6,839563782000030;51,289348119000103
35014;5220513406220782024;5;7;58;24;2022;5;20;6;3;5;3;1;0;1;1;0;0;0;0;480954,571683918999042;5781001,277413840405643;8,721460688000040;52,179155557000101
35017;5220516605132493513;5;3;74;32;2022;5;14;2;3;5;3;0;1;1;1;0;0;0;0;396471,884999962989241;5643167,806999599561095;7,526757341000060;50,930842245000100
35018;5220510605144081770;5;3;74;44;2022;5;14;3;3;0;3;0;0;1;1;0;0;0;0;403576,000040536979213;5637586,362907500006258;7,629293941000070;50,881896175000101
35019;5220508702100079101;5;5;15;0;2022;5;14;1;2;5;2;0;0;1;0;0;0;0;0;405773,306999979016837;5758001,692999660037458;7,628491076000050;51,964711637000100
35020;5220514515111238652;5;1;54;8;2022;5;10;7;3;4;2;0;0;1;1;0;0;0;0;309566,485999340016861;5746179,428996900096536;6,236008201000060;51,833922017000098
35023;5220509701620373484;5;5;62;12;2022;5;17;2;3;5;3;0;0;1;1;0;0;0;0;362845,384232192998752;5731812,500482410192490;7,014385493000020;51,720449549000101
35024;5220512600140095263;5;3;14;0;2022;5;17;5;2;5;2;0;0;1;1;0;0;0;0;369432,186638972023502;5622786,813699560239911;7,149427021000060;50,742170153000103
35028;5220513500000086874;5;1;62;22;2022;5;17;6;3;3;6;0;0;1;0;0;0;0;0;339842,643950453028083;5683317,450936189852655;6,703653293000060;51,278652486000098
35029;5220516506100091466;5;1;16;0;2022;5;17;2;3;0;1;0;0;1;0;0;0;0;0;322367,364010308985598;5667191,765624309889972;6,461324228000020;51,128610457000001
35030;5220510513310875920;5;1;62;8;2022;5;14;3;3;5;3;0;0;1;0;0;0;0;1;331638,989102113991976;5663946,658691770397127;6,595217844000050;51,102255447000097
35031;5220508518200378645;5;1;70;24;2022;5;14;1;3;5;3;0;0;1;0;0;0;0;0;335488,065229951986112;5704707,368879309855402;6,631371750000030;51,469584486000002
35034;5220509602300975613;5;3;62;36;2022;5;17;2;3;5;3;0;0;1;1;0;0;0;0;344415,917679308971856;5655203,593446100130677;6,781324629000040;51,027303283000002
35036;5220510700000389238;5;5;13;0;2022;5;13;3;3;5;3;0;0;1;1;0;0;0;0;366546,975999874004629;5714538,824999489821494;7,074529557000060;51,566114321999997
35037;5220514410110796949;5;7;70;24;2022;5;18;7;3;5;3;0;0;1;1;0;0;0;0;492700,654904709022958;5791610,555907909758389;8,893017519000070;52,274819766000100
35043;5220508315110590151;5;9;70;40;2022;5;2;1;2;9;1;2;0;1;1;0;0;0;0;427074,810999993002042;5634171,573999609798193;7,963952067000040;50,854637265000100
35044;5220511404103990701;5;7;66;60;2022;5;15;4;3;0;7;0;0;1;0;0;0;0;0;510718,494253889017273;5751457,570607759989798;9,155831997000060;51,913757061000098
35051;5220515410240587035;5;7;70;40;2022;5;19;1;2;8;1;0;0;1;0;0;0;0;0;476574,474692808988038;5811631,937594790011644;8,655269864000051;52,454366108000002
35052;5220515701910595112;5;5;62;8;2022;5;11;1;3;0;1;0;0;1;0;0;0;0;0;386060,494323253980838;5724054,164948989637196;7,352843281000050;51,655917428000102
35053;5220509705000691822;5;5;54;16;2022;5;18;2;3;0;1;0;0;1;0;0;0;0;0;363616,748223810980562;5757235,938154419884086;7,015525049000080;51,949088648999997
35054;5220512514114795879;5;1;66;24;2022;5;6;5;2;0;7;0;0;1;0;0;0;0;0;311215,597153534996323;5674271,682546789757907;6,298415959000070;51,188637711000098
35056;5220511705000021119;5;5;54;4;2022;5;12;4;3;5;3;0;0;1;1;0;0;0;0;354163,668422100017779;5777410,147632589563727;6,869471433000060;52,127950120999998
35060;5220512700000589700;5;5;13;0;2022;5;19;5;3;5;2;0;0;1;1;0;0;0;0;364933,013999868009705;5716781,101999480277300;7,050395383000020;51,585880070000002
35061;5220509300700485365;5;9;16;0;2022;5;18;2;2;0;1;0;0;1;0;0;0;0;0;371711,650999895995483;5712056,310999539680779;7,149908859000050;51,545002722000000
35066;5220512500200570419;5;1;11;0;2022;5;11;5;3;0;6;0;0;1;1;0;0;0;0;344440,752999729011208;5678393,952999150380492;6,771667690000070;51,235687455000097
35068;5220514313123094245;5;9;58;16;2022;5;13;7;3;5;3;0;0;1;1;0;0;0;0;441844,678999999014195;5678057,389999629929662;8,166709036000039;51,250909417000102
35076;5220509515111082266;5;1;54;8;2022;5;17;2;3;5;2;0;0;1;0;0;0;1;0;310157,915653507981915;5749329,052905539982021;6,242852522000020;51,862409394000103
35077;5220512300800889953;5;9;54;36;2022;5;17;5;2;5;3;0;0;1;0;0;1;0;0;381247,897999928973150;5698925,194999580271542;7,291782764000060;51,429071088000100
35078;5220513702100772721;5;5;15;0;2022;5;7;6;3;4;6;0;0;1;0;0;0;0;0;398717,892999968025833;5753691,612999649718404;7,527101705000060;51,924731723000001
35083;5220508502408389627;5;1;17;0;2022;5;18;1;3;0;7;0;0;1;0;0;0;0;1;350982,320071074995212;5699511,942199880257249;6,856467908000070;51,427193586999998
35084;5220511406210587149;5;7;58;4;2022;5;23;4;2;0;1;2;1;1;0;0;0;0;0;471220,161008312017657;5785085,150856059975922;8,578751476000040;52,215449290999999
35088;5220514608100677510;5;3;34;2;2022;5;13;7;3;4;2;0;0;1;1;0;0;0;0;295674,197298031998798;5625715,095299369655550;6,103578947000070;50,747210260000003
35089;5220512600380995376;5;3;14;0;2022;5;16;5;2;0;7;0;0;1;0;0;0;0;0;369209,308986911026295;5617155,301550130359828;7,148266132000060;50,691502651000100
35095;5220516400200065870;5;7;11;0;2022;5;17;2;3;5;3;0;0;1;1;0;0;0;0;469309,457508430990856;5762893,829196589998901;8,552786483000030;52,015834955999999
35099;5220511702100835374;5;5;15;0;2022;5;10;4;3;4;2;0;0;1;1;0;0;0;0;406596,982762805011589;5761190,339813970029354;7,639608333000070;51,993511648999998
35102;5220509502103280982;5;1;13;0;2022;5;8;2;3;0;7;0;0;1;1;0;0;0;0;361622,705874671984930;5703778,214460380375385;7,007752084000060;51,468229968000102
35103;5220514601100484907;5;3;15;0;2022;5;9;7;3;3;2;0;0;1;1;0;0;0;0;356039,829169772972818;5644640,330575549975038;6,951150906000070;50,935402492999998
35106;5220510300700663459;5;9;16;0;2022;5;13;3;2;5;2;0;0;1;1;0;0;0;0;371634,104663381993305;5709696,458905960433185;7,149651525000020;51,523777146000000
35107;5220512501121591527;5;1;12;0;2022;5;8;5;3;5;2;0;0;1;1;0;0;0;0;342770,595999718003441;5706286,986999089829624;6,735431853000020;51,485847261000103
35109;5220511602800690929;5;3;62;12;2022;5;13;4;3;0;1;0;0;1;0;0;0;0;0;353526,791999795997981;5635109,693999329581857;6,919231594000050;50,849120542000001
35110;5220513502111660700;5;1;13;0;2022;5;11;6;2;0;1;0;0;1;0;0;0;0;0;363720,345438879972789;5701482,759365539997816;7,038817649000070;51,448110875000097
35114;5220515315130293915;5;9;70;8;2022;5;15;1;3;5;3;0;0;1;1;0;0;0;0;433572,997215959010646;5623301,300509580411017;8,058225002000031;50,757679275999998
35123;5220512702100291782;5;5;15;0;2022;5;17;5;3;5;3;0;0;1;1;0;0;0;0;408121,059006195981055;5760390,764504269696772;7,662013772000020;51,986578895000001
35126;5220508601700286475;5;3;16;0;2022;5;1;1;3;7;1;2;0;1;0;0;0;0;0;359002,244302780018188;5655426,750735620036721;6,989098987000030;51,033071857000003
35127;5220511506100741654;5;1;16;0;2022;5;16;4;3;3;6;0;0;1;0;0;0;0;1;320626,242470545985270;5674136,157999879680574;6,433005230000050;51,190450989000098
35129;5220512300800793895;5;9;54;36;2022;5;7;5;2;5;3;0;0;1;1;0;0;0;0;385636,095999940996990;5700482,461999599821866;7,354374311000070;51,443970626000102
35130;5220513602200494917;5;3;62;4;2022;5;17;6;3;5;3;0;0;1;1;0;0;0;0;328188,627148744999431;5653335,446406460367143;6,551019030000020;51,005898866000102
35134;5220510307000090973;5;9;62;36;2022;5;18;3;3;0;1;0;0;1;0;0;0;0;0;403504,227985221019480;5662109,090743440203369;7,621758687000070;51,102341566000099
35140;5220509406220182024;5;7;58;24;2022;5;14;2;3;1;7;0;0;1;1;0;0;0;0;479917,575190806004684;5785958,190921340137720;8,706000896000029;52,223684065000000
35147;5220517503400906775;5;1;22;0;2022;5;16;3;3;0;6;0;0;1;0;0;0;0;1;365369,129177553986665;5669285,493913959711790;7,074679577000040;51,159151108000103
35158;5220514516600995615;5;1;58;4;2022;5;4;7;3;7;7;0;0;1;0;0;0;0;0;355900,625524032977410;5677087,537578140385449;6,936233034000050;51,226956905000101
35159;5220514702100479603;5;5;15;0;2022;5;22;7;2;8;1;2;0;1;0;0;0;0;0;405516,778999980015215;5756531,779999660328031;7,625162639000050;51,951455883999998
35161;5220509701300487645;5;5;62;14;2022;5;10;2;3;5;2;0;0;1;1;0;0;0;0;360309,943999841983896;5715386,737999429926276;6,984262707000030;51,572223256000001