OBJECTID;UIDENTSTLAE;ULAND;UREGBEZ;UKREIS;UGEMEINDE;UJAHR;UMONAT;USTUNDE;UWOCHENTAG;UKATEGORIE;UART;UTYP1;ULICHTVERH;IstStrassenzustand;IstRad;IstPKW;IstFuss;IstKrad;IstGkfz;IstSonstige;LINREFX;LINREFY;XGCSWGS84;YGCSWGS84
35162;5220512516100195715;5;1;58;32;2022;5;20;5;3;6;4;1;0;1;0;1;0;0;0;363699,199305181973614;5689307,392863309942186;7,043188648000070;51,338690262999997
35168;5220512701300661166;5;5;62;14;2022;5;13;5;3;5;2;0;0;1;1;0;0;0;0;360414,633958932012320;5718021,247584680095315;6,984724964000070;51,595922977999997
35172;5220515601100186468;5;3;15;0;2022;5;17;1;3;0;1;0;0;1;0;0;0;0;0;355187,925999808008783;5644093,257999359630048;6,939252300000020;50,930272788000103
35176;5220513711121081965;5;5;70;36;2022;5;14;6;3;0;3;0;0;1;1;0;0;0;0;434841,934540419024415;5759270,385425900109112;8,051279596000031;51,980284369000103
35178;5220511515110095941;5;1;54;4;2022;5;6;4;2;5;3;0;0;1;1;0;0;0;0;307150,794999298988841;5734690,409996660426259;6,207373575000080;51,729915261000002
35179;5220513310110380442;5;9;54;16;2022;5;7;6;3;5;3;0;0;1;1;0;0;0;0;375886,603999911982100;5696700,649999559856951;7,215480277000040;51,407929141000103
35187;5220516709800048557;5;5;66;32;2022;5;22;2;3;9;7;2;1;1;0;0;0;0;0;413509,821191277005710;5777968,200726429931819;7,736012949000040;52,145441955000102
35189;5220515608100533159;5;3;34;2;2022;5;1;1;3;0;1;2;0;1;0;0;0;0;0;293577,586475025978871;5628937,174812000244856;6,072092793000020;50,775406627999999
35190;5220510411132437764;5;7;74;32;2022;5;7;3;3;4;6;0;0;1;0;0;0;0;1;484762,398999999975786;5729736,346999649889767;8,779422542000081;51,718352438000103
35192;5220511400300876189;5;7;11;0;2022;5;17;4;3;3;2;0;0;1;1;0;0;0;0;467034,909505681018345;5756924,323731499724090;8,520217549000050;51,962034693000099
35198;5220514706300191702;5;5;58;24;2022;5;13;7;3;8;1;0;0;1;0;0;0;0;0;394577,672396900015883;5741561,432218420319259;7,470618530000020;51,814937717000099
35203;5220514518200648995;5;1;70;24;2022;5;17;7;2;7;1;0;0;1;0;0;0;0;0;336809,630598641000688;5699622,039529190398753;6,652727241000040;51,424279268000099
35204;5220511600110086275;5;3;14;0;2022;5;17;4;2;5;2;0;0;1;1;0;0;0;0;364975,246808703988791;5621977,999378570355475;7,086590918000070;50,733881332000102
35206;5220516513120589773;5;1;62;20;2022;5;8;2;3;5;3;0;1;1;1;0;0;0;0;328339,143271706998348;5674397,938063840381801;6,543147200000020;51,195171410000100
35213;5220510709700591161;5;5;66;28;2022;5;8;3;3;5;3;0;0;1;1;0;0;0;0;413739,309999986027833;5792330,736999680288136;7,735706047000060;52,274574809999997
35221;5220509503200671977;5;1;24;0;2022;5;19;2;2;8;1;0;0;1;0;0;0;0;0;376831,245999915990978;5683412,276999560184777;7,233654577000040;51,288703541000103
35223;5220513606100874376;5;3;78;4;2022;5;13;6;3;0;3;0;0;1;1;0;0;0;0;365218,298974833975080;5653523,343396999873221;7,078404990000020;51,017456642000099
35225;5220512601200493449;5;3;15;0;2022;5;13;5;2;5;3;0;0;1;1;0;0;0;0;354844,078999804973137;5638475,746999359689653;6,936596310000030;50,879702889999997
35226;5220509601600781936;5;3;15;0;2022;5;20;2;3;3;5;0;0;1;1;0;0;0;0;359879,137472959002480;5644867,389337110333145;7,005668964000050;50,938388725999999
35234;5220508609144205941;5;3;58;44;2022;5;16;1;3;6;7;0;0;1;0;1;0;0;0;321411,666653055988718;5619523,094842690043151;6,471011635000020;50,700068233000103
35235;5220511501112791309;5;1;12;0;2022;5;7;4;3;8;7;0;0;1;0;0;0;0;0;343449,209999724000227;5709152,023999109864235;6,743926541000060;51,511777174000002
35236;5220509601200767790;5;3;15;0;2022;5;8;2;3;0;1;0;0;1;0;0;0;0;0;355964,895608948019799;5637791,665540680289268;6,952787385000020;50,873835552999999
35238;5220513705000186007;5;5;54;48;2022;5;12;6;3;5;3;0;0;1;1;0;0;0;0;338713,300999686995056;5743086,902998940087855;6,660076400000040;51,815316944000102
35240;5220509407101079191;5;7;62;20;2022;5;6;2;3;5;3;0;0;1;1;0;0;0;0;526500,286706569953822;5737101,685062839649618;9,384172892000040;51,784156094000103
35241;5220514602250856555;5;3;62;16;2022;5;16;7;3;0;1;0;0;1;0;0;0;0;0;328617,460999562987126;5645961,036998610012233;6,560600992000050;50,939772329999997
35244;5220510405236591751;5;7;54;36;2022;5;10;3;3;5;7;0;0;1;0;0;0;1;0;473442,278868878027424;5750467,757360050454736;8,613967947000051;51,904327647999999
35249;5220513601700272640;5;3;16;0;2022;5;23;6;2;0;1;2;0;1;0;0;0;0;0;366198,239436706993729;5657460,868968579918146;7,090913715000060;51,053073825000098
35254;5220514705000096551;5;5;54;12;2022;5;6;7;2;4;2;0;0;1;1;0;0;0;0;353242,550999801023863;5745435,430999320000410;6,869704020000030;51,840422342000103
35255;5220515601100781796;5;3;15;0;2022;5;18;1;3;0;7;0;0;1;0;0;0;0;0;355199,736999807995744;5644580,288999360054731;6,939226770000060;50,934652595000003
35256;5220510301101580599;5;9;13;0;2022;5;16;3;3;2;6;0;0;1;1;0;0;0;0;393261,656999957980588;5707606,180999619886279;7,461904894000040;51,509490894000102
35257;5220512516100395565;5;1;58;32;2022;5;16;5;2;5;3;0;0;1;1;0;0;0;0;365250,678634529991541;5685791,783128609880805;7,066778045000040;51,307465782000101
35258;5220511301202877818;5;9;13;0;2022;5;19;4;3;5;2;0;0;1;1;0;0;0;0;394210,320043057028670;5709356,003113470040262;7,475044594000050;51,525397609999999
35272;5220513303100094323;5;9;15;0;2022;5;14;6;3;3;2;0;0;1;1;0;0;0;0;420319,336999990977347;5726723,126999650150537;7,847363328000030;51,685811663000003
35283;5220515711151681091;5;5;70;32;2022;5;11;1;3;5;3;0;0;1;1;0;0;0;0;420777,780507603019942;5770820,709072370082140;7,843867386000060;52,082283839000098
35287;5220511600110095256;5;3;14;0;2022;5;9;4;3;0;6;0;0;1;0;0;0;0;0;365109,520681489026174;5620735,606341630220413;7,088947057000040;50,722746010999998
35288;5220513500100889384;5;1;11;0;2022;5;15;6;2;5;3;0;0;1;1;0;0;0;0;345120,758022826979868;5676781,560686790384352;6,782097536000040;51,221384440000101
35289;5220516518300595875;5;1;70;20;2022;5;13;2;3;5;3;0;0;1;1;0;0;0;0;328689,323999578016810;5707847,347998539917171;6,532056686000030;51,495775015000000
35297;5220515711311684994;5;5;70;8;2022;5;21;1;2;0;1;0;0;1;0;0;0;0;0;432713,465999995998573;5733755,401999659836292;8,025264183000051;51,750654631000003
35299;5220512502200674718;5;1;13;0;2022;5;23;5;3;0;1;2;0;1;0;0;0;0;0;364146,252049068978522;5699093,546905330382288;7,045859700000050;51,426742343999997
35304;5220510607400490420;5;3;82;68;2022;5;15;3;3;5;3;0;0;1;1;0;0;0;0;371405,331805456022266;5629502,860583689995110;7,175029527000050;50,802976284000103
35308;5220509601300390323;5;3;15;0;2022;5;13;2;3;5;2;0;0;1;1;0;0;0;0;353349,761163062008563;5644869,833828289993107;6,912800259000050;50,936787185000099
35309;5220512317250457161;5;9;78;32;2022;5;18;5;3;5;3;0;0;1;1;0;0;0;0;393933,998999960022047;5727698,202999630011618;7,465513703000060;51,690211810999998
35311;5220514405244560975;5;7;54;44;2022;5;17;7;3;5;2;0;0;1;1;0;0;0;1;466998,973000000987668;5747967,037999670021236;8,520553249000050;51,881499727000097
35312;5220511601300993421;5;3;15;0;2022;5;17;4;3;5;2;0;0;1;1;0;0;0;0;354173,965999801002908;5644843,069999339990318;6,924533214000060;50,936755673000100
35315;5220510506100086812;5;1;16;0;2022;5;14;3;3;5;2;0;0;1;1;0;0;0;0;317660,433999427012168;5675927,867997899651527;6,389698768000070;51,205607237999999
35317;5220514602500189899;5;3;62;24;2022;5;20;7;3;0;7;1;0;1;0;1;0;0;0;347127,492114422027953;5641360,642978630028665;6,825779430000070;50,903637277000001
35319;5220509506100081915;5;1;16;0;2022;5;7;2;2;8;1;0;0;1;0;0;0;0;0;320289,389559571980499;5675202,752958900295198;6,427655958000060;51,199926537000103
35320;5220511705000768257;5;5;54;12;2022;5;21;4;3;5;3;1;0;1;1;0;0;0;0;351222,645999787026085;5748233,943999280221760;6,839201456000070;51,865031921000103
35324;5220516313240794471;5;9;58;40;2022;5;12;2;3;5;2;0;0;1;0;0;0;0;1;448115,001183156971820;5668890,208324030041695;8,257872190000059;51,169088490000000
35328;5220511608328485728;5;3;34;28;2022;5;16;4;2;0;7;0;0;1;0;0;0;0;0;307967,206529501010664;5607984,072849039919674;6,286825241000030;50,592130532000098
35329;5220513518200530831;5;1;70;24;2022;5;7;6;3;4;6;0;0;1;0;0;0;0;0;335227,945043577987235;5701217,653353320434690;6,629255431000050;51,438156890000101
35332;5220514502324674733;5;1;13;0;2022;5;16;7;3;0;7;0;0;1;0;0;0;0;0;361707,931915134016890;5708516,652440830133855;7,007122012000020;51,510831850999999
35335;5220509702100074698;5;5;15;0;2022;5;20;2;3;0;1;0;0;1;0;0;0;0;0;407963,278999981004745;5754487,652999660000205;7,661298480000030;51,933492300000097
35337;5220511315110987624;5;9;70;40;2022;5;13;4;3;0;1;0;0;1;0;0;0;0;0;430606,851436991011724;5640677,117339570075274;8,012888242000029;50,913565477000098
35346;5220509605132575877;5;3;74;32;2022;5;16;2;3;0;3;0;0;1;1;0;0;0;0;400662,068821375025436;5641120,596980719827116;7,586923063000030;50,913175002999999
35347;5220512404102087178;5;7;66;40;2022;5;15;5;2;0;7;0;0;1;0;0;0;0;0;481918,984066793986131;5755132,582519699819386;8,736935024000051;51,946608611000002
35349;5220514400300087037;5;7;11;0;2022;5;16;7;3;5;3;0;0;1;1;0;0;0;0;465893,591991171997506;5754220,020763870328665;8,503875555000040;51,937652272999998
35356;5220511514113096021;5;1;66;32;2022;5;12;4;3;0;7;0;0;1;0;0;0;0;0;317237,386711991974153;5684983,784408889710903;6,379026559000070;51,286818811000003
35357;5220509515212091472;5;1;54;32;2022;5;16;2;2;0;3;0;0;1;1;0;0;0;0;307171,826999288983643;5716048,105996740050614;6,217951995000020;51,562498658000003
35367;5220511514110486061;5;1;66;32;2022;5;17;4;3;5;2;0;0;1;1;0;0;0;0;318307,931999439024366;5680436,025997930206358;6,396672655000030;51,246309735000096
35368;5220512706000591823;5;5;58;32;2022;5;13;5;1;8;1;0;0;1;0;0;0;0;0;391856,251404883980285;5750185,275141670368612;7,428455920000030;51,891927191000001
35370;5220510501223691546;5;1;12;0;2022;5;10;3;3;5;3;0;0;1;1;0;0;0;0;341078,729257937986404;5703145,177588369697332;6,712497623000050;51,457146502000100
35373;5220514609144894792;5;3;58;44;2022;5;11;7;1;5;3;0;0;1;1;0;0;0;0;325411,608713158988394;5618333,499105620197952;6,528160073000040;50,690594742000002
35380;5220510307000656215;5;9;62;16;2022;5;17;3;3;5;3;0;0;1;1;0;0;0;0;411801,733916516997851;5687680,619183530099690;7,733948308000040;51,333565696999997
35387;5220514514113586189;5;1;66;32;2022;5;13;7;3;1;3;0;0;1;1;0;0;0;0;317246,646477547998074;5684980,864810549654067;6,379160697000030;51,286795556000101
35395;5220513400100966291;5;7;11;0;2022;5;17;6;2;4;2;0;0;1;1;0;0;0;0;463346,561999999976251;5766032,865999669767916;8,465564344000031;52,043694679000097
35398;5220508702100168269;5;5;15;0;2022;5;11;1;3;5;3;0;0;1;1;0;0;0;0;405724,843999976990744;5753734,786999659612775;7,628955999000030;51,926350491999997
35399;5220514607400034346;5;3;82;68;2022;5;10;7;3;1;5;0;0;1;1;0;0;0;0;367142,670757975021843;5631670,550328079611063;7,113784980000050;50,821497563999998
35400;5220512601300085530;5;3;15;0;2022;5;14;5;3;4;6;0;0;1;0;0;0;0;0;354191,128999800013844;5644819,756999350152910;6,924786644000050;50,936550506000103
35403;5220510705000787239;5;5;54;56;2022;5;15;3;3;3;3;0;0;1;1;0;0;0;0;356836,322999824013095;5762419,263999390415847;6,914772279000030;51,993957442000102
35404;5220513711321076703;5;5;70;48;2022;5;9;6;3;5;3;0;0;1;0;0;0;1;0;447742,453089690010529;5731898,072764719836414;8,243234861000079;51,735559922000000
35405;5220517405108060975;5;7;54;8;2022;5;7;3;3;5;2;0;0;1;1;0;0;0;0;457978,698395269981120;5748574,206265919841826;8,389437777000071;51,886351669000099
35407;5220513301301894297;5;9;78;24;2022;5;16;6;2;5;3;0;0;1;1;0;0;0;0;398137,273575566010550;5719601,538282279856503;7,528660393000050;51,618213210000100
35410;5220508601300085509;5;3;15;0;2022;5;4;1;3;0;1;2;0;1;0;0;0;0;0;354220,401551396993455;5645921,928907790221274;6,924761906000070;50,946462781000001
35412;5220509514113089759;5;1;66;32;2022;5;17;2;3;5;3;0;0;1;1;0;0;0;0;316794,169638429011684;5684568,974703609943390;6,372890340000030;51,282950363000097
35415;5220517315150895846;5;9;70;44;2022;5;18;3;3;0;1;0;0;1;0;0;0;0;0;437646,050647004973143;5628334,506813759915531;8,115109734000040;50,803388671000100
35417;5220515502409079601;5;1;17;0;2022;5;21;1;3;9;7;0;0;1;0;0;0;0;0;350030,983541842026170;5698895,105706679634750;6,843054939000070;51,421400080000097
35421;5220511405108082112;5;7;54;8;2022;5;13;4;3;5;3;0;0;1;1;0;0;0;0;460244,334079449006822;5748582,285087499767542;8,422354281000031;51,886590489000099
35424;5220516701110370161;5;5;62;32;2022;5;16;2;3;5;3;0;1;1;1;0;0;0;0;375888,814238095015753;5719348,988595769740641;7,207539762000070;51,611477678000000
35427;5220514705000782335;5;5;54;8;2022;5;23;7;3;5;3;2;0;1;1;0;0;0;0;334729,108666561020073;5745738,622344730421901;6,601062498000030;51,837974460000098
35430;5220512502200094966;5;1;13;0;2022;5;13;5;3;0;1;0;0;1;0;0;0;0;0;358930,984097442007624;5701126,599021770060062;6,970082271000020;51,443737570000103
35435;5220510400300986232;5;7;11;0;2022;5;15;3;3;0;1;0;0;1;0;0;0;0;0;473321,710000000020955;5753379,060999670065939;8,611989882000049;51,930497066000001
35436;5220508501318076342;5;1;12;0;2022;5;14;1;3;4;2;0;0;1;1;0;0;0;0;343678,632999725989066;5698806,151999119669199;6,751804876000050;51,418884698000099
35437;5220511405236296870;5;7;54;36;2022;5;10;4;3;5;3;0;0;1;1;0;0;0;0;473020,848112324019894;5750739,502599189989269;8,607821080000059;51,906750629999998
35439;5220513600140375602;5;3;14;0;2022;5;7;6;3;3;6;0;0;1;0;0;0;0;0;369188,888021230988670;5623225,462482039816678;7,145824851000040;50,746058048000101
35440;5220516601100793578;5;3;15;0;2022;5;18;2;3;5;3;0;0;1;1;0;0;0;0;356182,667999815021176;5644619,843999370001256;6,953190494000070;50,935254020999999
35449;5220514502318590760;5;1;13;0;2022;5;10;7;3;0;7;0;0;1;0;0;0;0;0;354286,328209482016973;5705356,236924850381911;6,901552114000030;51,480568216999998
35450;5220511601700081844;5;3;16;0;2022;5;18;4;1;3;2;0;0;1;0;0;0;1;0;363702,918274840980303;5654332,823486589826643;7,056509047000080;51,024374484000099
35455;5220514702100172399;5;5;15;0;2022;5;13;7;2;5;2;0;0;1;1;0;0;0;0;405874,756373091018759;5753183,459931409917772;7,631286262000060;51,921420252000097
35457;5220509601300186588;5;3;15;0;2022;5;16;2;2;0;1;0;0;1;0;0;0;0;0;350087,798777427989990;5645078,029465259984136;6,866322763000030;50,937819381000097
35458;5220512410110882043;5;7;70;24;2022;5;7;5;3;5;2;0;0;1;1;0;0;0;0;492880,268000000971369;5793989,726999679580331;8,895599742000060;52,296212073000000
35460;5220514405228396928;5;7;54;28;2022;5;23;7;3;0;1;2;0;1;0;0;0;0;0;451759,777561765979044;5745016,693010429851711;8,299581799000070;51,853864414999997
35461;5220517405232286990;5;7;54;32;2022;5;11;3;3;0;1;0;0;1;0;0;0;0;0;461741,680015856982209;5742934,719511490315199;8,444734900000070;51,835919425999997
35467;5220509601100686450;5;3;15;0;2022;5;23;2;3;0;1;2;0;1;0;0;0;0;0;356751,373999817995355;5643081,348999380134046;6,961883370000070;50,921569240000103
35470;5220516706000352435;5;5;58;12;2022;5;14;2;2;5;3;0;0;1;0;0;0;0;0;372205,664385167998262;5756051,637388769537210;7,140866690000050;51,940485739000103
35478;5220511702100270586;5;5;15;0;2022;5;19;4;3;0;2;0;0;1;1;0;0;0;0;405898,773911635973491;5752299,112252029590309;7,631877073000060;51,913475335999998
35479;5220513601500593532;5;3;15;0;2022;5;20;6;3;0;5;1;0;1;1;0;0;0;0;361394,821537830983289;5649727,966807110235095;7,025376431000040;50,982438122000097
35489;5220514405232076381;5;7;54;32;2022;5;9;7;3;0;1;0;0;1;0;0;0;0;0;461722,452335470006801;5742359,695668309926987;8,444519464000050;51,830748189000097
35492;5220516502103170218;5;1;13;0;2022;5;7;2;3;0;7;0;0;1;1;0;0;0;0;362328,716999851982109;5703457,720999450422823;7,018034951000060;51,465522088999997
35498;5220511711212602909;5;5;70;4;2022;5;18;4;3;5;3;0;0;1;1;0;0;0;0;427781,611999994027428;5739240,769999659620225;7,952691089000040;51,799352890000101
35500;5220517411108096963;5;7;74;8;2022;5;17;3;3;5;2;0;0;1;1;0;0;0;0;489361,598999999987427;5736944,523999660275877;8,845779059000050;51,783269492999999
35504;5220513500200570419;5;1;11;0;2022;5;8;6;3;0;2;0;0;1;1;0;0;0;0;347187,825999753025826;5677151,418999210000038;6,811517392000040;51,225264872000103
35505;5220516500200281013;5;1;11;0;2022;5;11;2;2;0;1;0;1;1;0;0;0;0;0;350035,440814260975458;5678486,834704820066690;6,851709218000050;51,238019905999998
35508;5220508608436680799;5;3;34;36;2022;5;11;1;3;0;1;0;0;1;0;0;0;0;0;297825,293934989022091;5634628,689109140075743;6,129127837000060;50,828021105000097
35512;5220512317220375790;5;9;78;4;2022;5;12;5;3;5;3;0;0;1;1;0;0;0;0;405161,178999977011699;5718876,271999640390277;7,630279961000040;51,612921207000099
35528;5220515411128882046;5;7;74;28;2022;5;19;1;3;0;6;0;0;1;1;0;0;0;0;494017,335336830990855;5724563,114567129872739;8,913484196000070;51,672012854999998
35531;5220512516900674046;5;1;58;26;2022;5;17;5;3;0;1;0;0;1;0;0;0;0;0;353084,597999794001225;5663602,967999329790473;6,901439668000020;51,105064110000100
35535;5220516701110069387;5;5;62;32;2022;5;7;2;3;5;3;0;0;1;1;0;0;0;0;375993,342451279982924;5720915,217936459928751;7,208494283000050;51,625576645000102
35536;5220510600140590864;5;3;14;0;2022;5;16;3;3;5;3;0;0;1;1;0;0;0;0;369776,482927864009980;5620448,516128229908645;7,155130105000070;50,721230274000000
35538;5220515300800155750;5;9;54;36;2022;5;12;1;2;5;2;0;0;1;1;0;0;0;0;385546,674999942013528;5698112,041999599896371;7,353854263000070;51,422646956000101
35539;5220512601500493344;5;3;15;0;2022;5;7;5;3;5;2;0;0;1;1;0;0;0;0;357840,478291547973640;5645076,072694749571383;6,976590643000070;50,939765179000098
35542;5220512315210485525;5;9;70;24;2022;5;20;5;3;8;1;0;0;1;1;0;0;0;0;430629,687916367023718;5643099,431421670131385;8,012752149000050;50,935347929999999
35543;5220510709300025047;5;5;66;84;2022;5;18;3;3;5;3;0;0;1;1;0;0;0;0;385379,390254452999216;5777838,374334179796278;7,325119117000040;52,139154435000101
35546;5220511601100593442;5;3;15;0;2022;5;14;4;3;5;2;0;0;1;1;0;0;0;0;355694,340999810025096;5645893,210999360308051;6,945740981000030;50,946575543000101
35552;5220509514121086210;5;1;66;4;2022;5;17;2;2;5;3;0;0;1;1;0;0;0;0;301066,497999162995256;5680585,268996110185981;6,149864007000080;51,241898646999999
35553;5220511705000296621;5;5;54;56;2022;5;16;4;3;4;7;0;0;1;1;0;0;0;0;357756,946999830019195;5762281,577999399974942;6,928229096000050;51,992956872000001
35556;5220515316300894439;5;9;74;28;2022;5;2;1;3;0;1;2;0;1;0;0;0;0;0;457241,667335554026067;5725826,926701960153878;8,381532506000040;51,681780207000003
35568;5220509701700891836;5;5;62;16;2022;5;11;2;2;5;2;0;0;1;1;0;0;0;0;369466,913999887008686;5737511,340999529697001;7,108050077000030;51,773242179000100
35569;5220512516300895631;5;1;58;28;2022;5;18;5;3;5;3;0;0;1;1;0;0;0;0;353671,407926141982898;5687982,707034540362656;6,899868428000050;51,324294205999998
35571;5220515711422054394;5;5;70;20;2022;5;7;1;3;8;1;0;0;1;0;0;0;0;0;439379,789361090981402;5749661,242037669755518;8,119036985000040;51,894411947000002
35572;5220510400200874633;5;7;11;0;2022;5;11;3;3;5;3;0;0;1;1;0;0;0;0;470001,724941653024871;5764962,317529070191085;8,562692334000079;52,034469886000103
35574;5220511406220037955;5;7;58;24;2022;5;12;4;3;3;6;0;0;1;0;0;0;0;0;480194,147999999986496;5782967,685999680310488;8,710224739000070;52,196807883000098
35577;5220513516900795564;5;1;58;26;2022;5;20;6;3;5;2;0;0;1;1;0;0;0;0;352107,972999787016306;5664852,307999310083687;6,886987421000070;51,116039817999997
35580;5220514518400596135;5;1;70;8;2022;5;18;7;3;0;7;0;0;1;1;0;0;0;0;343584,380604713980574;5714968,009671240113676;6,743288771000040;51,564069475000103
35581;5220515407343096950;5;7;62;40;2022;5;20;1;3;9;1;0;0;1;0;0;0;0;0;511397,812125584983733;5713303,395578499883413;9,164458048000030;51,570687272000001
35584;5220512501325066574;5;1;12;0;2022;5;14;5;3;2;6;0;0;1;0;0;0;0;0;344853,863570480025373;5693393,652706810273230;6,771058821000050;51,370575845000097
35586;5220511602500886954;5;3;62;24;2022;5;13;4;3;4;2;0;0;1;1;0;0;0;0;343762,863757951010484;5645162,017258100211620;6,776335949000040;50,936895208000102
35588;5220516603116092813;5;3;66;16;2022;5;5;2;3;0;6;1;0;1;1;0;0;0;0;348099,312278473982587;5610142,462476179935038;6,852476666000030;50,623351415999998
35589;5220510601500290402;5;3;15;0;2022;5;16;3;3;0;1;0;0;1;0;0;0;0;0;361164,374999844003469;5649466,539999430067837;7,022195352000040;50,980033112000100
35594;5220509606100876806;5;3;78;4;2022;5;18;2;3;1;1;0;0;1;1;0;0;0;0;371543,598999893991277;5647699,589999520219862;7,170594545000030;50,966561093999999
35597;5220514400200396801;5;7;11;0;2022;5;15;7;3;5;3;0;0;1;1;0;0;0;0;472718,510000000998843;5765612,918999670073390;8,602243982000060;52,040459562000102
35599;5220511516000281412;5;1;58;32;2022;5;15;4;3;0;7;0;0;1;0;0;0;0;0;362832,280157221015543;5688644,738364179618657;7,031005748000040;51,332526700000102
35600;5220512705000285645;5;5;54;8;2022;5;18;5;3;3;6;0;0;1;1;0;0;0;0;334942,662018697010353;5745873,368995320051908;6,604095053000040;51,839248087000001
35603;5220512700000475255;5;5;13;0;2022;5;18;5;2;5;3;0;0;1;1;0;0;0;0;367722,220999879005831;5707878,265999509952962;7,093978518000030;51,506534878000103
35604;5220508603116090951;5;3;66;16;2022;5;2;1;2;0;1;2;0;1;0;0;0;0;0;346805,512594813015312;5610287,239718349650502;6,834139416000030;50,624314019000103
35607;5220509503200565393;5;1;24;0;2022;5;14;2;3;0;5;0;0;1;1;0;0;0;0;375830,678849609976169;5681933,070509079843760;7,219827134000070;51,275191571999997
35608;5220511711231689244;5;5;70;40;2022;5;17;4;3;3;6;0;0;1;1;0;0;0;0;419380,189616227988154;5744332,845898600295186;7,829694302000060;51,843979271000102
35609;5220513701300914019;5;5;62;14;2022;5;9;6;3;0;1;0;0;1;0;0;0;0;0;361730,561371873016469;5712093,282880869694054;7,006043960000060;51,542977849000103
35612;5220515605116091585;5;3;74;16;2022;5;12;1;3;5;3;0;0;1;1;0;0;0;0;380466,180469188024290;5666070,960386630147696;7,291536388000050;51,133611609000098
35614;5220508500200871875;5;1;11;0;2022;5;10;1;3;0;5;0;0;1;1;0;0;0;0;347952,690999759011902;5678514,021999229677022;6,821884579000030;51,237712979999998
35617;5220513601300886362;5;3;15;0;2022;5;18;6;3;0;5;0;0;1;1;0;0;0;0;353289,441727046971209;5646762,119742530398071;6,911180123000070;50,953777069000097
35618;5220516600110086274;5;3;14;0;2022;5;13;2;3;3;6;0;1;1;0;0;0;0;0;365091,631828946003225;5622116,264657979831100;7,088188601000070;50,735151090999999
35619;5220509407101077576;5;7;62;20;2022;5;7;2;3;0;6;0;0;1;0;1;0;0;0;525817,338941036956385;5736198,822213440202177;9,374205315000040;51,776070292000000
35623;5220509709800087328;5;5;66;44;2022;5;8;2;3;3;6;0;0;1;1;0;0;0;0;426190,289002749021165;5775875,256313100457191;7,921743982000070;52,128468341000001
35626;5220511601300893421;5;3;15;0;2022;5;16;4;3;0;1;0;0;1;0;0;0;0;0;352356,711987357004546;5647352,803237140178680;6,897670131000040;50,958847065999997
35630;5220512701110947576;5;5;62;32;2022;5;9;5;2;5;3;0;0;1;1;0;0;0;0;373970,002139501972124;5719200,948863659985363;7,179895726000040;51,609720977999999
35632;5220514700000995111;5;5;13;0;2022;5;13;7;3;1;5;0;0;1;1;0;0;0;0;369677,092636675981339;5706462,282126249745488;7,122653417000040;51,494263787000101
35633;5220509601300567754;5;3;15;0;2022;5;9;2;3;5;3;0;0;1;1;0;0;0;0;354787,179753131989855;5646137,376118989661336;6,932738710000020;50,948541992999999
35634;5220512406210396898;5;7;58;4;2022;5;17;5;3;0;1;0;0;1;0;0;0;0;0;470475,759227193018887;5783505,739959520287812;8,567993793000030;52,201210392000100
35636;5220513709500079230;5;5;66;76;2022;5;10;6;3;5;3;0;0;1;1;0;0;0;0;396390,798999965016264;5787036,389999659731984;7,483147422000060;52,223996759999999
35639;5220516316100082008;5;9;74;40;2022;5;2;2;2;8;7;2;0;1;0;0;0;0;0;437324,342330323008355;5709402,735221349634230;8,096412006000040;51,532249675000102
35641;5220508601600886517;5;3;15;0;2022;5;15;1;3;0;2;0;0;1;1;0;0;0;0;362440,904127424000762;5643832,200315250083804;7,042498194000070;50,929701936000100
35643;5220511601400478453;5;3;15;0;2022;5;16;4;3;1;5;0;0;1;1;0;0;0;0;356295,770846235973295;5648032,012381680309772;6,953452336000050;50,965946821000003
35645;5220516410110940738;5;7;70;24;2022;5;5;2;3;0;7;0;0;1;1;0;0;0;0;496486,514981274027377;5792745,735584589652717;8,948492917000070;52,285062859999996
35648;5220514609112571750;5;3;58;12;2022;5;12;7;3;0;7;0;0;1;0;0;0;0;0;319612,393999436986633;5613561,537998160347342;6,448465971000080;50,645953898000101
35650;5220515601600964460;5;3;15;0;2022;5;14;1;3;8;1;0;1;1;0;0;0;0;0;365190,255999865999911;5642859,298999469727278;7,081958229000070;50,921607039000001
35657;5220513310120585522;5;9;54;32;2022;5;16;6;3;0;1;0;0;1;0;0;0;0;0;387388,543769961979706;5693445,466549620032310;7,381815059000080;51,381071390000002
35660;5220508603116034485;5;3;66;16;2022;5;13;1;3;5;3;0;0;1;1;0;0;0;0;342828,076999706972856;5614277,893999130465090;6,776258460000070;50,659116668000102
35661;5220511513120900443;5;1;62;20;2022;5;17;4;3;5;3;0;0;1;1;0;0;0;0;325472,230999531981070;5674504,064998409710824;6,502105117000040;51,195256449000098
35666;5220515405108088739;5;7;54;8;2022;5;21;1;2;0;1;1;0;1;0;0;0;0;0;458975,850803566980176;5750687,883007650263608;8,403673856000070;51,905429233000099
35668;5220510500100067137;5;1;11;0;2022;5;21;3;2;5;3;1;0;1;1;0;0;0;0;346631,909058982972056;5676169,461748619563878;6,803982213000040;51,216292356000103
35670;5220511500200967523;5;1;11;0;2022;5;10;4;3;5;3;0;0;1;1;0;0;0;0;346509,478999749000650;5680015,314999190159142;6,800582863000050;51,250816423000103