OBJECTID;UIDENTSTLAE;ULAND;UREGBEZ;UKREIS;UGEMEINDE;UJAHR;UMONAT;USTUNDE;UWOCHENTAG;UKATEGORIE;UART;UTYP1;ULICHTVERH;IstStrassenzustand;IstRad;IstPKW;IstFuss;IstKrad;IstGkfz;IstSonstige;LINREFX;LINREFY;XGCSWGS84;YGCSWGS84
35676;5220515301201094390;5;9;13;0;2022;5;20;1;2;0;1;0;0;1;0;0;0;0;0;391593,516639511974063;5707976,623282260261476;7,437762690000060;51,512502978000001
35680;5220511313121194245;5;9;58;32;2022;5;13;4;2;0;1;0;0;1;0;0;0;0;0;449924,334378270024899;5687982,236315310001373;8,281077083000071;51,340913847000103
35681;5220514518310096079;5;1;70;32;2022;5;22;7;3;0;1;2;0;1;0;0;0;0;0;336618,447541759000160;5711565,399734729900956;6,644456174000030;51,531525420999998
35682;5220511601000493570;5;3;15;0;2022;5;23;4;3;0;1;2;0;1;0;0;0;0;0;356683,474999815982301;5643852,294999379664660;6,960614949000050;50,928480805000000
35683;5220513314120395838;5;9;66;8;2022;5;19;6;2;5;2;0;0;1;1;0;0;0;0;414241,193860684987158;5653137,131383259780705;7,777201194000040;51,023387401999997
35685;5220510516500674125;5;1;58;16;2022;5;7;3;3;5;3;0;0;1;1;0;0;0;0;353414,270254938979633;5671004,079337259754539;6,903133534000060;51,171656869000103
35688;5220512602100714965;5;3;62;8;2022;5;7;5;3;0;1;0;0;1;0;0;0;0;0;335764,622893669991754;5646661,490165229886770;6,661922840000050;50,948145899000103
35694;5220512701500095037;5;5;62;24;2022;5;7;5;3;5;2;0;0;1;1;0;0;0;0;371042,271999894990586;5725536,947999539785087;7,135303206000060;51,665998106000103
35695;5220513300800277933;5;9;54;36;2022;5;13;6;3;1;5;0;0;1;1;0;0;0;0;380673,792385194974486;5697949,402791880071163;7,283857005000070;51,420180254000101
35703;5220516702100291845;5;5;15;0;2022;5;16;2;3;3;6;0;1;1;1;0;0;0;0;405576,216383658000268;5756808,343922659754753;7,625951259000030;51,953951857000000
35707;5220515608200289775;5;3;34;2;2022;5;12;1;3;3;2;0;0;1;0;0;1;0;0;296304,192586830002256;5628573,417135690338910;6,110915738000070;50,773103437000003
35711;5220511610121373703;5;3;70;12;2022;5;7;4;3;5;3;0;0;1;1;0;0;0;0;298008,970999083016068;5650695,515995820052922;6,122846094000070;50,972386880000002
35712;5220513601300393632;5;3;15;0;2022;5;21;6;3;6;4;2;0;1;0;1;0;0;0;352289,662135554011911;5647405,497831069864333;6,896694691000050;50,959303422000097
35713;5220512608200254191;5;3;34;2;2022;5;15;5;3;0;5;0;0;1;1;0;0;0;1;297462,833863146021031;5631097,538506619632244;6,125936348000040;50,796179541000100
35716;5220513705000596644;5;5;54;40;2022;5;9;6;3;5;2;0;0;1;1;0;0;0;0;351089,017999787000008;5737535,878999290056527;6,841861104000030;51,768875845000103
35717;5220517314130293708;5;9;66;28;2022;5;15;3;3;2;6;0;0;1;1;0;0;0;0;422516,229410726984497;5643391,861687949858606;7,897244448000040;50,936944030000099
35718;5220509410260940180;5;7;70;36;2022;5;17;2;3;3;6;0;0;1;1;0;0;0;0;466438,199898966995534;5794760,681602840311825;8,507798790000040;52,302163980000003
35720;5220515606400490444;5;3;78;24;2022;5;18;1;3;0;6;0;0;1;1;0;0;0;0;378113,958194157981779;5645140,242628349922597;7,264975924000050;50,944984287000104
35723;5220511500200756862;5;1;11;0;2022;5;7;4;3;5;2;0;0;1;1;0;0;0;0;344830,199612587981392;5681383,102994630113244;6,775946038000030;51,262652016000096
35728;5220509303100077922;5;9;15;0;2022;5;8;2;3;5;2;0;0;1;1;0;0;0;0;417838,455410781025421;5725257,274126940406859;7,811828788000070;51,672276800000098
35731;5220515601200661137;5;3;15;0;2022;5;10;1;3;4;6;0;0;1;1;0;0;0;0;353747,290087223984301;5641710,575328970327973;6,919721099000070;50,908496883000097
35732;5220510302100775405;5;9;14;0;2022;5;8;3;3;0;7;0;0;1;0;0;0;0;0;394377,264047618024051;5693452,006268600001931;7,482199332000050;51,382473701999999
35736;5220511518410295930;5;1;70;16;2022;5;17;4;2;5;2;0;0;1;1;0;0;0;0;346265,866999748977832;5723990,494999179616570;6,777989411000020;51,645872107999999
35739;5220510508000282165;5;1;19;0;2022;5;16;3;3;5;3;0;0;1;1;0;0;0;0;350670,413999781012535;5705245,048999279737473;6,849564675000070;51,478626140000102
35741;5220514701200085383;5;5;62;20;2022;5;10;7;3;5;3;0;0;1;0;0;0;0;1;372627,613999900000636;5718498,601999550126493;7,160775020000070;51,603106959000101
35742;5220509602100586909;5;3;62;8;2022;5;10;2;3;5;3;0;0;1;1;0;0;0;0;333980,537999623978976;5648015,797998839989305;6,635929739000060;50,959803205000100
35743;5220512500200701650;5;1;11;0;2022;5;13;5;3;0;1;0;0;1;0;0;0;0;0;343640,008708275971003;5679694,898337909951806;6,759638641000040;51,247157914000098
35745;5220513711212089447;5;5;70;4;2022;5;13;6;3;5;3;0;0;1;1;0;0;0;0;426422,653999994974583;5739632,525999659672379;7,932904029000040;51,802697502999997
35746;5220517502227889669;5;1;13;0;2022;5;14;3;3;5;3;0;0;1;1;0;0;0;0;358350,581999831018038;5696850,024999399669468;6,963445810000050;51,405162760000103
35748;5220516404103191065;5;7;66;20;2022;5;10;2;3;3;7;0;0;1;0;0;1;0;0;497710,540044768014923;5751735,752118240110576;8,966712524000060;51,916356660000098
35749;5220510307000885534;5;9;62;56;2022;5;19;3;3;0;1;0;0;1;0;0;0;0;0;396639,670940364012495;5678324,745862280018628;7,519083550000060;51,246911298000001
35750;5220512608404769733;5;3;34;4;2022;5;7;5;3;5;3;0;0;1;1;0;0;0;0;300676,606468873971608;5639401,741012689657509;6,166965506000050;50,871880030000099
35758;5220515317220077814;5;9;78;4;2022;5;21;1;3;0;1;2;0;1;0;0;0;0;0;404468,935615965980105;5718566,710621999576688;7,620369642000070;51,610021528000097
35761;5220512502408478528;5;1;17;0;2022;5;8;5;3;4;7;0;0;1;0;0;0;0;0;351018,433999782020692;5699505,013999289833009;6,856989909000050;51,427140828000098
35764;5220513405104106678;5;7;54;4;2022;5;22;6;2;6;4;2;0;1;0;1;0;0;0;447036,656000001006760;5773299,813999679870903;8,226644914000079;52,107706333000102
35766;5220510607400086242;5;3;82;44;2022;5;18;3;3;3;6;0;0;1;0;0;0;0;1;361328,922841291991062;5632912,993528890423477;7,030826565000040;50,831300859000102
35774;5220514300400693709;5;9;11;0;2022;5;17;7;3;0;1;0;0;1;0;0;0;0;0;372241,778630740998778;5698531,090769720263779;7,162443349000060;51,423570329000000
35775;5220517501311476268;5;1;12;0;2022;5;14;3;3;5;3;0;0;1;1;0;0;0;0;343970,247999727027491;5700296,169999119825661;6,755339249000030;51,432352753000004
35777;5220512706100391823;5;5;58;16;2022;5;18;5;3;1;5;0;0;1;0;0;0;0;1;380685,859636825975031;5744722,718911459669471;7,268091310000050;51,840555789000099
35779;5220510505200017726;5;1;14;0;2022;5;15;3;3;5;3;0;0;1;1;0;0;0;0;335601,284999651019461;5691586,509998859837651;6,639082781000070;51,351736895000002
35780;5220508516000078852;5;1;58;32;2022;5;16;1;3;0;3;0;0;1;1;0;0;0;0;364269,751108589989599;5688620,406439639627934;7,051636531000040;51,332652975000002
35781;5220511503200075330;5;1;24;0;2022;5;16;4;3;0;1;0;0;1;0;0;0;0;0;374331,256999904988334;5681182,031999549828470;7,198605813000030;51,268112778000003
35782;5220514608324463889;5;3;34;24;2022;5;16;7;2;5;7;0;0;1;1;0;0;0;0;303618,391458277008496;5619544,237377599813044;6,219332061000050;50,694522902000102
35784;5220510601500553682;5;3;15;0;2022;5;17;3;3;5;3;0;0;1;1;0;0;0;0;358236,306113024998922;5645450,757489480078220;6,982075055000050;50,943229926000100
35785;5220509316300690813;5;9;74;28;2022;5;12;2;3;5;3;0;0;1;1;0;0;0;0;457325,998999884002842;5726029,063999949954450;8,382727511000040;51,683604023000001
35788;5220515516300779533;5;1;58;28;2022;5;14;1;3;6;6;0;0;1;0;1;0;0;0;353221,021974298986606;5692726,837655969895422;6,891452847000040;51,366808339000002
35790;5220512404101196980;5;7;66;20;2022;5;22;5;3;0;6;2;0;1;1;0;0;0;0;492226,335000001010485;5753164,139999669976532;8,886943079000050;51,929149825000103
35791;5220510702100005103;5;5;15;0;2022;5;22;3;3;0;1;2;0;1;0;0;0;0;0;398499,951948309026193;5753718,912756050005555;7,523925375000030;51,924937403000101
35800;5220509513340373729;5;1;62;28;2022;5;7;2;3;0;5;0;0;1;1;0;0;0;0;338245,764079104992561;5656015,351709039881825;6,693049010000040;51,032894047000099
35801;5220511706000376253;5;5;58;24;2022;5;19;4;2;0;2;0;0;1;0;0;1;0;0;392862,115126440010499;5740993,899087499827147;7,445915921000050;51,809510542000098
35805;5220516302100593702;5;9;14;0;2022;5;5;2;3;4;2;0;0;1;1;0;0;0;0;393236,569985784008168;5692395,067590219900012;7,466131439000040;51,372759787000099
35806;5220510316300082015;5;9;74;28;2022;5;14;3;3;0;6;0;0;1;0;0;0;0;1;455189,107243682025000;5725815,140471179969609;8,351847264000069;51,681514191000097
35809;5220511405220896973;5;7;54;20;2022;5;12;4;3;4;6;0;0;1;0;0;0;0;0;445063,836818390991539;5751603,875839560292661;8,201321586000059;51,912465990999998
35810;5220511702100776651;5;5;15;0;2022;5;17;4;2;0;7;0;0;1;0;0;0;0;0;401398,459999972023070;5764720,892999660223722;7,562901866000060;52,024346019000099
35811;5220513505200796041;5;1;14;0;2022;5;7;6;3;0;1;0;0;1;0;0;0;0;0;335828,535999431973323;5691893,805773690342903;6,642201561000040;51,354563440000000
35818;5220509709700561973;5;5;66;28;2022;5;12;2;3;6;6;0;0;1;0;1;0;0;0;412467,721249576017726;5792014,557510079815984;7,717155884000020;52,271531916000100
35820;5220511301205255653;5;9;13;0;2022;5;16;4;3;6;7;0;0;1;0;1;0;0;0;387467,134999947971664;5714409,475999609567225;7,376266050000030;51,569514986000101
35825;5220508702100672452;5;5;15;0;2022;5;19;1;3;5;3;0;0;1;1;0;0;0;0;403161,862999974982813;5759031,594999659806490;7,590202181000050;51,973519920999998
35828;5220515516700195474;5;1;58;8;2022;5;17;1;3;0;1;0;0;1;0;0;0;0;0;361259,613999845983926;5675211,641999440267682;7,013659029000050;51,211426529999997
35829;5220509607100078277;5;3;82;60;2022;5;10;2;3;0;1;0;0;1;1;0;0;0;0;373810,523103408981115;5629563,365129980258644;7,209124391000050;50,804048956000003
35841;5220509518210744759;5;1;70;28;2022;5;8;2;3;5;2;0;0;1;1;0;0;0;0;331794,700999610999133;5702527,655998700298369;6,579282222000070;51,448916760000003
35843;5220513705000281393;5;5;54;20;2022;5;19;6;3;0;3;0;0;1;1;0;0;0;0;365734,716986636980437;5787024,462929150089622;7,034596510000030;52,217270708999997
35859;5220516301301666168;5;9;78;24;2022;5;14;2;3;4;6;0;0;1;1;1;0;0;0;396293,439991026010830;5719281,456194070167840;7,502131885000040;51,614999445000102
35860;5220510410110687114;5;7;70;24;2022;5;19;3;3;5;2;0;0;1;1;0;0;0;0;494936,338423278997652;5793248,471058939583600;8,925760060000069;52,289570611000002
35866;5220512701300854264;5;5;62;14;2022;5;8;5;3;5;3;0;0;1;1;0;0;0;0;361007,890999845985789;5715009,164999440312386;6,994476833000020;51,569002841000000
35873;5220511301301594368;5;9;78;24;2022;5;16;4;2;5;2;0;0;1;1;0;0;0;0;397242,238492310978472;5720045,221982680261135;7,515606718000070;51,622038576000101
35875;5220513406110182059;5;7;58;12;2022;5;16;6;3;5;3;0;0;1;1;0;0;0;0;478010,282999999995809;5774391,027999679557979;8,678829059000069;52,119616017000098
35877;5220510600110090917;5;3;14;0;2022;5;19;3;2;5;3;0;0;1;1;0;0;0;0;365661,571999866981059;5622313,167999469675124;7,096188792000020;50,737052953000003
35878;5220512701300478918;5;5;62;14;2022;5;11;5;3;0;1;0;0;1;0;0;0;0;0;360130,851999840990175;5714885,169999429956079;6,981879775000040;51,567671747000098
35889;5220513307000590016;5;9;62;28;2022;5;8;6;3;5;3;0;0;1;1;0;0;0;0;395636,967999964021146;5663202,286999610252678;7,509114276000050;51,110790379999997
35892;5220512609204094861;5;3;58;4;2022;5;13;5;3;5;3;0;0;1;1;0;0;0;0;308064,275567980017513;5641262,694407359696925;6,270861625000070;50,891096142999999
35895;5220509515110554328;5;1;54;36;2022;5;7;2;3;5;3;0;0;1;1;0;0;0;0;302166,904992436990142;5739263,333971929736435;6,132697487000030;51,769244328000099
35896;5220511705000774671;5;5;54;8;2022;5;5;4;3;0;7;0;0;1;0;0;0;0;0;331672,868496207986027;5745359,569113469682634;6,556928130000070;51,833656701999999
35897;5220513609108975532;5;3;58;8;2022;5;14;6;3;0;1;0;0;1;0;0;0;0;0;323178,652103073021863;5632761,058392790146172;6,489649293000070;50,819541375000000
35898;5220517317240996741;5;9;78;40;2022;5;16;3;3;0;5;0;0;1;1;0;0;0;0;409256,284999981988221;5725339,764999650418758;7,687730550000030;51,671697542000103
35899;5220509518400389287;5;1;70;8;2022;5;16;2;3;5;2;0;0;1;1;0;0;0;0;341326,548999705002643;5714152,967999050393701;6,711109152000060;51,556116077000098
35900;5220515317120818721;5;9;78;16;2022;5;12;1;3;0;3;0;0;1;1;0;0;0;0;405321,656999977014493;5706565,277999640442431;7,635912095000040;51,502283684000098
35903;5220508410130087106;5;7;70;28;2022;5;20;1;2;0;1;0;0;1;0;0;0;0;0;503702,070999999996275;5808195,106999689713120;9,054442120000029;52,423957821999998
35905;5220511701200394964;5;5;62;20;2022;5;20;4;3;5;3;0;0;1;1;0;0;0;0;368976,437999885994941;5718498,015999520197511;7,108083700000070;51,602264080000097
35906;5220513505100885965;5;1;14;0;2022;5;19;6;3;0;1;0;0;1;0;0;0;0;0;332711,497999618994072;5685980,910998759791255;6,600252944000030;51,300532340000103
35908;5220509300300890037;5;9;11;0;2022;5;7;2;3;0;1;0;0;1;0;0;0;0;0;380341,282592847011983;5708979,014983490109444;7,275342626000050;51,519241071000103
35909;5220514518320085918;5;1;70;52;2022;5;18;7;2;0;1;0;0;1;0;0;0;0;0;324530,331999533984344;5725787,533998269587755;6,463242406000060;51,655653100000102
35911;5220515601600193549;5;3;15;0;2022;5;15;1;3;5;2;0;0;1;1;0;0;0;0;369321,987104691972490;5637899,725369470193982;7,142484922000050;50,877981386000002
35912;5220510307000073283;5;9;62;20;2022;5;18;3;3;0;1;0;1;1;0;0;0;0;0;412615,016763923980761;5671285,525438129901886;7,749625297000020;51,186300237000097
35913;5220512515212022137;5;1;54;32;2022;5;13;5;3;5;2;0;0;1;1;0;0;0;0;309264,776999321999028;5718901,496996980160475;6,246561339000040;51,588837200999997
35916;5220511516100069071;5;1;58;32;2022;5;9;4;3;0;1;0;0;1;0;0;0;0;0;370259,100755979015958;5692260,243469540029764;7,136234702000020;51,366763075999998
35921;5220514701300595076;5;5;62;14;2022;5;15;7;2;5;2;0;0;1;1;0;0;0;0;361421,496048824978061;5713860,083065729588270;7,000893868000050;51,558778820000001
35922;5220512602800545456;5;3;62;12;2022;5;11;5;3;0;3;0;0;1;1;0;0;0;0;349938,799999770009890;5634094,039999269880354;6,868714594000040;50,839073747999997
35923;5220509601400581767;5;3;15;0;2022;5;7;2;3;3;2;0;0;1;1;0;0;0;0;356428,864751110028010;5647042,195083860307932;6,955737037000060;50,957084687000098
35926;5220514410220896946;5;7;70;8;2022;5;12;7;3;0;3;0;0;1;1;0;0;0;0;473848,554999999993015;5802822,685999689623713;8,615844925000030;52,375046166000097
35934;5220513500300874543;5;1;11;0;2022;5;21;6;2;0;1;1;0;1;0;0;0;0;0;350385,502482911979314;5669321,532866530120373;6,860539800000030;51,155753234000002
35941;5220512500100800318;5;1;11;0;2022;5;16;5;3;5;2;0;0;1;1;0;0;0;0;346054,844689134974033;5675618,526976900175214;6,795962468000030;51,211186639000097
35944;5220517410110639355;5;7;70;24;2022;5;12;3;3;5;7;0;0;1;1;0;0;0;0;495522,823540306009818;5795243,359952599741518;8,934332174000080;52,307510741000002
35949;5220511501114276144;5;1;12;0;2022;5;15;4;3;3;7;0;0;1;1;0;0;0;0;345488,432785688026343;5700270,574506980367005;6,777173431000050;51,432538794000003
35950;5220509601200269559;5;3;15;0;2022;5;9;2;2;5;3;0;0;1;1;0;0;0;0;356330,212999815004878;5641106,023999369703233;6,956672996000070;50,903712458000001
35953;5220517300600761170;5;9;16;0;2022;5;10;3;2;5;2;0;0;1;1;0;0;0;0;372673,833999899972696;5710610,724999549798667;7,164300038000020;51,532229082000100
35955;5220514600350153691;5;3;82;32;2022;5;13;7;2;8;1;0;0;1;0;0;0;0;0;357209,541393536026590;5604112,812225669622421;6,983504064000040;50,571461801000098
35959;5220508500300491345;5;1;11;0;2022;5;19;1;2;6;4;1;0;1;0;1;0;0;0;348174,947750200983137;5674981,531207360327244;6,826562033000070;51,206030343000101
35965;5220509301301080577;5;9;78;24;2022;5;19;2;3;0;2;0;0;1;1;0;0;0;0;392423,159999956027605;5717365,712999619543552;7,446841658000040;51,597053916999997
35967;5220515316300094300;5;9;74;28;2022;5;14;1;3;3;2;0;0;1;0;0;1;0;0;451367,825978110020515;5722736,342549510300159;8,297008468000060;51,653515416000097
35968;5220515516500595716;5;1;58;16;2022;5;14;1;3;8;7;0;0;1;0;0;0;0;0;356660,306999818014447;5670538,228999380022287;6,949720638000030;51,168293325000000
35972;5220514407235496950;5;7;62;28;2022;5;14;7;3;5;3;0;0;1;1;0;0;0;0;509979,481663428014144;5736581,330880389548838;9,144658423000070;51,780016069000098
35973;5220511602800190703;5;3;62;12;2022;5;6;4;3;0;3;0;0;1;1;0;0;0;0;352033,095999785000458;5630401,069999310187995;6,899927800000060;50,806425342000097
35975;5220516406210590785;5;7;58;4;2022;5;20;2;3;5;2;2;1;1;1;0;0;0;0;470457,126000000978820;5783725,219999680295587;8,567702008000030;52,203182605000102
35980;5220509506100774683;5;1;16;0;2022;5;15;2;3;5;3;0;0;1;1;0;0;0;0;321832,692999481980223;5669964,158998199738562;6,452319568000060;51,153349895000098
35986;5220510406220290764;5;7;58;24;2022;5;13;3;3;5;3;0;0;1;0;0;1;0;0;479215,579011397028808;5782553,246099780313671;8,695933139000029;52,193045822000002
35988;5220511500200090506;5;1;11;0;2022;5;16;4;3;8;7;0;0;1;0;0;0;0;0;344736,901951669016853;5681954,743496759794652;6,774361692000070;51,267762974999997
35989;5220511701930774176;5;5;62;36;2022;5;9;4;3;1;5;0;0;1;1;0;0;0;0;387040,913999947020784;5719588,152999609708786;7,368451691000080;51,615975392999999
35990;5220513503200095646;5;1;24;0;2022;5;19;6;3;0;1;0;0;1;0;0;0;0;0;377454,493293055973481;5681778,456713880412281;7,243148398000070;51,274153491000000
35991;5220517316100080557;5;9;74;40;2022;5;13;3;3;5;3;0;0;1;1;0;0;0;0;438883,615999998990446;5713012,865999650210142;8,118261751000031;51,564877834000100
36000;5220511404302687366;5;7;66;8;2022;5;15;4;3;5;3;0;0;1;1;0;0;0;0;478279,204000000027008;5769722,762999679893255;8,683054330000060;52,077655822000096
36001;5220509600310078268;5;3;14;0;2022;5;15;2;2;5;2;0;0;1;1;0;0;0;0;361952,702999847009778;5619905,970999440178275;7,044560931000030;50,714548094000101
36002;5220512303100829416;5;9;15;0;2022;5;7;5;3;4;2;0;0;1;1;0;0;0;0;420547,605999991996214;5723843,363999649882317;7,851319803000020;51,659955946000103
36005;5220509404102652284;5;7;66;40;2022;5;16;2;3;8;1;0;0;1;0;0;0;0;0;485381,938000000023749;5759963,768999669700861;8,787112225000040;51,990147330000099
36007;5220515411132197002;5;7;74;32;2022;5;21;1;3;7;6;1;0;1;0;0;0;0;1;479479,428000000014435;5731895,362999659962952;8,702820667000029;51,737596271000001
36008;5220515606000081834;5;3;78;20;2022;5;14;1;3;0;7;0;0;1;0;0;0;0;0;368205,764072104997467;5655751,490973269566894;7,120162624000050;51,038174867000102
36012;5220511701300996262;5;5;62;14;2022;5;7;4;3;5;2;0;0;1;1;0;0;0;0;357539,013999826973304;5716918,013999399729073;6,943684290000020;51,585289678999999
36013;5220513515210595980;5;1;54;60;2022;5;13;6;3;5;3;0;0;1;1;0;0;0;0;314673,165249240992125;5698983,030565639957786;6,335006249000060;51,411735088999997
36015;5220510518200889487;5;1;70;24;2022;5;11;3;3;6;4;0;0;1;0;1;0;0;0;332707,900510900013614;5698857,259611570276320;6,594145578000050;51,416212813000101
36019;5220515603224134012;5;3;66;24;2022;5;14;1;3;0;3;0;0;1;1;0;0;0;0;327903,504999545984901;5603052,611998629756272;6,570495083000030;50,554038927000100
36022;5220510701910985438;5;5;62;8;2022;5;19;3;2;5;2;0;0;1;1;0;0;0;0;384951,506999942008406;5722810,476999609731138;7,337227664000070;51,644513636000099
36026;5220516515110896092;5;1;54;4;2022;5;6;2;3;9;1;0;0;1;0;0;0;0;0;304924,189999268972315;5739660,424996339716017;6,172384455000040;51,773777747000103
36029;5220514610212780751;5;3;70;40;2022;5;10;7;3;5;3;0;0;1;1;0;0;0;0;307405,488254148978740;5673687,344809539616108;6,244271873000060;51,182118309000003
36034;5220515405108082006;5;7;54;8;2022;5;19;1;3;5;2;0;0;1;1;0;0;0;0;457981,875136216985993;5751830,701750669628382;8,389086921000059;51,915629755000097
36037;5220508313233848009;5;9;58;28;2022;5;14;1;3;5;2;0;0;1;0;0;1;0;0;478336,029534920991864;5672701,831102569587529;8,689891831000070;51,205306386000103
36040;5220513601100478458;5;3;15;0;2022;5;18;6;3;0;1;0;0;1;0;0;0;0;0;355301,811999807017855;5644120,644999359734356;6,940860964000020;50,930547490000002
36042;5220509501133376428;5;1;12;0;2022;5;9;2;3;5;3;0;0;1;1;0;0;0;0;342212,294837335997727;5710572,135154830291867;6,725480474000050;51,524192266999997
36048;5220512516900495766;5;1;58;26;2022;5;10;5;3;5;3;0;0;1;1;0;0;0;0;353147,652376961021218;5664780,620111240074039;6,901860358000020;51,115662997000101
36053;5220510603116743314;5;3;66;16;2022;5;15;3;3;1;6;0;0;1;1;0;0;0;0;340624,506999688979704;5613711,311999070458114;6,745350762000040;50,653426486000100
36054;5220508702100079100;5;5;15;0;2022;5;19;1;3;5;2;0;0;1;1;0;0;0;0;404692,640999977011234;5758501,311999659985304;7,612627805000050;51,969018177000102
36056;5220512602700995240;5;3;62;28;2022;5;10;5;2;8;1;0;0;1;0;0;0;0;0;351611,610535186016932;5641001,061074400320649;6,889653759000050;50,901575772999998
36061;5220514300400543597;5;9;11;0;2022;5;12;7;3;0;1;0;0;1;0;0;0;0;0;374341,905639341974165;5700576,776744180358946;7,191907507000050;51,442425134000104
36065;5220512513120686019;5;1;62;22;2022;5;7;5;3;5;2;0;0;1;1;0;0;0;0;335548,005320193013176;5682158,271604689769447;6,642664971000040;51,267014504000002
36066;5220511316500019346;5;9;74;20;2022;5;7;4;3;5;3;0;0;1;1;0;0;0;0;465858,887999999977183;5721564,934999650344253;8,506584989000030;51,644050095000097
36067;5220511516700891129;5;1;58;8;2022;5;13;4;3;0;1;0;0;1;0;0;0;0;0;360827,591999844007660;5673622,801999430172145;7,008093991000070;51,197042913000097
36071;5220509301301073341;5;9;78;24;2022;5;10;2;3;4;2;0;0;1;1;0;0;0;0;397986,164261187019292;5717942,317858610302210;7,526961382000020;51,603271802999998
36073;5220512605120493346;5;3;74;20;2022;5;21;5;2;0;1;1;0;1;0;0;0;0;0;387430,622432413976640;5653885,416463660076261;7,394829599000050;51,025489227000001
36074;5220515602700095240;5;3;15;0;2022;5;18;1;3;3;7;0;0;1;1;0;0;0;0;353263,232269841013476;5638270,044969989918172;6,914222826000070;50,877455034999997
36077;5220510706200884916;5;5;58;12;2022;5;17;3;3;5;3;0;0;1;1;0;0;0;0;373509,829077031987254;5756413,029512859880924;7,159695922000030;51,944031354000103
36081;5220512701610485352;5;5;62;12;2022;5;16;5;3;5;3;0;0;1;1;0;0;0;0;359567,110999837983400;5725210,768999420106411;6,969613959000070;51,660316569000003
36083;5220510500200275990;5;1;11;0;2022;5;19;3;3;4;7;0;0;1;0;0;0;0;0;344831,302009565988556;5680370,674877700395882;6,776400946000020;51,253555323000100
36085;5220511502407991726;5;1;17;0;2022;5;15;4;3;0;7;0;0;1;0;0;0;0;0;351288,825999783992302;5693243,332999289967120;6,863500489000050;51,370946764999999
36086;5220514609108080762;5;3;58;8;2022;5;8;7;3;5;3;0;0;1;0;0;0;1;0;322978,737113755021710;5628300,380226880311966;6,488963956000020;50,779404859000103
36087;5220509600110771624;5;3;14;0;2022;5;7;2;3;3;6;0;0;1;1;0;0;0;0;365547,626466205983888;5619001,128823379985988;7,095782210000040;50,707258121999999
36090;5220516709700948420;5;5;66;56;2022;5;6;2;3;5;1;0;0;1;1;0;0;0;0;414814,081999987014569;5798533,652999679557979;7,749885147000040;52,330496407000098
36093;5220510410230370312;5;7;70;4;2022;5;11;3;3;4;2;0;0;1;1;0;0;0;0;486371,891999999992549;5782784,075999679975212;8,800616672000050;52,195344453000097
36095;5220511405236091751;5;7;54;36;2022;5;11;4;3;0;2;0;0;1;1;0;0;0;0;475834,085277742007747;5750787,471662440337241;8,648711091000051;51,907311069000102
36096;5220511608436880799;5;3;34;36;2022;5;16;4;3;5;3;0;0;1;1;0;0;0;0;296526,495643750007730;5632270,374383250251412;6,112017631000070;50,806385303000098
36109;5220510605108251751;5;3;74;8;2022;5;16;3;3;5;3;0;0;1;1;0;0;0;0;391557,630614541994873;5649588,169425860047340;7,454938946000030;50,987653745999999
36110;5220509307000578448;5;9;62;32;2022;5;10;2;3;0;1;0;0;1;0;0;0;0;0;400706,528421062976122;5673868,476394000463188;7,578567429000030;51,207574770000100
36111;5220514701930048785;5;5;62;36;2022;5;0;7;2;0;1;2;0;1;0;0;0;0;0;390280,420240139006637;5717982,653656460344791;7,415725122000030;51,602185755000100
36116;5220514300600079128;5;9;16;0;2022;5;16;7;2;5;3;0;0;1;1;0;0;0;0;377378,772999919019639;5711936,095999569632113;7,231635444000060;51,545182173999997
36121;5220510502210776419;5;1;13;0;2022;5;15;3;3;0;4;0;0;1;0;1;0;0;0;360726,590999844018370;5700270,860999439842999;6,996239781000040;51,436492024000103
36122;5220508513210386774;5;1;62;24;2022;5;13;1;2;0;1;0;0;1;0;0;0;0;0;344007,692814647976775;5670329,860513390041888;6,768973672000070;51,163110473000103
36123;5220511506100375527;5;1;16;0;2022;5;7;4;3;5;3;0;0;1;1;0;0;0;0;323214,769999502983410;5673029,577998279593885;6,470554855000050;51,181316599000098
36125;5220512301201285338;5;9;13;0;2022;5;17;5;3;0;1;0;0;1;0;0;0;0;0;389828,027999952028040;5708024,225999619811773;7,412315919000040;51,512589323000000
36126;5220513705000687250;5;5;54;32;2022;5;15;6;3;5;3;0;0;1;1;0;0;0;0;325405,053999550000299;5747652,019998289644718;6,464895346000050;51,852324634000098
36132;5220508405220887003;5;7;54;20;2022;5;12;1;3;5;3;0;0;1;1;0;0;0;0;447138,106721219024621;5748378,460199099965394;8,231969572000031;51,883669265999998
36141;5220601711111587376;5;5;70;52;2022;6;7;4;3;5;3;0;0;1;1;0;0;0;0;430851,520999996981118;5757998,147999670356512;7,993443761000040;51,968365136000003
36142;5220526505200096119;5;1;14;0;2022;5;12;5;3;5;3;0;0;1;1;0;0;0;0;330207,102748810022604;5694770,808717619627714;6,560170984000020;51,378757898000103
36144;5220519601100793628;5;3;15;0;2022;5;22;5;3;6;4;2;0;1;0;1;0;0;0;354939,985307694994844;5645456,019924690015614;6,935183931000040;50,942457296000001
36145;5220524601300093391;5;3;15;0;2022;5;13;3;3;1;6;0;0;1;1;0;0;0;0;353820,766558287024964;5646205,128104190342128;6,918963249000060;50,948906594999997
36146;5220530303100394327;5;9;15;0;2022;5;10;2;3;5;3;0;0;1;1;0;0;0;0;417330,826637641992420;5725488,673268410377204;7,804434708000030;51,674282486999999