OBJECTID;UIDENTSTLAE;ULAND;UREGBEZ;UKREIS;UGEMEINDE;UJAHR;UMONAT;USTUNDE;UWOCHENTAG;UKATEGORIE;UART;UTYP1;ULICHTVERH;IstStrassenzustand;IstRad;IstPKW;IstFuss;IstKrad;IstGkfz;IstSonstige;LINREFX;LINREFY;XGCSWGS84;YGCSWGS84
36151;5220523518300774840;5;1;70;20;2022;5;20;2;3;5;3;0;1;1;1;0;0;0;0;328578,879999576020055;5708765,800998530350626;6,530020963000030;51,503992341000099
36155;5220526411220396794;5;7;74;20;2022;5;15;5;3;0;1;0;0;1;0;0;0;0;0;474741,926877680991311;5737862,430058400146663;8,633779603000050;51,791053490000102
36157;5220602601600386393;5;3;15;0;2022;6;13;5;3;5;2;0;0;1;1;0;0;0;0;363475,459999857004732;5640205,143999449908733;7,058568301000040;50,897349695999999
36162;5220525303100094468;5;9;15;0;2022;5;8;4;3;5;3;0;0;1;1;0;0;0;0;422819,247999990999233;5726694,615999650210142;7,883525080000030;51,685904571000002
36170;5220525315230093698;5;9;70;28;2022;5;7;4;2;5;3;0;0;1;1;0;0;0;0;450893,514000000024680;5644346,404999620281160;8,300942225000030;50,948642439000103
36177;5220521317110194336;5;9;78;36;2022;5;15;7;3;4;6;0;0;1;0;0;0;0;1;408272,620999981008936;5710101,566999640315771;7,677495540000050;51,534559119999997
36179;5220527301204194469;5;9;13;0;2022;5;23;6;2;5;2;2;0;1;1;0;0;0;0;383809,113608908024617;5709097,067679320462048;7,325262706000050;51,521026118000101
36180;5220530502210377752;5;1;13;0;2022;5;15;2;2;0;7;0;0;1;0;0;0;0;0;362571,746454530977644;5700271,746969019994140;7,022769031000050;51,436950588999999
36183;5220518405220496973;5;7;54;20;2022;5;14;4;3;1;2;0;0;1;1;0;0;0;0;447848,910003317985684;5748048,149498210288584;8,242345777000031;51,880766601000097
36190;5220525601300893556;5;3;15;0;2022;5;16;4;3;6;7;0;0;1;0;1;0;0;0;354187,336445969995111;5647148,303944320417941;6,923800367000070;50,957475442000003
36198;5220601609108989894;5;3;58;8;2022;6;13;4;3;0;2;0;0;1;1;0;0;0;0;323074,894999488024041;5629530,552998350001872;6,489734443000030;50,790486315000102
36200;5220521706200979103;5;5;58;12;2022;5;2;7;2;4;1;2;0;1;0;0;0;0;0;369285,064776980027091;5746229,138345539569855;7,102126936000050;51,851540645999997
36203;5220524515110022284;5;1;54;24;2022;5;18;3;3;5;3;0;0;1;1;0;0;0;0;313363,795871098991483;5734695,391319920308888;6,297230920000060;51,732062514000098
36204;5220530500100502262;5;1;11;0;2022;5;17;2;3;3;1;0;0;1;1;0;0;0;1;345507,678977400006261;5677521,444074800238013;6,787314987000060;51,228137455000102
36212;5220518600350585748;5;3;82;32;2022;5;12;4;2;0;7;0;0;1;0;0;0;0;0;362327,876237531017978;5610778,289453170262277;7,053269384000030;50,632599294999999
36213;5220528701120195187;5;5;62;32;2022;5;9;7;3;5;3;0;0;1;1;0;0;0;0;377706,193999918003101;5716173,362999579869211;7,234880570000030;51,583335073999997
36214;5220526405220084967;5;7;54;20;2022;5;19;5;3;0;1;0;0;1;0;0;0;0;0;447698,669999999983702;5747876,826999659650028;8,240189254000031;51,879212279000100
36225;5220522303200094430;5;9;15;0;2022;5;17;1;3;0;5;0;0;1;0;0;0;0;1;416462,648494482971728;5727046,191716790199280;7,791509354000030;51,688155270000003
36226;5220523317210807883;5;9;78;20;2022;5;11;2;3;4;6;0;0;1;0;0;0;0;1;404015,277064943977166;5713717,628965480253100;7,615146220000040;51,566356163000101
36229;5220528516700086969;5;1;58;8;2022;5;18;7;3;4;2;0;0;1;1;0;0;0;0;360781,459999842976686;5673671,715999440290034;7,007415185000070;51,197471252000099
36235;5220526313232010007;5;9;58;20;2022;5;11;5;3;5;3;0;0;1;1;0;0;0;0;473904,537039737973828;5661901,447549159638584;8,627242088000060;51,108003322000101
36236;5220519501212596056;5;1;12;0;2022;5;15;5;3;0;2;0;0;1;1;0;0;0;0;340773,167999698023777;5697118,779999040067196;6,710811968000030;51,402915608999997
36238;5220518405108096965;5;7;54;8;2022;5;13;4;3;5;2;0;0;1;1;0;0;0;0;457463,679266348015517;5751691,484156929887831;8,381570396000029;51,914338768000100
36243;5220525300200416966;5;9;11;0;2022;5;11;4;3;5;3;0;0;1;1;0;0;0;0;370939,633999892976135;5704936,779999529942870;7,141388091000070;51,480843710000002
36247;5220520404302696831;5;7;66;8;2022;5;17;6;3;5;3;0;0;1;1;0;0;0;0;478047,267999998992309;5767907,107999670319259;8,679786810000049;52,061322644000001
36248;5220518601400481727;5;3;15;0;2022;5;15;4;3;0;3;0;0;1;1;0;0;0;0;356359,366999813995790;5647307,057999369688332;6,954643617000040;50,959447646000100
36251;5220524701920795039;5;5;62;28;2022;5;19;3;3;5;3;0;0;1;1;0;0;0;0;378899,795999921974726;5723410,569999580271542;7,249598646000040;51,648636175000000
36252;5220519315240273269;5;9;70;20;2022;5;9;5;3;0;6;0;0;1;0;0;0;0;0;433740,025620362022892;5647463,949799450114369;8,056215953000050;50,974956632999998
36254;5220601300800244597;5;9;54;36;2022;6;14;4;3;0;6;0;0;1;0;0;0;0;1;389194,205561338982079;5699357,319212039932609;7,405903825000050;51,434564790000103
36257;5220601607200567672;5;3;82;40;2022;6;14;4;2;5;3;0;0;1;0;0;0;1;0;383082,821999933978077;5633928,578999569639564;7,339263329000060;50,845233248000099
36266;5220524609108167517;5;3;58;8;2022;5;14;3;3;2;2;0;0;1;1;0;0;0;0;323196,529999491001945;5631359,881998349912465;6,490577888000080;50,806958449000000
36278;5220526610111980721;5;3;70;16;2022;5;9;5;3;1;5;0;0;1;1;0;0;0;0;295083,162369175988715;5657300,886276160366833;6,077500752000050;51,030675086000002
36280;5220519606100181250;5;3;78;4;2022;5;16;5;3;5;3;0;1;1;1;0;0;0;0;367582,919437461998314;5646591,878547550179064;7,114624015000060;50,955708524000002
36282;5220524506100196129;5;1;16;0;2022;5;22;3;3;0;3;2;0;1;0;1;0;0;0;319830,870235908019822;5674575,527623719535768;6,421414667000020;51,194147724000103
36283;5220530405244287132;5;7;54;44;2022;5;6;2;3;5;3;0;0;1;1;0;0;0;0;463213,514000000024680;5747455,966999660246074;8,465614132000040;51,876667898999997
36286;5220525500100286732;5;1;11;0;2022;5;12;4;2;0;7;0;0;1;1;0;0;0;0;341350,077999702014495;5678208,327999060042202;6,727514034000020;51,233168675999998
36294;5220519515110054328;5;1;54;40;2022;5;7;5;3;3;6;0;0;1;0;0;0;0;0;294336,026609019027092;5744888,501706079579890;6,016028450000020;51,816931922000002
36296;5220601317140180688;5;9;78;28;2022;6;17;4;3;0;7;0;1;1;0;0;0;0;0;400931,919999971985817;5697962,096999620087445;7,575098014000050;51,424197289000098
36301;5220521405220582029;5;7;54;20;2022;5;8;7;3;5;3;0;0;1;1;0;0;0;0;447855,310999999986961;5748060,050999670289457;8,242436963000049;51,880874199000097
36302;5220522606000681188;5;3;78;24;2022;5;19;1;3;0;3;1;0;1;1;0;0;0;0;374930,049999908020254;5645317,386999540030956;7,219615875000040;50,945894548000098
36304;5220531316300394439;5;9;74;20;2022;5;16;3;3;0;7;0;0;1;0;0;0;0;1;461971,589450890023727;5722899,902552690356970;8,450262351000051;51,655803428000098
36310;5220524701920573490;5;5;62;28;2022;5;16;3;3;1;2;0;1;1;1;0;0;0;0;379252,625999921991024;5722522,980999589897692;7,255002298000020;51,640735004000099
36312;5220602301203694482;5;9;13;0;2022;6;16;5;3;5;3;0;0;1;1;0;0;0;0;393341,658126579015516;5711858,211738949641585;7,461769571000050;51,547725137000000
36317;5220520609224494851;5;3;58;24;2022;5;11;6;3;7;1;0;0;1;0;0;0;0;0;313915,619943887984846;5644513,767208470031619;6,352308400000030;50,922215195000000
36320;5220519601500567806;5;3;15;0;2022;5;14;5;3;5;2;0;0;1;1;0;0;0;0;358009,811296852014493;5643317,559385269880295;6,979684275000070;50,924003128000003
36330;5220518608404980799;5;3;34;4;2022;5;15;4;3;3;2;0;0;1;1;0;0;0;0;303341,667511257983278;5638194,124472280032933;6,205445299000080;50,861945988999999
36334;5220517608100489833;5;3;34;2;2022;5;11;3;3;0;1;0;0;1;0;0;0;0;0;293581,852998977992684;5628769,050995239987969;6,072247573000030;50,773898209000002
36337;5220520608100375554;5;3;34;2;2022;5;16;6;3;5;3;0;1;1;1;0;0;0;0;291857,514998940983787;5628752,078994940035045;6,047834361000070;50,773129677999997
36338;5220522608200075610;5;3;34;2;2022;5;9;1;3;3;2;0;0;1;1;0;0;0;0;295317,235330585972406;5628778,229838700033724;6,096822568000050;50,774595542999997
36339;5220526606100325010;5;3;78;4;2022;5;20;5;3;0;7;0;0;1;0;0;0;0;0;365185,022542010992765;5653016,581007059663534;7,078119188000070;51,012894357999997
36359;5220521513210295480;5;1;62;24;2022;5;13;7;3;5;3;0;0;1;0;0;0;0;0;336425,356799443019554;5671079,655706999823451;6,660283571000040;51,167729547000100
36363;5220522601400193487;5;3;15;0;2022;5;10;1;3;1;7;0;0;1;1;0;0;0;0;356338,218898406019434;5647619,349251500330865;6,954219393000070;50,962248880000097
36365;5220520411132497002;5;7;74;32;2022;5;7;6;3;4;6;0;1;1;0;0;0;0;0;484051,093872283003293;5731932,990544140338898;8,769025235000070;51,738083348000004
36368;5220525609116069704;5;3;58;16;2022;5;18;4;3;0;1;0;0;1;0;0;0;0;0;318581,181999422027729;5618009,216998090036213;6,431715033000050;50,685591629000001
36369;5220519405244950911;5;7;54;44;2022;5;11;5;3;4;6;0;0;1;0;0;0;0;0;466155,665862001013011;5748846,794654740020633;8,508215651000061;51,889358892000097
36372;5220518315210793675;5;9;70;24;2022;5;15;4;3;3;6;0;0;1;1;0;0;0;0;432673,848408207006287;5646599,762095890007913;8,041191959000059;50,967062804000101
36374;5220529607200067670;5;3;82;20;2022;5;14;1;2;0;6;0;1;1;0;1;0;0;0;381214,520728786010295;5627531,021919259801507;7,314808810000050;50,787345741000102
36375;5220521314120493718;5;9;66;8;2022;5;11;7;2;8;6;0;0;1;1;0;0;0;0;412685,691606622014660;5650004,799302910454571;7,755781255000040;50,994992441000100
36384;5220524705000591840;5;5;54;12;2022;5;14;3;3;5;3;0;0;1;1;0;0;0;0;353734,772999804001302;5747275,503999340347946;6,876065287000070;51,857084555000000
36386;5220602405152087051;5;7;54;52;2022;6;7;5;3;5;3;0;0;1;0;0;0;0;1;462581,368000001006294;5772446,722999679856002;8,453704435000081;52,101306941000097
36388;5220517702100370586;5;5;15;0;2022;5;14;3;3;5;3;0;0;1;1;0;0;0;0;401202,345803510979749;5753700,195187419652939;7,563217049000060;51,925255313999997
36390;5220601500200765850;5;1;11;0;2022;6;12;4;3;0;5;0;0;1;1;0;0;0;1;347011,262667601986323;5681390,289457939565182;6,807179475000050;51,263306102000101
36396;5220519608200433241;5;3;34;2;2022;5;7;5;3;5;3;0;0;1;1;0;0;0;0;299549,420999100024346;5631086,214996140450239;6,155512673000030;50,796803166000103
36398;5220530410110896949;5;7;70;24;2022;5;9;2;3;5;3;0;0;1;1;0;0;0;0;493266,078000001027249;5792759,885999689809978;8,901281643000059;52,285160052999998
36412;5220527503400991124;5;1;22;0;2022;5;16;6;2;0;6;0;0;1;1;0;0;0;0;369627,078828228986822;5666766,534342169761658;7,136448549000020;51,137498067000102
36418;5220518516500286706;5;1;58;16;2022;5;19;4;3;0;7;0;0;1;0;0;0;0;0;354266,960999804025050;5671332,288999349810183;6,915189297000040;51,174824172999998
36421;5220519500300574081;5;1;11;0;2022;5;17;5;3;3;6;0;1;1;1;0;0;0;0;345601,276584254985210;5675875,031978080049157;6,789363484000030;51,213369016000101
36422;5220602500200070419;5;1;11;0;2022;6;12;5;3;5;2;0;0;1;1;0;0;0;0;348944,905999767011963;5677324,794999250210822;6,836588797000050;51,227290464000099
36429;5220602600310295341;5;3;14;0;2022;6;16;5;3;0;1;0;0;1;0;0;0;0;0;363668,985558920016047;5619430,025514090433717;7,069033057000070;50,710675477999999
36430;5220524516300157884;5;1;58;28;2022;5;15;3;2;5;3;0;0;1;1;0;0;0;0;350624,575455804006197;5683500,972754240036011;6,858048509000070;51,283230562000000
36431;5220523303100080583;5;9;15;0;2022;5;10;2;3;5;3;0;0;1;1;0;0;0;0;419469,218447581981309;5726770,076546370051801;7,835057659000030;51,686112432000101
36434;5220527406120887050;5;7;58;16;2022;5;10;6;2;9;1;0;0;1;0;0;0;0;0;476395,502210804028437;5780608,776166429743171;8,654812818000041;52,175450519999998
36435;5220525303100551479;5;9;15;0;2022;5;18;4;3;6;4;0;0;1;0;1;0;0;0;420528,162999992026016;5726915,322999649681151;7,850339718000040;51,687569031000102
36437;5220522601200890338;5;3;15;0;2022;5;19;1;3;0;7;0;0;1;0;0;0;0;0;353479,513999796006829;5643037,641999330371618;6,915382043000020;50,920354897999999
36441;5220528601300526786;5;3;15;0;2022;5;13;7;3;0;1;0;0;1;0;0;0;0;0;351755,550915468018502;5647824,650524419732392;6,888924022000030;50,962932956000003
36444;5220602502325489531;5;1;13;0;2022;6;5;5;3;0;7;0;0;1;1;0;0;0;0;362809,794739359000232;5707033,145337349735200;7,023567391000030;51,497769123000097
36445;5220531607300836239;5;3;82;76;2022;5;15;3;3;0;6;0;0;1;0;0;0;0;1;401216,563706921006087;5629560,302200369536877;7,597928973000020;50,809342972000103
36449;5220523301304153669;5;9;13;0;2022;5;17;2;3;1;3;0;0;1;1;0;0;0;0;399172,802999969979282;5709110,718999629840255;7,546623488000020;51,524100669000099
36450;5220521300400293721;5;9;11;0;2022;5;11;7;3;5;2;0;0;1;1;0;0;0;0;372702,157999899005517;5701163,617999539710581;7,168115001000050;51,447333044000104
36451;5220522607400071632;5;3;82;68;2022;5;14;1;3;2;7;0;0;1;0;0;0;0;0;371730,401033683971036;5635976,781986329704523;7,177374843000050;50,861237314000000
36454;5220522316100973345;5;9;74;8;2022;5;14;1;3;5;3;0;0;1;1;0;0;0;0;442213,182999997981824;5719197,568999649956822;8,165273829000061;51,620833264000098
36462;5220602314110784948;5;9;66;24;2022;6;14;5;3;5;3;0;0;1;1;0;0;0;0;418947,930669576977380;5653174,307882240042090;7,844289230000070;51,024404557000103
36464;5220531602500094898;5;3;62;24;2022;5;12;3;3;0;7;0;0;1;0;0;0;0;1;345653,123073718976229;5643248,873492660000920;6,804028010000020;50,920212716999998
36469;5220518711215170571;5;5;70;4;2022;5;13;4;3;5;3;0;0;1;1;0;0;0;0;422751,916435828024987;5735174,065921650268137;7,880670238000050;51,762122753000000
36470;5220601608404371734;5;3;34;4;2022;6;17;4;3;5;3;0;0;1;1;0;0;0;0;298945,117999093024991;5638095,571996030397713;6,143105637000080;50,859549063000003
36471;5220526513210781646;5;1;62;24;2022;5;2;5;3;0;1;2;0;1;0;0;0;0;0;338460,320369846012909;5672519,959699350409210;6,688718232000040;51,181248869000100
36472;5220521709110096505;5;5;66;84;2022;5;12;7;3;1;1;0;0;1;1;0;0;0;0;385815,156292979023419;5779507,473848540335894;7,330922877000030;52,154244728000002
36476;5220527601300093341;5;3;15;0;2022;5;17;6;3;1;5;0;0;1;1;0;0;0;1;353959,744612440990750;5646105,389875830151141;6,920980375000060;50,948045509000103
36479;5220517601600519570;5;3;15;0;2022;5;17;3;3;4;6;0;0;1;0;0;0;0;1;364850,925999864004552;5645482,538999469950795;7,076160442000060;50,945104109000098
36480;5220523515211082170;5;1;54;16;2022;5;18;2;3;5;3;0;1;1;1;0;0;0;0;304372,469999251014087;5728099,147996320389211;6,170890263000050;51,669760439000100
36483;5220528606700181859;5;3;78;20;2022;5;13;7;2;5;3;0;0;1;1;0;0;0;0;369316,043999884976074;5657520,043999499641359;7,135351729000040;51,054323619000101
36486;5220602516100589277;5;1;58;32;2022;6;19;5;3;0;1;0;0;1;0;0;0;0;0;366163,444597535999492;5687490,176050559617579;7,079227904000050;51,322944544000102
36491;5220525317110694340;5;9;78;36;2022;5;17;4;3;0;5;0;0;1;1;0;0;0;0;408798,437081491982099;5712328,979118529707193;7,684497137000050;51,554667164000101
36493;5220522601100393564;5;3;15;0;2022;5;13;1;3;0;1;0;0;1;0;0;0;0;0;356857,176529211981688;5645322,757966719567776;6,962507443000050;50,941738854000100
36496;5220518601700093468;5;3;16;0;2022;5;17;4;3;5;2;0;0;1;1;0;0;0;0;359430,635485458013136;5660118,797675640322268;6,993382398000050;51,075343760000102
36497;5220528508000286207;5;1;19;0;2022;5;13;7;3;0;5;0;0;1;1;0;0;0;1;351507,794999786012340;5709832,226999290287495;6,859683767000040;51,520064450000099
36499;5220524702100274714;5;5;15;0;2022;5;20;3;2;0;1;1;0;1;0;0;0;0;0;406102,680999977979809;5758923,005999660119414;7,633031796000070;51,973048538999997
36500;5220519500200146012;5;1;11;0;2022;5;13;5;3;1;5;0;1;1;1;0;0;0;0;345666,399490721989423;5679408,717104289680719;6,788773252000060;51,245138363000102
36501;5220602301101794434;5;9;13;0;2022;6;10;5;3;0;1;0;0;1;0;0;0;0;0;392996,424283526022919;5705228,009908730164170;7,458805684000030;51,488064602000101
36505;5220601513130681506;5;1;62;22;2022;6;19;4;3;0;3;0;0;1;1;0;0;0;0;338480,855999676976353;5686064,863998970016837;6,682902230000020;51,302952730000101
36506;5220520609132465729;5;3;58;32;2022;5;21;6;3;0;1;2;0;1;0;0;0;0;0;313156,727938353025820;5634649,101643430069089;6,346563603000050;50,833355488999999
36507;5220522700000089238;5;5;13;0;2022;5;18;1;3;5;2;0;0;1;1;0;0;0;0;363081,782999856979586;5712101,881999460048974;7,025513801000050;51,543384545000002
36508;5220527405236196913;5;7;54;36;2022;5;10;6;3;0;4;0;0;1;0;1;0;0;0;473372,473574179981370;5750563,760156470350921;8,612945892000029;51,905187467000097
36515;5220530506100595947;5;1;16;0;2022;5;16;2;3;0;7;0;0;1;0;0;0;0;0;321957,028999485017266;5672889,999998199753463;6,452647231000070;51,179672450000098
36521;5220601502214380936;5;1;13;0;2022;6;19;4;3;0;7;0;1;1;0;0;0;0;0;360477,944807666994166;5700523,637716960161924;6,992565198000020;51,438702370999998
36526;5220521608200485693;5;3;34;2;2022;5;16;7;3;3;6;0;0;1;1;0;0;0;0;295193,899919921008404;5628281,073131149634719;6,095352382000040;50,770086906000103
36528;5220522702100476712;5;5;15;0;2022;5;2;1;3;5;3;2;0;1;1;0;0;0;0;405150,935999976994935;5757192,523999660275877;7,619658486000050;51,957332657999999
36537;5220530518200891601;5;1;70;24;2022;5;17;2;3;5;3;0;0;1;1;0;0;0;0;334562,708999640017282;5704000,400998810306191;6,618391748000020;51,462963320000000
36539;5220525602400889818;5;3;62;32;2022;5;13;4;3;0;6;0;0;1;1;0;0;0;0;341276,174444810021669;5637391,818249439820647;6,744350724000070;50,866395744000002
36546;5220601706000120160;5;5;58;16;2022;6;11;4;3;5;2;0;0;1;1;0;0;0;0;382004,699999932025094;5744826,631999599747360;7,287190251000030;51,841769913000100
36547;5220526516900391085;5;1;58;26;2022;5;17;5;3;0;1;0;0;1;0;0;0;0;0;352304,123999789007939;5664681,513999310322106;6,889857835000040;51,114555617000100
36550;5220602515211985993;5;1;54;16;2022;6;18;5;3;5;3;0;0;1;1;0;0;0;0;302466,721177647996228;5728465,531255709938705;6,143159454000060;51,672383986000099
36557;5220517602400396262;5;3;62;32;2022;5;14;3;3;4;6;0;0;1;0;0;0;0;0;337426,461149421986192;5640259,469034089706838;6,688413691000050;50,891092942000100
36561;5220528608200956252;5;3;34;2;2022;5;11;7;3;0;1;0;0;1;0;0;0;0;0;296933,846667626989074;5630614,671341340057552;6,118706848000040;50,791657624999999
36563;5220526503100195676;5;1;24;0;2022;5;16;5;3;7;3;0;0;1;0;0;0;0;1;369467,309999886027072;5680163,283999510109425;7,129294704000070;51,257863741999998
36566;5220601400100396809;5;7;11;0;2022;6;13;4;3;5;2;0;0;1;1;0;0;0;0;472426,258000001020264;5765524,737999670207500;8,597990260000071;52,039652296000000
36567;5220518301103777844;5;9;13;0;2022;5;16;4;3;4;7;0;0;1;0;0;0;0;0;393716,589510196994524;5706399,891534940339625;7,468821445000060;51,498733911000002
36574;5220522514110096091;5;1;66;32;2022;5;13;1;2;0;7;0;0;1;0;0;0;0;0;320739,653894627001137;5682077,858278949744999;6,430654689000050;51,261827779000001
36575;5220523405108768087;5;7;54;8;2022;5;15;2;3;5;6;0;0;1;0;0;0;0;0;459245,961000000010245;5752191,841999660246074;8,407421991000041;51,918970571999999
36582;5220602410120596821;5;7;70;32;2022;6;17;5;3;0;1;0;0;1;0;0;0;0;0;495594,582566344004590;5787555,857209200039506;8,935485098000070;52,238396565000102
36583;5220601300800402173;5;9;54;36;2022;6;17;4;2;5;2;0;1;1;1;0;0;0;0;387113,936999946017750;5703634,076999600045383;7,374624203000050;51,472594381000100
36587;5220520603116095319;5;3;66;16;2022;5;7;6;3;5;3;0;0;1;1;0;0;0;0;344567,641027644975111;5613436,825024570338428;6,801204253000040;50,652025347000098
36589;5220526610111873700;5;3;70;16;2022;5;19;5;2;5;2;0;0;1;1;0;0;0;0;297541,488999083987437;5661625,915995690040290;6,110094778000080;51,070389164000098
36592;5220518405108896841;5;7;54;8;2022;5;9;4;3;4;3;0;0;1;1;0;0;0;0;458391,250000000989530;5750628,836999660357833;8,395183749000070;51,904855015000102
36595;5220524603116295305;5;3;66;16;2022;5;7;3;3;0;3;0;1;1;1;0;0;0;0;342715,330135378986597;5614562,129040000028908;6,774543777000080;50,661640433000102
36599;5220531605108886089;5;3;74;8;2022;5;18;3;3;0;1;0;0;1;0;0;0;0;0;388646,279999948979821;5649866,676999590359628;7,413390139000060;50,989601418000099
36602;5220601405108096895;5;7;54;8;2022;6;16;4;3;5;3;0;1;1;1;0;0;0;0;460620,511000001977663;5751790,183999669738114;8,427453269000070;51,915458323999999
36604;5220518702100372463;5;5;15;0;2022;5;16;4;3;1;1;0;0;1;1;0;0;0;0;405513,846124080009758;5754741,070486799813807;7,625612076000040;51,935359673000100
36611;5220521601200986408;5;3;15;0;2022;5;10;7;3;0;5;0;0;1;1;0;0;0;0;357191,645395637024194;5641121,457813530229032;6,968910329000040;50,904064880000099
36613;5220525315120093716;5;9;70;16;2022;5;13;4;3;5;2;0;0;1;1;0;0;0;0;421134,412171833973844;5639179,448156559839845;7,878493146000040;50,898883292999997
36617;5220520411132582046;5;7;74;32;2022;5;10;6;3;5;3;0;0;1;1;0;0;0;0;485201,743000001006294;5731068,454999660141766;8,785725764000061;51,730341612000103
36624;5220518316300318971;5;9;74;28;2022;5;13;4;3;5;3;0;0;1;1;0;0;0;0;451209,650097000994720;5722159,193629840388894;8,294802705000050;51,648312670000102
36625;5220524500200400361;5;1;11;0;2022;5;8;3;3;1;3;0;0;1;1;0;0;0;0;345815,131393244024366;5679490,939640870317817;6,790867109000030;51,245917389000098
36627;5220520711142960674;5;5;70;44;2022;5;8;6;3;0;2;0;0;1;1;0;0;0;0;416614,629153022018727;5759600,535985720343888;7,785861854000070;51,980815547000098
36632;5220527506100996027;5;1;16;0;2022;5;17;6;3;3;6;0;0;1;1;0;0;0;0;321338,446784467028920;5673465,669140449725091;6,443520062000060;51,184650886999997
36635;5220522503100581088;5;1;24;0;2022;5;15;1;2;5;3;0;0;1;1;0;0;0;0;369688,931574798014481;5680684,531684770248830;7,132279124000040;51,262599057000003
36636;5220523506100395903;5;1;16;0;2022;5;7;2;3;5;3;0;0;1;1;0;0;0;0;323255,507999503985047;5671324,144998289644718;6,471975558000050;51,166008491000099
36637;5220520317220089439;5;9;78;4;2022;5;16;6;3;5;3;0;1;1;1;0;0;0;0;406042,568999979994260;5719192,413999640382826;7,642920909000050;51,615910816000103
36639;5220528701700365815;5;5;62;16;2022;5;3;7;2;0;1;2;0;1;0;0;0;0;0;373999,411470438004471;5736593,376437829807401;7,174040585000060;51,766031289000097
36645;5220524400100266297;5;7;11;0;2022;5;13;3;3;5;3;0;0;1;1;0;0;0;0;465847,820986643026117;5764641,299723450094461;8,502172095000050;52,031343468000003
36647;5220521301101884982;5;9;13;0;2022;5;15;7;3;5;2;0;0;1;1;0;0;0;0;393888,218547775002662;5707752,008168499916792;7,470886261000030;51,510919678000100
36651;5220523310140180460;5;9;54;28;2022;5;14;2;3;5;3;0;0;1;1;0;0;0;0;378373,557928047026508;5692033,382530169561505;7,252818670000070;51,366519930000003
36652;5220519702100055909;5;5;15;0;2022;5;12;5;3;1;5;0;0;1;0;0;0;0;1;406608,157021337014157;5757158,893954649567604;7,640868115000050;51,957277029000103
36655;5220525702100972345;5;5;15;0;2022;5;9;4;3;5;3;0;0;1;1;0;0;0;0;408964,218999981996603;5756241,442999660037458;7,675388919000060;51,949421125000100
36656;5220525300100871532;5;9;11;0;2022;5;16;4;3;5;3;0;0;1;1;0;0;0;0;377915,794250763021410;5705882,652497749775648;7,241473113000040;51,490893551000099
36657;5220519405244296913;5;7;54;44;2022;5;13;5;3;5;2;0;0;1;1;0;0;0;0;465945,142000000982080;5748005,111999659799039;8,505239791000060;51,881778670000102
36660;5220517711411079822;5;5;70;28;2022;5;12;3;3;5;3;0;0;1;1;0;0;0;0;441955,353999999002554;5742054,242999659851193;8,157739989000049;51,826297725000103
36663;5220520603116778216;5;3;66;16;2022;5;10;6;3;0;3;0;0;1;1;0;0;0;0;344841,184370993985794;5613324,976019799709320;6,805117714000060;50,651093146000100
36666;5220522302100085301;5;9;14;0;2022;5;18;1;2;0;6;0;0;1;1;0;0;0;0;392626,497999957995489;5686857,742999609559774;7,459040628000030;51,322871373000098
36668;5220529407130396954;5;7;62;8;2022;5;22;1;2;0;1;2;0;1;0;0;0;0;0;526694,972545368946157;5728999,749301440082490;9,386373190000031;51,711301188999997
36671;5220527701300281435;5;5;62;14;2022;5;21;6;3;1;5;1;0;1;1;0;0;0;0;360976,452377178007737;5715007,775201640091836;6,994024053000030;51,568982601000101
36679;5220601705000020977;5;5;54;4;2022;6;13;4;3;0;7;0;0;1;0;0;0;0;0;364227,602913528971840;5772339,249506150372326;7,018418437000040;52,084949893000001
36687;5220531411224896794;5;7;74;24;2022;5;20;3;3;5;3;0;0;1;1;0;0;0;0;477909,137000000977423;5741804,486999659799039;8,679449279000041;51,826631018999997
36689;5220523400300376361;5;7;11;0;2022;5;16;2;3;0;3;0;0;1;1;0;0;0;0;464571,445000001986045;5760868,175999670289457;8,483957900000060;51,997340856000100
36693;5220525709300576628;5;5;66;96;2022;5;13;4;2;0;3;0;0;1;0;0;0;0;1;385598,988999944005627;5786054,265999630093575;7,325555608000060;52,213034952999998
36694;5220519404101396941;5;7;66;4;2022;5;16;5;3;0;2;0;0;1;1;0;0;0;0;483867,813000150024891;5752649,836999909952283;8,765405168000029;51,924346225000100
36699;5220601508000173483;5;1;19;0;2022;6;16;4;3;5;3;0;0;1;1;0;0;0;0;349367,388239208026789;5709797,014146840199828;6,828871381000060;51,519181330999999
36700;5220521400200896828;5;7;11;0;2022;5;10;7;3;5;3;0;0;1;1;0;0;0;0;470118,409000000974629;5761468,786999669857323;8,564698246000029;52,003067006999999
36704;5220522315110790110;5;9;70;40;2022;5;19;1;3;1;5;0;0;1;1;0;0;0;0;430563,956464523973409;5642152,836785609833896;8,011997182000069;50,926828931999999
36710;5220530518120596050;5;1;70;44;2022;5;13;2;3;5;3;0;0;1;1;0;0;0;0;337098,832999670004938;5721475,879998899996281;6,646779856000020;51,620700317000100
36713;5220531601100485320;5;3;15;0;2022;5;14;3;3;0;4;0;0;1;0;1;0;0;0;356441,769999813986942;5643098,346999369561672;6,957474676000060;50,921645050999999
36720;5220526600330522896;5;3;82;48;2022;5;14;5;3;5;3;0;0;1;1;0;0;0;0;352729,878956034022849;5610358,636709270067513;6,917809514000060;50,626482085000099