OBJECTID;UIDENTSTLAE;ULAND;UREGBEZ;UKREIS;UGEMEINDE;UJAHR;UMONAT;USTUNDE;UWOCHENTAG;UKATEGORIE;UART;UTYP1;ULICHTVERH;IstStrassenzustand;IstRad;IstPKW;IstFuss;IstKrad;IstGkfz;IstSonstige;LINREFX;LINREFY;XGCSWGS84;YGCSWGS84
36721;5220521711151082073;5;5;70;32;2022;5;18;7;3;5;2;0;0;1;1;0;0;0;0;420581,018999991996679;5766044,590999670326710;7,842107375000070;52,039322996000102
36726;5220522500200172289;5;1;11;0;2022;5;16;1;3;5;2;0;0;1;0;0;0;0;1;345666,326646137982607;5677916,786818220280111;6,789415097000070;51,231732706999999
36728;5220518501326082181;5;1;12;0;2022;5;13;4;3;5;2;0;0;1;1;0;0;0;0;345700,419999741017818;5691420,403999179601669;6,784067414000050;51,353076446000003
36732;5220518711213776704;5;5;70;4;2022;5;15;4;2;0;2;0;0;1;1;0;0;0;0;425085,245024385978468;5735450,370791420340538;7,914414095000040;51,764923695999997
36747;5220525513130695609;5;1;62;22;2022;5;7;4;3;3;1;0;0;1;0;0;0;0;0;335701,995511549001094;5683771,602944860234857;6,644128748000070;51,281553840000100
36750;5220523508000573463;5;1;19;0;2022;5;11;2;3;2;6;0;0;1;1;0;0;0;0;350851,234999781008810;5704644,633999279700220;6,852420112000060;51,473278849000103
36753;5220518602300376581;5;3;62;36;2022;5;13;4;3;1;5;0;0;1;1;0;0;0;0;344387,485189936996903;5647706,590011140331626;6,784131461000070;50,959929245000097
36754;5220601711411502988;5;5;70;28;2022;6;14;4;3;5;3;0;0;1;1;0;0;0;0;441652,340400972985663;5741381,507665130309761;8,153456985000050;51,820218101000101
36761;5220527500200074130;5;1;11;0;2022;5;18;6;3;1;5;0;0;1;0;0;0;0;1;344895,830584587994963;5678260,501156659796834;6,778239036000060;51,234612222000102
36762;5220525300400093721;5;9;11;0;2022;5;12;4;3;5;3;0;0;1;1;0;0;0;0;370810,919167198007926;5700675,930919559672475;7,141092356000060;51,442521878999997
36764;5220522601400993559;5;3;15;0;2022;5;22;1;3;0;1;2;0;1;0;0;0;0;0;355235,289999808999710;5651550,094999359920621;6,936958779000070;50,997297256000103
36775;5220601601700193587;5;3;16;0;2022;6;7;4;3;5;2;0;0;1;1;0;0;0;0;356759,152819202980027;5658975,086576489731669;6,955725957000030;51,064405002999997
36776;5220521317130994340;5;9;78;12;2022;5;2;7;3;7;7;2;0;1;0;0;0;0;0;414413,498999985982664;5703747,057999639771879;7,767552770000070;51,478398878000100
36777;5220522607200021502;5;3;82;20;2022;5;14;1;2;0;1;0;0;1;0;0;0;0;0;376642,283033394021913;5627106,211314129643142;7,250117463000040;50,782572388000098
36785;5220524706300487272;5;5;58;44;2022;5;15;3;3;5;1;0;1;1;0;0;1;0;0;396149,588562779012136;5746244,064791410230100;7,492008479000050;51,857319959000101
36787;5220518705000996694;5;5;54;20;2022;5;19;4;3;5;3;0;0;1;1;0;0;0;0;365776,299124920973554;5787072,344859650358558;7,035185818000060;52,217711076000100
36789;5220525600110086321;5;3;14;0;2022;5;18;4;3;5;2;0;0;1;1;0;0;0;0;364666,952999862027355;5623557,265999459661543;7,081644708000060;50,748003805000103
36794;5220520701930849550;5;5;62;36;2022;5;14;6;3;4;6;0;0;1;0;0;0;0;0;390994,746148867998272;5720949,479792400263250;7,425112422000040;51,628990755000103
36795;5220518705000596614;5;5;54;20;2022;5;11;4;3;4;7;0;0;1;0;0;0;0;0;363558,872999863000587;5786691,730999480001628;7,002900986000040;52,213746524999998
36796;5220601706000989265;5;5;58;16;2022;6;14;4;3;0;7;0;1;1;1;0;0;0;0;380667,793999927991536;5742760,480999600142241;7,268505810000020;51,822917088000104
36802;5220530400100866184;5;7;11;0;2022;5;9;2;3;5;3;0;0;1;1;0;0;0;0;466707,818000001017936;5771641,882999680005014;8,514024939000020;52,094334779000100
36807;5220517516800995657;5;1;58;20;2022;5;7;3;3;5;3;0;0;1;1;0;0;0;0;356166,605999814986717;5666792,280999369919300;6,944160678000060;51,134506543999997
36809;5220520501213668099;5;1;12;0;2022;5;9;6;3;0;3;0;0;1;1;0;0;0;0;338544,506742279976606;5698648,344199519604445;6,678102484000020;51,416027978999999
36810;5220518608100675542;5;3;34;2;2022;5;21;4;3;3;2;2;0;1;1;0;0;0;0;294198,909998991002794;5628166,749995349906385;6,081324448000030;50,768708072999999
36812;5220526405108596907;5;7;54;8;2022;5;23;5;3;0;1;2;1;1;0;0;0;0;0;457455,063081051979680;5751689,966643080115318;8,381445322000051;51,914324467000000
36814;5220602515110095941;5;1;54;4;2022;6;17;5;3;4;6;0;0;1;0;0;0;0;0;305089,581618745985907;5739842,324398789554834;6,174676568000050;51,775468875999998
36818;5220527600110769549;5;3;14;0;2022;5;21;6;3;5;3;1;0;1;0;0;0;0;0;366420,430999870004598;5621734,104999479837716;7,107146728000030;50,732023374999997
36822;5220523500200562215;5;1;11;0;2022;5;10;2;3;5;3;0;0;1;0;1;0;0;0;347176,380177351995371;5677220,324776990339160;6,811324220000070;51,225880965999998
36823;5220520404101196980;5;7;66;44;2022;5;15;6;3;0;3;0;0;1;1;0;0;0;0;492405,394945445004851;5764329,392721549607813;8,889300089000070;52,029538789000100
36824;5220518601500493602;5;3;15;0;2022;5;14;4;3;3;2;0;0;1;0;0;0;0;0;357760,045999825000763;5643724,340999389998615;6,975974151000060;50,927597351000003
36828;5220517506100196074;5;1;16;0;2022;5;22;3;3;0;1;1;0;1;0;0;0;0;0;323506,319171520997770;5675574,627176179550588;6,473471192000030;51,204270010000101
36852;5220524313121224311;5;9;58;32;2022;5;15;3;3;5;3;0;0;1;1;0;0;0;0;442374,218008762982208;5690811,636363360099494;8,172235108000050;51,365637713000098
36853;5220601600380297607;5;3;14;0;2022;6;11;4;3;6;4;0;0;1;0;1;0;0;0;369473,548124231980182;5616692,972419239580631;7,152168453000060;50,687406451000101
36856;5220526709500676614;5;5;66;16;2022;5;22;5;2;0;7;2;0;1;0;0;0;0;0;403351,967065929027740;5788374,103585399687290;7,584642574000040;52,237285456000102
36857;5220530601100586598;5;3;15;0;2022;5;12;2;3;1;5;0;0;1;1;0;0;0;0;356477,577848261978943;5643073,311094230040908;6,957993652000030;50,921428964000000
36863;5220524702100673308;5;5;15;0;2022;5;9;3;3;5;3;0;1;1;1;0;0;0;0;404691,261022803024389;5758521,051736850291491;7,612602243000030;51,969195368000001
36869;5220523709300176628;5;5;66;96;2022;5;18;2;2;5;3;0;1;1;1;0;0;0;0;385550,863999942026567;5786090,433999629691243;7,324839318000040;52,213349993000101
36873;5220601610112267555;5;3;70;8;2022;6;17;4;3;1;3;0;0;1;1;0;0;0;0;292128,193344276980497;5652544,311359249986708;6,038141390000020;50,986897994000103
36874;5220526610221363494;5;3;70;20;2022;5;21;5;3;0;1;1;0;1;0;0;0;0;0;303492,350186360999942;5661330,864885530434549;6,195087417000020;51,069807160000003
36875;5220521610212685700;5;3;70;40;2022;5;12;7;3;5;3;0;0;1;1;0;0;0;0;310534,642999316973146;5670031,430997289717197;6,290916903000040;51,150325754000100
36876;5220519605128285273;5;3;74;28;2022;5;17;5;2;5;2;0;1;1;1;0;0;0;0;410383,807435953000095;5635525,996336320415139;7,726548093000080;50,864468621000100
36881;5220525513120295514;5;1;62;20;2022;5;13;4;3;1;5;0;0;1;1;0;0;0;1;325913,968634372984525;5675556,339064110070467;6,507910666000040;51,204844481000102
36888;5220526317220975398;5;9;78;4;2022;5;14;5;3;4;6;0;0;1;0;0;0;0;0;407424,604999979026616;5719635,754999640397727;7,662759380000070;51,620125049000102
36889;5220519601100293628;5;3;15;0;2022;5;0;5;3;0;1;2;0;1;0;0;0;0;0;356888,309134439972695;5644519,642619919963181;6,963265734000060;50,934529059000099
36892;5220518404302096835;5;7;66;8;2022;5;15;4;3;5;3;0;0;1;0;0;0;0;1;477664,011999915004708;5770614,785999979823828;8,674019301000040;52,085651245000101
36893;5220524303100094441;5;9;15;0;2022;5;5;3;2;5;3;1;1;1;1;0;0;0;0;420666,144423010002356;5725995,179725550115108;7,852544501000070;51,679316788999998
36897;5220525400300296873;5;7;11;0;2022;5;15;4;2;3;7;0;0;1;1;0;0;0;0;465135,118191701010801;5761055,305844659917057;8,492148812000041;51,999058947999998
36899;5220522400200697000;5;7;11;0;2022;5;18;1;3;0;3;0;0;1;1;0;0;0;0;474083,815000000991859;5764450,860999669879675;8,622237309000070;52,030077344000098
36903;5220528506100796083;5;1;16;0;2022;5;10;7;3;5;3;0;0;1;1;0;0;0;0;322092,943517953972332;5669270,148681379854679;6,456380029000060;51,147196284000103
36911;5220601516100880941;5;1;58;32;2022;6;7;4;3;5;2;0;0;1;1;0;0;0;0;363426,114034735015593;5689629,277476999908686;7,039147078000040;51,341517406000001
36913;5220522610212411825;5;3;70;40;2022;5;14;1;3;8;1;0;0;1;0;0;0;0;0;311910,873821514018346;5668427,383853659965098;6,311409447000070;51,136371500000102
36918;5220524602800828711;5;3;62;12;2022;5;18;3;3;1;5;0;0;1;1;1;1;0;0;351452,451075960998423;5631594,103007460013032;6,891209839000060;50,816998181000002
36920;5220527603116495307;5;3;66;16;2022;5;11;6;3;0;7;0;1;1;0;0;0;0;0;345001,788629784015939;5614840,637101490050554;6,806753303000050;50,664756292000000
36922;5220525608312632963;5;3;34;12;2022;5;18;4;3;6;6;0;0;1;0;1;0;0;0;308665,145999267988373;5631598,159997230395675;6,284443574000020;50,804482746000097
36925;5220602400100296990;5;7;11;0;2022;6;17;5;3;5;3;0;0;1;1;0;0;0;0;470296,548211343993898;5767196,008067379705608;8,566795942000059;52,054568050000100
36927;5220517709110642391;5;5;66;12;2022;5;14;3;3;0;1;0;0;1;0;0;0;0;0;405431,211877934983931;5773143,166051579639316;7,619326951000060;52,100749700999998
36936;5220518503200089947;5;1;24;0;2022;5;7;4;3;5;2;0;0;1;1;0;0;0;0;376421,830618297972251;5683218,062740179710090;7,227853426000020;51,286869298000099
36942;5220525601500093445;5;3;15;0;2022;5;13;4;3;1;5;0;0;1;1;0;0;0;0;360985,056747660972178;5647743,157162129878998;7,020301299000040;50,964501515000102
36943;5220531515210596134;5;1;54;12;2022;5;13;3;2;3;6;0;0;1;0;0;0;0;0;313495,711284279008396;5711138,717657700181007;6,311681725000030;51,520530223999998
36944;5220517602300246668;5;3;62;36;2022;5;15;3;3;0;7;0;0;1;0;0;0;0;0;345542,369375255017076;5651912,085851579904556;6,798776680000060;50,998030118000003
36953;5220519601500393555;5;3;15;0;2022;5;8;5;3;5;3;0;0;1;1;0;0;0;0;361321,724999843980186;5649646,811999440193176;7,024366697000060;50,981691168000097
36954;5220602600110795296;5;3;14;0;2022;6;17;5;3;0;1;0;0;1;0;0;0;0;0;363967,926162143994588;5624241,394370970316231;7,071489212000070;50,753989230000101
36955;5220524513130781645;5;1;62;22;2022;5;18;3;3;0;2;0;0;1;1;0;0;0;0;338513,055999676987994;5686198,846998970024288;6,683303119000070;51,304165658999999
36957;5220521601100524895;5;3;15;0;2022;5;19;7;3;0;3;0;0;1;1;0;0;0;0;356106,810826756001916;5644640,052893309853971;6,952103651000070;50,935416713999999
36960;5220531405108796857;5;7;54;8;2022;5;13;3;3;3;3;0;1;1;1;0;0;0;0;457043,851000001013745;5753353,906999669969082;8,375259515000041;51,929252628000000
36964;5220518508000445440;5;1;19;0;2022;5;12;4;2;5;3;0;0;1;1;0;0;0;0;350501,607958063017577;5709016,821092830039561;6,845537768000040;51,512472348000102
36966;5220526405112396868;5;7;54;52;2022;5;12;5;2;7;1;0;0;1;0;0;0;0;0;457224,119458767003380;5770855,622985979542136;8,375695380000019;52,086614183999998
36970;5220518313231750115;5;9;58;48;2022;5;12;4;2;0;7;0;0;1;0;0;0;0;0;460999,549489144003019;5672391,774719050154090;8,441772901000039;51,201597709000097
36972;5220529601400095815;5;3;15;0;2022;5;14;1;3;0;7;0;1;1;1;0;0;0;0;349519,040113501017913;5653557,045020990073681;6,854724382000030;51,013865703000100
36974;5220522603236095352;5;3;66;36;2022;5;16;1;3;9;1;0;0;1;0;0;0;0;0;324146,748788190016057;5604898,638947229832411;6,516640986000030;50,569506984000000
36978;5220523404102296906;5;7;66;40;2022;5;6;2;3;5;2;0;0;1;1;0;0;0;0;484270,121306839981116;5762156,596068089827895;8,770819939000029;52,009832412000002
36983;5220524711215174480;5;5;70;4;2022;5;7;3;3;5;3;0;0;1;0;0;0;0;0;422746,248027749010362;5735105,783622659742832;7,880603301000060;51,761508139999997
36986;5220531701400045421;5;5;12;0;2022;5;16;3;3;0;1;0;1;1;0;0;0;0;0;354372,759999805013649;5711006,739999350160360;6,900462758000060;51,531364105000101
36991;5220526600330090908;5;3;82;48;2022;5;23;5;3;8;1;2;0;1;0;0;0;0;0;356692,575670277001336;5608983,743736989796162;6,974329679000050;50,615112758000102
36992;5220522301303094291;5;9;13;0;2022;5;14;1;3;5;3;0;0;1;1;0;0;0;0;403333,022531414986588;5704079,407965119928122;7,607950477000030;51,479601346999999
36996;5220527709500496515;5;5;66;76;2022;5;7;6;3;0;7;0;0;1;0;0;0;0;0;394467,117097350012045;5793744,419072199612856;7,452898954000030;52,283918563999997
36999;5220517600110295260;5;3;14;0;2022;5;7;3;3;0;1;0;0;1;0;0;0;0;0;364976,992054103000555;5622343,460881699807942;7,086481753000040;50,737166466000097
37000;5220523601100473816;5;3;15;0;2022;5;21;2;3;0;1;2;1;1;0;0;0;0;0;355301,811999807017855;5644120,644999359734356;6,940860964000020;50,930547490000002
37005;5220526405228281502;5;7;54;28;2022;5;12;5;3;5;3;0;0;1;1;0;0;0;0;451818,658999998995569;5743356,252999659627676;8,300668039000071;51,838941276000099
37008;5220524516600086746;5;1;58;4;2022;5;19;3;3;5;3;0;0;1;1;0;0;0;0;358481,144999829004519;5675749,608999400399625;6,973693934000040;51,215579235000099
37017;5220518514217982322;5;1;66;36;2022;5;10;4;3;8;1;0;0;1;0;0;0;0;0;325826,168795828009024;5683272,650147640146315;6,502902553000070;51,274137934000102
37018;5220528601700693438;5;3;16;0;2022;5;10;7;3;5;2;0;0;1;1;0;0;0;0;364044,897999859997071;5657284,730999469757080;7,060274649000060;51,050985099999998
37020;5220525500200275990;5;1;11;0;2022;5;10;4;3;1;5;0;0;1;1;1;0;0;0;347831,075265855994076;5678334,304112640209496;6,820220105000030;51,236065682000103
37022;5220517601500593610;5;3;15;0;2022;5;10;3;3;5;2;0;0;1;1;0;0;0;0;357575,348999822977930;5645095,768999390304089;6,972811782000060;50,939876763000001
37026;5220518701610695218;5;5;62;12;2022;5;5;4;3;5;3;1;0;1;0;0;0;0;0;360143,626999842992518;5724995,348999430425465;6,978029840000030;51,658524587000002
37027;5220601702100476692;5;5;15;0;2022;6;15;4;3;3;3;0;1;1;0;0;0;0;1;406322,628999979002401;5756457,540999660268426;7,636905299000030;51,950924902000096
37033;5220521514118196071;5;1;66;16;2022;5;12;7;3;2;1;0;0;1;0;0;0;0;1;309594,727999310009181;5687113,893997129984200;6,268419205000040;51,303447798999997
37036;5220531501122991628;5;1;12;0;2022;5;21;3;2;0;2;1;1;1;1;0;0;0;0;342534,976999717007857;5705719,604999089613557;6,732294086000020;51,480683950000099
37038;5220523310140489440;5;9;54;28;2022;5;13;2;2;9;6;0;0;1;0;1;0;0;0;377825,746363362995908;5691596,936216809786856;7,245103207000060;51,362479690999997
37042;5220525605144293513;5;3;74;44;2022;5;18;4;3;5;3;0;0;1;1;0;0;0;0;403643,873090669978410;5637719,920585939660668;7,630223278000070;50,883108197000098
37044;5220602513130782323;5;1;62;22;2022;6;14;5;3;5;3;0;0;1;1;0;0;0;0;339449,015999684983399;5679119,618998999707401;6,699898337000040;51,240824850000102
37045;5220601400300053248;5;7;11;0;2022;6;16;4;3;5;2;0;1;1;1;0;0;0;0;462885,455313123005908;5757520,898939000442624;8,459763578000040;51,967136735000103
37050;5220522706000139834;5;5;58;16;2022;5;9;1;3;5;1;0;0;1;0;0;0;0;0;384748,130999939981848;5747945,559999619610608;7,325954954000050;51,870373778999998
37051;5220527301102489376;5;9;13;0;2022;5;15;6;2;4;6;0;0;1;0;0;0;0;0;394465,368718178011477;5703358,129324180074036;7,480513868000060;51,471533075000103
37052;5220531316300282015;5;9;74;28;2022;5;14;3;2;5;3;0;0;1;0;0;0;0;0;454396,161000000021886;5725546,905999650247395;8,340413801000070;51,679038696000099
37055;5220518502409089561;5;1;17;0;2022;5;7;4;3;1;5;0;0;1;1;0;0;0;0;350039,881360817002133;5698892,112320019863546;6,843184082000050;51,421375537000102
37062;5220517608312589917;5;3;34;12;2022;5;23;3;2;4;6;2;0;1;1;0;0;0;0;307450,960734891996253;5633460,611830350011587;6,266254794000080;50,820810128000097
37066;5220520608100833490;5;3;34;2;2022;5;13;6;3;0;1;0;1;1;0;0;0;0;0;295124,549999008013401;5627988,336995500139892;6,094533177000070;50,767433275000002
37068;5220602313110080627;5;9;58;4;2022;6;5;5;3;4;6;0;0;1;0;0;0;0;0;428365,255999994988088;5699091,249999639578164;7,969363160000060;51,438480690000098
37069;5220526514213096042;5;1;66;8;2022;5;17;5;3;5;3;0;0;1;1;0;0;0;0;317445,384116040018853;5689287,266400099731982;6,379804191000060;51,325542069999997
37071;5220519601300585530;5;3;15;0;2022;5;20;5;3;3;2;0;1;1;1;0;0;0;0;353394,287999795982614;5646648,543999330140650;6,912717571000030;50,952783089000000
37072;5220524601200190980;5;3;15;0;2022;5;15;3;3;1;1;0;0;1;1;0;0;0;0;353798,906012565013953;5644302,106015290133655;6,919415955000030;50,931799247000100
37075;5220525516100395502;5;1;58;32;2022;5;6;4;3;5;3;0;0;1;0;0;0;0;0;364800,748447778983973;5687558,472623829729855;7,059657070000070;51,323236057000003
37078;5220523602600094879;5;3;62;20;2022;5;16;2;3;5;3;0;1;1;1;0;0;0;0;342408,166999707987998;5629687,531999110244215;6,763736555000040;50,797475517000102
37081;5220601608200575610;5;3;34;2;2022;6;10;4;3;0;1;0;0;1;0;0;0;0;0;300184,552160670980811;5629052,297476660460234;6,165619415000040;50,778754197000097
37082;5220526300700090543;5;9;16;0;2022;5;22;5;3;0;1;2;0;1;0;0;0;0;0;371236,051999896008056;5710438,988999529741704;7,143645535000080;51,530359621999999
37083;5220519513210149943;5;1;62;24;2022;5;12;5;3;0;7;0;0;1;0;1;0;0;0;336482,381956543016713;5676703,592147080227733;6,658537630000070;51,218275202000001
37089;5220525410230790783;5;7;70;4;2022;5;19;4;3;4;7;0;0;1;1;0;0;0;0;487834,105750360991806;5783180,959869869984686;8,821994928000040;52,198946889000098
37091;5220522601400193422;5;3;15;0;2022;5;16;1;3;0;1;0;0;1;0;0;0;0;0;355907,156157965015154;5650112,554538480006158;6,947097174000020;50,984547090000000
37094;5220518600130895281;5;3;82;8;2022;5;11;4;3;5;3;0;0;1;1;0;0;0;0;379966,213364281982649;5612530,034042430110276;7,301988683000050;50,652245182000101
37098;5220602410240691830;5;7;70;40;2022;6;16;5;1;3;3;0;0;1;1;0;0;0;0;472281,317511603992898;5810701,167742360383272;8,592170645000071;52,445797456999998
37101;5220524307000680470;5;9;62;28;2022;5;22;3;3;3;3;2;0;1;1;0;0;0;0;402962,863316247996408;5664091,343433570116758;7,613495616000020;51,120070027000097
37102;5220601603116995320;5;3;66;16;2022;6;16;4;2;0;1;0;0;1;0;0;0;0;0;339803,655388341983780;5613546,427131770178676;6,733819340000030;50,651719669999999
37105;5220526705000191758;5;5;54;68;2022;5;17;5;3;0;6;0;0;1;0;1;0;0;0;342647,410672648984473;5769462,970461609773338;6,705038739000030;52,053397664999999
37106;5220530602500385834;5;3;62;24;2022;5;6;2;3;5;3;0;0;1;1;0;0;0;0;346987,402999748010188;5643639,983999210409820;6,822832683000060;50,924082642000002
37109;5220518501125096061;5;1;12;0;2022;5;14;4;3;0;1;0;0;1;0;1;0;0;0;344490,189315487979911;5704958,485725089907646;6,760763521000060;51,474386279999997
37110;5220528501325079021;5;1;12;0;2022;5;17;7;3;5;3;0;0;1;1;0;0;0;0;345472,004999739991035;5693540,833999169990420;6,779868323000070;51,372066835000098
37113;5220530600360034532;5;3;82;12;2022;5;7;2;3;5;3;0;0;1;1;0;0;0;0;358973,018999830004759;5624764,979999399743974;7,000521630000040;50,757502785000000
37115;5220525518200996038;5;1;70;24;2022;5;11;4;2;3;3;0;0;1;1;0;0;0;0;333017,511999625014141;5698167,530998749658465;6,598918749000060;51,410107589000098
37117;5220517609248594925;5;3;58;48;2022;5;6;3;3;5;3;0;0;1;0;0;0;1;0;319845,432396257005166;5636799,274283980019391;6,440392136000070;50,854792537999998
37118;5220523701300094993;5;5;62;14;2022;5;17;2;3;0;1;0;1;1;0;0;0;0;0;360462,924303183972370;5716132,365654939785600;6,986172558000020;51,578961388000003
37122;5220601706000296664;5;5;58;8;2022;6;14;4;3;5;3;0;1;1;1;0;0;0;0;383174,107999935979024;5759487,782999609597027;7,299186073000040;51,973777718000100
37123;5220519411132082081;5;7;74;32;2022;5;7;5;3;0;1;0;0;1;0;0;0;0;0;481844,570000000996515;5727483,428999650292099;8,737302242000061;51,698008874000003
37126;5220518301301673412;5;9;78;24;2022;5;19;4;3;5;2;0;0;1;1;0;0;0;0;398635,503999968990684;5716532,716999639756978;7,536741588000040;51,590718660999997
37127;5220524407220090787;5;7;62;32;2022;5;11;3;2;0;1;0;0;1;0;0;0;0;0;506371,515000001003500;5746485,352999660186470;9,092541215000040;51,869117990000099
37131;5220527303100594441;5;9;15;0;2022;5;13;6;3;5;3;0;0;1;1;0;0;0;0;417700,247964933980256;5727333,303463609889150;7,809341132000040;51,690919045999998
37135;5220518502229151477;5;1;13;0;2022;5;20;4;2;5;3;0;0;1;1;0;0;0;0;360880,473999843990896;5694840,481999440118670;7,000582846000040;51,387730396999999
37137;5220529404302421754;5;7;66;48;2022;5;13;1;3;5;3;0;0;1;1;0;0;0;0;478510,276276785007212;5760235,531451829709113;8,687022216000059;51,992367320000000
37139;5220530505100786056;5;1;14;0;2022;5;17;2;3;0;1;0;0;1;0;1;0;0;0;330229,837999591021799;5688491,776998640038073;6,563492789000070;51,322355064000099
37146;5220520608100233515;5;3;34;2;2022;5;9;6;3;0;7;0;0;1;1;0;0;0;0;294270,308324535028078;5629713,077123209834099;6,081470697000040;50,782621226000103
37148;5220601709300987307;5;5;66;84;2022;6;13;4;3;1;6;0;0;1;0;0;0;0;1;386160,114999943005387;5778968,843999629840255;7,336143456000060;52,149475324999997
37151;5220519608100271700;5;3;34;2;2022;5;12;5;3;6;7;0;0;1;0;1;0;0;0;295168,144331673975103;5628111,721984550356865;6,095081884000020;50,768556822000100
37160;5220518705000521190;5;5;54;44;2022;5;13;4;3;5;2;0;0;1;1;0;0;0;0;368790,686616317019798;5744474,218286420218647;7,095619033000050;51,835654550000100
37162;5220526502208073543;5;1;13;0;2022;5;19;5;3;0;1;1;0;1;0;0;0;0;0;358649,897999831009656;5700642,344999410212040;6,966233674000020;51,439315913000002
37164;5220602601600878231;5;3;15;0;2022;6;16;5;3;6;7;0;0;1;0;1;0;0;0;365886,164999870001338;5634438,107999480329454;7,094943795000060;50,846082110000097
37165;5220524515210217731;5;1;54;12;2022;5;10;3;2;0;1;0;0;1;0;0;0;0;1;314658,485733577981591;5710947,542790220119059;6,328523115000050;51,519195803000102
37171;5220522516500691236;5;1;58;16;2022;5;0;1;3;0;1;2;0;1;0;0;0;0;0;355207,565671182994265;5670567,325637119822204;6,928943910000040;51,168188884000102
37172;5220523501311696094;5;1;12;0;2022;5;13;2;3;5;2;0;0;1;1;0;0;0;0;345387,099999740021303;5700338,880999159999192;6,775687005000070;51,433124890000002
37175;5220528508000571493;5;1;19;0;2022;5;15;7;3;5;3;0;0;1;1;0;0;0;0;351211,581999782996718;5709490,439999289810658;6,855561762000040;51,516915412000102
37176;5220525705000989359;5;5;54;4;2022;5;7;4;3;0;2;0;0;1;0;0;0;0;0;362780,893999858002644;5771674,887999470345676;6,997585044000060;52,078623665000102
37179;5220602515111354815;5;1;54;8;2022;6;18;5;3;2;6;0;0;1;1;0;0;0;0;309632,562999342975672;5746082,720996909774840;6,237019244000070;51,833076027000097
37185;5220522701910657886;5;5;62;8;2022;5;14;1;2;3;6;0;0;1;0;0;1;0;0;386117,580999941972550;5726071,518999610096216;7,353010716000030;51,674060484999998
37187;5220530518200095969;5;1;70;24;2022;5;13;2;3;0;2;0;0;1;1;0;0;0;0;335939,510999653022736;5702516,679998870007694;6,638881994000030;51,450034078999998
37189;5220519709700876667;5;5;66;92;2022;5;5;5;3;0;1;0;0;1;0;0;0;0;0;424693,719999991997611;5796609,072999689728022;7,895269976000070;52,314641747000103
37194;5220524601200780749;5;3;15;0;2022;5;13;3;3;5;5;0;0;1;1;0;0;0;0;354026,349519437004346;5636304,776892709545791;6,925846716000020;50,859986822000103
37198;5220531601300685732;5;3;15;0;2022;5;11;3;3;5;3;0;1;1;1;0;0;0;0;353492,991999796999153;5646541,359999329783022;6,914164995000020;50,951844967000099
37199;5220517601100364468;5;3;15;0;2022;5;12;3;3;0;2;0;0;1;1;0;0;0;0;357139,191999820002820;5646223,654999379999936;6,966165550000030;50,949905082999997
37204;5220601608100569707;5;3;34;2;2022;6;16;4;3;0;1;0;0;1;0;0;0;0;0;293287,704401611990761;5630568,254832950420678;6,067069787000040;50,789952211000099
37209;5220530500200002247;5;1;11;0;2022;5;16;2;3;5;2;0;0;1;1;0;0;0;0;346963,102140618022531;5678102,135285709984601;6,807895534000070;51,233747385000100
37211;5220527513130175912;5;1;62;22;2022;5;17;6;3;7;1;0;0;1;1;0;0;0;0;338775,996447297977284;5680275,731433670036495;6,689744208000040;51,251022503000101
37214;5220522603116078437;5;3;66;16;2022;5;14;1;3;5;3;0;0;1;1;0;0;0;0;344151,446944947994780;5616660,503328830003738;6,793963594000050;50,680883248999997
37216;5220520405232090798;5;7;54;32;2022;5;14;6;3;3;6;0;0;1;0;0;0;0;0;458957,658627859025728;5735053,979744589887559;8,405264057000069;51,764867761000097
37227;5220530303100771295;5;9;15;0;2022;5;12;2;3;5;3;0;0;1;1;0;0;0;0;413757,202999987988733;5724263,953999649733305;7,753068064000050;51,662735754000003
37229;5220527602700662767;5;3;15;0;2022;5;13;6;2;5;3;0;0;1;1;0;0;0;0;353613,251407646981534;5637543,488607189618051;6,919485478000070;50,871014416999998
37232;5220517514111996032;5;1;66;32;2022;5;15;3;3;0;3;0;0;1;1;0;0;0;0;314214,873999379982706;5682338,725997590459883;6,337105738000050;51,262082195000097
37237;5220526503400191274;5;1;22;0;2022;5;17;5;3;0;7;0;0;1;1;0;0;0;0;364597,528118474991061;5668598,322652789764106;7,063910421000060;51,152793331000098
37239;5220602515110078980;5;1;54;24;2022;6;18;5;2;4;6;0;0;1;0;0;1;0;0;311751,299449141020887;5734484,367513120174408;6,274022049000050;51,729628187000102
37241;5220518405108070315;5;7;54;8;2022;5;17;4;2;0;1;0;0;1;0;0;0;0;0;459638,246999999973923;5754766,408999670296907;8,412823622000079;51,942146031000000
37251;5220518601200793567;5;3;15;0;2022;5;7;4;3;3;2;0;0;1;1;0;0;0;0;354201,286999800009653;5644405,376999340020120;6,925096898000050;50,932829165999998
37253;5220525700000589622;5;5;13;0;2022;5;18;4;3;5;3;0;0;1;1;0;0;0;0;364413,708999863010831;5716488,933999479748309;7,043017084000040;51,583129839000001
37257;5220601301103594291;5;9;13;0;2022;6;8;4;2;3;2;0;0;1;1;0;0;0;0;400474,969999970984645;5706083,307999630458653;7,566241875000060;51,497118591000103
37258;5220518300600480493;5;9;16;0;2022;5;14;4;3;0;1;0;0;1;0;0;0;0;0;376410,842999915010296;5710724,233999569900334;7,218109332000040;51,534079641000098