OBJECTID;UIDENTSTLAE;ULAND;UREGBEZ;UKREIS;UGEMEINDE;UJAHR;UMONAT;USTUNDE;UWOCHENTAG;UKATEGORIE;UART;UTYP1;ULICHTVERH;IstStrassenzustand;IstRad;IstPKW;IstFuss;IstKrad;IstGkfz;IstSonstige;LINREFX;LINREFY;XGCSWGS84;YGCSWGS84
37259;5220524314120993718;5;9;66;8;2022;5;12;3;3;5;3;0;0;1;1;0;0;0;0;416123,671999990008771;5652265,863999620079994;7,804237860000060;51,015832021999998
37260;5220601606100032563;5;3;78;4;2022;6;12;4;3;5;2;0;0;1;1;0;0;0;0;369236,858999886026140;5649477,305999499745667;7,137122287000070;50,982019820000097
37278;5220518606100063660;5;3;78;12;2022;5;10;4;2;4;1;0;0;1;0;0;0;0;1;377964,494999919028487;5655430,569999559782445;7,259392169000020;51,037445920000003
37279;5220601607300081207;5;3;82;16;2022;6;13;4;3;0;6;0;0;1;1;0;0;0;0;392048,352947423991282;5622813,802920769900084;7,469829413000070;50,747058387000003
37280;5220525709800081039;5;5;66;40;2022;5;12;4;3;3;2;0;0;1;1;0;0;0;0;420989,567999991995748;5783078,413999680429697;7,844108573000030;52,192497648000000
37281;5220519603116213151;5;3;66;16;2022;5;14;5;3;5;2;0;0;1;1;0;0;0;0;344026,627999720978551;5613727,343999160453677;6,793434588000030;50,654491452999999
37282;5220524508000595108;5;1;19;0;2022;5;19;3;3;5;2;0;0;1;1;0;0;0;0;350298,870203914004378;5705307,884664709679782;6,844191660000040;51,479092543000000
37288;5220522515110096097;5;1;54;40;2022;5;15;1;3;0;3;0;0;1;1;0;0;0;0;298284,595208531012759;5741322,027377369813621;6,075311425000050;51,786345470000100
37289;5220523407340574508;5;7;62;40;2022;5;6;2;3;5;3;0;0;1;1;0;0;0;0;502201,002222420007456;5719377,409663960337639;9,031796254000030;51,625413150999997
37291;5220518506100396027;5;1;16;0;2022;5;8;4;3;0;1;0;0;1;0;0;0;0;0;322379,000559696985874;5667160,024829690344632;6,461506000000040;51,128328922999998
37293;5220525602800134349;5;3;62;12;2022;5;6;4;3;5;3;0;0;1;1;0;0;0;0;352551,383999789017253;5633189,558999319560826;6,906157722000050;50,831616999000097
37300;5220521405140596869;5;7;54;40;2022;5;16;7;3;5;2;0;0;1;1;0;0;0;0;460697,980080656008795;5762148,585984409786761;8,427394147000030;52,008591717999998
37302;5220527310140093838;5;9;54;28;2022;5;17;6;3;2;6;0;0;1;1;0;0;0;0;379983,122149538015947;5688317,086769740097225;7,277182399000030;51,333460709000100
37304;5220522500200996357;5;1;11;0;2022;5;0;1;3;2;6;2;0;1;1;0;0;0;0;344437,022413068974856;5678224,299983129836619;6,771687967000050;51,234162049000098
37305;5220519705000796575;5;5;54;20;2022;5;14;5;3;0;3;0;0;1;1;0;0;0;0;366843,062105623015668;5783556,563834600150585;7,052173822000040;52,186379076999998
37309;5220524709500076632;5;5;66;16;2022;5;17;3;3;5;2;0;0;1;1;0;0;0;0;403137,120999976003077;5792355,381999669596553;7,580355139000060;52,273030659000000
37310;5220518709700176376;5;5;66;56;2022;5;7;4;3;3;2;0;0;1;1;0;0;0;0;417060,266775875992607;5796591,195788189768791;7,783319080000070;52,313380897999998
37313;5220517705000191247;5;5;54;8;2022;5;14;3;2;3;6;0;0;1;0;0;0;0;0;334746,755999649991281;5745762,468998779542744;6,601307020000040;51,838193904000001
37325;5220527404102587360;5;7;66;40;2022;5;15;6;3;4;6;0;0;1;0;0;0;0;0;487767,231421852018684;5761135,537019480019808;8,821808040000059;52,000740266999998
37326;5220525317210578006;5;9;78;20;2022;5;15;4;2;0;1;0;0;1;0;0;0;0;0;404560,541826401022263;5713139,233885969966650;7,623167828000020;51,561249506000102
37331;5220518410110096793;5;7;70;24;2022;5;17;4;3;5;3;0;0;1;1;0;0;0;0;489997,551030870992690;5790266,800017599947751;8,853439580000041;52,262696169000002
37332;5220528516800889335;5;1;58;20;2022;5;14;7;3;0;1;0;0;1;0;0;0;0;0;359574,161217410990503;5665703,048622249625623;6,993257577000070;51,125563614000001
37334;5220525300100993837;5;9;11;0;2022;5;15;4;2;0;1;0;0;1;0;0;0;0;0;375936,939151851984207;5708694,979361779987812;7,211994876000060;51,515738166000098
37338;5220518300500095845;5;9;11;0;2022;5;12;4;2;0;1;0;0;1;0;0;0;0;0;375377,003269285021815;5705842,670088079757988;7,204937049000020;51,489980349000099
37341;5220520608100085862;5;3;34;2;2022;5;9;6;2;0;1;0;0;1;0;0;0;0;0;294726,070998998999130;5624797,080995460040867;6,090668617000060;50,738630903000100
37347;5220524601200593565;5;3;15;0;2022;5;9;3;3;0;1;0;1;1;0;0;0;0;0;353479,513999796006829;5643037,641999330371618;6,915382043000020;50,920354897999999
37352;5220517603140834224;5;3;66;40;2022;5;14;3;3;5;1;0;0;1;0;0;0;0;0;350120,144674378971104;5623145,185650469735265;6,875754237000020;50,740727483999997
37353;5220523600110595310;5;3;14;0;2022;5;17;2;3;5;2;0;1;1;0;0;0;0;1;364980,364999864017591;5622357,318999459967017;7,086524448000030;50,737291804999998
37357;5220518608436267510;5;3;34;36;2022;5;6;4;3;5;5;0;0;1;1;0;0;0;0;299440,294914937985595;5633015,098948690108955;6,152912574000030;50,814090061999998
37360;5220519513320695610;5;1;62;4;2022;5;16;5;3;5;3;0;1;1;1;0;0;0;0;347476,091999751981348;5662902,503999220207334;6,821683819000040;51,097305097000103
37362;5220523303100094426;5;9;15;0;2022;5;5;2;3;5;3;0;0;1;1;0;0;0;0;419027,671205912018195;5729279,769006580114365;7,828089082000080;51,708609912999997
37367;5220531500200376325;5;1;11;0;2022;5;15;3;3;2;6;0;0;1;1;0;0;0;0;345191,516094144026283;5679121,909156760200858;6,782098789000030;51,242432602000100
37368;5220522600130495309;5;3;82;8;2022;5;15;1;3;0;1;0;0;1;0;0;0;0;0;374526,132999906025361;5611842,506999519653618;7,225304108000050;50,644918775000100
37376;5220531608100273639;5;3;34;2;2022;5;10;3;3;0;5;0;0;1;1;0;0;0;0;294419,354749821999576;5626748,482856160029769;6,085238598000050;50,756048454000101
37377;5220518310110593889;5;9;54;16;2022;5;13;4;2;0;1;0;0;1;0;0;0;0;0;375250,573085737007204;5697808,801761089824140;7,205950247000030;51,417749042000104
37379;5220601601500876517;5;3;15;0;2022;6;7;4;3;0;6;0;0;1;0;0;0;0;0;361196,738186081987806;5649502,852561229839921;7,022642226000070;50,980367262000101
37382;5220526709800668098;5;5;66;44;2022;5;16;5;3;0;1;0;0;1;0;0;0;0;0;427942,894140043004882;5781158,808993009850383;7,946221446000040;52,176194567000003
37385;5220519705000155357;5;5;54;4;2022;5;7;5;3;6;7;0;0;1;0;1;0;0;0;364061,009491398988757;5772166,525370960123837;7,016057449000070;52,083357007000103
37393;5220517610211680809;5;3;70;4;2022;5;18;3;3;5;3;0;0;1;1;0;0;0;0;307065,469475173973478;5660923,231378390453756;6,246243221000040;51,067357852999997
37395;5220601501114896006;5;1;12;0;2022;6;17;4;2;5;3;0;0;1;1;0;0;0;0;348392,491999763005879;5707585,999999229796231;6,815781369000040;51,499054182000101
37396;5220523301204079511;5;9;13;0;2022;5;17;2;3;0;1;0;1;1;0;0;0;0;0;385065,920999940019101;5708690,453999600373209;7,343502346000040;51,517628653000003
37398;5220518711321027091;5;5;70;48;2022;5;18;4;1;5;3;0;0;1;1;0;0;0;0;442101,363371704996098;5734538,907260079868138;8,161112985000051;51,758747669000101
37407;5220531500300968377;5;1;11;0;2022;5;16;3;3;5;3;0;0;1;0;0;0;0;0;345705,931231079972349;5674306,842538340017200;6,791535037000070;51,199306347000103
37408;5220517516300078874;5;1;58;28;2022;5;18;3;3;5;2;0;0;1;1;0;0;0;0;347845,470653582015075;5684029,594534650444984;6,818003408000040;51,287244987000101
37410;5220520516300766990;5;1;58;28;2022;5;8;6;3;3;6;0;0;1;1;0;0;0;0;354323,691174455976579;5688648,739694429561496;6,908951101000070;51,330446606000102
37416;5220530300800779441;5;9;54;36;2022;5;13;2;3;5;2;0;0;1;1;0;0;0;0;383687,226332807971630;5701181,617032329551876;7,326114231000080;51,449857723999997
37418;5220522302000096280;5;9;14;0;2022;5;15;1;3;2;7;0;0;1;0;0;1;0;0;397411,291041582007892;5694602,622984319925308;7,525450162000030;51,393373009000101
37427;5220601501314082238;5;1;12;0;2022;6;9;4;3;5;3;0;0;1;1;0;0;0;0;346075,649999746994581;5699146,251999179832637;6,786102913000040;51,422596443000003
37429;5220518608100080739;5;3;34;2;2022;5;19;4;3;0;1;0;0;1;0;0;0;0;0;292710,813998962985352;5633676,282995060086250;6,057141686000020;50,817659259000003
37431;5220526411232696860;5;7;74;32;2022;5;17;5;2;8;1;0;0;1;0;0;0;0;0;477377,865927511011250;5728155,598956120200455;8,672629231000030;51,703890257000097
37439;5220525301201177923;5;9;13;0;2022;5;5;4;3;5;2;1;0;1;1;0;0;0;0;388155,184194043977186;5707665,726550149731338;7,388332544000040;51,509038386999997
37440;5220531406240496798;5;7;58;28;2022;5;10;3;3;5;3;0;0;1;1;0;0;0;0;463015,490999999979977;5784353,578999679535627;8,458745388000070;52,208382587000102
37444;5220518515210095954;5;1;54;20;2022;5;16;4;3;5;2;0;0;1;1;0;0;0;0;319732,285563523008022;5713327,819119569845498;6,400355522000040;51,542218310000102
37447;5220519405108357652;5;7;54;8;2022;5;15;5;3;5;3;0;1;1;1;0;0;0;0;458313,592914605978876;5752015,304877360351384;8,393887216000049;51,917314376000000
37449;5220531706000496664;5;5;58;12;2022;5;13;3;3;5;3;0;0;1;1;0;0;0;0;373793,380874035996385;5757629,788776259869337;7,163372259000030;51,955030051000101
37450;5220518303100558080;5;9;15;0;2022;5;14;4;3;6;6;0;0;1;0;1;0;0;0;419371,141932487022132;5726718,063228320330381;7,833651236000040;51,685630778000103
37454;5220520709800672371;5;5;66;40;2022;5;13;6;3;5;3;0;0;1;1;0;0;0;0;422103,876755498989951;5782354,506544649600983;7,860573329000030;52,186149071999999
37455;5220522607500090632;5;3;82;56;2022;5;14;1;3;0;1;0;0;1;0;0;0;0;0;372526,481999897980131;5626897,805999520234764;7,191835848000040;50,779808922000001
37456;5220527302130093901;5;9;14;0;2022;5;18;6;3;5;3;0;0;1;1;0;0;0;0;393904,411953494010959;5691080,441111089661717;7,476115009000070;51,361068126000099
37457;5220530711114087234;5;5;70;52;2022;5;5;2;2;5;3;0;0;1;1;0;0;0;0;428887,060205000976566;5749284,870742379687726;7,966653858000030;51,889788383000102
37458;5220522316100494309;5;9;74;8;2022;5;19;1;3;0;7;0;0;1;0;0;0;0;0;441749,225933975016233;5715014,028955290094018;8,159267697000081;51,583172892000100
37465;5220519303200294318;5;9;15;0;2022;5;16;5;3;5;2;0;0;1;1;0;0;0;0;417041,357355838990770;5727124,441794100217521;7,799860639000030;51,688944508000098
37468;5220531601100197063;5;3;15;0;2022;5;12;3;2;0;1;0;0;1;0;0;0;0;0;355301,811999807017855;5644120,644999359734356;6,940860964000020;50,930547490000002
37472;5220523301301194296;5;9;78;24;2022;5;18;2;3;5;3;0;1;1;1;0;0;0;0;398001,884509154013358;5719365,982896310277283;7,526774053000050;51,616071384000101
37474;5220518705000947429;5;5;54;12;2022;5;9;4;3;6;3;0;0;1;0;1;0;0;0;347802,408714665973093;5752633,967107440344989;6,787625645000050;51,903641181000097
37476;5220526506100291148;5;1;16;0;2022;5;20;5;3;0;1;0;0;1;0;0;0;0;0;314199,936471785011236;5673505,703787620179355;6,341469553000020;51,182735133999998
37481;5220521702100691866;5;5;15;0;2022;5;10;7;3;5;2;0;0;1;1;0;0;0;0;406322,628999979002401;5756457,540999660268426;7,636905299000030;51,950924902000096
37483;5220525515110596102;5;1;54;4;2022;5;13;4;3;5;2;0;0;1;1;0;0;0;0;305118,496684634010307;5739826,346759860403836;6,175104122000050;51,775335456999997
37486;5220523601300087361;5;3;15;0;2022;5;18;2;2;8;7;0;0;1;0;0;0;0;0;352751,329375347995665;5647091,555137519724667;6,903390855000050;50,956600324000100
37488;5220518702100378035;5;5;15;0;2022;5;8;4;3;5;2;0;0;1;1;0;0;0;0;406325,006999980018009;5758859,043999659828842;7,636284908000050;51,972511139000098
37492;5220602502208881106;5;1;13;0;2022;6;15;5;3;0;1;0;0;1;0;0;0;0;0;359986,765999839000870;5701766,101999429985881;6,985011328000040;51,449746279000102
37494;5220529605108978469;5;3;74;8;2022;5;19;1;3;0;1;0;1;1;0;0;0;0;0;392219,981999956013169;5650431,171999589540064;7,464122185000060;50,995356137999998
37498;5220531301301994457;5;9;78;24;2022;5;13;3;2;1;3;0;0;1;1;0;0;0;0;398136,450475168006960;5719601,156246409751475;7,528648619000020;51,618209627000098
37502;5220518601600893378;5;3;15;0;2022;5;16;4;3;1;5;0;0;1;1;0;0;0;1;359344,736231822986156;5644778,078277139924467;6,998102298000050;50,937455974999999
37504;5220525702100087866;5;5;15;0;2022;5;13;4;3;0;7;0;0;1;0;0;0;0;0;405469,855722284002695;5756319,243729930371046;7,624538523000070;51,949537540999998
37512;5220520607300024723;5;3;82;76;2022;5;14;6;3;0;1;0;1;1;0;0;0;0;0;401594,346999973000493;5629836,504999600350857;7,603215228000070;50,811890372000100
37513;5220522609108667517;5;3;58;8;2022;5;12;1;3;5;3;0;0;1;0;0;0;0;0;322733,930999485019129;5630536,196998329833150;6,484416471000030;50,799417007999999
37515;5220522404301539346;5;7;66;44;2022;5;11;1;3;2;6;0;0;1;1;0;0;0;0;497126,962957673997153;5762154,210799160413444;8,958140476000040;52,010026449000101
37516;5220520301302994371;5;9;13;0;2022;5;14;6;2;6;4;0;0;1;0;1;0;0;0;396576,774912885972299;5708321,702062900178134;7,509448011000070;51,516539010000002
37524;5220518513320195539;5;1;62;4;2022;5;19;4;3;3;7;0;0;1;0;0;1;0;0;344545,967999728978612;5660450,606999159790576;6,780924630000070;51,074486439000097
37526;5220525701500395049;5;5;62;24;2022;5;16;4;3;5;2;0;0;1;1;0;0;0;0;370139,737999889999628;5725315,198999529704452;7,122342718000030;51,663797472000098
37531;5220524405140896956;5;7;54;40;2022;5;13;3;2;0;1;0;0;1;0;0;0;0;0;459852,985999999975320;5761735,608999669551849;8,415132201000061;52,004818376999999
37533;5220520706200772440;5;5;58;12;2022;5;13;6;3;5;2;0;0;1;1;0;0;0;0;373431,102387237013318;5754118,261596930213273;7,159395388000060;51,923391713000100
37534;5220522701400485418;5;5;12;0;2022;5;16;1;3;5;3;0;0;1;1;0;0;0;0;357489,559255036991090;5710871,093548029661179;6,945421747000070;51,530940483999998
37542;5220524701500295097;5;5;62;24;2022;5;10;3;3;5;3;0;0;1;1;0;0;0;0;371264,597453915979713;5725599,537876199930906;7,138493087000030;51,666611563000103
37548;5220523711111151183;5;5;70;52;2022;5;15;2;3;4;6;0;0;1;0;0;0;0;0;429949,066031105990987;5757444,177675300277770;7,980422473000030;51,963272168000103
37549;5220601405244006582;5;7;54;44;2022;6;15;4;3;5;3;0;1;1;1;0;0;0;0;469496,443326310021803;5745719,072339580394328;8,557034487000070;51,861430757000100
37554;5220521709300076628;5;5;66;68;2022;5;20;7;2;0;7;0;0;1;0;0;0;0;0;376089,820345730986446;5785053,669023499824107;7,186812304000060;52,201987218000099
37558;5220530404301556854;5;7;66;44;2022;5;7;2;3;5;3;0;0;1;1;0;0;0;0;492802,467999999993481;5764689,881999669596553;8,895080279000069;52,032785206000000
37566;5220518700000875283;5;5;13;0;2022;5;12;4;3;0;7;0;0;1;0;0;0;0;0;365218,678993504028767;5707574,979120420292020;7,058042378000040;51,503217825000000
37569;5220519502104069045;5;1;13;0;2022;5;14;5;3;5;2;0;0;1;1;0;0;0;0;360417,243999841972254;5702253,887999430298805;6,991009958000060;51,454235930999999
37574;5220529602700394902;5;3;62;28;2022;5;13;1;3;0;1;0;0;1;0;0;0;0;0;352098,799999786016997;5636751,749999309889972;6,898296894000050;50,863513822000101
37579;5220522502406781510;5;1;17;0;2022;5;10;1;2;5;2;0;0;1;1;0;0;0;0;353539,113999799010344;5697423,922999340109527;6,894081686000050;51,409097653000103
37582;5220518515111078966;5;1;54;44;2022;5;20;4;3;5;3;1;0;1;1;0;0;0;0;321938,317999506019987;5738156,349998069927096;6,419491789000060;51,765938517000102
37585;5220524701300714019;5;5;62;14;2022;5;16;3;3;0;7;0;1;1;0;0;0;0;1;358434,690833728003781;5714307,757249530404806;6,957655692000060;51,562059902000001
37589;5220517607100075830;5;3;82;60;2022;5;17;3;2;5;3;0;0;1;1;0;0;0;0;373180,593999899982009;5629604,822999520227313;7,200174842000020;50,804284052000099
37594;5220526516100595481;5;1;58;36;2022;5;14;5;2;0;1;0;0;1;0;0;0;0;0;363838,855237649986520;5681435,880441130138934;7,048196201000050;51,267984013000003
37595;5220521702100268125;5;5;15;0;2022;5;15;7;2;4;6;0;0;1;0;0;0;0;0;405967,703542273025960;5757861,768739229999483;7,631358039000080;51,963486850999999
37597;5220528300500778234;5;9;11;0;2022;5;15;7;3;5;2;0;0;1;1;0;0;0;0;377203,036999917996582;5702835,859999570064247;7,232270774000030;51,463356226000002
37603;5220531602800093612;5;3;62;12;2022;5;5;3;3;8;1;1;0;1;1;0;0;0;0;352954,751999792002607;5634553,965999330393970;6,911334176000030;50,843981224000103
37610;5220526317110094359;5;9;78;36;2022;5;17;5;3;6;1;0;0;1;0;1;0;0;0;412536,817979082989041;5711085,484641769900918;7,738714840000060;51,544080832000098
37614;5220521602900286775;5;3;62;40;2022;5;12;7;3;5;2;0;0;1;1;0;0;0;0;357023,842580977012403;5630984,932039690203965;6,970485009000070;50,812925769000103
37623;5220517516600195716;5;1;58;4;2022;5;5;3;3;5;3;0;0;1;0;0;0;0;1;351674,600999785005115;5677049,451999300159514;6,875768361000040;51,225532135999998
37624;5220523702100891827;5;5;15;0;2022;5;15;2;3;9;1;0;0;1;1;0;0;0;0;405573,969506255001761;5756797,198500550352037;7,625921635000050;51,953851296000003
37626;5220520515210081472;5;1;54;48;2022;5;14;6;3;5;3;0;0;1;1;0;0;0;0;325375,508536175009795;5701943,346061020158231;6,487282777000080;51,441724931000103
37627;5220518602500994862;5;3;62;24;2022;5;6;4;3;1;7;0;0;1;1;0;0;0;0;343298,341516954998951;5645055,630391670390964;6,769775676000050;50,935813204000098
37628;5220601705000091737;5;5;54;12;2022;6;18;4;3;5;3;0;0;1;1;0;0;0;0;352304,767990617023315;5745661,749204180203378;6,856005008000070;51,842208556999999
37633;5220524515110091426;5;1;54;4;2022;5;15;3;3;5;3;0;1;1;1;0;0;0;0;305114,706419806985650;5739816,137093730270863;6,175054982000060;51,775242451000103
37635;5220521601300493465;5;3;15;0;2022;5;23;7;3;0;1;2;0;1;0;0;0;0;0;352771,989785545971245;5647079,938556159846485;6,903689518000020;50,956501210000098
37641;5220520410210039356;5;7;70;20;2022;5;19;6;3;2;6;0;0;1;1;0;0;0;0;473435,717000000993721;5795294,076999690383673;8,610376005000029;52,307342396000102
37642;5220518503200296218;5;1;24;0;2022;5;14;4;2;2;1;0;0;1;1;0;0;0;0;374505,115040600008797;5680759,417807060293853;7,201244982000050;51,264352778000003
37647;5220601302100393787;5;9;14;0;2022;6;21;4;3;0;1;1;1;1;0;0;0;0;0;395049,292448128981050;5692804,743845130316913;7,492044019000050;51,376780253000000
37649;5220524406230278202;5;7;58;20;2022;5;17;3;3;0;3;0;1;1;1;0;0;0;0;474459,670126189012080;5787884,161505400203168;8,625955373000069;52,240773273000102
37656;5220523405220696924;5;7;54;20;2022;5;15;2;3;5;3;0;0;1;1;0;0;0;0;447138,862213607993908;5748377,844208720140159;8,231980642000050;51,883663800000100
37657;5220519705000085645;5;5;54;8;2022;5;7;5;3;5;3;0;0;1;0;0;0;0;0;335749,584999658982269;5746147,565998819656670;6,615666856000080;51,841949206999999
37658;5220518502403091858;5;1;17;0;2022;5;9;4;2;0;7;0;0;1;0;0;0;0;1;351554,495657382998616;5701450,448486589826643;6,863879522000050;51,444762339000100
37659;5220528505200078929;5;1;14;0;2022;5;9;7;3;0;1;0;0;1;0;0;0;0;0;335956,247999652987346;5691862,697998880408704;6,644048413000060;51,354320842000000
37662;5220519317140194408;5;9;78;28;2022;5;9;5;3;5;3;0;0;1;1;0;0;0;0;401306,581999971996993;5700372,505999630317092;7,579813182000070;51,445929978999999
37664;5220531706200403200;5;5;58;40;2022;5;14;3;3;5;3;0;0;1;1;0;0;0;0;378483,597999921999872;5762275,864999590441585;7,229945891000060;51,997827577000102
37673;5220530316100080559;5;9;74;40;2022;5;7;2;2;5;3;0;0;1;1;0;0;0;0;439390,217999998014420;5713182,492999649606645;8,125540423000070;51,566457560000103
37674;5220527607500878287;5;3;82;56;2022;5;16;6;3;5;3;0;0;1;1;0;0;0;0;374548,906999906990677;5623423,198999529704452;7,221692923000030;50,749018392000004
37681;5220518701200270599;5;5;62;20;2022;5;19;4;3;5;3;0;0;1;1;0;0;0;0;371438,203999895020388;5720025,003999539650977;7,143050126000050;51,616554214000097
37692;5220531502209617355;5;1;13;0;2022;5;18;3;3;5;3;0;0;1;1;0;0;0;0;359682,462999837996904;5700989,374999419786036;6,980942867000070;51,442691115000102
37696;5220518503300595575;5;1;20;0;2022;5;17;4;3;4;6;0;0;1;1;0;0;0;0;378808,619881869992241;5668079,066796449944377;7,267181049000040;51,151312402000002
37702;5220518303100875443;5;9;15;0;2022;5;17;4;3;4;2;0;0;1;1;0;0;0;0;418731,365600958000869;5725810,075007010251284;7,824609933000030;51,677376129999999
37704;5220601600120534134;5;3;82;24;2022;6;18;4;3;2;6;0;0;1;1;0;0;0;0;372005,767722833028529;5615842,184785719960928;7,188291762000060;50,680321776000000
37708;5220531301103272179;5;9;13;0;2022;5;23;3;3;7;1;2;1;1;0;0;0;0;0;392251,086184327024966;5703727,736464249901474;7,448532383000040;51,474437926000100
37711;5220518502400154778;5;1;17;0;2022;5;8;4;3;5;2;0;0;1;1;0;0;0;0;354100,709999801998492;5698355,245999339967966;6,901767657000050;51,417611124000103
37712;5220528307000480430;5;9;62;24;2022;5;18;7;3;5;3;0;0;1;1;0;0;0;0;410855,749082086025737;5692926,523249380290508;7,719057901000040;51,380577274000103
37718;5220522601300957979;5;3;15;0;2022;5;20;1;3;1;5;0;0;1;1;0;0;0;0;354454,896070134011097;5644829,459391199983656;6,928534187000030;50,936704329000101
37720;5220520410240604070;5;7;70;40;2022;5;14;6;3;5;3;0;0;1;0;0;0;0;1;474385,616868072014768;5809063,468072939664125;8,623256370000041;52,431177087999998
37721;5220518514210385960;5;1;66;12;2022;5;13;4;3;5;3;0;0;1;1;0;0;0;0;320576,468999471981078;5693382,120998069643974;6,422631497000050;51,363321865000003
37723;5220525702100087867;5;5;15;0;2022;5;17;4;3;3;6;0;0;1;0;0;0;0;0;405586,547081477998290;5756859,588970880024135;7,626087463000030;51,954414225000100
37724;5220519406110196888;5;7;58;12;2022;5;11;5;3;0;1;0;0;1;0;0;0;0;0;477921,750927370972931;5777328,550738279707730;8,677345292000039;52,146022616000003
37725;5220602514112596017;5;1;66;32;2022;6;16;5;3;5;2;0;0;1;1;0;0;0;0;309627,974056968989316;5683283,694246590137482;6,270936838000070;51,269056671000001
37729;5220529518400285931;5;1;70;8;2022;5;12;1;3;5;2;0;1;1;1;0;0;0;0;342256,686999714002013;5714249,584999079816043;6,724471787000030;51,557244982000000
37740;5220519300200995830;5;9;11;0;2022;5;10;5;3;6;6;0;0;1;0;1;0;0;0;371967,067159953003284;5702474,558051849715412;7,157068030000060;51,458948936000098
37741;5220602316100085039;5;9;74;40;2022;6;16;5;3;0;3;0;0;1;1;0;0;0;0;439642,824000000022352;5713706,082999650388956;8,129094547000021;51,571192036000099
37743;5220517702100876118;5;5;15;0;2022;5;18;3;3;5;3;0;0;1;0;0;0;0;1;406934,107999980973545;5758374,677999660372734;7,645280789000030;51,968259752999998
37746;5220520601200993504;5;3;15;0;2022;5;17;6;2;4;6;0;1;1;0;0;0;0;1;354537,335714580025524;5643545,276432840153575;6,930219164000050;50,925184521000098
37754;5220527610211077516;5;3;70;4;2022;5;20;6;2;3;6;0;0;1;0;0;0;0;0;316078,406478973978665;5659333,238741950131953;6,375545134000050;51,056033423000002
37760;5220520600310795317;5;3;14;0;2022;5;8;6;3;5;2;0;0;1;1;0;0;0;0;362626,132808819005731;5620249,319684309884906;7,053966347000030;50,717793582000098
37763;5220526410210296885;5;7;70;20;2022;5;16;5;3;5;2;0;0;1;0;0;1;0;0;470420,619411154009867;5795054,735658809542656;8,566175264000041;52,305036522000101
37767;5220529515212995974;5;1;54;64;2022;5;1;1;2;4;6;2;0;1;0;1;0;0;0;307858,131141441990621;5721133,285306000150740;6,225058401000070;51,608403114000097
37768;5220521602800294798;5;3;62;12;2022;5;9;7;3;2;6;0;0;1;0;0;0;0;0;349938,799999770009890;5634094,039999269880354;6,868714594000040;50,839073747999997
37772;5220522600120890959;5;3;82;24;2022;5;16;1;3;0;1;0;0;1;0;0;0;0;0;372356,803417328977957;5614866,144665939733386;7,193594777000040;50,671625718000001
37776;5220528514123096017;5;1;66;20;2022;5;0;7;3;0;5;2;0;1;1;0;0;0;0;301469,722823469026480;5678836,987346930429339;6,156602128000030;51,226337686000100
37780;5220531702100772436;5;5;15;0;2022;5;15;3;3;5;3;0;0;1;1;0;0;0;0;405260,679952162026893;5750568,757223409600556;7,623078553000030;51,897813853000102
37783;5220601513320295753;5;1;62;4;2022;6;19;4;3;0;1;0;0;1;0;0;0;0;0;347150,796999749029055;5660370,429999220184982;6,818112827000050;51,074465673000098
37790;5220518501128996089;5;1;12;0;2022;5;15;4;3;4;6;0;0;1;0;0;0;0;0;342927,386154444015119;5702950,304343770258129;6,739171208000070;51,455911528999998
37794;5220530601500053682;5;3;15;0;2022;5;19;2;3;0;1;0;0;1;0;0;0;0;0;357721,929129766998813;5644233,642958359792829;6,975233338000070;50,932165042000101
37797;5220525601100581775;5;3;15;0;2022;5;15;4;3;4;6;0;0;1;0;0;0;0;1;355095,151999806985259;5644660,992999359965324;6,937707274000050;50,935351595000000
37799;5220517702100591748;5;5;15;0;2022;5;19;3;2;3;2;0;0;1;0;0;0;0;0;406370,155825080990326;5757338,407673319801688;7,637356613000070;51,958850560000002
37800;5220523701910689510;5;5;62;8;2022;5;10;2;2;5;2;0;0;1;1;0;0;1;0;384174,295764746027999;5721205,555484539829195;7,326531057000070;51,629929570000101
37806;5220521702100374700;5;5;15;0;2022;5;19;7;3;1;1;0;0;1;0;0;0;0;1;405588,842823815997690;5756870,977299010381103;7,626117731000020;51,954516978000100
37809;5220530303200575278;5;9;15;0;2022;5;9;2;3;5;3;0;0;1;0;0;0;0;1;414186,058775331999641;5728597,929028999991715;7,758201606000060;51,701760962999998
37812;5220525514110696068;5;1;66;32;2022;5;15;4;3;5;3;0;0;1;1;0;0;0;0;320288,915999465971254;5680943,741998080164194;6,424770856000070;51,251498099000102
37814;5220517602400696194;5;3;62;20;2022;5;13;3;2;5;3;0;0;1;1;0;0;0;0;343049,586783374019433;5633695,727998239919543;6,771116577000040;50,833667147000000
37817;5220604404102496836;5;7;66;40;2022;6;14;7;2;5;3;0;0;1;1;0;0;0;0;485755,175264904974028;5760285,661213720217347;8,792534392000050;51,993051133999998
37819;5220621601100093441;5;3;15;0;2022;6;9;3;3;5;3;0;0;1;0;0;0;0;0;355888,643999813008122;5644648,417999370023608;6,948997506000070;50,935437413999999
37820;5220615601300076495;5;3;15;0;2022;6;13;4;3;3;2;0;0;1;0;0;0;0;1;354227,150999800011050;5645100,071999340318143;6,925186818000040;50,939078718000097
37822;5220613406210178133;5;7;58;4;2022;6;17;2;3;8;6;0;0;1;1;0;0;0;0;471998,614000000001397;5783741,391999679617584;8,590256472000020;52,203408469000102