OBJECTID;UIDENTSTLAE;ULAND;UREGBEZ;UKREIS;UGEMEINDE;UJAHR;UMONAT;USTUNDE;UWOCHENTAG;UKATEGORIE;UART;UTYP1;ULICHTVERH;IstStrassenzustand;IstRad;IstPKW;IstFuss;IstKrad;IstGkfz;IstSonstige;LINREFX;LINREFY;XGCSWGS84;YGCSWGS84
37827;5220620513130182345;5;1;62;22;2022;6;18;2;1;5;2;0;0;1;1;0;0;0;0;339109,646658463985659;5679787,816421099938452;6,694740393000070;51,246732893000100
37831;5220607603116195307;5;3;66;16;2022;6;14;3;3;5;3;0;0;1;1;0;0;0;0;344146,297999722009990;5616647,604999160394073;6,793896205000070;50,680765962000102
37836;5220610601300393609;5;3;15;0;2022;6;23;6;3;4;6;2;0;1;0;0;0;0;1;352487,665686157997698;5644948,476156050339341;6,900507429000070;50,937274035000002
37843;5220609601300293462;5;3;15;0;2022;6;12;5;3;3;6;0;0;1;0;0;0;0;0;349049,026824235974345;5643060,553553120233119;6,852384515000040;50,919418790000101
37847;5220613609224694803;5;3;58;24;2022;6;12;2;3;5;3;0;0;1;1;0;0;0;0;314880,820999375020619;5644675,112997749820352;6,365944261000040;50,923975034000101
37855;5220610506100695927;5;1;16;0;2022;6;21;6;2;0;7;1;0;1;0;0;0;0;0;321517,195685454003979;5671654,761879590339959;6,446974253000060;51,168438817999998
37862;5220612601100885201;5;3;15;0;2022;6;19;1;3;0;1;0;0;1;0;0;0;0;0;356127,551999813003931;5644637,227999369613826;6,952399755000040;50,935396502000103
37865;5220606301102378067;5;9;13;0;2022;6;11;2;3;5;3;0;0;1;1;0;0;0;0;396510,095367358007934;5703696,650301259942353;7,509843845000030;51,474953652000103
37866;5220603600120490948;5;3;82;24;2022;6;23;6;3;0;1;2;0;1;0;0;0;0;0;371978,441231234988663;5617209,806567779742181;7,187431458000050;50,692608610000001
37867;5220622603116295285;5;3;66;16;2022;6;22;4;2;0;1;2;0;1;0;0;0;0;0;345944,498210342018865;5612712,292442790232599;6,820967967000060;50,645880058000003
37868;5220617300600093804;5;9;16;0;2022;6;15;6;3;5;2;0;0;1;1;0;0;0;0;377269,770879174000584;5713463,590619009919465;7,229531296000060;51,558886610000101
37869;5220613601200095809;5;3;15;0;2022;6;8;2;3;0;4;0;0;1;0;1;0;0;0;354510,366145266976673;5643569,668234690092504;6,929825950000070;50,925396923000100
37870;5220617500300095670;5;1;11;0;2022;6;22;6;2;0;1;2;0;1;0;0;0;0;0;348593,600626213999931;5674720,167334189638495;6,832660893000020;51,203792917999998
37878;5220603405232996814;5;7;54;32;2022;6;15;6;3;3;2;0;0;1;1;0;0;0;0;457861,118000000016764;5734038,854999659582973;8,389498381000070;51,755659503000103
37881;5220620706000648226;5;5;58;24;2022;6;7;2;3;3;6;0;0;1;1;0;0;0;0;392807,968782691983506;5737111,535605110228062;7,446330574000060;51,774605608000101
37883;5220618406110082133;5;7;58;12;2022;6;21;7;2;5;3;0;0;1;1;0;0;0;0;476544,130907745973673;5772485,695839250460267;8,657546833000030;52,102425620000098
37889;5220603514119296100;5;1;66;16;2022;6;7;6;3;5;3;0;0;1;1;0;0;0;0;308776,117521550972015;5686147,726780270226300;6,257207306000050;51,294495574000102
37891;5220616606100778463;5;3;78;4;2022;6;15;5;2;0;7;0;0;1;0;0;0;0;0;365332,457805249025114;5653005,849498500116169;7,080223700000030;51,012832452000097
37892;5220623404103490768;5;7;66;60;2022;6;16;5;3;5;3;0;0;1;1;0;0;0;0;506989,025000000023283;5749699,609999660402536;9,101575159000051;51,898010375000098
37893;5220611406220733613;5;7;58;24;2022;6;12;7;3;0;1;0;0;1;0;0;0;0;0;483569,566555269004311;5783772,124530619941652;8,759570234000019;52,204151181000000
37894;5220608702100364164;5;5;15;0;2022;6;8;4;3;6;7;0;0;1;0;1;0;0;0;404251,938405930006411;5759046,189588930457830;7,606062640000060;51,973839980000001
37895;5220623701910570163;5;5;62;8;2022;6;17;5;3;1;5;0;0;1;1;0;0;0;0;385085,660161071980838;5723154,319677419960499;7,339052723000070;51,647631429000100
37901;5220603300700673255;5;9;16;0;2022;6;15;6;3;5;2;0;0;1;1;0;0;0;0;370805,748999894014560;5712354,137999529950321;7,136742579000040;51,547472601000003
37902;5220608609108494888;5;3;58;8;2022;6;11;4;2;0;6;0;0;1;1;0;0;0;0;321061,619904285995290;5625583,272556560114026;6,463119392000070;50,754405942000098
37903;5220607300600793804;5;9;16;0;2022;6;14;3;3;5;3;0;0;1;1;0;0;0;0;377325,801999918010551;5712646,954999569803476;7,230624044000020;51,551559408999999
37904;5220603706000596562;5;5;58;32;2022;6;15;6;3;0;7;0;0;1;0;0;0;0;0;388569,092587628983893;5757789,194233709946275;7,378245537000050;51,959619743000097
37909;5220604706000796641;5;5;58;36;2022;6;17;7;2;0;1;0;0;1;0;0;0;0;0;390862,805493290012237;5729613,007114069536328;7,420500621000030;51,706833439000000
37910;5220622405140096823;5;7;54;40;2022;6;11;4;3;5;3;0;0;1;1;0;0;0;0;459312,980000000970904;5761287,811999670229852;8,407318940000041;52,000753152000101
37917;5220621406210031913;5;7;58;28;2022;6;5;3;2;5;2;0;0;1;1;0;0;0;0;463041,570000000996515;5783646,459999679587781;8,459204209000060;52,202027165000104
37919;5220618508000887576;5;1;19;0;2022;6;17;7;3;5;3;0;0;1;1;0;0;0;0;351797,317880019021686;5707370,476967879571021;6,864888377000060;51,498020525000101
37926;5220613711212991831;5;5;70;4;2022;6;20;2;3;4;6;1;0;1;0;0;0;0;1;423849,707999992009718;5736379,946999659761786;7,896309731000030;51,773113572000099
37935;5220610506100741656;5;1;16;0;2022;6;11;6;3;6;4;0;0;1;0;1;0;0;0;318712,577508818998467;5667287,598613619804382;6,409099482000040;51,128326349000098
37936;5220603500100086732;5;1;11;0;2022;6;17;6;3;0;7;0;0;1;0;0;0;0;0;346471,137054160994012;5676050,554127959534526;6,801732903000070;51,215180702000097
37942;5220618404301021339;5;7;66;44;2022;6;12;7;3;4;6;0;0;1;0;0;0;0;0;496572,743518144008704;5764174,382534570060670;8,950045395000069;52,028186517000101
37943;5220612603104578293;5;3;66;4;2022;6;10;1;3;5;5;0;0;1;1;0;0;0;0;343871,993698572972789;5606921,523138370364904;6,794113256000060;50,593290175999996
37947;5220603506100011605;5;1;16;0;2022;6;12;6;3;0;1;0;0;1;0;0;0;0;0;318463,376155897974968;5672762,672897719778121;6,402780566000050;51,177430168000100
37948;5220622601300067855;5;3;15;0;2022;6;14;4;3;6;7;0;0;1;0;1;0;0;0;354760,907999805000145;5645597,184999350458384;6,932580392000030;50,943680825999998
37950;5220613514215495938;5;1;66;28;2022;6;14;2;3;0;7;0;0;1;0;0;0;0;0;326504,435999548004474;5688734,996998449787498;6,509961805000050;51,323416094000002
37952;5220614406110331910;5;7;58;12;2022;6;18;3;2;5;3;0;0;1;1;0;0;0;0;477831,849999999976717;5774138,930999680422246;8,676239421000050;52,117342379000000
37957;5220615608200880793;5;3;34;2;2022;6;7;4;3;5;3;0;0;1;1;0;0;0;0;296450,073130153003149;5628462,331279939971864;6,113043472000070;50,772156930999998
37959;5220613601600590300;5;3;15;0;2022;6;23;2;2;0;1;2;0;1;0;0;0;0;0;365783,135893193015363;5642888,279111529700458;7,090377901000070;50,922005722000101
37960;5220613711312453521;5;5;70;8;2022;6;8;2;3;0;1;0;1;1;0;0;0;0;0;434302,848885075014550;5733449,292413399554789;8,048342900000019;51,748091338000101
37969;5220603410110690643;5;7;70;24;2022;6;7;6;3;0;7;0;0;1;1;0;0;0;0;493254,971000001009088;5792755,159999679774046;8,901118910000040;52,285117428000000
37971;5220616706000376773;5;5;58;24;2022;6;14;5;2;0;6;0;0;1;0;0;0;0;0;386317,255951653991360;5737596,500996110029519;7,352134457000030;51,777683621999998
37980;5220603602500714784;5;3;62;24;2022;6;13;6;3;4;6;0;0;1;0;0;0;0;0;347511,715999751002528;5641951,326999230310321;6,830993085000050;50,909046884000098
37981;5220622603116556499;5;3;66;16;2022;6;8;4;3;5;3;0;0;1;1;0;0;0;0;344955,903430686972570;5614581,504660909995437;6,806213084000030;50,662415402000100
37985;5220614405108482112;5;7;54;8;2022;6;12;3;3;0;7;0;0;1;0;0;0;0;0;458232,801582333981059;5751497,388193730264902;8,392775411000059;51,912651948000097
37986;5220611501327772055;5;1;12;0;2022;6;16;7;3;3;2;0;0;1;1;0;0;0;0;343349,217943738971371;5692617,830256369896233;6,749801659000070;51,363192027000103
37989;5220621601300567880;5;3;15;0;2022;6;16;3;3;5;2;0;0;1;1;0;0;0;0;354490,741643877001479;5645745,261707429774106;6,928678211000030;50,944943425000098
37994;5220606603228095307;5;3;66;28;2022;6;14;2;3;7;1;0;0;1;0;0;0;0;0;337869,073767167981714;5610294,385274889878929;6,707897868000030;50,621962093000000
37995;5220620709500596685;5;5;66;76;2022;6;16;2;3;0;2;0;0;1;1;0;0;0;0;396950,405999966023955;5787665,308999669738114;7,491145423000030;52,229754147999998
37997;5220618500100176165;5;1;11;0;2022;6;21;7;3;5;3;1;0;1;1;0;0;0;0;341069,753999699023552;5680049,200999059714377;6,722685093000050;51,249630957000100
37998;5220608506100791172;5;1;16;0;2022;6;8;4;3;3;2;0;0;1;1;0;0;0;0;321636,870999481005128;5667522,955998199991882;6,450731374000040;51,131358677999998
38002;5220605601200993575;5;3;15;0;2022;6;15;1;3;5;3;0;1;1;1;0;0;0;0;352176,716999788011890;5643656,211999310180545;6,896609070000070;50,925581428000001
38003;5220603516100095715;5;1;58;32;2022;6;13;6;3;5;2;0;0;1;1;0;0;0;0;364055,560327481012791;5688891,422203100286424;7,048460367000080;51,335037362000001
38006;5220623404101455734;5;7;66;20;2022;6;16;5;3;4;6;0;0;1;0;0;0;0;0;492438,699868266005069;5759075,978022240102291;8,889901505000070;51,982306145000102
38009;5220621513120981505;5;1;62;20;2022;6;15;3;3;1;7;0;0;1;1;0;0;0;0;326247,732788906025235;5674179,619338580407202;6,513350092000050;51,192578036999997
38012;5220613501318396022;5;1;12;0;2022;6;7;2;3;5;3;0;0;1;1;0;0;0;0;344844,613382594019640;5698701,454442660324275;6,768605976000060;51,418264301000100
38017;5220603702100091770;5;5;15;0;2022;6;7;6;3;5;3;0;0;1;0;0;0;0;0;406952,549999981012661;5758304,253999659791589;7,645568246000040;51,967629835000103
38020;5220617608436075575;5;3;34;36;2022;6;16;6;2;5;3;0;0;1;1;0;0;0;0;298031,143398882995825;5634961,416472120210528;6,131863709000070;50,831081333000000
38021;5220612316100989218;5;9;74;24;2022;6;13;1;2;5;3;0;0;1;1;0;0;0;0;432801,942010371014476;5725224,209000210277736;8,028190886000059;51,673968940000101
38022;5220607701110895136;5;5;62;32;2022;6;13;3;2;5;3;0;0;1;1;0;0;0;0;372751,625999900978059;5720160,756999550387263;7,161961362000060;51,618072660000102
38023;5220605303100569249;5;9;15;0;2022;6;9;1;3;5;3;0;0;1;1;0;0;0;0;412688,931999985012226;5724626,219999649561942;7,737536083000070;51,665827299999997
38024;5220622405108582150;5;7;54;8;2022;6;14;4;2;0;1;0;0;1;0;0;0;0;0;457655,720343357010279;5749061,034944999963045;8,384685485000031;51,890704116000101
38025;5220616500200972337;5;1;11;0;2022;6;20;5;2;0;5;0;0;1;1;0;0;0;0;350309,966942671977449;5678393,037195649929345;6,855678138000030;51,237249147999997
38026;5220620506100396001;5;1;16;0;2022;6;21;2;3;5;3;1;0;1;1;0;0;0;0;320379,294999463018030;5669535,106998110190034;6,431773262000040;51,149041330000003
38027;5220610601300381661;5;3;15;0;2022;6;19;6;3;0;7;0;0;1;0;0;0;0;0;353121,324532771017402;5644886,475822440348566;6,909544638000060;50,936878603000103
38030;5220617405148074466;5;7;54;48;2022;6;13;6;3;6;1;0;0;1;0;1;0;0;0;441702,064151046972256;5766456,736868130043149;8,149929019000069;52,045651507999999
38041;5220617601100042596;5;3;15;0;2022;6;23;6;3;0;1;2;0;1;0;0;0;0;0;355633,161457645008340;5644695,758425010368228;6,945345204000030;50,935798955999999
38042;5220614516300695554;5;1;58;28;2022;6;6;3;2;5;2;0;0;1;1;0;0;0;0;347061,152614936989266;5683799,728739139623940;6,806863014000040;51,284969472000100
38047;5220620301101884958;5;9;13;0;2022;6;8;2;3;0;6;0;1;1;1;0;0;0;0;395180,316800401022192;5706168,915785930119455;7,489969412000050;51,496931095000001
38048;5220610506100996088;5;1;16;0;2022;6;11;6;3;1;3;0;0;1;1;0;0;0;0;320155,863999462977517;5675084,857998079620302;6,425805828000020;51,198825462000102
38051;5220607316100561123;5;9;74;40;2022;6;7;3;3;5;2;0;0;1;1;0;0;0;0;438630,812999996996950;5712802,951999650336802;8,114651634000040;51,562963134000000
38057;5220612602600694926;5;3;62;20;2022;6;0;1;3;6;6;2;0;1;0;1;0;0;0;341299,563887495023664;5630090,490747540257871;6,747844034000020;50,800793937000002
38061;5220603505100985899;5;1;14;0;2022;6;19;6;3;5;3;0;0;1;1;0;0;0;0;329770,649999585002661;5687422,432998619973660;6,557419577000080;51,312611040000000
38062;5220622601200890338;5;3;15;0;2022;6;7;4;3;0;1;0;0;1;0;0;0;0;0;354480,481999801995698;5641764,170999350026250;6,930121260000020;50,909163829000100
38063;5220616606700981856;5;3;78;16;2022;6;12;5;3;0;1;0;0;1;0;0;0;0;0;362115,833393773005810;5662525,232451880350709;7,030770494000020;51,097622004000101
38070;5220615601400693487;5;3;15;0;2022;6;18;4;3;0;7;0;0;1;0;0;0;0;0;352638,158999791019596;5651330,051999320276082;6,900062729000070;50,994660637000003
38074;5220603301101194304;5;9;13;0;2022;6;7;6;3;5;3;0;0;1;1;0;0;0;0;393301,930999958014581;5707678,262999620288610;7,462463202000040;51,510146407999997
38075;5220607301201775373;5;9;13;0;2022;6;9;3;2;0;7;0;0;1;1;0;0;0;0;387661,445271679025609;5707582,057900579646230;7,381247543000030;51,508188416000102
38081;5220607602700890703;5;3;62;28;2022;6;18;3;3;0;7;0;1;1;0;0;0;0;0;347646,487370666000061;5640037,576502789743245;6,833707111000020;50,891885090000102
38085;5220623406130682071;5;7;58;8;2022;6;6;5;3;5;2;0;0;1;1;0;0;0;0;470666,031562576012220;5778319,640743209980428;8,571226396000039;52,154595271000098
38089;5220615500200295590;5;1;11;0;2022;6;14;4;3;5;3;0;0;1;1;0;0;0;0;344833,675619295972865;5681371,882927739992738;6,776000687000020;51,262552146000097
38090;5220618610122914479;5;3;70;28;2022;6;11;7;3;5;3;0;0;1;1;0;0;0;0;297347,444999066006858;5645049,110995749942958;6,116577641000050;50,921443195999998
38092;5220609709300927831;5;5;66;52;2022;6;13;5;3;3;2;0;0;1;1;0;0;0;0;377612,973999919020571;5779658,734999589622021;7,211035566000020;52,153847031000097
38095;5220603602700390912;5;3;62;28;2022;6;13;6;2;0;1;0;0;1;0;0;0;0;0;350423,484954003011808;5636975,873753610067070;6,874416144000070;50,865096940999997
38096;5220614303200061844;5;9;15;0;2022;6;16;3;3;4;2;0;0;1;1;0;0;0;0;415417,213461132021621;5727596,017352780327201;7,776256001000040;51,692941333000100
38097;5220617600360886353;5;3;82;12;2022;6;17;6;2;5;2;0;0;1;1;0;0;0;0;361637,891979730979074;5626788,017064989544451;7,037519493000050;50,776326462000000
38100;5220603317120994295;5;9;78;16;2022;6;5;6;3;0;6;1;0;1;0;0;0;0;0;406127,249999978987034;5706708,147999639622867;7,647477240000060;51,503702357000101
38102;5220620601700190398;5;3;16;0;2022;6;17;2;3;4;6;0;0;1;0;0;0;0;0;359246,807018586026970;5654758,488892420195043;6,992844148000070;51,027126182000103
38103;5220615300800069290;5;9;54;36;2022;6;22;4;3;1;5;2;0;1;1;0;0;0;0;385648,659024944994599;5700524,267390130087733;7,354541498000060;51,444348914000003
38106;5220612410210490761;5;7;70;20;2022;6;21;1;2;0;7;1;0;1;0;0;0;0;0;472317,397186181973666;5794739,949553159996867;8,594019376000061;52,302305402999998
38109;5220604701300065428;5;5;62;14;2022;6;13;7;2;0;1;0;0;1;0;0;0;0;0;358874,718999833974522;5714896,393999409861863;6,963763254000070;51,567459634000002
38110;5220622502111575908;5;1;13;0;2022;6;17;4;3;2;6;0;0;1;1;0;0;0;0;363439,014402496977709;5701087,809027140028775;7,034924015000060;51,444493874000003
38115;5220621514121589333;5;1;66;4;2022;6;17;3;3;5;3;0;0;1;1;0;0;0;0;303810,809999210003298;5679977,543996480293572;6,189463766000070;51,237390751000099
38118;5220613407101604540;5;7;62;20;2022;6;16;2;3;7;7;0;1;1;0;0;0;0;1;526361,775583766051568;5735942,494546470232308;9,382076915000029;51,773740242000002
38120;5220602702100079175;5;5;15;0;2022;6;6;5;3;4;2;0;0;1;0;0;0;0;1;407751,164999981003348;5758769,056999660097063;7,657064805000060;51,971940842999999
38124;5220614314110293939;5;9;66;24;2022;6;19;3;3;7;1;0;0;1;0;0;0;0;0;419745,246609195019118;5653741,781345070339739;7,855529969000030;51,029618391000000
38125;5220617515110095897;5;1;54;16;2022;6;19;6;3;5;3;0;0;1;1;0;0;0;0;300314,860721201985143;5730835,798926849849522;6,110724813000050;51,692908408000100
38131;5220610702100074698;5;5;15;0;2022;6;7;6;3;5;2;0;0;1;1;0;0;0;0;406322,628999979002401;5756457,540999660268426;7,636905299000030;51,950924902000096
38133;5220622701110775292;5;5;62;32;2022;6;20;4;3;5;3;0;0;1;1;0;0;0;0;376062,530027090979274;5719674,514017770066857;7,209932202000060;51,614441495999998
38134;5220617405244074544;5;7;54;44;2022;6;9;6;3;5;3;0;0;1;0;0;0;1;0;465793,656000001006760;5748971,800999670289457;8,502943182000021;51,890460697999998
38139;5220612700000081488;5;5;13;0;2022;6;15;1;2;3;6;0;0;1;0;0;0;0;0;368120,539999881002586;5713276,920999510213733;7,097692882000050;51,555144202000101
38140;5220609518120595909;5;1;70;44;2022;6;13;5;3;0;1;0;0;1;0;0;0;0;0;339801,282914116978645;5720962,062409860081971;6,686018947000040;51,616859734000101
38141;5220608400100296993;5;7;11;0;2022;6;15;4;3;4;6;0;0;1;0;0;0;0;1;467283,044580712972675;5765717,922319320030510;8,522989187000061;52,041109472000102
38144;5220622610211080809;5;3;70;4;2022;6;19;4;2;5;2;0;0;1;1;0;0;0;0;311295,017594863020349;5661872,951605229638517;6,306043775000030;51,077294537999997
38148;5220611516500792097;5;1;58;16;2022;6;17;7;2;0;7;0;0;1;0;0;0;0;0;355263,544999809993897;5670654,289999360218644;6,929709053000070;51,168984545999997
38152;5220619706100679214;5;5;58;32;2022;6;16;1;2;2;1;0;0;1;0;0;0;0;0;391006,370931081008166;5750210,101505110040307;7,416102694000070;51,891984778999998
38153;5220610505100076285;5;1;14;0;2022;6;10;6;3;5;2;0;0;1;1;0;0;0;0;330492,682233404018916;5687638,678422469645739;6,567667021000030;51,314769294000001
38163;5220607711221302946;5;5;70;16;2022;6;7;3;3;0;3;0;0;1;0;0;0;0;1;412399,028334053989965;5738906,102091290056705;7,729751827000030;51,794146437000101
38168;5220613600110790879;5;3;14;0;2022;6;4;2;3;0;7;2;0;1;0;0;0;0;0;366073,305179117014632;5622627,199586800299585;7,101906225000050;50,739970552000003
38176;5220613505100091604;5;1;14;0;2022;6;7;2;3;5;3;0;1;1;1;0;0;0;0;331711,577999608009122;5686410,209998710080981;6,585720307000030;51,304094487999997
38181;5220620607400090890;5;3;82;44;2022;6;15;2;2;3;6;0;0;1;0;0;0;0;1;362985,965625590994023;5629357,439732479862869;7,055670295000030;50,799739576000000
38183;5220612404301096830;5;7;66;36;2022;6;21;1;3;0;1;0;0;1;0;0;0;0;0;495191,588930684025399;5772135,581891410052776;8,929802007000029;52,099754240000003
38187;5220622502409473427;5;1;17;0;2022;6;12;4;3;0;1;0;0;1;0;0;0;0;0;350823,090578963980079;5699829,494330369867384;6,854045491000020;51,430005069000103
38188;5220616516300591151;5;1;58;28;2022;6;8;5;3;5;3;0;0;1;1;0;0;0;0;348725,927887242985889;5689106,074895660392940;6,828466986000020;51,333094548000098
38196;5220611606100181875;5;3;78;4;2022;6;9;7;3;0;5;0;0;1;1;0;0;0;1;367571,156524337013252;5646793,085811629891396;7,114383419000030;50,957514210000099
38203;5220614600120775834;5;3;82;24;2022;6;11;3;3;4;2;0;0;1;1;0;0;0;0;372495,559999897028320;5614627,334999520331621;7,195639730000040;50,669509576000102
38205;5220622410110076398;5;7;70;24;2022;6;7;4;3;5;2;0;0;1;1;0;0;0;0;495470,820843623019755;5793161,034070240333676;8,933597444000039;52,288789174000001
38206;5220615705000596570;5;5;54;48;2022;6;8;4;3;5;3;0;0;1;1;0;0;0;0;338711,939180247019976;5743086,764233809895813;6,660056726000050;51,815315305000098
38219;5220603600110895274;5;3;14;0;2022;6;22;6;3;3;6;2;0;1;1;0;0;0;0;366015,404999868012965;5622337,859999470412731;7,101191308000070;50,737356622999997
38220;5220622601300890858;5;3;15;0;2022;6;9;4;3;2;6;0;0;1;1;0;0;0;0;354112,866331671015359;5645998,150197659619153;6,923201635000050;50,947120554000001
38227;5220615607500853674;5;3;82;56;2022;6;17;4;3;5;3;0;0;1;1;0;0;0;0;374548,906999906990677;5623423,198999529704452;7,221692923000030;50,749018392000004
38231;5220607316000080477;5;9;74;8;2022;6;17;3;3;0;3;0;1;1;1;0;0;0;0;442386,152000000001863;5714669,968999650329351;8,168515850000061;51,580145048000098
38233;5220622316100794250;5;9;74;24;2022;6;12;4;3;5;2;0;0;1;1;0;0;0;0;440088,251933239982463;5725143,289899920113385;8,133564612000040;51,674065895000098
38234;5220616400300296804;5;7;11;0;2022;6;13;5;3;5;3;0;0;1;0;0;0;0;0;471332,730682605993934;5752348,184147389605641;8,583148755000019;51,921129729000000
38237;5220608701800139090;5;5;62;4;2022;6;8;4;3;5;3;0;0;1;0;0;0;0;1;382449,735653334995732;5717292,379769169725478;7,302938395000070;51,594401820000002
38238;5220607508000745440;5;1;19;0;2022;6;14;3;2;0;3;0;0;1;1;0;0;0;0;349817,921999774989672;5707638,511999259702861;6,836279449000070;51,499906518000003
38242;5220621400300290811;5;7;11;0;2022;6;9;3;2;0;6;0;0;1;1;0;0;0;0;468791,098276389995590;5753630,146216940134764;8,546075779000031;51,932518907000002
38244;5220618606400157993;5;3;78;28;2022;6;10;7;3;0;7;0;0;1;0;0;0;0;0;373315,198999891988933;5643234,986999999731779;7,197364385000070;50,926825027000099
38247;5220608502320791146;5;1;13;0;2022;6;15;4;3;0;7;0;1;1;0;0;0;0;0;356855,721999822009820;5705877,707999389618635;6,938317034000020;51,485910175000100
38249;5220603600360634543;5;3;82;12;2022;6;17;6;3;5;1;0;0;1;1;0;0;0;0;359533,844952096987981;5623856,257277759723365;7,008814544000070;50,749471701000097
38252;5220617501122396061;5;1;12;0;2022;6;13;6;3;6;7;0;0;1;0;1;0;0;0;342658,414891830994748;5705260,861575660295784;6,734274591000030;51,476596615000098
38253;5220614600140078250;5;3;14;0;2022;6;20;3;3;4;6;0;0;1;0;0;0;0;1;367505,440677147998940;5622947,976173950359225;7,122076308000030;50,743182242000003
38256;5220622301101567529;5;9;13;0;2022;6;16;4;3;0;7;0;0;1;1;0;0;0;0;392516,254683271981776;5707146,880617050454021;7,451307883000030;51,505221200999998
38257;5220615609108080762;5;3;58;8;2022;6;16;4;3;5;2;0;0;1;0;0;0;0;1;319994,755999447021168;5632367,944998149760067;6,444687638000060;50,815028865999999
38265;5220614701200595081;5;5;62;20;2022;6;11;3;3;5;3;0;0;1;1;0;0;0;0;371126,146999894001056;5718040,370999529957771;7,139274825000030;51,598647327999998
38268;5220612410260713973;5;7;70;36;2022;6;23;1;3;0;1;2;0;1;0;0;0;0;0;469326,063000001013279;5794371,707999690435827;8,550184753000050;52,298835906000100
38275;5220623502406079354;5;1;17;0;2022;6;7;5;2;0;7;0;0;1;0;0;0;0;0;353645,878838245000225;5698627,463743659667671;6,895118898000020;51,419939978999999
38281;5220615518300095908;5;1;70;20;2022;6;12;4;3;5;3;0;0;1;1;0;0;0;0;325541,444999539991841;5706154,599998369812965;6,487590445000020;51,479606357000101
38282;5220619601600593573;5;3;15;0;2022;6;14;1;3;0;7;0;0;1;1;0;0;0;0;366649,332999870995991;5638844,952999480068684;7,104171787000040;50,885866298000103
38284;5220609701110695070;5;5;62;32;2022;6;11;5;3;2;6;0;0;1;1;0;0;0;0;376171,456999914022163;5718889,843999570235610;7,211781833000030;51,607413502000000
38288;5220620601100093628;5;3;15;0;2022;6;16;2;3;5;2;0;0;1;1;0;0;0;0;354964,848999807029031;5645432,877999350428581;6,935546815000070;50,942255580000101
38293;5220604711143839521;5;5;70;44;2022;6;14;7;3;0;1;0;0;1;0;0;0;0;0;416347,004970445996150;5763999,653841570019722;7,780892160000060;52,020318645000003
38298;5220623706200479112;5;5;58;8;2022;6;16;5;3;5;3;0;0;1;1;0;0;0;0;383174,107999935979024;5759487,782999609597027;7,299186073000040;51,973777718000100
38302;5220613300100089632;5;9;11;0;2022;6;13;2;3;3;5;0;0;1;1;0;0;0;0;376076,300840904004872;5704394,502129440195858;7,215512643000070;51,477118797999999
38304;5220609515210095944;5;1;54;60;2022;6;11;5;3;5;3;0;0;1;1;0;0;0;0;314661,362824618990999;5698978,894075149670243;6,334838890000070;51,411694077000000
38305;5220602709300042547;5;5;66;68;2022;6;12;5;3;1;6;0;0;1;1;0;0;0;0;375673,012619926012121;5786363,892132920213044;7,180235344000040;52,213667169000097
38307;5220603702100842871;5;5;15;0;2022;6;17;6;3;0;6;0;0;1;0;0;0;0;0;406952,549999981012661;5758304,253999659791589;7,645568246000040;51,967629835000103
38315;5220620405116590711;5;7;54;16;2022;6;7;2;3;5;3;0;1;1;0;0;0;0;0;448795,362729259009939;5754549,040142050012946;8,255128310000030;51,939299523000003
38320;5220621410260987035;5;7;70;36;2022;6;7;3;3;5;3;0;0;1;1;0;0;0;0;465308,561925300979055;5795097,900216530077159;8,491198011000050;52,305125428000103
38321;5220615400200787098;5;7;11;0;2022;6;20;4;2;5;3;0;0;1;1;0;0;0;0;468837,898884882975835;5761964,545153549872339;8,545999866000050;52,007453798000000
38324;5220609502000377679;5;1;13;0;2022;6;23;5;3;2;6;2;0;1;1;0;0;0;0;363006,650999856006820;5701766,405999460257590;7,028443666000040;51,450487658000000
38327;5220603600110695279;5;3;14;0;2022;6;12;6;3;0;6;0;0;1;0;0;0;0;0;366568,323984837974422;5622402,061282670125365;7,108999381000050;50,738060964000098
38334;5220604503100681059;5;1;24;0;2022;6;10;7;3;2;2;0;0;1;1;0;0;0;0;371331,933999895001762;5680671,494999529793859;7,155819448000050;51,262855119999998
38341;5220606702100168281;5;5;15;0;2022;6;16;2;3;0;1;0;0;1;0;0;0;0;0;414385,134013261005748;5754001,505988500081003;7,754802518000080;51,930147343000002
38344;5220618411132837671;5;7;74;32;2022;6;13;7;3;7;5;0;0;1;0;0;0;0;0;481035,704000002006069;5731442,321999650448561;8,725383087000070;51,733577687000000
38346;5220612502307586162;5;1;13;0;2022;6;11;1;3;4;6;0;0;1;0;0;0;0;0;358446,576090828981251;5703361,012021680362523;6,962222469000040;51,463695393000101
38351;5220622503100545008;5;1;24;0;2022;6;16;4;2;5;3;0;0;1;1;0;0;0;0;370276,694488323002588;5679788,615019219927490;7,141023529000050;51,254681191000003
38360;5220609706300691702;5;5;58;44;2022;6;12;5;2;0;1;0;0;1;0;0;0;0;0;394971,888999962015077;5745919,418999640271068;7,475012501000040;51,854181643000103
38361;5220602706000078383;5;5;58;44;2022;6;10;5;3;5;3;0;0;1;1;0;0;0;0;396378,199866281007417;5746147,150306490249932;7,495355923000030;51,856491380000101
38364;5220620600110295275;5;3;14;0;2022;6;17;2;3;5;2;0;0;1;1;0;0;0;0;364036,239720881974790;5621368,249277040362358;7,073517304000060;50,728181954000000
38365;5220617709700591773;5;5;66;48;2022;6;13;6;3;5;3;0;0;1;1;0;0;0;0;426901,827999992994592;5793654,564999680034816;7,928297707000070;52,288382367000096