OBJECTID;UIDENTSTLAE;ULAND;UREGBEZ;UKREIS;UGEMEINDE;UJAHR;UMONAT;USTUNDE;UWOCHENTAG;UKATEGORIE;UART;UTYP1;ULICHTVERH;IstStrassenzustand;IstRad;IstPKW;IstFuss;IstKrad;IstGkfz;IstSonstige;LINREFX;LINREFY;XGCSWGS84;YGCSWGS84
38376;5220608506100696074;5;1;16;0;2022;6;8;4;3;5;3;0;0;1;1;0;0;0;0;321280,582999477977864;5675781,882998149842024;6,441540136000070;51,205439882000100
38377;5220612502134080547;5;1;13;0;2022;6;13;1;3;5;3;0;0;1;1;0;0;0;0;366813,382999875000678;5701039,745999489910901;7,083468792000080;51,444865524000100
38379;5220608300600339113;5;9;16;0;2022;6;16;4;2;0;6;0;1;1;0;1;0;0;0;375386,771999910997692;5711674,957999560050666;7,203015643000070;51,542398915000000
38384;5220623307000871474;5;9;62;60;2022;6;17;5;3;5;2;0;0;1;1;0;0;0;0;414324,900999985984527;5679746,824999630451202;7,772062934000080;51,262626951000101
38385;5220611301301294457;5;9;78;24;2022;6;10;7;3;0;7;0;0;1;1;0;0;0;0;398032,177153966971673;5717898,791062340140343;7,527638210000020;51,602888892000102
38389;5220619515210017924;5;1;54;12;2022;6;1;1;3;0;1;2;0;1;0;0;0;0;0;311714,487287772994023;5710227,392176349647343;6,286524315000070;51,511754186000097
38392;5220603301101135188;5;9;13;0;2022;6;18;6;3;6;7;0;0;1;0;1;0;0;0;392494,890999956987798;5707552,192999619990587;7,450876618000050;51,508860257999999
38393;5220606609128871766;5;3;58;44;2022;6;12;2;3;0;6;0;0;1;0;0;0;0;0;322274,725119675975293;5618649,947337790392339;6,483640841000070;50,692488005000001
38402;5220610608332169642;5;3;34;32;2022;6;20;6;3;3;2;0;0;1;1;0;0;0;0;303907,550244684971403;5629725,804005729965866;6,218003822000070;50,786074462999999
38410;5220611702100074772;5;5;15;0;2022;6;13;7;3;1;1;0;0;1;1;0;0;0;0;405445,187980232993141;5756213,299423060379922;7,624208852000040;51,948581074000103
38412;5220603300100993873;5;9;11;0;2022;6;15;6;3;5;2;0;0;1;0;0;1;0;0;375819,601270800980274;5708225,191123159602284;7,210470176000060;51,511490249000097
38414;5220603705000196587;5;5;54;12;2022;6;16;6;3;5;2;0;0;1;1;0;0;0;0;353056,385999801976141;5747653,505999320186675;6,866060968000060;51,860302681000100
38421;5220624410230340271;5;7;70;4;2022;6;10;6;3;0;1;0;0;1;0;0;0;0;0;487647,427275335008744;5785628,404524710029364;8,819174248000021;52,220946712999996
38425;5220610506100491662;5;1;16;0;2022;6;21;6;2;0;1;1;0;1;0;0;0;0;0;320990,411985069978982;5675410,465329890139401;6,437575896000060;51,202012515000000
38431;5220615301103877844;5;9;13;0;2022;6;15;4;3;4;1;0;0;1;0;0;0;0;0;391778,350326746993233;5705792,674698409624398;7,441095332000030;51,492908230000097
38438;5220622602400094817;5;3;62;32;2022;6;11;4;3;5;2;0;0;1;1;0;0;0;0;337770,875042275001761;5639557,678653850220144;6,693618133000030;50,884883919000103
38440;5220613601300390379;5;3;15;0;2022;6;8;2;3;5;3;0;0;1;0;0;0;1;0;354337,525999801990110;5645498,539999339729548;6,926597382000070;50,942687522000000
38442;5220614515212078916;5;1;54;64;2022;6;16;3;3;5;3;0;0;1;1;0;0;0;0;304916,577147415024228;5726587,863881310448050;6,179592159000040;51,656377405000100
38444;5220604513210795640;5;1;62;24;2022;6;17;7;2;8;1;0;0;1;0;0;0;0;0;342730,804851531982422;5671543,878212439827621;6,750195505000020;51,173669195000102
38450;5220603301101084924;5;9;13;0;2022;6;20;6;3;3;3;0;0;1;1;0;0;0;0;393809,098999959009234;5707447,891999620012939;7,469838148000060;51,508171264000097
38451;5220606608416277502;5;3;34;16;2022;6;15;2;2;5;3;0;0;1;1;0;0;0;0;294580,728507574007381;5638582,253584049642086;6,080901667000030;50,862386346000100
38453;5220615301101879517;5;9;13;0;2022;6;18;4;3;5;5;0;0;1;1;0;0;0;0;395415,535595443972852;5705951,159654810093343;7,493421250000040;51,495017335000099
38455;5220608505200975930;5;1;14;0;2022;6;16;4;3;0;1;0;1;1;0;0;0;0;0;329308,683386766992044;5689149,377786720171571;6,549970552000050;51,327987155000102
38460;5220603515211069477;5;1;54;16;2022;6;9;6;3;5;3;0;0;1;1;0;0;0;0;303291,149443660979159;5728129,762266010046005;6,155255987000030;51,669657884999999
38462;5220616516300985362;5;1;58;28;2022;6;11;5;3;5;2;0;0;1;1;0;0;0;0;349795,251152635028120;5685559,059955880045891;6,845299697000030;51,301505814999999
38465;5220623711213189447;5;5;70;4;2022;6;13;5;3;5;2;0;0;1;1;0;0;0;0;424885,478999992017634;5735160,623999659903347;7,911582502000040;51,762292195000001
38466;5220621501127995961;5;1;12;0;2022;6;15;3;3;5;3;0;0;1;1;0;0;0;0;347458,124999756983016;5703319,537999209947884;6,804173009000070;51,460468041000098
38471;5220602711221087231;5;5;70;16;2022;6;7;5;3;5;2;0;0;1;1;0;0;0;0;413033,209999985992908;5738946,843999650329351;7,738935080000030;51,794611639000003
38472;5220606600340386346;5;3;82;64;2022;6;17;2;3;5;2;0;0;1;1;0;0;0;0;354480,136999802023638;5616284,583999349735677;6,940209844000040;50,680179381000102
38479;5220622405108082109;5;7;54;8;2022;6;8;4;3;5;2;0;0;1;1;0;0;0;0;456793,937498365005013;5751660,183154339902103;8,371837668000071;51,914005795999998
38485;5220617317140075775;5;9;78;28;2022;6;7;6;3;5;2;0;0;1;1;0;0;0;0;401470,427999973006081;5700478,402999630197883;7,582140644000050;51,446910424000102
38489;5220618602100046668;5;3;62;8;2022;6;2;7;3;0;1;2;0;1;0;0;0;0;0;342096,408999707025941;5649440,504999100230634;6,750781339000070;50,974886279000003
38495;5220622701300262603;5;5;62;14;2022;6;16;4;3;5;2;0;0;1;1;0;0;0;0;360016,097999840974808;5715777,641999430023134;6,979869555000050;51,575663046000003
38498;5220614606400690388;5;3;78;28;2022;6;12;3;3;4;6;0;0;1;0;0;0;0;0;372560,201698323013261;5638823,924953060224652;7,188167191000050;50,887011485000102
38499;5220611516800596235;5;1;58;20;2022;6;16;7;3;5;3;0;0;1;1;0;0;0;0;356483,203201550000813;5666295,701852769590914;6,948880537000040;51,130123455000003
38502;5220615608404377501;5;3;34;4;2022;6;16;4;3;5;3;0;0;1;1;0;0;0;0;300048,082214159017894;5637652,986372360028327;6,158999330000030;50,855956290000101
38512;5220610701110889475;5;5;62;32;2022;6;9;6;3;1;5;0;0;1;1;0;0;0;0;375178,371999912022147;5719402,897999560460448;7,197265545000050;51,611805103999998
38513;5220607601400555654;5;3;15;0;2022;6;12;3;3;5;3;0;0;1;1;0;0;0;0;349343,929326585028321;5658073,468327459879220;6,850352141000030;51,054404971000103
38514;5220622702100779614;5;5;15;0;2022;6;12;4;3;0;2;0;0;1;1;0;0;0;0;405019,896999977005180;5757700,723999660462141;7,617611551000040;51,961878196000001
38519;5220618609224080827;5;3;58;24;2022;6;18;7;2;0;1;0;0;1;0;0;0;0;0;310607,843555712024681;5647017,783365289680660;6,303998037000040;50,943631742999997
38520;5220613314110579319;5;9;66;24;2022;6;16;2;2;5;3;0;0;1;1;0;0;0;0;418640,640036444994621;5658282,933533280156553;7,838760565000030;51,070290654000097
38526;5220613701300996304;5;5;62;14;2022;6;8;2;3;5;3;0;0;1;0;0;0;0;1;360309,943999841983896;5715386,737999429926276;6,984262707000030;51,572223256000001
38529;5220611709110896672;5;5;66;8;2022;6;11;7;2;1;5;0;0;1;1;0;0;0;0;400744,225947486003861;5779860,777562309987843;7,548961208000040;52,160305718000103
38532;5220615702100565384;5;5;15;0;2022;6;10;4;3;0;2;0;0;1;1;0;0;0;0;405506,124688534007873;5751876,280422359704971;7,626286169000020;51,909608227000000
38535;5220603500200095468;5;1;11;0;2022;6;14;6;3;5;2;0;0;1;1;0;0;0;0;344663,801999730989337;5678866,376999150030315;6,774655316000060;51,239993110999997
38536;5220607411232496963;5;7;74;32;2022;6;16;3;3;5;2;0;0;1;1;0;0;0;0;481060,127000001026317;5733458,622999659739435;8,725626955000051;51,751707581000097
38539;5220615405232296814;5;7;54;32;2022;6;15;4;2;4;6;0;0;1;0;0;0;0;0;457316,113332680019084;5731926,354000669904053;8,381862214000019;51,736625103999998
38545;5220603502244280936;5;1;13;0;2022;6;14;6;3;8;2;0;0;1;0;0;0;0;0;366731,685999875015114;5698960,453999499790370;7,083076439000020;51,426160149000097
38554;5220621607100690906;5;3;82;28;2022;6;12;3;2;4;6;0;0;1;0;0;0;0;0;376132,697999912023079;5636020,863999539986253;7,239881520000040;50,862593414999999
38560;5220607307000085306;5;9;62;24;2022;6;9;3;3;5;3;0;0;1;1;0;0;0;0;409686,009295567986555;5692112,417120319791138;7,702461091000030;51,373073862000098
38562;5220614711142091797;5;5;70;44;2022;6;18;3;3;5;3;0;0;1;1;0;0;0;0;414997,205971802992281;5759674,089154190383852;7,762298918000060;51,981231602999998
38565;5220612503200695622;5;1;24;0;2022;6;16;1;3;2;6;0;0;1;1;0;0;0;0;373484,628999901993666;5682205,890999539755285;7,186113956000040;51,277127469000000
38567;5220607702100176645;5;5;15;0;2022;6;7;3;3;5;2;0;0;1;1;0;0;0;0;403946,707999976002611;5753314,114999660290778;7,603222176000030;51,922265352000103
38568;5220605307000371474;5;9;62;60;2022;6;21;1;2;0;1;2;1;1;0;0;0;0;0;414270,554938254004810;5679536,561302449554205;7,771334615000060;51,260728503000102
38571;5220623400200296968;5;7;11;0;2022;6;15;5;3;6;6;0;0;1;1;1;0;0;0;470105,676953017013147;5761485,908695399761200;8,564511283000060;52,003220257000102
38574;5220621516500086969;5;1;58;16;2022;6;19;3;3;0;7;0;0;1;0;0;0;0;0;354592,301343493978493;5670263,148787629790604;6,920272592000060;51,165299373000003
38580;5220606513210086055;5;1;62;24;2022;6;21;2;3;7;1;1;0;1;0;0;0;0;0;335733,239140776975546;5671313,907578329555690;6,650285651000050;51,169635882000101
38582;5220614303200094306;5;9;15;0;2022;6;9;3;2;5;3;0;0;1;1;0;0;0;0;415539,639999986975454;5727434,686999649740756;7,778065892000030;51,691509506000003
38584;5220612317110294336;5;9;78;36;2022;6;15;1;2;0;1;0;0;1;0;0;0;0;0;407604,639999979990534;5711447,668999640271068;7,667514142000070;51,546550607000000
38587;5220616301301491861;5;9;78;24;2022;6;3;5;3;0;1;2;0;1;0;0;0;0;0;392229,028140641981736;5717277,853179720230401;7,444066949000050;51,596227100000100
38593;5220623518200644728;5;1;70;24;2022;6;11;5;3;4;6;0;0;1;0;0;0;0;1;333871,365002069971524;5705180,077000440098345;6,607894136000030;51,473358970000000
38595;5220615404101396813;5;7;66;20;2022;6;7;4;3;3;2;0;0;1;1;0;0;0;0;492829,103999999992084;5757513,303999669849873;8,895618741000019;51,968261348000098
38596;5220618600130890902;5;3;82;8;2022;6;14;7;3;5;2;0;0;1;1;0;0;0;0;380440,016018068999983;5612076,246200280264020;7,308834524000080;50,648263473000000
38597;5220612609128265677;5;3;58;28;2022;6;10;1;2;0;1;0;0;1;0;0;0;0;0;324875,570212949009147;5620208,339972550049424;6,519689492000050;50,707278207000101
38599;5220608400200796926;5;7;11;0;2022;6;12;4;3;5;3;0;0;1;1;0;0;0;0;469920,529950573982205;5763672,677822880446911;8,561622122000070;52,022870787000002
38603;5220613702100676645;5;5;15;0;2022;6;18;2;3;0;5;0;0;1;1;0;0;0;0;405304,870999977982137;5756971,908999660052359;7,621958813000050;51,955375913000097
38606;5220611506100679039;5;1;16;0;2022;6;16;7;2;0;1;0;0;1;0;0;0;0;0;321376,324828121985774;5672987,403236639685929;6,444299230000070;51,180366335000002
38607;5220604405108080589;5;7;54;8;2022;6;15;7;3;4;6;0;0;1;0;0;0;0;0;458112,445999999996275;5748249,722999660298228;8,391420387000039;51,883444427000001
38615;5220621301301994447;5;9;78;24;2022;6;17;3;3;5;2;0;0;1;1;0;0;0;0;398324,327651544008404;5717560,525768259540200;7,531953284000050;51,599901178000003
38616;5220614608200063908;5;3;34;2;2022;6;8;3;3;5;3;0;0;1;1;0;0;0;0;295296,248184142983519;5629228,312079800292850;6,096274791000040;50,778630456000002
38620;5220609503200795647;5;1;24;0;2022;6;15;5;3;5;3;0;1;1;1;0;0;0;0;375444,746172155020759;5681858,423419170081615;7,214323045000070;51,274436430000002
38623;5220603515211522037;5;1;54;16;2022;6;18;6;3;5;3;0;0;1;0;0;0;1;0;301532,285999210027512;5730135,242995900101960;6,128714400000040;51,687048976000000
38630;5220604301301973400;5;9;78;24;2022;6;19;7;3;0;7;0;0;1;0;0;0;0;0;398041,696553639019839;5720826,252697479911149;7,526923833000070;51,629204327000103
38632;5220621601400178574;5;3;15;0;2022;6;17;3;3;5;3;0;0;1;1;0;0;0;0;357536,339807163982186;5646998,965472039766610;6,971512327000030;50,956971041000003
38633;5220615505200995931;5;1;14;0;2022;6;14;4;3;5;2;0;0;1;1;0;0;0;0;330813,139257668983191;5690711,557819790206850;6,570801907000030;51,342471130000000
38638;5220606709700581515;5;5;66;72;2022;6;11;2;2;7;7;0;0;1;0;1;0;0;0;414109,826642115018331;5801003,041137309744954;7,738921430000060;52,352582108000000
38640;5220620518400196050;5;1;70;8;2022;6;14;2;3;3;6;0;0;1;0;0;0;0;0;342746,730999718012754;5715575,437999090179801;6,730941838000040;51,569294023000097
38657;5220614500300574179;5;1;11;0;2022;6;16;3;3;5;3;0;0;1;1;0;0;0;0;347636,003284954000264;5672489,922455700114369;6,819910111000070;51,183498040000103
38662;5220615514118889789;5;1;66;16;2022;6;13;4;2;5;3;0;0;1;1;0;0;0;0;309244,425499465025496;5687036,486945100128651;6,263441239000030;51,302635278000103
38663;5220619601200293514;5;3;15;0;2022;6;20;1;3;0;5;0;0;1;1;0;0;0;0;353986,133939397986978;5644393,893806640058756;6,922041746000050;50,932671542000001
38668;5220604316200073356;5;9;74;48;2022;6;1;7;2;0;1;2;0;1;0;0;0;0;0;430270,798530776984990;5718084,509123270399868;7,993014721000070;51,609473684000100
38670;5220614709700561973;5;5;66;28;2022;6;19;3;2;8;1;0;0;1;0;0;0;0;0;411383,777727701002732;5787744,260735980235040;7,702394975000060;52,232975742000100
38682;5220615501314891569;5;1;12;0;2022;6;17;4;3;5;3;0;0;1;1;0;0;0;0;346090,875999744981527;5700272,514999180100858;6,785832457000030;51,432720187000001
38683;5220619315240235102;5;9;70;20;2022;6;19;1;3;0;1;0;0;1;0;0;0;0;0;436476,683257167984266;5648250,695325340144336;8,095053140000060;50,982338991000098
38688;5220606508000178091;5;1;19;0;2022;6;12;2;3;5;3;0;0;1;1;0;0;0;0;349701,496999773022253;5703654,665999259799719;6,836298756000080;51,464079389000098
38700;5220617310130093927;5;9;54;20;2022;6;10;6;3;5;3;0;0;1;1;0;0;0;0;390837,249911900027655;5695215,727872829884291;7,430807103000060;51,397657156999998
38701;5220623601600093571;5;3;15;0;2022;6;8;5;3;0;7;0;0;1;0;0;0;0;0;362957,032999853021465;5639400,034999449737370;7,051502675000050;50,889991015000099
38702;5220621405228576271;5;7;54;28;2022;6;18;3;2;7;1;0;0;1;0;0;0;0;0;455170,179000000003725;5742733,777999660000205;8,349391097000019;51,833623969000001
38705;5220612602300594785;5;3;62;36;2022;6;18;1;3;3;2;0;0;1;1;0;0;0;0;342798,564410910010338;5654481,469842179678380;6,758592560000070;51,020374576000101
38707;5220608405108380644;5;7;54;8;2022;6;18;4;3;4;6;0;1;1;0;0;0;0;0;457969,005000000994187;5748587,601999660022557;8,389295310000019;51,886471374000102
38709;5220603601300386263;5;3;15;0;2022;6;20;6;3;0;3;0;0;1;1;0;0;0;0;354255,045538734004367;5644839,196970200166106;6,925687918000050;50,936741364000099
38717;5220615609108077567;5;3;58;8;2022;6;16;4;3;3;7;0;0;1;0;0;0;0;1;322934,123999488016125;5630814,264998340047896;6,487120425000060;50,801976412000002
38728;5220609400200696880;5;7;11;0;2022;6;10;5;3;0;2;0;0;1;1;0;0;0;0;468619,926000001025386;5762964,912999670021236;8,542732661000059;52,016435478000098
38731;5220603502401072101;5;1;17;0;2022;6;16;6;3;4;2;0;0;1;1;0;0;0;0;352988,887999796017539;5699784,314999319612980;6,885196908000070;51,430165113999998
38733;5220616702100065835;5;5;15;0;2022;6;10;5;3;0;5;0;0;1;1;0;0;0;0;404020,580951249983627;5759268,922125900164247;7,602633240000050;51,975802063000103
38734;5220623405112656402;5;7;54;12;2022;6;15;5;3;0;1;0;0;1;0;0;0;0;0;456796,368851921986789;5767946,248442679643631;8,369821239000030;52,060424805000103
38736;5220604316400794255;5;9;74;36;2022;6;10;7;2;0;7;0;0;1;0;0;0;0;0;462563,031015689019114;5704288,075163619592786;8,460795329000060;51,488500162999998
38737;5220624404302776064;5;7;66;8;2022;6;16;6;3;2;6;0;0;1;1;0;0;0;0;481294,256867561023682;5767567,856967939995229;8,727166916000041;52,058391677000003
38740;5220619605112716923;5;3;74;12;2022;6;13;1;2;8;1;0;0;1;0;0;0;0;0;399817,683686377014965;5651681,841411280445755;7,572007822000050;51,007972215000102
38741;5220613405152596868;5;7;54;52;2022;6;6;2;3;5;3;0;1;1;1;0;0;0;0;459689,092049404978752;5769313,530181130394340;8,411851251000030;52,072935235000003
38744;5220606606100578638;5;3;78;4;2022;6;11;2;3;0;7;0;0;1;0;0;0;0;0;370518,967999889981002;5650811,689999509602785;7,154901715000050;50,994302836000003
38745;5220603711212070571;5;5;70;4;2022;6;15;6;3;5;2;0;0;1;1;0;0;0;0;423805,843263430986553;5736211,815019709989429;7,895710993000020;51,771596156999998
38755;5220623608408080796;5;3;34;8;2022;6;19;5;3;1;5;0;0;1;1;0;0;0;0;303057,431999175983947;5644596,575996539555490;6,197960600000040;50,919355567000103
38757;5220615501134596040;5;1;12;0;2022;6;12;4;3;5;3;0;0;1;1;0;0;0;0;343358,038973352988251;5710887,302469770424068;6,741842460000040;51,527342881000003
38758;5220619405108796907;5;7;54;8;2022;6;21;1;2;0;1;1;0;1;0;0;0;0;0;460468,338390575023368;5751289,483895240351558;8,425298390000020;51,910945927999997
38760;5220611702100570629;5;5;15;0;2022;6;12;7;1;2;6;0;0;1;0;0;0;0;0;405359,077999976987485;5755783,950999660417438;7,623074529000060;51,944707256000100
38761;5220609516700930304;5;1;58;8;2022;6;8;5;3;5;2;0;0;1;1;0;0;0;0;361576,204751547018532;5675121,150646549649537;7,018223657000020;51,210690129000099
38762;5220602608332089851;5;3;34;32;2022;6;17;5;2;3;6;0;0;1;1;0;0;0;0;304239,196456832985859;5630175,327937239781022;6,222463605000030;50,790224262000002
38771;5220616300100036481;5;9;11;0;2022;6;18;5;3;1;5;0;0;1;1;0;0;0;0;377172,864344693021849;5704337,366086100228131;7,231314774000050;51,476844446000001
38775;5220617301301073373;5;9;78;24;2022;6;18;6;3;5;3;0;0;1;1;0;0;0;0;398030,104437572008464;5720813,778280939906836;7,526760044000070;51,629090099999999
38776;5220623601200525585;5;3;15;0;2022;6;15;5;3;1;5;0;0;1;0;0;0;0;1;355564,397528906003572;5637938,103069339878857;6,947041049000060;50,875051628000101
38780;5220612601400593623;5;3;15;0;2022;6;11;1;3;0;6;0;0;1;0;0;0;0;0;348096,551999757997692;5658011,500999240204692;6,832593423000050;51,053519552000097
38788;5220621516300489351;5;1;58;28;2022;6;13;3;3;9;1;0;0;1;0;0;0;0;0;346981,521403495979030;5683808,492486669681966;6,805718250000040;51,285026832000000
38791;5220612701500394989;5;5;62;24;2022;6;17;1;3;5;2;0;0;1;1;0;0;0;0;369312,695999888994265;5724919,442999520339072;7,110539433000040;51,660049250000000
38796;5220603607100269545;5;3;82;60;2022;6;13;6;3;5;2;0;0;1;1;0;0;0;0;373907,355829027015716;5628052,397794379852712;7,211016662000080;50,790488822000000
38799;5220614600310390846;5;3;14;0;2022;6;18;3;2;0;1;0;0;1;0;0;0;0;0;363574,747578368987888;5619867,821853349916637;7,067537263000080;50,714588207000098
38802;5220616400100996932;5;7;11;0;2022;6;13;5;3;8;1;0;0;1;0;0;0;0;0;471590,766000000992790;5766605,009999670088291;8,585719802000030;52,049322465000003
38806;5220616706300896612;5;5;58;44;2022;6;14;5;3;4;6;0;0;1;0;0;0;0;0;396414,703256767010316;5748446,026872280053794;7,495196272000040;51,877160599000000
38807;5220623508000085992;5;1;19;0;2022;6;16;5;2;4;6;0;0;1;0;0;0;0;0;349475,324921706982423;5703226,169402980245650;6,833227697000040;51,460169092999998
38808;5220621500200572006;5;1;11;0;2022;6;18;3;3;5;6;0;0;1;0;0;0;0;0;346509,478999749000650;5680015,314999190159142;6,800582863000050;51,250816423000103
38812;5220612601700693360;5;3;16;0;2022;6;14;1;3;1;7;0;0;1;0;0;0;0;0;361356,730810504988767;5656653,001683250069618;7,022187625000070;51,044665096000102
38814;5220608503100695683;5;1;24;0;2022;6;19;4;3;0;3;0;1;1;0;0;0;0;1;370213,225582628976554;5680544,987172540277243;7,139840100000070;51,261464536000098
38816;5220603518200391432;5;1;70;24;2022;6;11;6;3;0;2;0;0;1;1;0;0;0;0;336504,868999660015106;5700424,857998889870942;6,647977143000050;51,431404170000100
38819;5220613605144075877;5;3;74;44;2022;6;17;2;3;5;3;0;0;1;1;0;0;0;0;402400,281999973987695;5636584,067999600432813;7,612853417000050;50,872688074000102
38821;5220614410270090761;5;7;70;16;2022;6;7;3;3;4;7;0;0;1;0;0;0;0;0;478061,209000002010725;5790687,743999689817429;8,678517686000021;52,266134016000102
38823;5220604500300195672;5;1;11;0;2022;6;15;7;2;5;2;0;0;1;1;0;0;0;0;346871,994698802009225;5671681,904604099690914;6,809331195000030;51,176033343000000
38830;5220623506100791463;5;1;16;0;2022;6;13;5;3;0;6;0;0;1;0;1;0;0;0;316688,719603215984534;5669710,630206850357354;6,378974408000030;51,149448067999998
38832;5220614608200071725;5;3;34;2;2022;6;22;3;3;0;7;0;0;1;0;0;0;0;0;298327,438952862983570;5629042,021729749627411;6,139316798000040;50,778019155999999
38833;5220618400200276103;5;7;11;0;2022;6;18;7;3;5;3;0;0;1;1;0;0;0;0;474979,388258059974760;5762485,058995350264013;8,635434896000049;52,012444451000100
38835;5220612514113596017;5;1;66;32;2022;6;0;1;3;4;1;2;0;1;1;0;0;0;0;316215,352999410999473;5686043,564997750334442;6,363840887000040;51,296009484000102
38840;5220622513210595568;5;1;62;24;2022;6;13;4;3;3;6;0;0;1;0;0;0;0;0;343968,073468369024340;5669512,949780600145459;6,768761769000040;51,155759375999999
38841;5220616609204394925;5;3;58;4;2022;6;12;5;2;0;1;0;0;1;0;0;0;0;1;306834,561429009016138;5645445,207378430292010;6,251184227000070;50,928254817000003
38842;5220623301101894487;5;9;13;0;2022;6;11;5;3;5;2;0;0;1;1;0;0;0;0;395401,834339634981006;5705977,466595879755914;7,493216154000040;51,495251263000100
38850;5220603300800051442;5;9;54;36;2022;6;17;6;3;3;2;0;0;1;0;0;0;1;0;381284,582999929029029;5698799,826999589800835;7,292352230000060;51,427951987000000
38853;5220620601300494785;5;3;15;0;2022;6;4;2;3;5;3;2;1;1;1;0;0;0;0;350730,641042598988861;5643544,750375299714506;6,876093393000080;50,924207447000100
38857;5220604711211672472;5;5;70;4;2022;6;20;7;3;5;3;0;0;1;1;0;0;0;0;422883,210999991977587;5737315,181999649852514;7,882096833000050;51,781388622000101
38863;5220617500100863523;5;1;11;0;2022;6;21;6;3;0;1;0;0;1;0;0;0;0;0;345828,737215480010491;5677527,371677430346608;6,791907062000060;51,228277530000099
38866;5220615502214277752;5;1;13;0;2022;6;12;4;3;0;6;0;0;1;0;0;0;0;0;362441,331838107027579;5697906,651819470338523;7,021812177000070;51,415665070000003
38869;5220611609204494921;5;3;58;4;2022;6;15;7;2;3;2;0;0;1;0;0;1;0;0;304723,643865810998250;5642489,091790439561009;6,222764603000030;50,900992211000101
38871;5220602711221577896;5;5;70;16;2022;6;14;5;3;5;3;0;0;1;1;0;0;0;0;407424,852748828998301;5747912,304165040142834;7,655235590000070;51,874299657999998
38872;5220606508000478091;5;1;19;0;2022;6;14;2;3;0;5;0;0;1;1;0;0;0;1;352360,374452868010849;5704826,020693169906735;6,874058118000050;51,475304520000101
38875;5220617601200725764;5;3;15;0;2022;6;19;6;3;5;3;0;0;1;1;0;0;0;0;355788,119999810995068;5637878,708999370224774;6,950242212000030;50,874573725000097
38876;5220614601200993575;5;3;15;0;2022;6;18;3;3;0;2;0;0;1;0;0;0;1;0;353347,166999795008451;5644056,882999329827726;6,913090481000040;50,929480835000000
38877;5220611610222532873;5;3;70;36;2022;6;13;7;3;0;7;0;0;1;0;0;0;0;0;301402,343303198984358;5663297,374767360277474;6,164213637000050;51,086749855000100
38882;5220610601200681775;5;3;15;0;2022;6;15;6;3;4;6;0;0;1;0;0;0;0;0;357206,880999819026329;5641145,814999380148947;6,969117345000030;50,904287545999999
38883;5220603405236996913;5;7;54;36;2022;6;12;6;2;5;2;0;0;1;1;0;0;0;0;474653,732836374023464;5748010,154966039583087;8,631757394000029;51,882287937999997
38887;5220621307000730102;5;9;62;24;2022;6;7;3;3;5;3;0;0;1;1;0;0;0;0;410861,150999983015936;5692922,904999629594386;7,719136410000030;51,380545595999997
38888;5220615301301080478;5;9;78;24;2022;6;9;4;3;5;3;0;0;1;1;0;0;0;0;398963,375999967975076;5716348,278999630361795;7,541526066000070;51,589119703000101
38895;5220622601300590363;5;3;15;0;2022;6;6;4;3;5;3;0;0;1;1;0;0;0;0;351477,130999781016726;5644622,089999300427735;6,886268289000040;50,934081597000002
38899;5220614501222391701;5;1;12;0;2022;6;13;3;3;8;1;0;0;1;1;0;0;0;0;340465,220051984011661;5702227,791641510091722;6,704088117000030;51,448731631000001
38900;5220611518301382178;5;1;70;4;2022;6;14;7;2;5;2;0;0;1;1;0;0;0;0;321833,056999496999197;5718127,857998110353947;6,428184958000030;51,586002006000101
38903;5220621607400590853;5;3;82;68;2022;6;15;3;3;5;3;0;0;1;1;0;0;0;0;371366,362999893026426;5629866,160999510437250;7,174349502000040;50,806233063000001
38904;5220615701110295059;5;5;62;32;2022;6;10;4;3;5;2;0;0;1;1;0;0;0;0;371104,886110170977190;5722009,849723899737000;7,137507956000040;51,634315362999999
38907;5220603400100604069;5;7;11;0;2022;6;14;6;3;5;2;0;0;1;1;0;0;0;0;464188,761999999987893;5767438,058999669738114;8,477696440000051;52,056383127000103
38908;5220606705000774694;5;5;54;56;2022;6;3;2;3;4;6;2;1;1;0;0;0;0;0;358446,307999834010843;5763584,980999410152435;6,937724297000050;52,004844243999997
38917;5220622503200578828;5;1;24;0;2022;6;18;4;3;0;7;0;0;1;1;0;0;0;0;376062,893886564997956;5681957,119979930110276;7,223146261000070;51,275458282000002
38922;5220621502103078151;5;1;13;0;2022;6;17;3;3;5;3;0;0;1;1;0;0;0;0;361559,465999847976491;5703756,121999439783394;7,006850851000020;51,468015971000099
38925;5220613502105765482;5;1;13;0;2022;6;15;2;3;0;1;0;0;1;0;0;0;0;0;361350,372999846993480;5700785,935999450273812;7,005006710000030;51,441273682000002
38927;5220617501122295952;5;1;12;0;2022;6;16;6;3;0;1;0;0;1;0;0;0;0;0;344862,321626512974035;5706062,442970779724419;6,765632735000050;51,484407405000098
38930;5220604501124296098;5;1;12;0;2022;6;16;7;3;0;3;0;0;1;1;0;0;0;0;343068,893999720981810;5702798,667999099940062;6,741273577000070;51,454588348000101
38934;5220619602500394922;5;3;62;24;2022;6;12;1;3;0;1;0;0;1;0;0;0;0;0;346968,450067767000291;5642314,618359220214188;6,823119231000020;50,912167707999998
38940;5220615301102089376;5;9;13;0;2022;6;6;4;3;5;3;0;0;1;1;0;0;0;0;396205,024722554022446;5704351,156833929941058;7,505260395000050;51,480780924000001