OBJECTID;UIDENTSTLAE;ULAND;UREGBEZ;UKREIS;UGEMEINDE;UJAHR;UMONAT;USTUNDE;UWOCHENTAG;UKATEGORIE;UART;UTYP1;ULICHTVERH;IstStrassenzustand;IstRad;IstPKW;IstFuss;IstKrad;IstGkfz;IstSonstige;LINREFX;LINREFY;XGCSWGS84;YGCSWGS84
38945;5220608301101269235;5;9;13;0;2022;6;1;4;3;0;1;2;1;1;0;0;0;0;0;394039,136938550975174;5708129,178703510202467;7,472946854000040;51,514338204000097
38947;5220603514114090278;5;1;66;24;2022;6;12;6;3;5;2;0;0;1;1;0;0;0;0;309550,262999304977711;5677494,430997160263360;6,272903108000040;51,217032019000001
38958;5220602610221375603;5;3;70;20;2022;6;16;5;3;2;6;0;0;1;1;0;0;0;0;305824,406832182023209;5659660,498156310059130;6,229229238000070;51,055597716000101
38969;5220616500300072580;5;1;11;0;2022;6;21;5;3;0;7;0;0;1;0;0;0;0;0;348790,396221428003628;5674405,005230310373008;6,835608593000070;51,201013070000002
38974;5220617406220531781;5;7;58;24;2022;6;14;6;3;5;3;0;0;1;1;0;0;0;0;480345,948215594980866;5783020,899680649861693;8,712442578000040;52,197291736000103
38979;5220613313121113756;5;9;58;32;2022;6;12;2;3;5;3;0;0;1;1;0;0;0;0;442376,893481525999960;5690809,881573090329766;8,172273820000040;51,365622207000101
38980;5220609601300393502;5;3;15;0;2022;6;14;5;2;3;2;0;0;1;1;0;0;0;0;351848,192434804979712;5647771,738614969886839;6,890263871000060;50,962481294000000
38990;5220616400300303329;5;7;11;0;2022;6;9;5;2;8;1;0;0;1;1;0;0;0;0;465801,792214833025355;5759120,676662419922650;8,502052328000049;51,981706872000103
38997;5220615317250094274;5;9;78;32;2022;6;20;4;3;0;1;1;0;1;0;0;0;0;0;394136,173959898005705;5727097,885925750248134;7,468619608000040;51,684854188000003
39000;5220612601600496709;5;3;15;0;2022;6;13;1;3;8;1;0;0;1;0;0;0;0;0;365215,013315868971404;5642868,137692710384727;7,082306993000030;50,921692260999997
39007;5220613600110986243;5;3;14;0;2022;6;17;2;3;6;7;0;0;1;0;1;0;0;0;365558,905768772994634;5621495,172743749804795;7,095033023000040;50,729677106000103
39012;5220624404301096994;5;7;66;28;2022;6;11;6;3;0;6;0;0;1;1;0;0;0;0;506806,306039950984996;5771360,496376600116491;9,099349739000051;52,092764629999998
39013;5220621518200596048;5;1;70;24;2022;6;13;3;3;0;1;0;0;1;0;0;0;0;0;335876,380557772994507;5703574,442394469864666;6,637483499000040;51,459518880000097
39016;5220613513130595708;5;1;62;22;2022;6;11;2;3;5;2;0;0;1;1;0;0;0;0;338754,040999678021763;5680307,971998980268836;6,689415347000020;51,251305969999997
39020;5220620601700487562;5;3;16;0;2022;6;6;2;3;0;3;0;1;1;1;0;0;0;0;360972,101563508971594;5655352,460371219553053;7,017203334000040;51,032884111999998
39028;5220616600130495281;5;3;82;8;2022;6;10;5;3;8;1;0;0;1;0;0;0;0;0;380159,123390635009855;5615134,271810449659824;7,303872989000070;50,675694600999996
39030;5220610601300893588;5;3;15;0;2022;6;10;6;3;0;1;0;0;1;0;0;0;0;0;348867,050999762024730;5645133,763999249786139;6,848937970000070;50,938001585999999
39032;5220621514210085933;5;1;66;12;2022;6;6;3;3;2;6;0;0;1;0;0;0;0;0;320603,806999474007171;5693739,399998069740832;6,422843524000030;51,366539875999997
39033;5220615500200850578;5;1;11;0;2022;6;14;4;2;4;2;0;0;1;0;0;0;0;0;345082,600999735994264;5680751,792999159544706;6,779834201000030;51,257048127000097
39035;5220613303100094263;5;9;15;0;2022;6;15;2;3;4;2;0;0;1;1;0;0;0;0;415882,163999987998977;5724538,628999649547040;7,783717903000020;51,665527044999997
39036;5220609709700670575;5;5;66;72;2022;6;15;5;3;4;6;0;0;1;0;0;0;0;0;412826,334974045981653;5801788,179652960039675;7,719877770000040;52,359436485000103
39037;5220602608100373639;5;3;34;2;2022;6;17;5;3;3;2;0;0;1;1;0;0;0;0;294572,855831070977729;5628081,246239679865539;6,086668168000070;50,768072658999998
39038;5220606603116881216;5;3;66;16;2022;6;19;2;3;1;7;0;0;1;1;0;0;0;0;345237,384959223971236;5614178,554172400385141;6,810361256000020;50,658869183000000
39041;5220617516300490758;5;1;58;28;2022;6;23;6;3;0;1;2;0;1;0;0;0;0;0;348665,495225398975890;5689106,781980879604816;6,827599847000040;51,333084821999996
39045;5220615705000096699;5;5;54;4;2022;6;9;4;2;0;1;0;0;1;0;0;0;0;0;364140,550999864004552;5772249,227999489754438;7,017184610000070;52,084119653000101
39048;5220607505100279007;5;1;14;0;2022;6;14;3;3;5;3;0;0;1;1;0;0;0;0;331612,235999606025871;5686357,229998700320721;6,584321499000050;51,303589135999999
39054;5220618608200071804;5;3;34;2;2022;6;20;7;3;5;2;0;0;1;1;0;0;0;0;295941,957984525011852;5629627,564066980034113;6,105200130000070;50,782443809000000
39055;5220612609108078426;5;3;58;8;2022;6;16;1;2;0;7;0;0;1;0;0;0;0;0;319818,920526419009548;5634061,607686470262706;6,441362201000060;50,830189727000104
39059;5220603601600893501;5;3;15;0;2022;6;18;6;3;3;2;0;0;1;1;0;0;0;0;360261,834999838029034;5644964,973999420180917;7,011074931000050;50,939358603000102
39077;5220620505100072045;5;1;14;0;2022;6;9;2;3;0;2;0;1;1;1;0;0;0;0;331634,908999604987912;5685346,007998700253665;6,585123456000080;51,294510981000002
39080;5220622702100791835;5;5;15;0;2022;6;10;4;3;5;3;0;0;1;1;0;0;0;0;401052,516999972984195;5765718,500999660231173;7,557573016000050;52,033250985000102
39081;5220617405108090674;5;7;54;8;2022;6;18;6;3;5;3;0;0;1;1;0;0;0;0;456214,800830415973905;5751764,322471319697797;8,363405060000050;51,914896831000100
39082;5220623513210375934;5;1;62;24;2022;6;15;5;3;3;6;0;0;1;1;0;0;0;0;337656,082586876989808;5667526,728850940242410;6,679474373000060;51,136157558999997
39085;5220618601700493468;5;3;16;0;2022;6;8;7;3;4;5;0;0;1;1;0;0;0;0;360990,977811728022061;5660037,566178550012410;7,015673025000070;51,074993835000001
39089;5220606410140896793;5;7;70;12;2022;6;22;2;3;0;1;2;0;1;0;0;0;0;0;485407,722000000008848;5800237,649999690242112;8,785755466000071;52,352235715000099
39097;5220624410230196890;5;7;70;4;2022;6;7;6;3;5;3;0;0;1;1;0;0;0;0;485385,576000000990462;5785530,966999679803848;8,786068099000030;52,220015325000098
39102;5220603502111681312;5;1;13;0;2022;6;13;6;3;0;3;0;0;1;1;0;0;0;0;363347,138432908977848;5700884,706178920343518;7,033681196000030;51,442646527000100
39111;5220608301301573341;5;9;78;24;2022;6;15;4;3;1;5;0;0;1;1;0;0;0;0;397950,438722376013175;5720293,818124010227621;7,525760979000040;51,624401966000100
39115;5220616705000696646;5;5;54;8;2022;6;12;5;3;3;6;0;0;1;0;0;0;0;0;335491,299066281004343;5743540,752054629847407;6,613159881000060;51,818455109000098
39117;5220614508000279057;5;1;19;0;2022;6;18;3;3;5;3;0;0;1;1;0;0;0;0;351247,301999784016516;5709218,430999290198088;6,856190986000060;51,514480708000100
39118;5220611300400993709;5;9;11;0;2022;6;11;7;3;0;1;0;0;1;0;0;0;0;0;373763,284999904979486;5702602,357999550178647;7,182863450000070;51,460500931000098
39120;5220624307000193762;5;9;62;28;2022;6;17;6;3;4;1;0;0;1;1;0;0;0;0;400180,611402501992416;5665746,008432430215180;7,573296453000070;51,134466648000100
39121;5220621601300393341;5;3;15;0;2022;6;21;3;3;5;3;0;0;1;1;0;0;0;0;352728,672999790986069;5647104,594999319873750;6,903063215000030;50,956711718000101
39122;5220615601200093525;5;3;15;0;2022;6;13;4;3;4;2;0;0;1;1;0;0;0;0;354480,481999801995698;5641764,170999350026250;6,930121260000020;50,909163829000100
39124;5220613400300882010;5;7;11;0;2022;6;10;2;2;5;3;0;0;1;1;0;0;0;0;466517,435256041004322;5759582,151581089943647;8,512427086000059;51,985899428000003
39125;5220610500100100318;5;1;11;0;2022;6;15;6;3;3;2;0;0;1;0;0;0;0;0;345701,085108788975049;5675786,434815400280058;6,790829487000050;51,212599904999998
39127;5220608607400681178;5;3;82;68;2022;6;14;4;3;5;3;0;1;1;1;0;0;0;0;367947,941999877977651;5629196,687999489717185;7,126101221000060;50,799446756000101
39131;5220614608332969724;5;3;34;32;2022;6;15;3;3;0;1;0;0;1;1;0;0;0;0;303591,404050255019683;5629817,054334269836545;6,213475502000050;50,786787092000097
39135;5220607608100980739;5;3;34;2;2022;6;19;3;3;0;1;0;1;1;1;0;0;0;0;294393,841998992022127;5626917,758995389565825;6,084782849000020;50,757559725000100
39140;5220610701110095020;5;5;62;32;2022;6;16;6;3;5;2;0;0;1;1;0;0;0;0;375243,612860505003482;5720278,551137570291758;7,197895549000070;51,619689145999999
39142;5220621506100572015;5;1;16;0;2022;6;12;3;3;5;2;0;0;1;1;0;0;0;0;321067,670593327027746;5674707,121448109857738;6,439031190000040;51,195718436999996
39144;5220619310140293917;5;9;54;28;2022;6;11;1;3;0;7;0;1;1;0;0;0;0;0;380474,910799623001367;5687472,895381810143590;7,284521747000040;51,325976748000102
39148;5220602602400194820;5;3;62;32;2022;6;13;5;2;5;3;0;0;1;1;0;0;0;0;337391,262104562018067;5639182,146142399869859;6,688392998000040;50,881402912000098
39149;5220606601500986604;5;3;15;0;2022;6;15;2;3;3;2;0;0;1;1;0;0;0;0;360060,869999837013893;5648307,597999420017004;7,006931386000080;50,969350458000100
39152;5220617515110096016;5;1;54;36;2022;6;11;6;3;5;3;0;0;1;1;0;0;0;0;303759,743999251979403;5741590,783996170386672;6,154437004000040;51,790705807999998
39156;5220615706200403118;5;5;58;12;2022;6;7;4;3;5;2;0;0;1;0;0;0;0;1;374387,323999908985570;5753809,566999569535255;7,173406031000070;51,920834184000100
39166;5220612608416985695;5;3;34;16;2022;6;14;1;3;3;2;0;0;1;0;0;0;0;1;298098,521999080025125;5642063,779995880089700;6,128901071000030;50,894894200000103
39169;5220606317240496741;5;9;78;40;2022;6;15;2;3;0;1;0;0;1;0;0;0;0;0;409072,820100914977957;5725196,450848040170968;7,685115473000050;51,670379611999998
39170;5220603600130169526;5;3;82;8;2022;6;15;6;3;2;6;0;0;1;1;0;0;0;0;374533,615430696983822;5611853,465084989555180;7,225406174000060;50,645018886000102
39173;5220617505200091475;5;1;14;0;2022;6;12;6;3;5;3;0;0;1;1;0;0;0;0;334059,934999633987900;5690540,358998809941113;6,617455741000070;51,341890096999997
39175;5220611500200091260;5;1;11;0;2022;6;13;7;3;7;1;0;0;1;1;0;0;0;0;344716,425999731000047;5682428,126999150030315;6,773862803000040;51,272010885000000
39178;5220615603116015212;5;3;66;16;2022;6;15;4;3;0;1;0;0;1;0;0;0;0;0;344567,641027644975111;5613436,825024570338428;6,801204253000040;50,652025347000098
39184;5220623500200862215;5;1;11;0;2022;6;12;5;3;1;5;0;0;1;1;0;0;0;0;345344,966161362011917;5679628,734382269904017;6,784076535000050;51,247028246000099
39186;5220614607400141636;5;3;82;56;2022;6;16;3;3;3;2;0;0;1;0;0;0;0;0;370956,592807521985378;5624483,827610559761524;7,170426380000040;50,757764207999998
39189;5220609400200648309;5;7;11;0;2022;6;16;5;3;0;2;0;1;1;1;0;0;0;0;468998,491000001027714;5763948,415999669581652;8,548159801000050;52,025299087000100
39190;5220608300800290545;5;9;54;36;2022;6;19;4;3;0;1;1;1;1;1;0;0;0;0;386387,838999942992814;5701082,366999600082636;7,364994070000020;51,449513961000001
39197;5220624400200096982;5;7;11;0;2022;6;13;6;3;5;3;0;0;1;1;0;0;0;0;470671,955000000016298;5765641,416999669745564;8,572404241000070;52,040611286000100
39200;5220619518400496014;5;1;70;8;2022;6;10;1;3;4;1;0;0;1;0;0;0;0;0;345450,369999740971252;5712325,925999159924686;6,771349452000040;51,540845219000097
39205;5220604316100080652;5;9;74;24;2022;6;15;7;3;8;1;0;0;1;0;0;0;0;0;440756,650495851994492;5723881,238954469561577;8,143443757000060;51,662790370000003
39209;5220620301103092715;5;9;13;0;2022;6;13;2;3;0;7;0;0;1;0;0;0;0;0;392270,023999957018532;5703703,319999620318413;7,448812405000070;51,474222066000003
39212;5220607400300804074;5;7;11;0;2022;6;7;3;3;5;2;0;0;1;1;0;0;0;0;469697,010669309995137;5757170,885215600021183;8,558939405000050;51,964402946000099
39213;5220623501126896098;5;1;12;0;2022;6;10;5;3;5;3;0;0;1;1;0;0;0;0;345874,670999745023437;5704321,605999180115759;6,780960743000040;51,469042742000099
39222;5220603515110069488;5;1;54;36;2022;6;18;6;3;0;1;0;0;1;1;0;0;0;0;302166,784999224008061;5739259,120995949953794;6,132698150000070;51,769206453000002
39223;5220622606100081261;5;3;78;4;2022;6;17;4;3;0;1;0;0;1;1;0;0;0;0;367140,070971695997287;5649762,350537450052798;7,107164118000070;50,984101651000103
39224;5220616600320563962;5;3;82;72;2022;6;12;5;2;0;1;0;0;1;0;0;0;0;0;370541,078299620014150;5610971,059820179827511;7,169274344000030;50,636214006000003
39225;5220623500200295566;5;1;11;0;2022;6;19;5;3;5;2;0;0;1;0;0;0;0;1;351882,093466615013313;5681616,113170930184424;6,876848337000070;51,266621784999998
39227;5220611307000093813;5;9;62;16;2022;6;12;7;3;5;3;0;0;1;1;0;0;0;0;414683,122053541010246;5692504,578830270096660;7,774142155000050;51,377372258999998
39230;5220621608100475600;5;3;34;2;2022;6;10;3;3;3;6;0;0;1;0;0;0;0;0;291813,318435780005530;5628325,897371419705451;6,047449556000060;50,769286324000099
39231;5220615600110990947;5;3;14;0;2022;6;23;4;2;6;6;2;0;1;0;1;0;0;0;366408,902793569024652;5622364,414675770327449;7,106755018000060;50,737685946000099
39237;5220603709700505026;5;5;66;92;2022;6;6;6;3;5;3;0;0;1;0;0;0;0;1;424526,355999993975274;5790970,298999680206180;7,894078302000030;52,263932744999998
39238;5220620601100993377;5;3;15;0;2022;6;8;2;3;0;1;0;1;1;0;0;0;0;0;355301,811999807017855;5644120,644999359734356;6,940860964000020;50,930547490000002
39240;5220612307000675741;5;9;62;24;2022;6;13;1;3;0;1;0;0;1;0;0;0;0;0;405779,437999979010783;5695967,904999629594386;7,645328708000020;51,407097471000000
39244;5220622514123785893;5;1;66;20;2022;6;14;4;3;5;3;0;0;1;1;0;0;0;0;303815,060486843984108;5676503,427787969820201;6,191425523000020;51,206190002000000
39247;5220610700000367038;5;5;13;0;2022;6;12;6;3;5;3;0;0;1;1;0;0;0;0;366259,131999871984590;5707984,238999499939382;7,072869094000050;51,507142857000098
39248;5220624300100469241;5;9;11;0;2022;6;7;6;3;0;1;0;1;1;0;0;0;0;0;375836,584313286992256;5704857,117213499732316;7,211899935000080;51,481223930000098
39254;5220609514110585821;5;1;66;32;2022;6;22;5;3;0;3;2;0;1;1;0;0;0;0;315762,223999403009657;5681411,525997729972005;6,359736292000040;51,254255716000003
39257;5220603702100064164;5;5;15;0;2022;6;15;6;3;0;7;0;0;1;0;0;0;0;0;400408,798999972001184;5762305,469999659806490;7,549185217000060;52,002459282000103
39260;5220614600110079277;5;3;14;0;2022;6;11;3;3;2;2;0;0;1;1;0;0;0;0;366155,875215027015656;5622414,991996820084751;7,103152852000050;50,738082274000099
39263;5220622405108080333;5;7;54;16;2022;6;15;4;3;5;2;0;0;1;1;0;0;0;0;451319,901332024019212;5754714,427236350253224;8,291826144000030;51,941013020000099
39264;5220616310110073449;5;9;54;16;2022;6;10;5;3;0;1;0;0;1;0;0;0;0;0;373161,631405056978110;5688467,324239539913833;7,179259462000060;51,333330218000100
39265;5220620500200996291;5;1;11;0;2022;6;17;2;3;4;6;0;0;1;0;0;0;0;1;348885,881999764998909;5677300,688999249599874;6,835754266000040;51,227058231000100
39269;5220623602600078592;5;3;62;20;2022;6;8;5;3;0;1;0;0;1;0;0;0;0;0;340917,751999693980906;5634435,083999070338905;6,740546008000020;50,839728831000102
39270;5220621411220970343;5;7;74;20;2022;6;7;3;3;5;3;0;0;1;1;0;0;0;0;470538,534873192023952;5734317,970018190331757;8,573136499000039;51,758979449000002
39272;5220618601200572647;5;3;15;0;2022;6;14;7;3;3;5;0;0;1;0;0;0;0;1;353899,548794335976709;5642269,542944690212607;6,921661494000030;50,913558722000097
39279;5220616709700372667;5;5;66;28;2022;6;13;5;3;8;6;0;0;1;0;0;0;0;0;406873,351999979000539;5799235,790999679826200;7,633193750000030;52,335516864000098
39280;5220613601300086438;5;3;15;0;2022;6;18;2;3;0;1;0;0;1;0;0;0;0;0;353650,686281352012884;5646311,249885950237513;6,916501010000050;50,949817116000098
39281;5220617500300996298;5;1;11;0;2022;6;15;6;3;5;2;0;0;1;0;0;0;0;0;353448,145294245972764;5667292,730281059630215;6,905129161000050;51,138314477000101
39287;5220615701300994939;5;5;62;14;2022;6;14;4;3;5;3;0;0;1;1;0;0;0;0;359403,145999834989198;5714903,536999420262873;6,971379692000030;51,567655822000098
39288;5220619702100945123;5;5;15;0;2022;6;5;1;3;0;1;0;0;1;0;0;0;0;0;407533,583858461002819;5754948,546872300095856;7,654926399000030;51,937563854000103
39301;5220622505100182351;5;1;14;0;2022;6;9;4;3;8;1;0;0;1;0;0;0;0;0;331669,341927826986648;5686280,180508550256491;6,585176302000040;51,302913810000099
39305;5220608701910056173;5;5;62;8;2022;6;16;4;3;5;3;0;1;1;1;0;0;0;0;385974,221498137980234;5724287,006449970416725;7,351520697000070;51,657992657000101
39306;5220623700000082308;5;5;13;0;2022;6;16;5;3;5;2;0;0;1;1;0;0;0;0;365986,861999869986903;5716464,663999499753118;7,065718420000050;51,583288017000001
39307;5220621514119585264;5;1;66;16;2022;6;23;3;3;0;7;2;0;1;0;0;0;0;0;308717,183712175989058;5686513,644313470460474;6,256166982000020;51,297762352000099
39308;5220615514217095942;5;1;66;36;2022;6;6;4;3;0;3;0;0;1;1;0;0;0;0;328633,436492429987993;5682322,785146810114384;6,543565095000080;51,266455649000100
39311;5220609606700593451;5;3;78;8;2022;6;8;5;3;5;3;0;0;1;1;0;0;0;0;370553,191355978022330;5663017,656301150098443;7,151024899000050;51,104014689000103
39314;5220603702100971673;5;5;15;0;2022;6;9;6;3;5;3;0;0;1;0;0;0;0;1;405575,873999978997745;5757005,475999659858644;7,625892104000060;51,955723708999997
39321;5220616503200080468;5;1;24;0;2022;6;9;5;3;5;3;0;0;1;1;0;0;0;0;377112,511223423003685;5682366,143377129919827;7,238046017000040;51,279361858000101
39327;5220621405108370353;5;7;54;8;2022;6;9;3;3;5;3;0;0;1;1;0;0;0;0;461091,615035278024152;5750644,500457289628685;8,434431795000020;51,905190990999998
39343;5220620300600064543;5;9;16;0;2022;6;19;2;3;3;2;0;0;1;1;0;0;0;0;375212,645999911008403;5710248,710999559611082;7,201011530000070;51,529542425000002
39344;5220620514210595870;5;1;66;12;2022;6;6;2;3;5;2;0;1;1;1;0;0;0;0;320098,634999467991292;5695219,300998030230403;6,414845213000040;51,379673703999998
39350;5220622313110348001;5;9;58;4;2022;6;13;4;3;0;6;0;0;1;1;0;0;0;0;424170,797104505996685;5702111,262102169916034;7,908379914000020;51,465085123999998
39363;5220603700000185656;5;5;13;0;2022;6;14;6;3;4;2;0;0;1;1;0;0;0;0;365986,861999869986903;5716464,663999499753118;7,065718420000050;51,583288017000001
39364;5220613702100053166;5;5;15;0;2022;6;20;2;3;9;1;0;0;1;0;1;0;0;0;405537,971846749016549;5760865,759928129613400;7,624278309000030;51,990415078000098
39370;5220621706300568251;5;5;58;36;2022;6;18;3;3;5;3;0;0;1;1;0;0;0;0;388190,096999947971199;5728714,389999619685113;7,382124156000030;51,698230578000100
39371;5220615709110879238;5;5;66;8;2022;6;18;4;2;5;3;0;0;1;1;0;0;0;0;399092,709999969985802;5781289,935999659821391;7,524401067000040;52,172851186999999
39373;5220610513130676018;5;1;62;22;2022;6;9;6;3;3;6;0;0;1;1;0;0;0;0;334388,232285965001211;5682891,018651319667697;6,625716050000050;51,273261974000000
39376;5220616711221787303;5;5;70;16;2022;6;14;5;3;0;1;0;0;1;0;0;0;0;0;411771,806953397986945;5734892,640474149957299;7,721679242000050;51,757970595000103
39380;5220618516600595445;5;1;58;4;2022;6;14;7;3;3;6;0;0;1;1;0;0;0;0;354394,086999805003870;5676304,726999349892139;6,914989861000040;51,219540086000102
39384;5220605702100555909;5;5;15;0;2022;6;4;1;3;0;1;0;0;1;0;0;0;0;0;406756,637464642990381;5757059,538014380261302;7,643055261000030;51,956408886000098
39391;5220611601400172256;5;3;15;0;2022;6;13;7;2;1;6;0;0;1;0;0;0;0;0;356487,327999816974625;5646839,456999380141497;6,956648847000050;50,955277274000103
39392;5220604410120196901;5;7;70;32;2022;6;17;7;3;0;1;0;0;1;0;0;0;0;0;493228,371000002021901;5788499,699999679811299;8,900814368000059;52,246858229000097
39397;5220610400100938704;5;7;11;0;2022;6;16;6;2;0;7;0;0;1;0;0;0;0;0;467756,115577413002029;5772027,325210389681160;8,529290185000040;52,097862183000103
39398;5220603301103694423;5;9;13;0;2022;6;7;6;3;5;3;0;0;1;1;0;0;0;0;393052,321197797020432;5703306,905362470075488;7,460192181000020;51,470807313000101
39407;5220603515211991743;5;1;54;56;2022;6;5;6;3;5;3;1;0;1;0;0;0;0;1;311610,612281335983425;5726783,400608059950173;6,276145541000060;51,660416681000100
39408;5220622506100455122;5;1;16;0;2022;6;8;4;3;5;2;0;0;1;1;0;0;0;0;316016,794999401026871;5669065,816997780464590;6,369707377000050;51,143440272000099
39415;5220618706300753747;5;5;58;44;2022;6;19;7;3;5;3;0;0;1;1;0;0;0;0;395796,522924014017917;5746288,521845229901373;7,486870203000020;51,857653726000102
39417;5220609705000991746;5;5;54;64;2022;6;13;5;3;5;3;0;1;1;1;0;0;0;0;357438,096999827015679;5750962,532999389804900;6,928280781000070;51,891171784999997
39418;5220602607200436877;5;3;82;20;2022;6;7;5;3;5;3;0;0;1;1;0;0;0;0;379817,572408060019370;5625761,144092399626970;7,295578391000050;50,771148637000103
39423;5220614316100394333;5;9;74;32;2022;6;12;3;2;4;6;0;0;1;0;0;0;0;0;439210,489999997022096;5703932,457999640144408;8,124544028000059;51,483274505000097
39425;5220612407102396954;5;7;62;20;2022;6;16;1;2;0;1;0;0;1;0;0;0;0;0;527656,558233779971488;5740840,273057259619236;9,401233115000030;51,817713939999997
39427;5220622316100768354;5;9;74;40;2022;6;15;4;3;5;3;0;0;1;1;0;0;0;0;439069,310999997018371;5710240,462999640032649;8,121420796000050;51,539972396000103
39429;5220620501316191462;5;1;12;0;2022;6;9;2;3;5;2;0;0;1;1;0;0;0;0;345862,937999744026456;5700231,520999180153012;6,782573773000020;51,432289893000103
39432;5220622709700291641;5;5;66;20;2022;6;11;4;3;0;1;0;0;1;0;0;0;0;0;405617,792699083976913;5803370,056714169681072;7,613609497000030;52,372460174000103
39434;5220623515210095885;5;1;54;52;2022;6;13;5;3;3;1;0;0;1;0;0;0;0;0;307076,567463292973116;5706804,800646989606321;6,221639360000040;51,479451073000099
39442;5220603600360627257;5;3;82;12;2022;6;7;6;3;5;3;0;0;1;1;0;0;0;0;354235,025734167022165;5626670,644046219997108;6,932637415000040;50,773458341999998
39448;5220621711421996294;5;5;70;20;2022;6;14;3;3;1;5;0;0;1;0;0;0;1;0;427626,674217324994970;5743387,300470840185881;7,949578083000060;51,836609035000002
39449;5220615603208690880;5;3;66;8;2022;6;10;4;3;0;7;0;0;1;0;1;0;0;0;336202,681999641004950;5583767,468998960219324;6,695992927000020;50,383126703000102
39452;5220603410230196816;5;7;70;4;2022;6;7;6;3;5;3;0;0;1;1;0;0;0;0;485461,826000000000931;5787839,977999689988792;8,787084983000060;52,240776606000097
39459;5220612601200090379;5;3;15;0;2022;6;0;1;3;0;7;2;0;1;0;0;0;0;0;354723,006999804987572;5643057,199999350123107;6,933053671000040;50,920845079000102
39463;5220603505200074017;5;1;14;0;2022;6;20;6;3;4;2;0;0;1;1;0;0;0;0;335935,927065590978600;5691501,235702250152826;6,643923498000050;51,351067473000100
39466;5220613515110591772;5;1;54;4;2022;6;23;2;3;7;7;2;0;1;0;0;0;0;0;310492,479162300005555;5736641,243658809922636;6,254641355000050;51,748575138000000
39471;5220621600320090893;5;3;82;72;2022;6;16;3;3;0;2;0;0;1;1;0;0;0;0;365350,430358456971589;5611799,373303879983723;7,095612930000070;50,642482926000099
39472;5220615601200393575;5;3;15;0;2022;6;20;4;3;0;3;0;0;1;1;0;0;0;0;354607,723999804991763;5643273,424999349750578;6,931328408000070;50,922759203000098
39473;5220619501128391510;5;1;12;0;2022;6;14;1;3;5;3;0;0;1;1;0;0;0;0;342635,056999718013685;5702971,361999089829624;6,734957723000040;51,456019550000100
39474;5220613506100795947;5;1;16;0;2022;6;8;2;3;5;2;0;0;1;1;0;0;0;0;321639,025999480974860;5673496,773998180404305;6,447801051000060;51,185024167999998
39482;5220612502212316019;5;1;13;0;2022;6;15;1;3;5;2;0;0;1;1;0;0;0;0;363443,081999858026393;5698803,514999469742179;7,035863351000050;51,423966958999998
39500;5220614513210582320;5;1;62;24;2022;6;16;3;3;5;2;0;0;1;1;0;0;0;0;338113,916453764017206;5670985,884958390146494;6,684457118000070;51,167367413000100
39501;5220611501311373920;5;1;12;0;2022;6;16;7;3;0;5;0;0;1;1;0;0;0;0;344839,695279796025716;5700562,412701300345361;6,767720337000070;51,434983688999999
39502;5220604506100991430;5;1;16;0;2022;6;13;7;3;1;5;0;0;1;1;0;0;0;0;321163,252605402027257;5671264,122101579792798;6,442111080000070;51,164819045000101
39504;5220621601600893460;5;3;15;0;2022;6;16;3;3;5;3;0;0;1;1;0;0;0;0;366281,624999871011823;5642803,591999479569495;7,097497211000070;50,921360329000002
39505;5220615606100181682;5;3;78;12;2022;6;16;4;2;5;3;0;0;1;1;0;0;0;0;376811,855627927987371;5653569,631258989684284;7,243592641000020;51,020473428000102
39511;5220620518200895971;5;1;70;24;2022;6;14;2;3;5;2;0;0;1;1;0;0;0;0;335911,855999652994797;5702735,576998869888484;6,638382837000050;51,451992672000102
39512;5220614709110696559;5;5;66;12;2022;6;16;3;3;0;6;0;0;1;0;0;0;0;0;404557,061999977973755;5772137,159999670460820;7,606850469000050;52,091557447000099
39513;5220617701400841218;5;5;12;0;2022;6;16;6;3;1;5;0;0;1;1;0;0;0;0;357549,427999824983999;5712204,048999399878085;6,945744923000060;51,542933380000100
39515;5220612502325971930;5;1;13;0;2022;6;2;1;3;1;7;2;0;1;1;0;0;0;0;361788,979999851027969;5705346,707999450154603;7,009530818000030;51,482365614000102
39516;5220608709300796527;5;5;66;84;2022;6;18;4;3;0;1;0;1;1;0;0;0;0;0;391974,445986805018038;5778053,869803669862449;7,421379333000060;52,142420096000102
39520;5220616410120096821;5;7;70;32;2022;6;0;5;3;9;1;2;0;1;0;0;0;0;0;499340,120397406979464;5789372,190459890291095;8,990332877000069;52,254743688000097
39522;5220611404301068059;5;7;66;36;2022;6;20;7;3;0;1;0;0;1;0;0;0;0;0;500150,635678749007639;5774470,211142130196095;9,002200164000040;52,120765276999997
39526;5220619411232237611;5;7;74;32;2022;6;19;1;3;0;7;0;0;1;0;0;0;0;0;479735,368600760994013;5737259,668342409655452;8,706214282000079;51,785837162000099
39533;5220614307000680541;5;9;62;32;2022;6;20;3;2;0;7;0;0;1;0;0;0;0;0;405944,160696021979675;5673417,493916629813612;7,653641999000060;51,204407183000100
39536;5220604608332580716;5;3;34;32;2022;6;15;7;3;8;1;0;0;1;0;0;0;0;0;307708,296666149981320;5626204,469212619587779;6,273700365000020;50,755716425000102
39537;5220622303100069762;5;9;15;0;2022;6;17;4;3;5;3;0;0;1;1;0;0;0;0;418246,647999989974778;5726091,194999650120735;7,817535230000030;51,679832921000099