OBJECTID;UIDENTSTLAE;ULAND;UREGBEZ;UKREIS;UGEMEINDE;UJAHR;UMONAT;USTUNDE;UWOCHENTAG;UKATEGORIE;UART;UTYP1;ULICHTVERH;IstStrassenzustand;IstRad;IstPKW;IstFuss;IstKrad;IstGkfz;IstSonstige;LINREFX;LINREFY;XGCSWGS84;YGCSWGS84
39540;5220610606400490444;5;3;78;24;2022;6;14;6;2;5;3;0;0;1;1;0;0;0;0;377282,817999915976543;5643931,263999549672008;7,253557904000050;50,933941163000000
39548;5220618608416533507;5;3;34;16;2022;6;11;7;3;0;1;0;0;1;0;0;0;0;0;296319,729043176979758;5634271,122629960067570;6,107976437000050;50,824282030000099
39552;5220606406120290779;5;7;58;16;2022;6;15;2;3;5;3;0;0;1;1;0;0;0;0;473962,884000001009554;5780544,835999679751694;8,619244443000071;52,174766224999999
39556;5220617506100895997;5;1;16;0;2022;6;16;6;3;0;1;0;0;1;0;0;0;0;0;324804,909999521973077;5670773,794998380355537;6,494382304000060;51,161540958000003
39561;5220621702100076728;5;5;15;0;2022;6;18;3;3;5;2;0;0;1;1;0;0;0;0;406322,628999979002401;5756457,540999660268426;7,636905299000030;51,950924902000096
39568;5220620702100291803;5;5;15;0;2022;6;14;2;3;6;4;0;0;1;0;1;0;0;0;404675,461584659991786;5758303,293240440078080;7,612432785000070;51,967235365000100
39572;5220612500100190719;5;1;11;0;2022;6;19;1;3;0;5;0;0;1;1;0;0;0;0;345470,795076048991177;5675992,367366139777005;6,787446226000040;51,214388036000102
39574;5220608300100993920;5;9;11;0;2022;6;10;4;3;6;4;0;0;1;0;1;0;0;0;376171,518098386994097;5705420,135045040398836;7,216523426000040;51,486357418000097
39580;5220613601500193486;5;3;15;0;2022;6;7;2;3;5;3;0;1;1;1;0;0;0;0;359947,054999836022034;5648940,793999419547617;7,005067571000040;50,975013384000100
39589;5220610301101094369;5;9;13;0;2022;6;14;6;3;0;3;0;0;1;0;0;0;0;1;394237,969784340006299;5707028,089346280321479;7,476141526000050;51,504478289000097
39591;5220608607400750902;5;3;82;44;2022;6;12;4;3;5;3;0;1;1;0;0;1;0;0;363121,860999853990506;5627873,782999450340867;7,058150356000060;50,786437106000101
39593;5220603706200420577;5;5;58;12;2022;6;8;6;3;3;6;0;0;1;1;0;0;0;0;373713,096999906003475;5756461,086999570019543;7,162633969000070;51,944509395000097
39595;5220618301301294447;5;9;78;24;2022;6;16;7;3;5;2;0;0;1;1;0;0;0;0;398715,251795458025299;5716254,234610020183027;7,537972762000040;51,588229820000002
39597;5220608705000696551;5;5;54;12;2022;6;5;4;3;0;1;0;0;1;0;0;0;0;0;352345,579938740993384;5746421,151053530164063;6,856272761000070;51,849042498000102
39601;5220616411220896951;5;7;74;20;2022;6;16;5;2;5;3;0;0;1;0;0;1;0;0;474581,641000000003260;5736619,065999659709632;8,631546733000050;51,779867015000001
39604;5220623705000596695;5;5;54;4;2022;6;7;5;3;0;6;0;0;1;1;0;0;0;0;362281,701999854994938;5776667,497999460436404;6,988287231000070;52,123359642000104
39607;5220618709300670597;5;5;66;96;2022;6;22;7;2;0;1;1;0;1;0;0;0;0;0;385910,283000157971401;5786096,412999809719622;7,330095595000050;52,213478262000102
39609;5220611709700076657;5;5;66;28;2022;6;17;7;3;3;6;0;0;1;0;0;0;0;0;414578,804062256996986;5792141,124218979850411;7,748055054000080;52,273001573999998
39610;5220609601400090407;5;3;15;0;2022;6;8;5;3;7;1;0;0;1;0;0;0;0;0;357945,557999824988656;5647115,213999389670789;6,977289773000050;50,958116781999998
39611;5220602602400615037;5;3;62;32;2022;6;19;5;3;5;3;0;0;1;1;0;0;0;0;333928,523999621975236;5638700,055998849682510;6,639430698000070;50,876086513000097
39613;5220603606100681786;5;3;78;4;2022;6;16;6;3;5;3;0;0;1;1;0;0;0;0;368937,744630258996040;5651423,925424120388925;7,132161119000050;50,999447503000098
39614;5220614301301494457;5;9;78;24;2022;6;10;3;3;5;2;0;0;1;1;0;0;0;0;397854,362693997973111;5718262,712101809680462;7,524965567000040;51,606127802000103
39622;5220607514219060576;5;1;66;36;2022;6;7;3;3;0;3;0;0;1;1;0;0;0;0;327327,739789611019660;5679843,302446289919317;6,526063860000020;51,243786657999998
39624;5220607700000381235;5;5;13;0;2022;6;17;3;3;0;1;0;0;1;0;0;0;0;0;367574,466625066008419;5709291,092665250413120;7,091320042000060;51,519196944999997
39625;5220605407140790712;5;7;62;16;2022;6;12;1;3;5;3;0;1;1;0;0;0;0;0;512540,497271339991130;5730321,969759279862046;9,181555869000020;51,723684772000098
39626;5220622500200872006;5;1;11;0;2022;6;17;4;3;0;2;0;0;1;1;0;0;0;0;354565,417426456988323;5680711,773347260430455;6,915651820000050;51,259186266000000
39627;5220616518120376203;5;1;70;44;2022;6;20;5;2;0;1;0;0;1;0;0;0;0;0;336955,700218376994599;5722041,837279099971056;6,644450677000070;51,625743396000097
39628;5220623406130033678;5;7;58;8;2022;6;16;5;2;0;7;0;0;1;0;0;0;0;0;469384,336000000999775;5776491,214999680407345;8,552657258000069;52,138087299000098
39629;5220610607100273859;5;3;82;68;2022;6;0;6;3;2;2;2;1;1;1;0;0;0;0;371167,302411612006836;5630755,873107790015638;7,171213524000050;50,814185749000004
39633;5220619407315090684;5;7;62;36;2022;6;9;1;2;2;2;0;0;1;1;0;0;0;0;502181,598648321989458;5708859,735407009720802;9,031450603000049;51,530842442999997
39635;5220609701300395167;5;5;62;14;2022;6;14;5;3;3;2;0;1;1;1;0;0;0;0;361320,761999848997220;5714150,591999440453947;6,999327060000040;51,561364619000102
39639;5220614302000193831;5;9;14;0;2022;6;15;3;3;5;3;0;0;1;1;0;0;0;0;388259,391999949002638;5688792,455999599769711;7,395785542000060;51,339420316000002
39640;5220617600320453691;5;3;82;72;2022;6;17;6;3;5;3;0;0;1;1;0;0;0;0;366924,058444778027479;5612911,631601990200579;7,117456733000040;50,652841618000103
39641;5220612405116090679;5;7;54;16;2022;6;13;1;2;2;6;0;0;1;1;0;0;0;0;446239,615999999979977;5758368,263999669812620;8,217355980000040;51,973393985000001
39654;5220618514217091595;5;1;66;36;2022;6;19;7;3;5;3;0;0;1;1;0;0;0;0;329041,260592213016935;5683073,914839229546487;6,549046091000040;51,273326146000002
39657;5220608410220682124;5;7;70;8;2022;6;20;4;3;5;3;0;0;1;1;0;0;0;0;474709,163561579014640;5804215,993881209753454;8,628381504000060;52,387612673000000
39659;5220603601200093488;5;3;15;0;2022;6;19;6;2;0;6;0;0;1;0;0;0;0;0;353546,074169824016280;5642824,047952840104699;6,916414120000070;50,918452295000101
39661;5220613610212433035;5;3;70;40;2022;6;6;2;3;5;3;0;1;1;1;0;0;0;0;307409,984712191973813;5673679,417021510191262;6,244340379000050;51,182048618000103
39662;5220617502307677717;5;1;13;0;2022;6;1;6;3;0;1;2;0;1;0;0;0;0;0;359522,132999837980606;5703056,549999419599771;6,977816553000030;51,461227419000103
39671;5220608610211056746;5;3;70;4;2022;6;8;4;3;5;3;0;0;1;1;0;0;0;0;311497,132710925012361;5661861,991509320214391;6,308931480000070;51,077262513999997
39674;5220620610111491021;5;3;70;16;2022;6;6;2;3;0;3;1;1;1;1;0;0;0;0;295566,883999039011542;5656365,259995399974287;6,084917493000030;51,022444630999999
39677;5220608513320595610;5;1;62;4;2022;6;15;4;2;6;4;0;1;1;0;1;0;0;0;346816,302036860026419;5658817,286601929925382;6,813999512000070;51,060420183000097
39681;5220605502338177713;5;1;13;0;2022;6;9;1;3;0;1;0;0;1;0;0;0;0;0;363719,343999859003816;5704753,140999469906092;7,037542641000070;51,477499948999998
39684;5220616605112546888;5;3;74;12;2022;6;18;5;2;8;1;0;0;1;0;0;0;0;0;403247,913243380025961;5657744,404001450166106;7,619267636000070;51,063060892000102
39690;5220621602100567462;5;3;62;8;2022;6;16;3;3;3;6;0;0;1;1;0;0;0;0;333180,973935311019886;5647071,778227030299604;6,624987228000070;50,951090428999997
39691;5220615515211582176;5;1;54;16;2022;6;18;4;2;5;2;0;0;1;0;0;0;0;0;301594,579999211011454;5732413,723995899781585;6,128318563000050;51,707532035000000
39694;5220609606100081470;5;3;78;20;2022;6;0;5;3;0;1;2;1;1;0;0;0;0;0;368510,206999882007949;5653845,915999500080943;7,125193845000070;51,021118006000101
39699;5220620518200896133;5;1;70;24;2022;6;7;2;3;5;3;0;0;1;1;0;0;0;0;334274,095999638026115;5704530,962998799979687;6,613992076000050;51,467645450000099
39700;5220617700000191002;5;5;13;0;2022;6;15;6;3;5;3;0;0;1;1;0;0;0;0;367486,088999877974857;5715052,000999510288239;7,087877481000020;51,570947499000098
39701;5220612301306580602;5;9;13;0;2022;6;18;1;3;2;6;0;0;1;1;0;0;0;0;398610,167363204993308;5711743,238954509608448;7,537758015000070;51,547662981000002
39704;5220622500100176317;5;1;11;0;2022;6;23;4;3;9;6;2;0;1;0;1;0;0;0;344388,816267645976041;5677787,178980910219252;6,771187864000070;51,230221229000101
39705;5220616516000491140;5;1;58;28;2022;6;17;5;3;0;7;0;0;1;0;0;0;0;1;349622,051999772025738;5684707,434999260120094;6,843175818000020;51,293807674999996
39708;5220623605152585545;5;3;74;52;2022;6;13;5;3;4;2;0;0;1;1;0;0;0;0;391361,288268020027317;5665929,318602399900556;7,447235499000040;51,134509121000100
39710;5220615500100896238;5;1;11;0;2022;6;7;4;2;5;2;0;0;1;1;0;0;0;0;345585,638999739021529;5677264,614999179728329;6,788541316000020;51,225850829000102
39711;5220618709700276376;5;5;66;92;2022;6;17;7;3;9;1;0;0;1;0;0;0;0;0;423458,127123396028765;5799299,691749050281942;7,876535251000060;52,338656108000102
39714;5220609601100293375;5;3;15;0;2022;6;8;5;3;3;2;0;0;1;1;0;0;0;0;357008,802598197013140;5643477,453567979857326;6,965388228000050;50,925192863000099
39716;5220606601300190916;5;3;15;0;2022;6;5;2;2;3;6;0;0;1;0;0;0;0;0;354997,074255009996705;5646362,268749830313027;6,935635151000040;50,950615880000001
39719;5220617600310086538;5;3;14;0;2022;6;16;6;3;5;3;0;0;1;1;0;0;0;0;363784,394537341024261;5615936,299219050444663;7,071954908000070;50,679301366000097
39722;5220604605140916462;5;3;74;40;2022;6;18;7;2;0;1;0;0;1;0;0;0;0;0;409730,918671626015566;5642349,749901579692960;7,715586368000060;50,925715344000103
39723;5220622301201294350;5;9;13;0;2022;6;13;4;3;0;7;0;0;1;0;0;0;0;0;390220,372999952000100;5708005,842999610118568;7,417973390000040;51,512500465000102
39730;5220621316300672353;5;9;74;28;2022;6;21;3;3;1;1;0;0;1;0;0;1;0;0;454275,545518347003963;5723604,657187970355153;8,338923666000030;51,661566390000097
39732;5220618514116779479;5;1;66;16;2022;6;20;7;3;3;6;0;0;1;1;0;0;0;0;307754,513196317013353;5686485,192681429907680;6,242390516000060;51,297182609000103
39733;5220612603116619436;5;3;66;16;2022;6;17;1;3;5;2;0;0;1;0;0;0;0;0;344143,651461236004252;5613647,360788029618561;6,795122483000060;50,653804018000102
39736;5220606315240777937;5;9;70;20;2022;6;12;2;3;2;1;0;0;1;0;0;0;0;0;434647,402744780993089;5647566,070865339599550;8,069120122000070;50,975978536000099
39738;5220622605116974277;5;3;74;16;2022;6;13;4;3;6;1;0;0;1;0;1;0;0;0;384559,898138527001720;5668284,432830800302327;7,349310636000040;51,154347415000103
39741;5220617501318796039;5;1;12;0;2022;6;12;6;3;0;2;0;0;1;0;0;0;0;1;343678,632999725989066;5698806,151999119669199;6,751804876000050;51,418884698000099
39742;5220614410220096986;5;7;70;8;2022;6;19;3;3;5;3;0;0;1;1;0;0;0;0;477835,738609066989738;5800676,188535730354488;8,674555894000040;52,355924455000000
39743;5220611505200295931;5;1;14;0;2022;6;11;7;3;0;1;0;0;1;0;0;0;0;0;334156,732999634987209;5691086,214998809620738;6,618589973000040;51,346822421000098
39747;5220615701300575295;5;5;62;14;2022;6;9;4;2;5;2;0;0;1;1;0;0;0;0;360016,097999840974808;5715777,641999430023134;6,979869555000050;51,575663046000003
39751;5220606701110295081;5;5;62;32;2022;6;12;2;3;5;3;0;0;1;1;0;0;0;0;374052,158863058022689;5719173,258811320178211;7,181091524000070;51,609490510999997
39758;5220607709500196657;5;5;66;16;2022;6;8;3;3;0;1;0;1;1;0;0;0;0;0;403480,114992997027002;5795276,534685670398176;7,584543881000060;52,299345643000002
39760;5220603516400595679;5;1;58;24;2022;6;17;6;2;3;2;0;0;1;0;0;0;1;0;359930,105462172010448;5677437,018819070421159;6,993767472000060;51,231100657000098
39765;5220623516100581570;5;1;58;32;2022;6;15;5;3;5;2;0;0;1;1;0;0;0;0;362079,760176084004343;5688614,966874170117080;7,020222021000050;51,332077131000098
39766;5220621400200490765;5;7;11;0;2022;6;19;3;3;1;5;0;0;1;1;0;0;0;0;468903,908087024989072;5761923,269181350246072;8,546965268000060;52,007086401000002
39768;5220618601200080727;5;3;15;0;2022;6;11;7;3;4;1;0;0;1;0;0;0;0;0;357463,389999822014943;5642122,231999389827251;6,972381777000070;50,913125997000101
39769;5220612608100077534;5;3;34;2;2022;6;14;1;3;0;6;0;0;1;0;0;0;0;0;290255,175583009026013;5636830,619192699901760;6,020524854000030;50,845103094000102
39770;5220609410220182124;5;7;70;8;2022;6;18;5;3;0;1;0;0;1;0;0;0;0;0;474963,090664427028969;5803228,106687759980559;8,632186387000051;52,378743053999997
39774;5220622601300090332;5;3;15;0;2022;6;22;4;3;5;3;2;0;1;0;0;0;0;1;349111,687912549008615;5645119,868425450287759;6,852423003000070;50,937940780000098
39776;5220617502212080348;5;1;13;0;2022;6;14;6;2;3;6;0;0;1;1;0;0;0;0;363988,691784491005819;5699022,329831019975245;7,043622089000050;51,426064553000103
39779;5220604407233690728;5;7;62;32;2022;6;20;7;2;9;1;0;0;1;0;0;0;0;0;508755,875226292002480;5744672,194919980131090;9,127126125000069;51,852783279999997
39780;5220622300100389970;5;9;11;0;2022;6;15;4;3;2;6;0;0;1;0;0;0;0;1;375877,631722567020915;5706878,592285550199449;7,211779928000060;51,499400666000000
39785;5220607404101096992;5;7;66;20;2022;6;13;3;3;0;1;0;0;1;0;0;0;0;0;491940,902170790010132;5753319,200182730332017;8,882788241000069;51,930539919000097
39787;5220620709300187315;5;5;66;84;2022;6;12;2;3;0;1;0;0;1;0;0;0;0;0;390117,790495241992176;5776710,569978039711714;7,394692855000070;52,129981374000103
39789;5220618405108576255;5;7;54;8;2022;6;13;7;3;3;2;0;0;1;1;0;0;0;0;457614,735911683004815;5749147,435518249869347;8,384079349000050;51,891477794000103
39791;5220612411232068118;5;7;74;32;2022;6;13;1;3;2;6;0;0;1;0;0;0;0;0;477809,259000000020023;5729925,864999660290778;8,678759188000070;51,719824406999997
39799;5220611310230384900;5;9;54;12;2022;6;14;7;3;7;1;0;0;1;0;0;0;0;0;387048,358329305017833;5688251,880905729718506;7,378578122000020;51,334322085000103
39806;5220603301101080431;5;9;13;0;2022;6;13;6;3;5;2;0;0;1;1;0;0;0;0;391935,169498327013571;5706007,092928219586611;7,443287715000050;51,494865507000000
39808;5220604301302685065;5;9;13;0;2022;6;19;7;3;0;7;0;0;1;0;0;0;0;0;398732,257534753996879;5710788,554363429546356;7,539792923000050;51,539103496000102
39814;5220622303100369823;5;9;15;0;2022;6;18;4;3;0;1;0;0;1;1;0;0;0;0;420415,826859713997692;5726636,549590020440519;7,848778561000070;51,685047050000001
39816;5220620314310485203;5;9;66;20;2022;6;17;2;3;5;2;0;0;1;1;0;0;0;0;431411,398237220011652;5666275,764770950190723;8,019486538000020;51,143822792000002
39817;5220610601920093457;5;3;15;0;2022;6;14;6;3;5;2;0;0;1;1;0;0;0;0;365943,263020151003730;5634285,224952359683812;7,095810335000070;50,844721267000097
39820;5220623605108686583;5;3;74;8;2022;6;8;5;3;0;3;0;0;1;1;0;0;0;0;392035,109999957028776;5650293,615999599918723;7,461529647000020;50,994084954000101
39821;5220621515212591268;5;1;54;32;2022;6;17;3;1;9;1;0;0;1;0;0;0;0;0;311784,042243131028954;5716961,099504250101745;6,283924843000020;51,572256589000098
39824;5220612701400194971;5;5;12;0;2022;6;15;1;3;5;2;0;0;1;1;0;0;0;0;358609,319999833998736;5719742,201999410055578;6,957984470000040;51,610937002000099
39826;5220609601300393416;5;3;15;0;2022;6;22;5;2;5;3;1;0;1;0;0;1;0;0;353036,005999792017974;5644916,191999330185354;6,908319219000020;50,937123913999997
39830;5220613702100076683;5;5;15;0;2022;6;15;2;3;3;6;0;0;1;0;0;0;0;0;405690,949902686988935;5758062,320497769862413;7,627276055000040;51,965242617000101
39831;5220617518400795959;5;1;70;8;2022;6;19;6;3;5;3;0;0;1;0;0;0;0;0;342266,649479549028911;5714449,620839430019259;6,724525648000050;51,559044997999997
39832;5220614601400190321;5;3;15;0;2022;6;14;3;3;5;3;0;0;1;1;0;0;0;0;354520,002999803982675;5653116,913999349810183;6,926144389000060;51,011197242000001
39835;5220621701500365815;5;5;62;24;2022;6;15;3;3;5;2;0;0;1;1;0;0;0;0;369769,960574354976416;5725124,413239190354943;7,117070283000030;51,661997380999999
39845;5220618502407677733;5;1;17;0;2022;6;10;7;3;1;1;0;0;1;1;0;0;0;0;351778,374971405020915;5698368,601561820134521;6,868388346000070;51,417128723000097
39846;5220612602500894922;5;3;62;24;2022;6;18;1;3;5;3;0;0;1;1;0;0;0;0;346299,969999741006177;5641234,887999200262129;6,814072115000040;50,902287532000102
39851;5220622601300893462;5;3;15;0;2022;6;9;4;2;5;3;0;0;1;1;0;0;0;0;347495,111208448011894;5645729,461972390301526;6,829176824000060;50,942993419000103
39852;5220616601400890460;5;3;15;0;2022;6;23;5;2;4;7;2;0;1;0;0;0;0;1;357853,904500801989343;5646658,928238670341671;6,976163785000040;50,953993562000100
39856;5220611600360886353;5;3;82;12;2022;6;11;7;3;5;3;0;0;1;1;0;0;0;0;356427,346999815024901;5625447,614999369718134;6,964186951000040;50,763013574000098
39857;5220604404302687366;5;7;66;8;2022;6;21;7;3;0;5;1;0;1;1;0;0;0;0;481665,054000000003725;5769247,626999679952860;8,732484899000040;52,073506479999999
39858;5220624302100079450;5;9;14;0;2022;6;17;6;3;0;3;0;0;1;1;0;0;0;0;391939,857267774001230;5693852,587334729731083;7,447065529000040;51,385615553999997
39864;5220607303200895237;5;9;15;0;2022;6;6;3;2;3;2;0;0;1;1;0;0;0;0;415119,413999987009447;5728027,655999650247395;7,771843468000040;51,696776534999998
39866;5220615301101694396;5;9;13;0;2022;6;17;4;3;0;3;0;0;1;1;0;0;0;0;393191,804729897005018;5707750,328693360090256;7,460855048000040;51,510773360000002
39868;5220608601000371654;5;3;15;0;2022;6;8;4;3;5;3;0;0;1;1;0;0;0;0;358189,424408821971156;5644782,168132189661264;6,981668417000040;50,937209780000003
39876;5220611405140496823;5;7;54;40;2022;6;22;7;3;0;6;1;0;1;0;0;0;0;0;461030,039162204018794;5763403,605519790202379;8,432088940000030;52,019898380000001
39877;5220623608416789905;5;3;34;16;2022;6;9;5;3;0;2;0;0;1;1;0;0;0;0;297401,752710365981329;5641104,175222950056195;6,119538211000080;50,886031744000000
39879;5220615513130681475;5;1;62;22;2022;6;11;4;3;5;2;0;0;1;1;0;0;0;0;338329,888999674003571;5680919,044998969882727;6,683066681000070;51,256676228000103
39882;5220609702100364121;5;5;15;0;2022;6;15;5;3;0;1;0;0;1;0;0;0;0;0;402578,313999975973275;5757598,632999660447240;7,582116088000020;51,960538106999998
39883;5220602702100842871;5;5;15;0;2022;6;13;5;3;0;7;0;0;1;0;0;0;0;0;406136,626999979023822;5750910,901999659836292;7,635712302000060;51,901037477999999
39884;5220606518100696116;5;1;70;48;2022;6;12;2;3;5;7;0;0;1;1;0;0;0;0;336692,120801287004724;5727126,908210589550436;6,638272163000070;51,671350543000102
39887;5220614314130193877;5;9;66;28;2022;6;15;3;2;5;3;0;0;1;1;0;0;0;0;423411,641999993007630;5646607,155999610200524;7,909309094000040;50,965972195000099
39888;5220617516500878832;5;1;58;16;2022;6;14;6;3;0;7;0;0;1;0;0;0;0;0;354704,300999804981984;5670304,179999349638820;6,921856787000020;51,165696552000000
39894;5220610601300687659;5;3;15;0;2022;6;22;6;3;0;6;2;0;1;0;0;0;0;0;353209,275999795994721;5645205,333999330177903;6,910667059000050;50,939766452000100
39896;5220622706000596562;5;5;58;40;2022;6;16;4;3;0;1;0;0;1;1;0;0;0;0;369997,961844343983103;5761189,939473999664187;7,106823196000050;51,986147662000100
39897;5220617404101421538;5;7;66;20;2022;6;10;6;2;5;2;0;0;1;0;0;0;0;0;488409,522999999986496;5752611,242999670095742;8,831451806000080;51,924112315000102
39900;5220615502406079354;5;1;17;0;2022;6;14;4;3;5;3;0;0;1;1;0;0;0;0;353787,396999801974744;5696955,349999330006540;6,897842244000060;51,404951213000103
39902;5220612709300387329;5;5;66;84;2022;6;14;1;3;8;1;0;0;1;0;0;0;0;0;390145,877999952004757;5775418,617999640293419;7,395520163000070;52,118375877000098
39904;5220623608332848369;5;3;34;32;2022;6;20;5;2;0;1;0;0;1;0;0;0;0;0;306321,390999221999664;5621999,999997019767761;6,256270025000050;50,717488350000103
39906;5220615514114589856;5;1;66;24;2022;6;13;4;3;1;5;0;0;1;1;0;0;0;0;307647,718710795976222;5678090,012360120192170;6,245374219000040;51,221743711999999
39908;5220613503100095520;5;1;24;0;2022;6;12;2;3;0;1;0;1;1;0;0;0;0;0;369614,128167208982632;5670000,357573740184307;7,135092028000030;51,166559104999997
39911;5220606514117085747;5;1;66;16;2022;6;19;2;2;0;1;0;0;1;0;0;0;0;0;307201,823755997989792;5689463,010803950019181;6,232863085000080;51,323741112999997
39914;5220617709700076770;5;5;66;48;2022;6;19;6;3;0;7;0;0;1;0;0;0;0;0;426690,815999993996229;5794576,216999690048397;7,925004062000030;52,296638917999999
39915;5220612407102790728;5;7;62;20;2022;6;16;1;2;0;1;0;0;1;0;0;0;0;0;526297,895051631960087;5741248,960114610381424;9,381553554000050;51,821454052000000
39916;5220607702100274771;5;5;15;0;2022;6;18;3;3;5;2;0;0;1;0;0;0;0;0;406719,328999978024513;5757662,142999660223722;7,642348849000030;51,961819140999999
39923;5220622705000518559;5;5;54;20;2022;6;8;4;3;5;2;0;0;1;0;0;0;0;0;365631,052585561992601;5786848,815332110039890;7,033149757000050;52,215667186000097
39927;5220615500300501983;5;1;11;0;2022;6;15;4;3;1;5;0;0;1;1;0;0;0;0;345274,491792969987728;5676195,859250510111451;6,784550009000040;51,216163344000101
39934;5220613705000020869;5;5;54;4;2022;6;17;2;3;5;2;0;0;1;0;0;0;0;0;359108,954967027995735;5775848,583538779988885;6,942312485000060;52,115202226000100
39935;5220617601200086379;5;3;15;0;2022;6;19;6;3;3;5;0;0;1;1;1;0;0;0;353594,898301967012230;5644202,738255820237100;6,916554690000050;50,930854516000103
39938;5220604602250389865;5;3;62;16;2022;6;15;7;2;6;7;0;0;1;0;1;0;0;0;327952,098828245012555;5648003,971488170325756;6,550174507000070;50,957928651000003
39942;5220610600140869526;5;3;14;0;2022;6;9;6;3;0;7;0;0;1;0;0;0;0;0;367092,699981748010032;5622509,436844860203564;7,116387845000080;50,739146305000098
39943;5220603411232078071;5;7;74;32;2022;6;13;6;3;0;1;0;0;1;0;0;0;0;0;479079,125999999989290;5731392,681999660097063;8,697053794000061;51,733061744000103
39944;5220607317240018494;5;9;78;40;2022;6;7;3;3;0;7;0;0;1;0;0;0;0;0;405497,287999977008440;5725059,607999639585614;7,633462797000050;51,668559456000096
39945;5220623501128591553;5;1;12;0;2022;6;10;5;3;0;3;0;0;1;1;0;0;0;0;343043,897999720007647;5702786,982999100349844;6,740919292000060;51,454476432000000
39950;5220612603116381265;5;3;66;16;2022;6;16;1;3;5;3;0;0;1;1;0;0;0;0;341270,235096595017239;5612536,907466880045831;6,754981474000030;50,643049442000098
39951;5220609500300274543;5;1;11;0;2022;6;16;5;3;1;5;0;0;1;1;0;0;0;0;347912,258713071991224;5675087,601515440270305;6,822759481000050;51,206913575000002
39953;5220605506100472044;5;1;16;0;2022;6;23;1;3;0;1;2;1;1;0;0;0;0;0;321567,891999481013045;5675070,168998169712722;6,446002541000040;51,199136194000097
39960;5220611516900691365;5;1;58;26;2022;6;18;7;3;0;7;0;0;1;0;0;0;0;0;351832,567999785998836;5665033,254999300464988;6,882981099000060;51,117594695000001
39961;5220604410110378205;5;7;70;24;2022;6;17;7;3;5;7;0;0;1;1;0;0;0;0;492976,048999999999069;5795299,203999689780176;8,896976906000020;52,307986133999997
39962;5220624307000853631;5;9;62;24;2022;6;18;6;2;5;3;0;0;1;1;0;0;0;0;409153,241999980993569;5694949,220999630168080;7,694083200000020;51,398490504999998
39964;5220615602700785767;5;3;62;28;2022;6;20;4;3;4;6;0;0;1;0;0;0;0;0;351672,479678722971585;5637782,968652410432696;6,891825051000070;50,872671773999997
39965;5220619702000091832;5;5;15;0;2022;6;22;1;3;0;7;1;0;1;0;0;0;0;0;406917,615457846026402;5755809,880497540347278;7,645735681000080;51,945203284000101
39971;5220614709500079230;5;5;66;60;2022;6;10;3;1;5;3;0;0;1;1;0;0;0;0;390082,407507184019778;5786700,765015129931271;7,390939113000060;52,219757708000003
39973;5220612407201878153;5;7;62;4;2022;6;13;1;3;0;7;0;0;1;1;0;0;0;0;502927,042562165996060;5731587,806053359992802;9,042387203000031;51,735198982000000
39979;5220623307000695831;5;9;62;48;2022;6;18;5;3;0;3;0;0;1;1;0;0;0;0;414859,802956393978093;5681876,110427250154316;7,779220316000020;51,281849456000003
39982;5220621516300789351;5;1;58;28;2022;6;18;3;3;5;3;0;0;1;1;0;0;0;0;348538,895290559972636;5684146,995152049697936;6,827890101000040;51,288484722000099
39984;5220619404101374621;5;7;66;4;2022;6;10;1;2;0;7;0;0;1;0;0;0;0;0;483664,199000000022352;5752408,692999670282006;8,762455678000039;51,922172162000003
39994;5220622315220668139;5;9;70;4;2022;6;18;4;2;0;7;0;0;1;0;0;0;0;0;458136,199754689994734;5656623,676550080068409;8,402623143000030;51,059611324000102
39998;5220607600110095361;5;3;14;0;2022;6;8;3;3;2;6;0;0;1;1;0;0;0;0;364968,906425525026862;5620429,987533840350807;7,087067972000060;50,719966475000000
40001;5220623601700381716;5;3;16;0;2022;6;12;5;3;5;3;0;0;1;1;0;0;0;0;355781,721033265988808;5658229,204199889674783;6,942083368000060;51,057457342000099
40014;5220614603140386533;5;3;66;40;2022;6;12;3;3;0;1;0;0;1;0;0;0;0;0;348261,967999758024234;5625968,276999250054359;6,848274656000060;50,765614743000100
40026;5220614711211002599;5;5;70;4;2022;6;17;3;3;5;3;0;0;1;0;0;0;0;0;423994,335455439984798;5736905,326597589999437;7,898290466000050;51,777856203000098
40028;5220608518310595967;5;1;70;32;2022;6;13;4;3;5;3;0;1;1;1;0;0;0;0;335382,079999650013633;5712161,996998840011656;6,626368406000040;51,536526132000098
40029;5220612600110471624;5;3;14;0;2022;6;10;1;3;0;2;0;0;1;1;0;0;0;0;366346,018450444971677;5622365,513658050447702;7,105863946000060;50,737681355000099
40033;5220603505100085912;5;1;14;0;2022;6;14;6;3;3;6;0;0;1;1;0;0;0;0;329921,414999587985221;5688715,078998619690537;6,558964120000040;51,324269045999998
40036;5220623500100171802;5;1;11;0;2022;6;6;5;3;5;3;0;0;1;1;0;0;0;0;340902,490894660993945;5678121,625647920183837;6,721146772000050;51,232265046000101
40038;5220611316100594309;5;9;74;24;2022;6;16;7;3;0;6;0;0;1;1;0;0;0;0;437614,588950450997800;5721061,525891520082951;8,098523906000031;51,637100017000101
40039;5220609518310089620;5;1;70;32;2022;6;12;5;3;5;3;0;0;1;1;0;0;0;0;333656,876999634027015;5710816,016998769715428;6,602151655000060;51,523928437000102
40043;5220622701110786132;5;5;62;32;2022;6;9;4;3;4;6;0;0;1;0;0;0;0;0;377798,204999918001704;5720686,686999579891562;7,234635168000070;51,623917630000101