OBJECTID;UIDENTSTLAE;ULAND;UREGBEZ;UKREIS;UGEMEINDE;UJAHR;UMONAT;USTUNDE;UWOCHENTAG;UKATEGORIE;UART;UTYP1;ULICHTVERH;IstStrassenzustand;IstRad;IstPKW;IstFuss;IstKrad;IstGkfz;IstSonstige;LINREFX;LINREFY;XGCSWGS84;YGCSWGS84
40045;5220617514110085747;5;1;66;32;2022;6;17;6;3;5;3;0;0;1;1;0;0;0;0;320074,157999461982399;5678532,108998069539666;6,422908337000020;51,229766640000001
40048;5220604501115896086;5;1;12;0;2022;6;13;7;2;0;1;0;0;1;1;0;0;0;0;344724,364999737008475;5707684,512999139726162;6,762933898000030;51,498943656999998
40050;5220615606100978223;5;3;78;4;2022;6;9;4;3;5;3;0;0;1;0;0;0;0;0;369266,199999884993304;5649158,431999499909580;7,137654744000030;50,979160514999997
40051;5220620300700594247;5;9;16;0;2022;6;7;2;3;2;2;0;1;1;1;0;0;0;0;372477,845999900018796;5709860,737999539822340;7,161747532000050;51,525444677999999
40062;5220608307000690161;5;9;62;32;2022;6;18;4;3;0;1;0;1;1;0;0;0;0;0;405985,669919130974449;5676364,143062059767544;7,653463353000060;51,230903447999999
40067;5220613607500053674;5;3;82;56;2022;6;17;2;3;5;3;0;0;1;1;0;0;0;0;370928,128999891981948;5627204,463999509811401;7,169068421000080;50,782211673000099
40073;5220615600140067674;5;3;14;0;2022;6;8;4;3;5;2;0;0;1;1;0;0;0;0;370099,181870060972869;5623979,201881339773536;7,158454765000040;50,753037227999997
40076;5220610500200091260;5;1;11;0;2022;6;13;6;3;0;6;0;0;1;0;0;0;0;0;350726,181287190993316;5678303,423703430220485;6,861673329000040;51,236552936000102
40081;5220614706200472440;5;5;58;20;2022;6;10;3;3;0;1;0;0;1;0;0;0;0;0;391192,500182327989023;5759295,400074779987335;7,415933107000060;51,973676433999998
40087;5220622501213991547;5;1;12;0;2022;6;12;4;3;5;7;0;0;1;1;0;0;0;0;340039,408965745009482;5698537,993790159933269;6,699631811000070;51,415460256000102
40088;5220616516400778835;5;1;58;24;2022;6;13;5;3;0;7;0;0;1;0;0;0;0;0;361285,159288191993255;5682701,552302650175989;7,011122456000070;51,278742362000102
40090;5220610701500695049;5;5;62;24;2022;6;13;6;3;5;3;0;0;1;1;0;0;0;0;369625,697156399022788;5725086,001277440227568;7,114999996000050;51,661618739000097
40093;5220615500200190047;5;1;11;0;2022;6;18;4;3;4;6;0;0;1;0;0;0;0;0;350793,624999778985512;5679437,320999289862812;6,862166261000030;51,246759622000098
40096;5220612300000975669;5;9;54;36;2022;6;3;1;3;0;1;2;0;1;0;0;0;0;0;383342,412999935972039;5699990,861999589949846;7,321546725000080;51,439084342000100
40097;5220609605152593568;5;3;74;52;2022;6;16;5;2;5;3;0;0;1;1;0;0;0;0;387170,945563683984801;5663601,800446390174329;7,388096679000060;51,112777317000102
40098;5220602602500815064;5;3;62;24;2022;6;14;5;3;5;3;0;0;1;1;0;0;0;0;344098,426964194979519;5645243,778250990435481;6,781073078000080;50,937720712000001
40101;5220614303100523290;5;9;15;0;2022;6;17;3;2;4;2;0;0;1;1;0;0;0;0;422801,543999989982694;5728011,164999649859965;7,882977706000080;51,697737547000003
40112;5220623516100078852;5;1;58;32;2022;6;9;5;3;5;3;0;0;1;1;0;0;0;0;366012,687801959982608;5689892,428663269616663;7,076161946000070;51,344497887999999
40113;5220621317130794293;5;9;78;12;2022;6;11;3;3;6;4;0;0;1;0;1;0;0;0;410003,988965693977661;5703551,657975119538605;7,704122564000040;51,475957951000098
40115;5220618602600594926;5;3;62;20;2022;6;10;7;3;4;2;0;0;1;1;0;0;0;0;346043,443999738025013;5629841,806999200023711;6,815216769000070;50,799838997000101
40118;5220608405108096858;5;7;54;8;2022;6;14;4;3;5;3;0;0;1;1;0;0;0;0;460499,193447784986347;5751341,601724909618497;8,425740952000069;51,911416690000102
40124;5220614501318891364;5;1;12;0;2022;6;16;3;3;3;2;0;0;1;1;0;0;0;0;343860,344549440022092;5699055,072910030372441;6,754306416000080;51,421171313999999
40125;5220611500300071844;5;1;11;0;2022;6;18;7;3;0;7;0;0;1;0;0;0;0;0;345107,319403782021254;5676434,917419720441103;6,782055000000070;51,218266060000097
40127;5220624411220796794;5;7;74;32;2022;6;10;6;3;3;2;0;0;1;1;0;0;0;0;478033,357856134010945;5731867,223009360022843;8,681880764000031;51,737288440999997
40135;5220621300700751366;5;9;16;0;2022;6;9;3;2;1;5;0;0;1;1;0;0;0;0;373469,292980074998923;5708712,695271880365908;7,176443823000060;51,515350071999997
40139;5220612516300895631;5;1;58;28;2022;6;21;1;2;3;2;0;0;1;1;0;0;0;0;348868,810958257992752;5687599,815936730243266;6,831155303000060;51,319597983000101
40144;5220622502232589623;5;1;13;0;2022;6;8;4;3;5;3;0;0;1;1;0;0;0;0;366298,827999870991334;5693945,017999489791691;7,078744211000070;51,380985418000101
40145;5220616600140686294;5;3;14;0;2022;6;19;5;2;0;7;0;0;1;0;0;0;0;0;371594,018924920994323;5619307,811746889725327;7,181262080000070;50,711381643999999
40147;5220611300800893911;5;9;54;36;2022;6;12;7;3;1;5;0;0;1;1;0;0;0;0;384456,510793744004332;5698144,234306500293314;7,338171336000070;51,422715111999999
40153;5220613400100176295;5;7;11;0;2022;6;17;2;3;5;3;0;0;1;1;0;0;0;0;467237,295761933026370;5766372,821482639759779;8,522259422000049;52,046994692000098
40159;5220617701400047459;5;5;12;0;2022;6;17;6;1;4;6;0;0;1;0;0;0;0;0;354459,217770454997662;5713292,486621630378067;6,900763135000030;51,551925261000100
40161;5220607607200590934;5;3;82;20;2022;6;12;3;3;0;1;0;0;1;0;0;0;0;0;380790,700457311992068;5623064,043496049940586;7,310246340000050;50,747105330000103
40164;5220616514110396068;5;1;66;32;2022;6;12;5;2;6;7;0;0;1;0;1;0;0;0;318316,154999439022504;5681748,792997930198908;6,396123937000030;51,258104701999997
40167;5220623608100689922;5;3;34;2;2022;6;20;5;3;0;1;2;1;1;0;0;0;0;0;292533,372998955019284;5628266,599995059892535;6,057680572000040;50,769011690000099
40168;5220621508000791325;5;1;19;0;2022;6;21;3;3;1;5;2;0;1;1;0;0;0;0;349445,003075446002185;5703163,800055299885571;6,832818109000070;51,459600618000103
40169;5220615505100176540;5;1;14;0;2022;6;8;4;3;3;2;0;0;1;1;0;0;0;0;332448,100999617017806;5689782,193998740054667;6,594691756000030;51,334605931000098
40176;5220626701610190206;5;5;62;12;2022;6;12;1;2;0;7;0;0;1;0;0;0;0;0;365414,781994036980905;5734479,059335109777749;7,050528723000070;51,745034168000103
40186;5220704518120090531;5;1;70;44;2022;7;14;2;2;0;1;0;0;1;0;0;0;0;0;339642,909999691997655;5717146,026998990215361;6,685477770000030;51,582530518000098
40188;5220624502102268208;5;1;13;0;2022;6;11;6;2;2;6;0;1;1;1;0;0;0;0;362537,288999854004942;5702189,392999459989369;7,021528748000040;51,454175056000103
40189;5220628605112690394;5;3;74;12;2022;6;11;3;3;5;3;0;0;1;1;0;0;0;0;398804,422275518008973;5649773,453110019676387;7,558101663000060;50,990639094000102
40190;5220626405228582007;5;7;54;28;2022;6;18;1;3;8;1;0;0;1;0;0;0;0;0;450524,828968322020955;5745532,980789319612086;8,281578692000039;51,858397973000102
40193;5220627513210862170;5;1;62;24;2022;6;14;2;3;5;3;0;0;1;0;0;0;0;1;337107,879999662982300;5676826,824998930096626;6,667430384000060;51,219561202000101
40196;5220706516300395565;5;1;58;24;2022;7;18;4;3;5;2;0;0;1;1;0;0;0;0;356172,152041882975027;5680273,639912449754775;6,938839381000040;51,255656684000002
40197;5220630502404591808;5;1;17;0;2022;6;9;5;3;0;1;0;0;1;0;0;0;0;0;354401,193990253028460;5701891,509668949991465;6,904632111000070;51,449464589999998
40198;5220628518320678237;5;1;70;52;2022;6;16;3;3;5;2;0;0;1;1;0;0;0;0;322031,381999503006227;5724541,046998109668493;6,427788324000060;51,643671099000102
40199;5220625518400096135;5;1;70;8;2022;6;3;7;3;8;1;2;0;1;0;0;0;0;0;344409,295934920024592;5712994,055132649838924;6,756053818000050;51,546562190000003
40202;5220701500100568382;5;1;11;0;2022;7;14;6;3;5;3;0;0;1;1;0;0;0;0;340601,660378767002840;5678365,200775600038469;6,716733084000050;51,234369622000003
40204;5220702404301696805;5;7;66;44;2022;7;14;7;2;5;3;0;0;1;1;0;0;0;0;488420,714326496992726;5765251,936314499936998;8,831187878000041;52,037764375000101
40206;5220629405244287068;5;7;54;44;2022;6;18;4;3;5;2;0;0;1;1;0;0;1;0;466370,295783903973643;5748012,727297089993954;8,511415579000071;51,881872944000101
40207;5220706316300574557;5;9;74;16;2022;7;20;4;3;3;2;0;0;1;1;0;0;0;0;454499,061268271994777;5718166,055009859614074;8,342862090000040;51,612686474000000
40210;5220630405148090751;5;7;54;48;2022;6;14;5;2;5;3;0;0;1;1;0;0;0;0;438617,017999997013249;5762879,181999670341611;8,105592148000030;52,013156887000001
40212;5220625406110096839;5;7;58;36;2022;6;21;7;1;9;1;1;0;1;0;0;0;0;0;490140,648683967010584;5773409,632092909887433;8,856026635000029;52,111141969000101
40227;5220629601600390189;5;3;15;0;2022;6;12;4;3;5;3;0;0;1;1;0;0;0;0;363537,175999854982365;5641442,170999459922314;7,058983003000040;50,908482047000099
40239;5220625313130194238;5;9;58;44;2022;6;17;7;3;0;1;0;0;1;0;0;0;0;0;426303,874555681017227;5685312,935157709755003;7,942568712000020;51,314343933000004
40242;5220630410110486949;5;7;70;24;2022;6;16;5;3;5;3;0;0;1;0;0;0;0;1;495146,982219445984811;5792267,879344929940999;8,928862493000050;52,280756488000101
40243;5220628500200350578;5;1;11;0;2022;6;8;3;2;0;1;0;0;1;0;0;0;0;0;346935,882999752007890;5677867,299999210052192;6,807606280000070;51,231629960000099
40244;5220625513310077580;5;1;62;8;2022;6;18;7;2;2;6;0;0;1;0;0;0;0;0;333824,108239051012788;5659882,371674849651754;6,628269213000070;51,066376744000102
40245;5220705404103887058;5;7;66;16;2022;7;13;3;3;0;7;0;0;1;0;0;0;0;0;507834,534911994996946;5756087,030350459739566;9,114008788000040;51,955428765000100
40246;5220703315110893925;5;9;70;40;2022;7;13;1;2;2;6;0;0;1;0;0;0;0;0;430294,888497598993126;5636178,577029109932482;8,009309836000060;50,873080070000100
40249;5220703607300224723;5;3;82;16;2022;7;14;1;3;0;1;0;0;1;0;0;0;0;0;393221,085922307975125;5625410,798497430048883;7,485692792000070;50,770621571000000
40251;5220627513130586187;5;1;62;22;2022;6;9;2;3;5;2;0;0;1;1;0;0;0;0;338479,265383929014206;5686069,999681619927287;6,682877107000020;51,302998422000002
40255;5220706601300787235;5;3;15;0;2022;7;9;4;3;0;1;0;0;1;0;0;0;0;0;353935,829999800014775;5646736,873999340459704;6,920386833000070;50,953714376000100
40259;5220705300100969241;5;9;11;0;2022;7;9;3;3;0;1;0;0;1;0;0;0;0;0;375268,783999909996055;5704661,517999559640884;7,203796328000070;51,479341085999998
40263;5220702404301556854;5;7;66;44;2022;7;11;7;3;5;2;0;0;1;1;0;0;0;0;494001,881000000983477;5763956,654999669641256;8,912577171000070;52,026207104000001
40264;5220624608312075541;5;3;34;12;2022;6;10;6;3;0;7;0;0;1;1;0;0;0;0;307664,781986095011234;5633210,855986829847097;6,269417808000070;50,818637733000102
40265;5220629317250885064;5;9;78;32;2022;6;13;4;3;0;4;0;0;1;0;1;0;0;0;393145,578911999997217;5729512,472775599919260;7,453556003000070;51,706369221000003
40268;5220707301303094451;5;9;13;0;2022;7;9;5;3;0;3;0;0;1;1;0;0;0;0;402516,619264125998598;5703091,823182489722967;7,596470183000060;51,470583766000097
40277;5220630702100274642;5;5;15;0;2022;6;10;5;3;2;2;0;0;1;0;0;0;0;0;404043,275124877982307;5758121,122576289810240;7,603284379000060;51,965489182000098
40281;5220703609128265677;5;3;58;28;2022;7;10;1;3;7;1;0;0;1;0;0;0;0;0;322957,486241835984401;5624061,830608669668436;6,490701431000050;50,741318258000000
40285;5220629515110591636;5;1;54;36;2022;6;7;4;2;5;3;0;0;1;1;0;0;0;0;300837,137339365028311;5739186,404234070330858;6,113494834000050;51,768082116000102
40286;5220706705000891707;5;5;54;52;2022;7;8;4;3;0;1;0;0;1;0;0;0;0;0;378913,223137682012748;5771970,015502509661019;7,232767352000050;52,085039101000099
40287;5220704514210586193;5;1;66;12;2022;7;18;2;3;3;2;0;0;1;1;0;0;0;0;320789,027999475016259;5691878,177998090162873;6,426439137000050;51,349879241000103
40293;5220703601300393462;5;3;15;0;2022;7;22;1;2;0;1;1;0;1;0;0;0;0;0;349887,619706860976294;5645083,666126250289381;6,863473440000060;50,937817960000103
40296;5220702316200568332;5;9;74;12;2022;7;12;7;2;0;7;0;0;1;0;0;0;0;0;430224,681160332984291;5705307,007263819687068;7,994883836000040;51,494594915999997
40301;5220630601300272514;5;3;15;0;2022;6;12;5;2;0;3;0;0;1;0;0;0;1;0;350117,816831203992479;5643366,840115100145340;6,867453277000040;50,922449800000003
40302;5220630302130075681;5;9;14;0;2022;6;12;5;2;9;1;0;0;1;0;0;0;0;0;401686,181474620010704;5693681,345441839657724;7,587129541000020;51,385848379999999
40304;5220625411132096957;5;7;74;12;2022;6;17;7;2;0;1;0;0;1;0;0;0;0;0;480439,386092884000391;5723381,775221209973097;8,717200183000051;51,661082285000099
40308;5220701709700070260;5;5;66;28;2022;7;15;6;3;0;3;0;0;1;1;0;0;0;0;417322,736937041976489;5791451,785262909717858;7,788429556000040;52,267224898000102
40311;5220705711231302909;5;5;70;40;2022;7;15;3;3;0;7;0;0;1;0;0;0;0;0;419090,307353163021617;5743332,664965310133994;7,825721172000040;51,834946395000003
40318;5220624600110195324;5;3;14;0;2022;6;8;6;3;1;1;0;1;1;1;0;0;0;0;366049,513747313001659;5622693,503191850148141;7,101545133000060;50,740560999000103
40319;5220628601100785847;5;3;15;0;2022;6;8;3;3;0;1;0;0;1;0;0;0;0;0;355554,268542552017607;5644698,448625310324132;6,944222092000080;50,935803377000099
40328;5220630300600689630;5;9;16;0;2022;6;19;5;3;5;3;0;0;1;1;0;0;0;0;376667,367685524979606;5710011,813842699863017;7,222055454000040;51,527732974000102
40334;5220628608200586854;5;3;34;2;2022;6;10;3;3;0;1;0;0;1;0;0;0;0;0;295625,758094865013845;5630868,133514029905200;6,100030783000020;50,793474394000000
40341;5220706608200577510;5;3;34;2;2022;7;17;4;2;5;3;0;0;1;1;0;0;0;0;298158,818089711014181;5627171,381943159736693;6,137954334000030;50,761159119000098
40344;5220628513210881559;5;1;62;24;2022;6;15;3;3;5;3;0;0;1;1;0;0;0;0;336090,808999652974308;5671087,365998899564147;6,655499087000070;51,167703054000100
40348;5220701405228996247;5;7;54;28;2022;7;5;6;3;5;3;0;1;1;1;0;0;0;0;450642,296999998972751;5745425,048999659717083;8,283299701000031;51,857438019000000
40351;5220624709300092705;5;5;66;68;2022;6;16;6;3;8;6;0;0;1;1;0;0;0;0;371815,274330245971214;5785511,649941319599748;7,124124901000070;52,205125158999998
40353;5220706502402781342;5;1;17;0;2022;7;12;4;3;3;7;0;0;1;1;0;0;0;0;353244,489999798010103;5700409,769999329932034;6,888611973000020;51,435851530999997
40362;5220624601400776452;5;3;15;0;2022;6;21;6;3;5;2;1;0;1;1;0;0;0;0;356575,510282734001521;5647103,078604989685118;6,957799664000050;50,957668355000102
40364;5220627300100489966;5;9;11;0;2022;6;8;2;3;0;1;0;1;1;0;0;0;0;0;378216,319515803013928;5706014,928625449538231;7,245754118000040;51,492147195000001
40365;5220705602400590866;5;3;62;32;2022;7;18;3;3;5;3;0;0;1;1;0;0;0;0;340263,709262237010989;5638389,844214069657028;6,729538605000070;50,875084792000102
40366;5220704500200450578;5;1;11;0;2022;7;18;2;3;5;2;0;0;1;1;0;0;0;0;345514,971339750976767;5680379,732887119986117;6,786186293000070;51,253822335000102
40367;5220629609108485729;5;3;58;8;2022;6;17;4;3;1;5;0;0;1;1;0;0;0;0;321896,121355901996139;5630695,088100910186768;6,472462379000040;50,800587628000102
40368;5220627607500578266;5;3;82;56;2022;6;8;2;3;0;7;0;0;1;0;0;0;0;0;372752,883251023013145;5627281,615085749886930;7,194912707000070;50,783308466000101
40369;5220702709000376750;5;5;66;4;2022;7;19;7;3;0;1;0;0;1;0;0;0;0;0;393371,008285675023217;5763965,998115640133619;7,446183266000050;52,016076435000102
40370;5220704600140167674;5;3;14;0;2022;7;11;2;3;0;1;0;0;1;0;0;0;0;0;367777,681099758017808;5625193,707849959842861;7,125126279000030;50,763429083000098
40377;5220627601300293623;5;3;15;0;2022;6;17;2;3;5;2;0;1;1;1;0;0;0;0;353539,411064614017960;5646161,761763550341129;6,914978091000020;50,948445460000102
40383;5220625516500086735;5;1;58;16;2022;6;17;7;3;5;3;0;0;1;1;0;0;0;0;357913,364999826007988;5670463,758999389596283;6,967661215000020;51,167936752999999
40386;5220701307000993919;5;9;62;24;2022;7;7;6;3;5;3;0;1;1;1;0;0;0;0;408413,648999981989618;5692292,148999629542232;7,684139939000030;51,374485751000101
40392;5220702515210782161;5;1;54;60;2022;7;13;7;2;0;7;0;0;1;0;0;0;0;0;310860,881597855011933;5697083,193756080232561;6,281264088000060;51,393412619000102
40395;5220706515110079029;5;1;54;36;2022;7;22;4;3;5;3;1;0;1;1;0;0;0;0;301516,895999215019401;5740190,114995840005577;6,122759722000070;51,777336757999997
40396;5220630501318082287;5;1;12;0;2022;6;20;5;3;1;5;0;1;1;1;0;0;0;0;343888,338767949026078;5699299,184497250244021;6,754601181000060;51,423372351000097
40398;5220625518400697118;5;1;70;8;2022;6;16;7;3;5;3;0;0;1;1;0;0;0;0;345311,877999740012456;5713767,022999159991741;6,768720417000050;51,553755298000098
40399;5220705501314376144;5;1;12;0;2022;7;21;3;2;5;1;0;0;1;1;0;0;0;0;345433,776023894024547;5700837,146023389883339;6,776140479000050;51,437614560999997
40400;5220703518320696077;5;1;70;52;2022;7;16;1;2;5;2;0;0;1;1;0;0;0;0;326510,631999558012467;5722390,334998399950564;6,493525894000070;51,625751041000100
40402;5220627500200589671;5;1;11;0;2022;6;17;2;3;0;1;0;1;1;0;0;0;0;0;344711,698999733023811;5682319,843999150209129;6,773842130000050;51,271036643000102
40422;5220629709700976770;5;5;66;28;2022;6;14;4;3;5;2;0;0;1;1;0;0;0;0;414698,727999989001546;5792115,344999680295587;7,749818742000060;52,272788478999999
40423;5220628300800790002;5;9;54;36;2022;6;13;3;3;3;6;0;0;1;1;0;0;0;0;385517,714732893975452;5700288,005245359614491;7,352734532000060;51,442198912999999
40429;5220626400300474306;5;7;11;0;2022;6;15;1;3;0;6;0;0;1;1;0;0;0;0;463012,112085197004490;5759058,526488739997149;8,461441377000030;51,980969373999997
40433;5220702514119096066;5;1;66;16;2022;7;8;7;3;1;5;0;0;1;1;0;0;0;0;307761,162948661018163;5685463,436346409842372;6,243035853000040;51,288007820000097
40440;5220703516100086890;5;1;58;32;2022;7;14;1;3;8;1;0;0;1;0;0;0;0;0;370464,821362702990882;5691567,532603980042040;7,139440619000030;51,360584510000102
40442;5220627301101575384;5;9;13;0;2022;6;14;2;3;5;3;0;0;1;1;0;0;0;0;392858,409174866974354;5708019,553571020253003;7,455970747000040;51,513130149000098
40445;5220628702100272721;5;5;15;0;2022;6;13;3;3;4;6;0;0;1;0;0;0;0;0;405398,613436640007421;5755991,728063270449638;7,623592373000060;51,946581574000000
40446;5220705709500396657;5;5;66;76;2022;7;16;3;3;5;2;0;0;1;1;0;0;0;0;391149,003296317008790;5791846,777931430377066;7,404888374000050;52,266217239000099
40448;5220707400200896926;5;7;11;0;2022;7;17;5;2;3;3;0;0;1;1;0;0;0;0;467478,952999999979511;5763219,461999669671059;8,526082937000069;52,018658330000100
40453;5220703404101296941;5;7;66;20;2022;7;2;1;3;0;6;2;0;1;1;0;0;0;0;490606,884252311021555;5752274,388875739648938;8,863414817000031;51,921125056000101
40459;5220705701400580909;5;5;12;0;2022;7;20;3;3;2;1;0;0;1;0;0;0;0;0;352460,427302332012914;5714335,717252519913018;6,871516748000030;51,560780014000002
40461;5220629706200272440;5;5;58;40;2022;6;11;4;3;4;6;0;0;1;0;0;1;0;0;371350,947999896015972;5764295,114999550394714;7,125349196000060;52,014366193000100
40467;5220628400200796952;5;7;11;0;2022;6;7;3;3;0;3;0;0;1;1;0;0;0;0;473047,328000001027249;5760118,680999670177698;8,607470469000020;51,991078475000101
40469;5220704701930769617;5;5;62;36;2022;7;15;2;2;5;3;0;0;1;1;0;0;0;0;391612,816999955975916;5719607,396999619901180;7,434453875000030;51,617047285000098
40472;5220701701610678460;5;5;62;12;2022;7;18;6;3;0;1;0;0;1;0;0;0;0;0;361787,398881717992481;5736286,686984449625015;6,997301532000050;51,760394251000001
40473;5220624609108689898;5;3;58;8;2022;6;23;6;3;0;7;2;0;1;0;0;0;0;0;320370,992268555972259;5630507,530680299736559;6,450933214000030;50,798431911000101
40479;5220628300600064543;5;9;16;0;2022;6;6;3;3;0;6;0;0;1;1;0;0;0;0;377011,363887633022387;5709048,758971800096333;7,227348090000020;51,519152659000000
40480;5220702603228513257;5;3;66;28;2022;7;16;7;3;4;6;0;0;1;0;0;0;0;1;331222,243811006017495;5606885,816954470239580;6,615563569000070;50,589449310000099
40482;5220706608312132713;5;3;34;12;2022;7;14;4;3;2;6;0;0;1;0;0;0;0;0;307530,962999248993583;5633572,667997109703720;6,267330467000020;50,821843270000002
40483;5220704600130090873;5;3;82;8;2022;7;16;2;3;0;1;0;0;1;0;0;0;0;0;374271,211583120981231;5611429,834198930300772;7,221840397000050;50,641154422000099
40487;5220625711232681052;5;5;70;40;2022;6;23;7;2;8;1;2;0;1;0;0;0;0;0;410678,914685441006441;5745367,940839380025864;7,703149321000070;51,851959385999997
40488;5220705514218091631;5;1;66;36;2022;7;11;3;3;0;3;0;0;1;0;0;0;0;1;322169,369999491027556;5682182,753998200409114;6,451072871000060;51,263217828000101
40493;5220702516300689264;5;1;58;28;2022;7;13;7;3;5;3;0;0;1;1;0;0;0;0;347087,282467078010086;5684609,829892169684172;6,806890555000050;51,292255621000002
40498;5220628518200375515;5;1;70;24;2022;6;22;3;2;5;3;2;0;1;0;0;1;0;0;331395,593957757984754;5699123,491823160089552;6,575164559000030;51,418215867000100
40500;5220704705000673909;5;5;54;48;2022;7;22;2;3;0;1;2;0;1;0;0;0;0;0;341073,383794453984592;5746558,949799300171435;6,692691713000040;51,847185572000100
40510;5220630411108796963;5;7;74;8;2022;6;16;5;3;5;2;0;0;1;1;0;0;0;0;487735,794000000983942;5734192,738999660126865;8,822307667000080;51,758494183000003
40512;5220625515211522410;5;1;54;56;2022;6;9;7;3;0;1;0;0;1;0;0;0;0;0;313226,099531751999166;5728064,882285590283573;6,298790316000070;51,672465389000102
40518;5220628609248694921;5;3;58;48;2022;6;17;3;2;5;7;0;0;1;1;0;0;0;0;323444,604208279983141;5636811,269223329611123;6,491469932000030;50,856010141000098
40520;5220705601600690259;5;3;15;0;2022;7;23;3;2;2;6;2;0;1;0;0;0;0;0;363026,724999853002373;5638035,487999450415373;7,053004356000030;50,877743704000103
40529;5220625605148292471;5;3;74;48;2022;6;18;7;3;4;6;0;0;1;0;0;0;0;0;398044,863542719976977;5644707,183829720132053;7,548702877000040;50,944961003000103
40530;5220705500200950578;5;1;11;0;2022;7;13;3;3;3;2;0;0;1;0;0;0;0;1;346234,624999745981768;5679738,731999189592898;6,796766329000040;51,248257157000097
40536;5220629410240087104;5;7;70;40;2022;6;11;4;2;5;3;0;0;1;1;0;0;0;0;473023,377000002015848;5809591,210999700240791;8,603178056000051;52,435856012999999
40538;5220702700000873594;5;5;13;0;2022;7;13;7;3;5;2;0;0;1;1;0;0;0;0;361174,580116724013351;5717725,745612249709666;6,995806419000080;51,593455368999997
40541;5220704502324638561;5;1;13;0;2022;7;18;2;3;6;7;0;0;1;0;1;0;0;0;361721,599523457989562;5707948,276799909770489;7,007541724000020;51,505727616999998
40543;5220630518110444094;5;1;70;12;2022;6;5;5;2;5;3;0;0;1;1;0;0;0;0;338145,212999681010842;5733324,124998929910362;6,656391585000050;51,727446212000103
40549;5220627601600090167;5;3;15;0;2022;6;15;2;3;0;3;0;0;1;1;0;0;0;0;360801,503999841981567;5645044,673999429680407;7,018720791000020;50,940205413999998
40556;5220625506100296005;5;1;16;0;2022;6;22;7;2;0;1;2;0;1;0;0;0;0;0;321957,028999485017266;5672889,999998199753463;6,452647231000070;51,179672450000098
40557;5220705315230275713;5;9;70;28;2022;7;14;3;2;5;3;0;0;1;1;0;0;0;0;450263,272578335017897;5643945,710407019592822;8,292025852000050;50,944985393000103
40559;5220627301103480659;5;9;13;0;2022;6;16;2;2;6;7;0;0;1;0;1;0;0;0;389724,793172915000468;5704538,357811559922993;7,411918282000040;51,481237247000102
40560;5220702410130548370;5;7;70;28;2022;7;16;7;3;5;3;0;0;1;1;0;0;0;0;500238,252101148013026;5803830,233596850186586;9,003500594000061;52,384728611000099
40562;5220628701620451227;5;5;62;12;2022;6;17;3;3;5;2;0;0;1;1;0;0;0;0;362635,936999856028706;5731050,443999459967017;7,011655707000050;51,713550468000101
40563;5220706500200001154;5;1;11;0;2022;7;9;4;2;0;7;0;0;1;0;0;0;0;1;346943,861721898021642;5680817,623850479722023;6,806459201000050;51,258142321999998
40564;5220630610221877592;5;3;70;20;2022;6;16;5;3;0;1;0;0;1;0;0;0;0;0;308234,488421946007293;5657560,788722859695554;6,264689279000040;51,037547551999999
40565;5220707300600378340;5;9;16;0;2022;7;8;5;3;5;3;0;1;1;1;0;0;0;0;377472,255999916989822;5709417,995999570004642;7,233859193000060;51,522571313000100
40566;5220629705000847518;5;5;54;4;2022;6;13;4;3;5;3;0;0;1;1;0;0;0;0;357380,053942519007251;5777981,413889219984412;6,916186169000070;52,133922124000001
40568;5220702701930485438;5;5;62;36;2022;7;12;7;3;5;3;0;0;1;1;0;0;0;0;391006,919999954989180;5720080,932999620214105;7,425558525000040;51,621186497000103
40569;5220704607100490285;5;3;82;60;2022;7;21;2;3;5;3;0;0;1;1;0;0;0;0;375157,938999908976257;5628150,991999530233443;7,228717148000040;50,791645731000102
40582;5220625602800679482;5;3;62;12;2022;6;15;7;3;0;1;0;0;1;0;0;0;0;0;349566,755925317003857;5633719,242105030454695;6,863588311000060;50,835609034000100
40583;5220705410110696854;5;7;70;24;2022;7;15;3;3;5;3;0;0;1;1;0;0;0;0;493177,031000001996290;5799715,142999679781497;8,899835159000080;52,347689912000099
40584;5220703603236273819;5;3;66;36;2022;7;12;1;3;0;3;0;0;1;1;0;0;0;0;323397,173943026980851;5605043,738880570046604;6,505997454000070;50,570584570000101
40590;5220706405108696861;5;7;54;8;2022;7;7;4;2;5;3;0;0;1;1;0;0;0;0;459630,639158871024847;5755037,529182850383222;8,412681116000041;51,944583004000002
40591;5220630601500169944;5;3;15;0;2022;6;8;5;3;3;2;0;0;1;1;0;0;0;0;359621,930999835021794;5646953,822999410331249;7,001206236000030;50,957077169999998
40594;5220628400300903690;5;7;11;0;2022;6;13;3;3;5;3;0;1;1;1;0;0;0;0;465654,371927623986267;5756192,846927120350301;8,500198796000060;51,955374642999999
40601;5220629316300589235;5;9;74;28;2022;6;5;4;3;0;7;0;0;1;0;0;0;0;1;451380,660999998974148;5726088,345999659970403;8,296727460000060;51,683653687000103
40602;5220626705000991822;5;5;54;56;2022;6;8;1;3;0;1;0;0;1;0;0;0;0;0;358773,381648848007899;5761381,600447679869831;6,943393738000050;51,985129802000102
40613;5220626515110095886;5;1;54;24;2022;6;10;1;3;8;1;0;0;1;0;0;0;0;0;314252,026833518990315;5733052,198412329889834;6,310954854000040;51,717599204000102