OBJECTID;UIDENTSTLAE;ULAND;UREGBEZ;UKREIS;UGEMEINDE;UJAHR;UMONAT;USTUNDE;UWOCHENTAG;UKATEGORIE;UART;UTYP1;ULICHTVERH;IstStrassenzustand;IstRad;IstPKW;IstFuss;IstKrad;IstGkfz;IstSonstige;LINREFX;LINREFY;XGCSWGS84;YGCSWGS84
40615;5220624601600387236;5;3;15;0;2022;6;18;6;2;5;2;0;1;1;1;0;0;0;0;358866,572999829018954;5642358,032999410293996;6,992238019000070;50,915589994000101
40617;5220626601400373837;5;3;15;0;2022;6;11;1;2;5;2;0;0;1;1;0;0;0;0;356015,053999812982511;5646879,392999369651079;6,949913350000030;50,955518370999997
40627;5220626500200290784;5;1;11;0;2022;6;13;1;3;5;3;0;0;1;1;0;0;0;0;349171,313054179016035;5677354,765832030214369;6,839816312000040;51,227619648000001
40630;5220627505200096028;5;1;14;0;2022;6;10;2;3;5;2;0;0;1;1;0;0;0;0;330163,166999590990599;5690113,085998630151153;6,561764047000050;51,336900751000002
40633;5220706518120144189;5;1;70;44;2022;7;14;4;3;0;7;0;0;1;1;0;0;0;0;337619,568999673007056;5722699,620998919941485;6,653728112000070;51,631844862000001
40634;5220630515210090664;5;1;54;12;2022;6;9;5;3;0;1;0;0;1;0;0;0;0;0;311078,932665682979859;5709741,626847839914262;6,277636358000050;51,507179139000101
40635;5220628502401989736;5;1;17;0;2022;6;15;3;3;0;2;0;0;1;1;0;0;0;0;352492,406999791972339;5699418,394999310374260;6,878212483000030;51,426748058999998
40636;5220625602400669736;5;3;62;32;2022;6;16;7;3;5;3;0;0;1;1;0;0;0;0;337110,771999658027198;5640870,780998949892819;6,683656323000040;50,896496835000100
40639;5220701316300570255;5;9;74;16;2022;7;14;6;2;5;3;0;0;1;1;0;0;0;0;453557,094999998982530;5718563,230999650433660;8,329206292000039;51,616180529000097
40645;5220630608200996275;5;3;34;2;2022;6;7;5;3;5;2;0;0;1;1;0;0;0;0;295220,426998063980136;5630301,038395250216126;6,094603230000080;50,788238133000000
40650;5220703405148087157;5;7;54;48;2022;7;3;1;2;4;6;2;0;1;0;0;0;0;0;443648,296626020979602;5765697,068746900185943;8,178430016000050;52,039023399000001
40653;5220624700000775758;5;5;13;0;2022;6;7;6;3;5;3;0;1;1;1;0;0;0;0;368606,827999882982112;5709626,828999510034919;7,106065736000060;51,522455218000097
40658;5220629605000090012;5;3;74;52;2022;6;12;4;3;3;2;0;0;1;1;0;0;0;0;386683,159138271992560;5662980,173265459947288;7,381326266000030;51,107093425000102
40659;5220628300200295830;5;9;11;0;2022;6;12;3;3;0;1;0;0;1;0;0;0;0;0;369939,264835196023341;5705726,621689979918301;7,126698995000030;51,487712832000099
40661;5220629515111521921;5;1;54;8;2022;6;16;4;3;5;2;0;0;1;1;0;0;0;0;310851,634102656971663;5746064,196746840141714;6,254700897000020;51,833323745000001
40662;5220704601500590403;5;3;15;0;2022;7;8;2;3;3;2;0;0;1;1;0;0;0;0;363626,815999856975395;5648732,762999460101128;7,057527938000020;50,974026883000100
40668;5220703610111085865;5;3;70;16;2022;7;15;1;3;4;6;0;0;1;0;0;0;0;0;298827,704548924986739;5662026,193034759722650;6,128206857000070;51,074436278000100
40673;5220706601700390398;5;3;16;0;2022;7;14;4;3;4;6;0;0;1;0;0;0;0;1;361968,073365067015402;5656295,409704069606960;7,031039480000060;51,041598592000099
40674;5220630500200650578;5;1;11;0;2022;6;12;5;3;0;7;0;0;1;0;0;0;0;0;346881,366737085976638;5676506,117927459999919;6,807407536000030;51,219384354000098
40675;5220628508000675312;5;1;19;0;2022;6;17;3;3;5;2;0;0;1;1;0;0;0;0;350670,413999781012535;5705245,048999279737473;6,849564675000070;51,478626140000102
40676;5220625700000875938;5;5;13;0;2022;6;15;7;3;5;3;0;0;1;0;0;0;0;0;370023,246557309990749;5710582,478418580256402;7,126117907000040;51,531371261000103
40681;5220625705000591855;5;5;54;32;2022;6;17;7;2;5;7;0;0;1;1;0;0;0;0;324442,954999539011624;5747625,125998229719698;6,450954285000020;51,851781336999998
40682;5220705515210085907;5;1;54;12;2022;7;15;3;3;7;3;0;0;1;1;0;0;0;0;316186,356557251012418;5711325,273149929940701;6,350323093000040;51,523087799999999
40690;5220628600110234452;5;3;14;0;2022;6;13;3;3;5;3;0;0;1;1;0;0;0;0;363592,265455232991371;5622668,593051569536328;7,066749202000040;50,739765094000099
40693;5220703602300562231;5;3;62;36;2022;7;19;1;3;8;1;0;0;1;0;0;0;0;0;344029,718999722972512;5648433,079999149776995;6,778729658000030;50,966360607000098
40694;5220701500200263677;5;1;11;0;2022;7;19;6;2;5;3;0;0;1;1;0;0;0;0;346388,474999745027162;5679836,277999189682305;6,798927167000040;51,249175111000099
40696;5220702405232078034;5;7;54;32;2022;7;7;7;3;5;3;0;0;1;1;0;0;0;0;457860,850426942983177;5734034,575569950044155;8,389495024000039;51,755621007000101
40698;5220629405108882151;5;7;54;8;2022;6;16;4;2;2;1;0;0;1;0;0;0;0;0;456855,086999999999534;5753079,333999670110643;8,372548795000061;51,926769471000100
40701;5220707300600193804;5;9;16;0;2022;7;6;5;3;5;3;1;1;1;1;0;0;0;0;379831,776999923982657;5712212,019999580457807;7,266899258000020;51,548189735999998
40705;5220704602300125962;5;3;62;36;2022;7;14;2;3;5;3;0;0;1;1;0;0;0;0;344188,824999724980444;5648040,508999150246382;6,781161894000040;50,962876095000098
40712;5220705608100385717;5;3;34;2;2022;7;11;3;3;0;7;0;0;1;1;0;0;0;0;292904,420659383991733;5632154,394271929748356;6,060745049000050;50,804060512000000
40715;5220627709500811931;5;5;66;16;2022;6;18;2;2;5;3;0;0;1;1;0;0;0;0;398390,015999968978576;5798788,589999670162797;7,508864101000030;52,329992027999999
40717;5220629601700090958;5;3;16;0;2022;6;16;4;3;4;6;0;0;1;0;0;0;0;0;357507,643999823019840;5657354,553999390453100;6,967038981000030;51,050027964999998
40722;5220628701110870161;5;5;62;32;2022;6;11;3;2;5;2;0;0;1;1;0;0;0;0;375888,814238095015753;5719348,988595769740641;7,207539762000070;51,611477678000000
40723;5220626411216596969;5;7;74;16;2022;6;18;1;2;1;5;0;0;1;1;0;0;0;0;476051,325772305019200;5717551,958193180151284;8,654159324000030;51,608494446000101
40725;5220703515212022137;5;1;54;32;2022;7;10;1;3;2;6;0;0;1;1;0;0;0;0;309683,641030517988838;5718657,262208510190248;6,252732940000040;51,586785280000100
40726;5220701400100296849;5;7;11;0;2022;7;18;6;3;0;1;0;0;1;0;0;0;0;0;466969,594192165997811;5768971,608068319968879;8,518104635000039;52,070343325000103
40731;5220706501317051365;5;1;12;0;2022;7;10;4;1;0;3;0;0;1;0;0;0;0;1;343975,910999727027956;5699684,603999130427837;6,755690009000030;51,426859434000100
40732;5220630410110987106;5;7;70;24;2022;6;13;5;3;0;3;0;0;1;1;0;0;0;0;497234,904000001028180;5791533,535999690182507;8,959474110000031;52,274168821000004
40736;5220703502408301879;5;1;17;0;2022;7;14;1;2;0;7;0;0;1;0;0;0;0;0;352341,647004986007232;5699423,529973600059748;6,876043372000030;51,426754941000098
40738;5220702500200491703;5;1;11;0;2022;7;10;7;3;6;4;0;0;1;0;1;0;0;0;346275,276899664022494;5689175,326309910044074;6,793285898000020;51,333059575999997
40742;5220630602700265713;5;3;62;28;2022;6;16;5;3;9;2;0;0;1;1;0;0;0;0;351345,038999781012535;5636969,369999299757183;6,887505156000030;50,865276178999999
40744;5220629602500981730;5;3;62;24;2022;6;15;4;3;5;2;0;0;1;1;0;0;0;0;348013,065999754995573;5642667,530999240465462;6,837820584000040;50,915615075000098
40752;5220702405108076343;5;7;54;8;2022;7;15;7;2;2;6;0;0;1;1;0;0;0;0;457487,748487571021542;5749356,395792859606445;8,382208387000050;51,893346801000099
40753;5220624608404371734;5;3;34;4;2022;6;21;6;3;0;7;0;0;1;0;0;0;0;0;303103,960192514990922;5637832,200060839764774;6,202266417000030;50,858614305000103
40761;5220625500100487358;5;1;11;0;2022;6;15;7;3;5;3;0;0;1;0;0;0;0;0;345895,278999741014559;5675441,021999180316925;6,793756029000060;51,209548634000001
40762;5220704700000291843;5;5;13;0;2022;7;17;2;3;5;3;0;0;1;1;0;0;0;0;365200,283343775023241;5716814,748272500000894;7,054237926000040;51,586246426000102
40763;5220703315110835641;5;9;70;40;2022;7;15;1;3;0;1;2;0;1;0;0;0;0;0;427986,058681890019216;5633040,693549039773643;7,977118360000080;50,844583376999999
40765;5220701706000074763;5;5;58;12;2022;7;12;6;3;0;5;0;0;1;1;0;0;0;0;374155,967562794976402;5755275,148374440148473;7,169507731000070;51,933952359999999
40768;5220628600330790889;5;3;82;48;2022;6;15;3;3;5;3;0;0;1;1;0;0;0;0;352892,458999790018424;5612861,316999319940805;6,919113232000030;50,649015034000101
40769;5220626317110594231;5;9;78;36;2022;6;23;1;3;0;1;2;1;1;0;0;0;0;0;409394,810067098995205;5710352,591341559775174;7,693605846000030;51,536996891999998
40770;5220705602300085720;5;3;62;36;2022;7;7;3;2;4;6;0;0;1;0;0;0;0;0;344830,452999727975111;5647440,194999169558287;6,790547728000040;50,957654910000002
40779;5220630505100417751;5;1;14;0;2022;6;16;5;3;5;7;0;0;1;0;0;0;0;0;332360,207999614009168;5688426,645998739637434;6,594068941000050;51,322401706999997
40783;5220703515110579015;5;1;54;36;2022;7;5;1;3;0;1;0;0;1;0;0;0;0;0;302783,509736693988089;5739703,718380269594491;6,141372230000060;51,773416542000099
40789;5220706505200076213;5;1;14;0;2022;7;10;4;3;5;2;0;0;1;1;0;0;0;0;328220,212999567971565;5690435,091998539865017;6,533742600000040;51,339209864000097
40795;5220703502406675301;5;1;17;0;2022;7;17;1;3;7;1;0;0;1;0;0;0;0;0;352704,029174660972785;5697852,160145910456777;6,881905162000070;51,412729383000098
40803;5220628301201580638;5;9;13;0;2022;6;15;3;3;4;3;0;0;1;1;0;0;0;0;383993,979999937990215;5709098,703999600373209;7,327925549000040;51,521078825000103
40804;5220702701500395076;5;5;62;24;2022;7;16;7;3;2;2;0;0;1;1;0;0;0;0;367562,794999877980445;5723505,885999510064721;7,085790068000050;51,646936745000097
40807;5220624600130378250;5;3;82;8;2022;6;13;6;3;0;7;0;0;1;0;0;0;0;0;374059,829581246012822;5611258,591838589869440;7,218910596000060;50,639569528999999
40813;5220702501318375915;5;1;12;0;2022;7;15;7;3;6;6;0;0;1;0;1;0;0;0;343833,582999725011177;5698770,481999119743705;6,754047223000040;51,418606910000101
40814;5220629600140395348;5;3;14;0;2022;6;14;4;3;2;7;0;0;1;0;0;1;0;0;368844,665846329997294;5623136,238903970457613;7,140980197000030;50,745178433000000
40821;5220701317110875376;5;9;78;36;2022;7;13;6;3;0;1;0;0;1;0;0;0;0;0;408417,788955651980359;5708956,595078670419753;7,679885694000060;51,524290202000003
40822;5220701702100291783;5;5;15;0;2022;7;7;6;3;5;3;0;1;1;1;0;0;0;0;405972,618999978993088;5752311,447999659925699;7,632946998000020;51,913598688000000
40823;5220624502243477752;5;1;13;0;2022;6;11;6;2;5;3;0;1;1;1;0;0;0;0;367060,437999874993693;5698485,609999500215054;7,087980505000080;51,421970017000000
40824;5220628608408085719;5;3;34;8;2022;6;5;3;3;0;7;0;0;1;0;0;0;0;0;301524,607999144995119;5642918,041996359825134;6,177093056000050;50,903754356000000
40825;5220625706300876748;5;5;58;24;2022;6;11;7;3;5;3;0;0;1;0;0;0;0;1;391097,807999955024570;5733888,018999629653990;7,422563278000040;51,745302788000103
40831;5220629513130686228;5;1;62;22;2022;6;17;4;3;0;3;0;0;1;1;0;0;0;0;334401,911999634990934;5682308,238998830318451;6,626181933000050;51,268030049000103
40841;5220702404102496906;5;7;66;40;2022;7;19;7;3;0;1;0;0;1;0;0;0;0;0;485537,163000000989996;5760257,995799999684095;8,789360390000070;51,992796761000101
40843;5220629400200090748;5;7;11;0;2022;6;14;4;3;5;3;0;0;1;1;0;0;0;0;468766,641778084973339;5764612,406268130056560;8,544720145000040;52,031255771000097
40845;5220630602900067526;5;3;62;40;2022;6;18;5;3;0;1;0;1;1;0;0;0;0;0;357398,201999821001664;5630668,200999380089343;6,975918484000030;50,810171540000098
40848;5220625501115791528;5;1;12;0;2022;6;15;7;3;0;3;0;0;1;1;0;0;0;0;345499,382653573993593;5707062,442362530156970;6,774362898000050;51,493566739000102
40850;5220703317110494433;5;9;78;16;2022;7;11;1;2;0;1;0;0;1;0;0;0;0;0;405632,522576286981348;5705011,648778149858117;7,640805058000070;51,488369790000000
40855;5220628701700944448;5;5;62;16;2022;6;16;3;3;8;1;0;0;1;0;0;0;0;0;374929,728829023020808;5729324,420521399937570;7,190127153000050;51,700914701999999
40857;5220706407120096919;5;7;62;8;2022;7;12;4;3;5;3;0;0;1;1;0;0;0;0;525728,109000000054948;5724332,494999649934471;9,372035309000070;51,669381944000101
40860;5220629701800791003;5;5;62;4;2022;6;16;4;3;5;2;0;0;1;1;0;0;0;0;384567,436999940022361;5716560,301999599672854;7,333738201000070;51,588259991000001
40864;5220701601200281465;5;3;15;0;2022;7;21;6;3;3;6;1;0;1;0;0;0;0;0;358417,205852432001848;5640543,408997409977019;6,986553445000030;50,899171746999997
40865;5220624503400578724;5;1;22;0;2022;6;8;6;3;0;1;0;0;1;0;0;0;0;0;364614,854999863018747;5671274,416999470442533;7,063150662000060;51,176847772000002
40868;5220705502324272264;5;1;13;0;2022;7;18;3;3;6;4;0;0;1;0;1;0;0;0;361852,311999849975109;5707532,772999449633062;7,009586680000040;51,502025747000097
40869;5220703700000381313;5;5;13;0;2022;7;19;1;3;6;6;0;0;1;0;1;0;0;0;368654,390331115981098;5712156,486415360122919;7,105807267000050;51,545199705000101
40880;5220627300100690137;5;9;11;0;2022;6;18;2;3;3;6;0;1;1;1;0;0;0;0;376218,065868487989064;5704552,985166640020907;7,217497444000060;51,478574187000000
40883;5220630702330674764;5;5;15;0;2022;6;15;5;3;0;4;0;0;1;0;1;0;0;0;405520,557999978016596;5755518,681999660097063;7,625496054000050;51,942350346000097
40889;5220625515111022018;5;1;54;44;2022;6;11;7;3;5;3;0;0;1;1;0;0;0;0;325046,416999545006547;5739389,494998279958963;6,463865867000040;51,777994945000003
40890;5220704702100088934;5;5;15;0;2022;7;18;2;3;0;3;0;0;1;0;1;0;0;0;404136,238027652027085;5756279,158028570003808;7,605151061000070;51,948948987000101
40901;5220706411112078140;5;7;74;12;2022;7;15;4;3;3;6;0;0;1;1;0;0;0;0;488598,897999999986496;5724209,900999650359154;8,835139525000050;51,668753116000097
40902;5220630601300690405;5;3;15;0;2022;6;14;5;3;3;5;0;0;1;1;0;0;0;0;354030,093961227976251;5646056,127669359557331;6,922000906000050;50,947620625000098
40903;5220707307000581402;5;9;62;52;2022;7;17;5;3;4;7;0;1;1;1;0;0;0;0;421005,603999992017634;5677559,611999629996717;7,868276002000070;51,243928185000101
40904;5220630316100082008;5;9;74;40;2022;6;10;5;3;3;2;0;0;1;1;0;0;0;0;438883,615999998990446;5713012,865999650210142;8,118261751000031;51,564877834000100
40905;5220628316300063779;5;9;74;16;2022;6;21;3;3;0;7;0;0;1;0;0;0;0;0;453715,836000000010245;5718819,324999650008976;8,331465054000031;51,618496129000100
40911;5220624702100353166;5;5;15;0;2022;6;0;6;3;0;6;2;0;1;0;0;0;0;0;399480,398999969009310;5757024,029999650083482;7,537212520000030;51,954822086000000
40917;5220628300800870409;5;9;54;36;2022;6;11;3;3;5;3;0;0;1;1;0;0;0;0;380551,651999926019926;5698393,688999580219388;7,281951479000040;51,424147685000001
40925;5220704316300881974;5;9;74;28;2022;7;10;2;2;0;6;0;0;1;1;0;0;0;0;451380,660999998974148;5726088,345999659970403;8,296727460000060;51,683653687000103
40926;5220627600140590864;5;3;14;0;2022;6;8;2;3;5;3;0;1;1;1;0;0;0;0;367490,805999875999987;5622919,375999489799142;7,121879288000060;50,742921842999998
40931;5220628506100095903;5;1;16;0;2022;6;10;3;3;4;2;0;0;1;1;0;0;0;0;320913,770616822002921;5670479,225580059923232;6,438937281000050;51,157690074000101
40932;5220625701400082415;5;5;12;0;2022;6;21;7;3;5;2;1;0;1;1;0;0;0;0;356440,177725527028088;5709971,683183150365949;6,930669902000030;51,522592717000101
40939;5220629410110089288;5;7;70;24;2022;6;12;4;3;0;1;0;0;1;0;0;0;0;0;493840,338282332988456;5794495,628836600109935;8,909668468000060;52,300771983000097
40942;5220630411232268212;5;7;74;32;2022;6;17;5;2;3;7;0;0;1;0;0;0;0;0;479483,834777495998424;5733951,049335749819875;8,702763205000050;51,756079574000097
40944;5220625516300891373;5;1;58;28;2022;6;12;7;3;0;1;0;0;1;0;0;0;0;0;350762,341636593977455;5689438,744441369548440;6,857538140000030;51,336621921000102
40947;5220630709700496557;5;5;66;56;2022;6;14;5;2;5;3;0;0;1;1;0;0;0;0;417198,572999988973606;5796943,356999689713120;7,785260794000070;52,316567159000002
40949;5220701705000281028;5;5;54;12;2022;7;10;6;2;8;1;0;0;1;0;0;0;0;0;347078,775999756995589;5745784,717999200336635;6,780148747000060;51,841906720000097
40951;5220628609236394861;5;3;58;36;2022;6;11;3;3;5;2;0;0;1;1;0;0;0;0;312551,767999341012910;5649965,434997539967299;6,330119632000050;50,970745135000101
40952;5220626406230196898;5;7;58;20;2022;6;19;1;3;5;3;0;0;1;1;0;0;0;0;475300,927580250019673;5785312,156418460421264;8,638463411000030;52,217688240000001
40953;5220705701620547459;5;5;62;12;2022;7;10;3;3;5;3;0;0;1;1;0;0;0;0;363095,280999857990537;5731890,983999460004270;7,017970115000030;51,721215860000001
40958;5220629601400786375;5;3;15;0;2022;6;16;4;3;4;6;0;0;1;0;0;0;0;0;351509,104017624980770;5658387,309505189768970;6,881094556000050;51,057789155000101
40959;5220706705000520896;5;5;54;20;2022;7;15;4;3;0;1;0;0;1;0;0;0;0;0;363821,044309651013464;5786609,078580729663372;7,006769141000060;52,213068732000103
40962;5220630518320785925;5;1;70;52;2022;6;14;5;3;5;3;0;0;1;1;0;0;0;0;322031,381999503006227;5724541,046998109668493;6,427788324000060;51,643671099000102
40963;5220628501317079021;5;1;12;0;2022;6;17;3;3;0;5;0;0;1;1;0;0;0;0;344616,504962177015841;5699920,893814819864929;6,764793370000060;51,429158487999999
40965;5220705410110279606;5;7;70;24;2022;7;10;3;3;5;3;0;0;1;1;0;0;0;0;498255,381999999983236;5791067,814999680034816;8,974432880000050;52,269985924000103
40966;5220703605140769569;5;3;74;40;2022;7;13;1;2;4;6;0;0;1;0;0;0;0;1;411325,298123169981409;5649074,942366530187428;7,736627817000060;50,986424694000000
40973;5220627608200951905;5;3;34;2;2022;6;17;2;3;5;2;0;0;1;1;0;0;0;0;294768,781999001977965;5629646,735995429567993;6,088569436000060;50,782202019000103
40975;5220629602500857984;5;3;62;24;2022;6;15;4;3;5;3;0;0;1;1;0;0;0;0;346435,518867495004088;5645092,899452170357108;6,814374118000050;50,936991999999996
40979;5220628607300586285;5;3;82;76;2022;6;14;3;3;4;1;0;0;1;0;0;0;0;0;398569,544999966979958;5629075,760999590158463;7,560505218000060;50,804529499000097
40980;5220626303100077974;5;9;15;0;2022;6;15;1;3;2;6;0;0;1;0;0;0;0;0;427922,480999995023012;5727232,177999650128186;7,957222321000070;51,691415554999999
40982;5220703702100579167;5;5;15;0;2022;7;14;1;3;5;3;0;0;1;1;0;0;0;0;398376,624163819011301;5759483,861959749832749;7,520427876000040;51,976730480000100
40990;5220628503200080593;5;1;24;0;2022;6;16;3;3;5;3;0;0;1;1;0;0;0;0;375179,810599644028116;5681838,096540640108287;7,210533901000080;51,274195761999998
40991;5220625601600381749;5;3;15;0;2022;6;9;7;3;0;1;0;0;1;0;0;0;0;0;365301,418478792998940;5645319,241153730079532;7,082629724000070;50,943741895000102
40994;5220701405108270353;5;7;54;8;2022;7;17;6;3;8;2;0;0;1;1;0;0;0;0;462127,233999999996740;5751996,436999670229852;8,449336034000050;51,917417190000002
40995;5220627407120390766;5;7;62;8;2022;6;10;2;3;0;1;0;0;1;0;0;0;0;0;525867,946772758034058;5723570,877249239943922;9,374000964000061;51,662527603999997
41002;5220628316200294444;5;9;74;52;2022;6;13;3;3;0;3;0;0;1;1;0;0;0;0;421982,529554583015852;5711521,963022460229695;7,874802367000030;51,549389724999997
41003;5220625516100081412;5;1;58;36;2022;6;13;7;3;0;7;0;0;1;0;0;0;0;0;365535,871261692023836;5681835,499663730151951;7,072356927000040;51,271978294000100
41005;5220703315110835442;5;9;70;40;2022;7;12;1;3;1;6;0;0;1;0;0;0;0;0;431431,589835314021911;5637556,930676369927824;8,025204228000060;50,885609364000103
41008;5220624600380090861;5;3;14;0;2022;6;12;6;3;5;2;0;1;1;1;0;0;0;0;370600,554455208999570;5615542,773199049755931;7,168517076000060;50,677319771999997
41012;5220705601500086565;5;3;15;0;2022;7;18;3;3;0;5;0;0;1;1;0;0;0;0;360009,511288097011857;5647354,502963629551232;7,006567147000060;50,960772413000001
41013;5220704314210669345;5;9;66;4;2022;7;11;2;3;0;2;0;0;1;1;0;0;0;0;426616,554463770997245;5663191,031773329712451;7,951581593000070;51,115493960999999
41015;5220702600140565613;5;3;14;0;2022;7;17;7;3;4;6;0;0;1;0;0;0;0;1;367030,055999874020927;5622490,616999479942024;7,115507334000030;50,738962811000100
41016;5220629515210081472;5;1;54;12;2022;6;17;4;3;5;3;0;0;1;1;0;0;0;0;313332,664111195015721;5710931,517095799557865;6,309444051000070;51,518615341999997
41019;5220630515211660533;5;1;54;16;2022;6;17;5;3;0;6;0;0;1;0;0;0;0;0;299341,674533259007148;5731522,404672809876502;6,096268179000050;51,698727092000098
41022;5220705508000871493;5;1;19;0;2022;7;13;3;3;5;3;0;0;1;1;0;0;0;0;352780,905979446019046;5707942,301862780004740;6,878809534000030;51,503415699000101
41023;5220703601300093592;5;3;15;0;2022;7;9;1;3;5;2;0;0;1;1;0;0;0;0;350167,759999772999436;5648724,562999269925058;6,865959092000030;50,970609124000099
41025;5220627406240576367;5;7;58;28;2022;6;17;2;3;3;2;0;0;1;1;0;0;0;0;465569,996776922023855;5789728,868340950459242;8,495580552000041;52,256873326000097
41034;5220704709300896675;5;5;66;84;2022;7;9;2;3;5;2;0;0;1;1;0;0;0;0;386160,114999943005387;5778968,843999629840255;7,336143456000060;52,149475324999997
41036;5220626601300186438;5;3;15;0;2022;6;15;1;3;0;2;0;0;1;1;0;0;0;0;353908,789999801025260;5646141,289999339729548;6,920241096000040;50,948355220000103
41038;5220624601300286362;5;3;15;0;2022;6;15;6;3;5;2;0;0;1;1;0;0;0;0;352101,221147692005616;5647561,326556179672480;6,893950011000070;50,960655438000103
41039;5220628711422587326;5;5;70;20;2022;6;14;3;3;1;5;0;0;1;1;0;0;0;0;433441,827625685022213;5743072,940530399791896;8,034025818000030;51,834506325000099
41042;5220707400200696952;5;7;11;0;2022;7;8;5;3;5;2;0;1;1;0;0;0;1;0;469337,552000001014676;5763595,750999669544399;8,553132977000081;52,022147247000099
41045;5220629406110790710;5;7;58;12;2022;6;8;4;3;5;2;0;0;1;1;0;0;0;0;475945,423769070010167;5774606,287257979623973;8,648656116000041;52,121465335000003
41046;5220706515211595886;5;1;54;16;2022;7;7;4;3;0;3;0;0;1;1;0;0;0;0;304396,693999252980575;5729121,497996330261230;6,170667649000050;51,678950076000000
41052;5220627405104076214;5;7;54;4;2022;6;5;2;3;5;3;0;1;1;1;0;0;0;0;449531,639999999024440;5770758,415999669581652;8,263448987000061;52,085092304000099
41055;5220628709110776669;5;5;66;64;2022;6;13;3;3;4;6;0;0;1;0;0;1;0;0;399323,694183202984277;5771410,181969409808517;7,530701843000030;52,084096160000101
41056;5220706500200996234;5;1;11;0;2022;7;16;4;3;5;3;0;0;1;1;0;0;0;0;348258,614407420973293;5681566,789302020333707;6,824969269000060;51,265225460000103
41059;5220628307000893693;5;9;62;40;2022;6;12;3;2;0;1;0;0;1;0;0;0;0;0;415081,684995414980222;5699559,789992829784751;7,778177931000070;51,440857129000101
41062;5220701709300012303;5;5;66;84;2022;7;11;6;2;5;3;0;0;1;1;0;0;0;0;385710,738310183980502;5779595,707665340043604;7,329367576000040;52,155016074000102
41064;5220630702100174772;5;5;15;0;2022;6;9;5;3;5;3;0;0;1;1;0;0;0;0;398639,008999968005810;5758006,703999649733305;7,524682804000070;51,963501678000100
41074;5220704601100790212;5;3;15;0;2022;7;16;2;3;0;6;0;0;1;0;0;0;0;0;356890,254999820026569;5645616,797999380156398;6,962862439000050;50,944389573000102
41080;5220701500200160585;5;1;11;0;2022;7;23;6;3;0;1;2;0;1;0;0;0;0;0;346574,753309199004434;5677770,300450170412660;6,802479297000050;51,230661397000098
41089;5220628404101996872;5;7;66;20;2022;6;12;3;3;4;2;0;0;1;1;0;0;0;0;492480,288824100978673;5753082,900580139830709;8,890638245000050;51,928422886000099
41092;5220703501128077496;5;1;12;0;2022;7;14;1;2;0;7;0;0;1;0;0;0;0;0;341970,639416764024645;5703007,340423800051212;6,725386397000020;51,456157742000102
41093;5220626706000441941;5;5;58;24;2022;6;20;1;2;0;1;0;0;1;0;0;0;0;0;395449,759469126991462;5740421,684296689927578;7,483609150000060;51,804857367000103
41099;5220705516700886751;5;1;58;8;2022;7;23;3;3;0;1;2;0;1;0;0;0;0;0;361467,623915745993145;5672555,696195079945028;7,017660233000070;51,187608569000098
41102;5220628303100674340;5;9;15;0;2022;6;22;3;3;5;3;1;0;1;1;0;0;0;0;414933,393999987980351;5728429,998999649658799;7,769054429000050;51,700365171999998
41104;5220704518120689451;5;1;70;44;2022;7;7;2;3;5;3;0;0;1;0;0;0;0;1;340153,929999697022140;5717831,861999009735882;6,692534891000040;51,588837424000097
41105;5220701515212522137;5;1;54;32;2022;7;11;6;3;5;3;0;0;1;1;0;0;0;0;309932,415495758992620;5719066,496310040354729;6,256098056000040;51,590544677000103
41107;5220628601400085209;5;3;15;0;2022;6;5;3;3;5;3;0;0;1;1;0;0;0;0;357724,425082603993360;5646922,608813850209117;6,974218461000020;50,956331294999998
41108;5220625709800023988;5;5;66;44;2022;6;11;7;3;3;2;0;0;1;1;0;0;0;0;430045,759708583005704;5777820,133501750417054;7,977656799000040;52,146452931000098
41109;5220705515210095974;5;1;54;28;2022;7;16;3;2;0;7;0;0;1;0;0;0;0;0;320476,857021193020046;5698884,986139860004187;6,418420279000030;51,412721394000101
41110;5220703610111365680;5;3;70;16;2022;7;19;1;3;4;6;0;0;1;0;0;0;0;0;301723,489999159006402;5659681,451996300369501;6,170775686000070;51,054384847000101
41114;5220629606700086599;5;3;78;20;2022;6;20;4;3;0;3;0;0;1;1;0;0;0;0;368921,149999884015415;5657454,492999509908259;7,129744180000050;51,053644470999998
41115;5220628300800393890;5;9;54;36;2022;6;7;3;3;5;2;0;0;1;1;0;0;0;0;378824,817200091027189;5695486,278921069577336;7,258119868000050;51,397650173000002
41118;5220701602100480769;5;3;62;8;2022;7;13;6;2;5;3;0;0;1;1;0;0;0;0;332142,023638516024221;5648365,655533949844539;6,609612665000040;50,962413964000099
41119;5220624518100895900;5;1;70;48;2022;6;13;6;3;0;2;0;0;1;1;0;0;0;0;337053,355131310992874;5725835,680243680253625;6,644093576000050;51,659855209000099
41120;5220628607400479338;5;3;82;56;2022;6;21;3;2;0;7;0;0;1;0;0;0;0;0;370852,536999890988227;5627192,689999509602785;7,168000842000030;50,782089014000100
41121;5220626500300090000;5;1;11;0;2022;6;15;1;3;0;1;0;1;1;0;0;0;0;0;349449,515999768977053;5674164,055999260395765;6,845137024000050;51,199022014000001
41124;5220627514216790112;5;1;66;28;2022;6;11;2;2;5;3;0;0;1;1;0;0;0;0;323264,520999506989028;5686442,690998259931803;6,464646339000070;51,301826513000002