OBJECTID;UIDENTSTLAE;ULAND;UREGBEZ;UKREIS;UGEMEINDE;UJAHR;UMONAT;USTUNDE;UWOCHENTAG;UKATEGORIE;UART;UTYP1;ULICHTVERH;IstStrassenzustand;IstRad;IstPKW;IstFuss;IstKrad;IstGkfz;IstSonstige;LINREFX;LINREFY;XGCSWGS84;YGCSWGS84
41125;5220702513310095734;5;1;62;8;2022;7;18;7;2;8;1;0;0;1;0;0;0;0;0;334293,992119519971311;5660429,701126400381327;6,634718689000070;51,071430175000003
41126;5220630705000276764;5;5;54;48;2022;6;11;5;3;3;6;0;0;1;1;0;0;0;0;341102,857999709027354;5746481,444999019615352;6,693154861000040;51,846497666000097
41129;5220630503200591253;5;1;24;0;2022;6;15;5;3;3;2;0;0;1;1;0;0;0;0;373003,528781561995856;5683698,626875610090792;7,178689309000050;51,290436419999999
41131;5220625601300586482;5;3;15;0;2022;6;14;7;3;4;1;0;0;1;0;0;0;0;1;351947,627688596025109;5647694,055546619929373;6,891710449000070;50,961808758000103
41132;5220705515210264730;5;1;54;48;2022;7;20;3;2;0;7;0;0;1;0;0;0;0;0;324061,130759157007560;5705765,894096080213785;6,466488064000030;51,475656184999998
41148;5220626602700885803;5;3;62;28;2022;6;0;1;3;0;1;2;0;1;0;0;0;0;0;352612,135999790974893;5640075,077999319881201;6,904246504000070;50,893510560999999
41151;5220630702100576649;5;5;15;0;2022;6;10;5;3;5;3;0;0;1;1;0;0;0;0;406128,461999979976099;5757704,004999659955502;7,633740283000070;51,962095966000000
41157;5220628300800155750;5;9;54;36;2022;6;12;3;2;2;3;0;0;1;1;0;0;0;0;380551,651999926019926;5698393,688999580219388;7,281951479000040;51,424147685000001
41159;5220630301101080431;5;9;13;0;2022;6;22;5;2;0;1;2;1;1;0;0;0;0;0;392495,646437874005642;5707979,380998349748552;7,450757237000060;51,512700146999997
41163;5220628602200286773;5;3;62;4;2022;6;17;3;3;5;3;0;0;1;1;0;0;0;0;334485,039060900977347;5653174,087179269641638;6,640758038000060;51,006295066000099
41169;5220702601600724181;5;3;15;0;2022;7;17;7;2;4;6;0;0;1;0;0;0;0;1;357760,045999825000763;5643724,340999389998615;6,975974151000060;50,927597351000003
41173;5220628502214095130;5;1;13;0;2022;6;18;3;2;3;6;0;0;1;1;0;0;0;0;362099,702589045977220;5699026,928564989939332;7,016466579000050;51,425649398000097
41176;5220703600330091248;5;3;82;48;2022;7;20;1;3;0;1;0;0;1;0;0;0;0;0;353983,085675633978099;5608007,524788030423224;6,936440881000070;50,605667240000102
41178;5220627410230079611;5;7;70;4;2022;6;16;2;3;5;3;0;0;1;1;0;0;0;0;485180,746701242984273;5785051,740798889659345;8,783090737000069;52,215701341000099
41188;5220706501318382287;5;1;12;0;2022;7;17;4;3;5;2;0;0;1;1;0;0;0;0;343795,730999724997673;5698581,797999120317400;6,753586436000030;51,416901168000003
41189;5220630503200591160;5;1;24;0;2022;6;10;5;3;5;2;0;0;1;1;0;0;0;0;374335,164999904984143;5677777,004999550059438;7,199857571000050;51,237510401000101
41196;5220702500300540989;5;1;11;0;2022;7;10;7;2;0;1;0;0;1;0;0;0;0;0;344396,713701425003819;5674422,145948049612343;6,772760882000060;51,199987339000103
41198;5220629500200970419;5;1;11;0;2022;6;7;4;3;4;6;0;0;1;0;0;0;0;0;343812,320009512011893;5679842,768806169740856;6,762041016000070;51,248533776999999
41200;5220630601400869802;5;3;15;0;2022;6;14;5;3;5;2;0;0;1;1;0;0;0;0;349407,391999766987283;5658086,414999259635806;6,851251595000060;51,054537955999997
41202;5220630411132366267;5;7;74;32;2022;6;16;5;3;0;2;0;0;1;1;0;0;0;0;482604,829000002006069;5728122,815999650396407;8,748270700000029;51,703781895000098
41203;5220628315110693716;5;9;70;40;2022;6;13;3;3;5;1;0;0;1;1;0;0;0;0;431457,599501024000347;5637979,044042300432920;8,025494746000049;50,889407830000003
41205;5220704700000767048;5;5;13;0;2022;7;17;2;3;3;7;0;0;1;1;0;0;0;0;364904,163022359018214;5720117,680999680422246;7,048694058000020;51,615856843000103
41210;5220628701800985336;5;5;62;4;2022;6;9;3;3;5;2;0;0;1;1;0;0;0;0;382640,059999933000654;5712000,736999589949846;7,307452360000070;51,546881869000103
41215;5220627607400986334;5;3;82;44;2022;6;12;2;3;7;7;0;0;1;0;0;0;0;0;363611,745777894975618;5627259,545600290410221;7,065323885000050;50,781031977000097
41219;5220704516300786028;5;1;58;28;2022;7;16;2;2;3;2;0;0;1;0;0;0;0;0;351575,172826723020989;5688779,931772179901600;6,869473014000050;51,330914762000099
41226;5220701601200490376;5;3;15;0;2022;7;14;6;3;5;2;0;0;1;1;0;0;0;0;355316,207999807025772;5641284,052999359555542;6,942190775000030;50,905059162000001
41231;5220706518310991682;5;1;70;32;2022;7;6;4;3;5;2;0;0;1;1;0;0;0;0;332600,021999622986186;5714784,809998719953001;6,585043962000040;51,559270546000100
41233;5220628502408286876;5;1;17;0;2022;6;13;3;3;5;3;0;0;1;1;0;0;0;0;350394,199999778997153;5698696,051999280229211;6,848358996000060;51,419707459999998
41234;5220625701500995076;5;5;62;24;2022;6;11;7;3;5;3;0;0;1;0;0;0;0;0;367283,048999877006281;5725137,351999510079622;7,081129907000050;51,661531866000097
41239;5220624602100461888;5;3;62;8;2022;6;7;6;3;0;1;0;1;1;0;0;0;0;0;336956,430220033973455;5645936,081686469726264;6,679199354000050;50,941966268999998
41242;5220630605152086071;5;3;74;52;2022;6;10;5;2;8;7;0;0;1;0;0;0;0;0;381389,290277101972606;5660918,799993799999356;7,306417850000060;51,087493915000003
41244;5220629711215458483;5;5;70;4;2022;6;19;4;3;5;2;0;0;1;1;0;0;0;0;422758,805716568022035;5735265,974026099778712;7,880749611000060;51,762949921000001
41245;5220628310110490008;5;9;54;16;2022;6;18;3;3;5;3;0;0;1;1;0;0;0;0;377223,097999916004483;5694872,751999559812248;7,235319215000060;51,391791636000100
41248;5220701607300324723;5;3;82;76;2022;7;13;6;2;3;6;0;0;1;1;0;0;0;0;395217,821535561000928;5625839,682432049885392;7,513877454000070;50,774841305000102
41250;5220628609108089814;5;3;58;8;2022;6;13;3;3;5;3;0;0;1;0;0;0;1;0;323282,198999494023155;5634825,871998350135982;6,490122693000050;50,838123541000101
41252;5220705607400581284;5;3;82;68;2022;7;6;3;2;5;3;0;0;1;1;0;0;0;0;366843,636999872978777;5629219,493999480269849;7,110431255000040;50,799399033000000
41256;5220629513310991747;5;1;62;8;2022;6;18;4;3;5;3;0;0;1;1;0;0;0;0;333264,448999619984534;5662646,359998799860477;6,619013919000050;51,091047828000100
41257;5220706607400996239;5;3;82;68;2022;7;9;4;3;7;1;0;0;1;0;0;0;0;0;373303,681999901018571;5633713,644999519921839;7,200501352000060;50,841242465999997
41260;5220703316300080557;5;9;74;28;2022;7;23;1;3;0;1;2;0;1;0;0;0;0;0;450150,977242586028297;5722812,677045419812202;8,279409180000069;51,654095124000001
41261;5220704701200085456;5;5;62;20;2022;7;10;2;3;5;2;0;0;1;1;0;0;0;0;371701,768446222995408;5718029,601944359950721;7,147585098000040;51,598681957000103
41262;5220702303100641177;5;9;15;0;2022;7;13;7;2;4;2;0;0;1;1;0;0;0;0;419479,250771595980041;5728880,476268200203776;7,834715561000050;51,705085447999998
41265;5220626400300796925;5;7;11;0;2022;6;18;1;3;0;6;0;0;1;0;0;0;0;1;466088,205209938983899;5757882,610137180425227;8,506344867000051;51,970593393000101
41267;5220704300800493942;5;9;54;28;2022;7;7;2;3;0;2;0;0;1;1;0;0;0;0;380980,297999928996433;5692802,840999579988420;7,289989095000070;51,373988044999997
41271;5220629515110126560;5;1;54;36;2022;6;15;4;2;8;1;0;0;1;0;0;0;0;0;301762,810516773024574;5743015,659936180338264;6,124705429000070;51,802797170000098
41277;5220625601300567880;5;3;15;0;2022;6;22;7;3;0;5;2;0;1;1;0;0;0;0;353699,807186336023733;5646317,247617299668491;6,917197415000030;50,949883485000001
41279;5220703516300889327;5;1;58;24;2022;7;20;1;3;5;2;0;0;1;1;0;0;0;0;357001,520620764000341;5679941,347121150232852;6,950849471000030;51,252879186000001
41281;5220627502105573868;5;1;13;0;2022;6;8;2;3;0;7;0;1;1;1;0;0;0;0;361547,522999846027233;5701685,121999439783394;7,007489835000060;51,449402324000097
41282;5220702505100017751;5;1;14;0;2022;7;14;7;3;5;3;0;0;1;1;0;0;0;0;329145,805999577976763;5687002,745998590253294;6,548663661000030;51,308653409999998
41283;5220625300100095843;5;9;11;0;2022;6;9;7;3;5;3;0;0;1;1;0;0;0;0;377023,484237016993575;5706915,063446230255067;7,228266883000060;51,499978904999999
41285;5220706515111596107;5;1;54;8;2022;7;19;4;3;0;2;0;0;1;1;0;0;0;0;308603,387999329017475;5747104,021996780298650;6,221535858000040;51,841896308999999
41288;5220628310240785533;5;9;54;4;2022;6;23;3;3;0;1;2;0;1;0;0;0;0;0;392211,258209976018406;5686174,712550739757717;7,453290228000070;51,316653261000098
41293;5220702406110396800;5;7;58;12;2022;7;21;7;3;0;1;1;0;1;0;0;0;0;0;477217,952100551978219;5775411,086033049970865;8,667188564000069;52,128754882000102
41294;5220624605104486484;5;3;74;4;2022;6;11;6;3;3;2;0;1;1;1;0;0;0;0;405744,124446909001563;5653024,707260260358453;7,656108336000050;51,021046318000103
41302;5220624500100576317;5;1;11;0;2022;6;1;6;3;0;1;2;0;1;0;0;0;0;0;345839,928290190000553;5677510,681256989948452;6,792074397000020;51,228130582000098
41303;5220628601300381661;5;3;15;0;2022;6;10;3;3;0;3;0;0;1;0;0;0;0;1;354081,477161341987085;5644846,723827539943159;6,923216330000060;50,936765114000103
41307;5220627515212528632;5;1;54;32;2022;6;16;2;3;5;2;0;1;1;1;0;0;0;0;310029,521333598997444;5717979,179322229698300;6,258086500000050;51,580811912999998
41308;5220702513330585909;5;1;62;12;2022;7;17;7;3;5;3;0;0;1;1;0;0;0;0;326800,718999546021223;5667265,200998489744961;6,524585041000020;51,130627867999998
41309;5220629601300186263;5;3;15;0;2022;6;0;4;3;0;1;2;0;1;0;0;0;0;0;354810,036656214972027;5645560,923518810421228;6,933293686000070;50,943367328000100
41313;5220628502409777690;5;1;17;0;2022;6;16;3;3;5;3;0;0;1;1;0;0;0;0;350106,390999776020180;5699238,540999270044267;6,843993403000070;51,424505953999997
41314;5220625602600075835;5;3;62;20;2022;6;16;7;3;5;2;0;0;1;1;0;0;0;0;339048,487670500995591;5635837,843632879666984;6,713402812000030;50,851816554000003
41317;5220701316100882003;5;9;74;24;2022;7;15;6;2;2;6;0;0;1;0;0;0;0;0;440763,574999999022111;5723946,220999649725854;8,143532845000040;51,663375320000100
41321;5220629410270096929;5;7;70;16;2022;6;9;4;2;5;2;0;0;1;1;0;0;0;0;475016,136279484024271;5792017,223924810066819;8,633798848000030;52,277956602000103
41323;5220630601500290456;5;3;15;0;2022;6;17;5;3;0;3;0;0;1;0;0;0;0;1;360051,201156452007126;5648225,300545640289783;7,006825434000060;50,968608492999998
41328;5220705316100996240;5;9;74;8;2022;7;17;3;2;5;3;0;0;1;1;0;0;0;0;442277,789999997999985;5716706,811999649740756;8,166617127000050;51,598446479000103
41330;5220630502402770171;5;1;17;0;2022;6;10;5;3;5;2;0;0;1;1;0;0;0;0;352838,965999794017989;5700379,650999319739640;6,882794446000050;51,435475703000101
41342;5220630315110180415;5;9;70;40;2022;6;11;5;2;3;6;0;0;1;0;0;0;1;0;431322,854999997012783;5636791,397999609820545;8,023802504000059;50,878713255000001
41346;5220703400100080335;5;7;11;0;2022;7;17;1;3;0;1;0;0;1;0;0;0;0;0;469294,370769803994335;5767314,438397110439837;8,552169714000060;52,055578179000101
41356;5220627701300081306;5;5;62;14;2022;6;21;2;2;5;3;2;0;1;1;0;0;0;0;360016,036999839008786;5715768,838999429717660;6,979872184000040;51,575583927000103
41358;5220704600110386352;5;3;14;0;2022;7;16;2;3;0;1;0;0;1;0;0;0;0;0;365802,156591722974554;5622342,228515660390258;7,098169369000060;50,737346650000099
41359;5220701601300625368;5;3;15;0;2022;7;18;6;3;5;2;0;0;1;1;0;0;0;0;347490,528999753005337;5645204,980999220162630;6,829331209000030;50,938279152000099
41362;5220626316400694493;5;9;74;44;2022;6;10;1;2;2;6;0;0;1;0;0;0;0;0;446189,519343828025740;5701012,742739180102944;8,225486156000040;51,457730640000101
41363;5220705601600386592;5;3;15;0;2022;7;14;3;3;3;6;0;0;1;1;0;0;0;0;359825,479104424011894;5644855,210070399567485;7,004910428000070;50,938266228000003
41366;5220702602200386516;5;3;62;4;2022;7;18;7;3;0;7;0;0;1;0;0;0;0;0;329119,609999572974630;5652645,680998629890382;6,564600970000070;50,999979041000103
41368;5220706506100475921;5;1;16;0;2022;7;22;4;3;3;6;2;0;1;0;0;0;0;1;321296,273599579988513;5674275,208272020332515;6,442514513000050;51,191909994000099
41377;5220625301103979525;5;9;11;0;2022;6;11;7;3;5;2;0;0;1;1;0;0;0;0;381598,065999928978272;5703043,494999590329826;7,295439405000020;51,466158939000103
41384;5220625406110582087;5;7;58;12;2022;6;14;7;2;5;2;0;0;1;1;0;0;0;0;479491,754134348011576;5772326,675004470162094;8,700590707000060;52,101113054000102
41388;5220704606100381179;5;3;78;4;2022;7;10;2;3;3;6;0;0;1;1;0;0;0;0;368972,579999883018900;5646340,179999499581754;7,134489555000070;50,953763950000102
41389;5220701711142091269;5;5;70;44;2022;7;17;6;3;4;2;0;0;1;1;0;0;0;0;415571,989285640011076;5760233,081497070379555;7,770528494000080;51,986343980000100
41390;5220624610222014469;5;3;70;36;2022;6;12;6;3;0;3;0;0;1;1;0;0;0;0;301630,653199171007145;5662611,964897549711168;6,167845642000030;51,080672919999998
41395;5220629700000320537;5;5;13;0;2022;6;11;4;2;5;3;0;0;1;1;0;0;0;0;364184,579999863984995;5716506,246999479830265;7,039705339000020;51,583230249000103
41396;5220627709700868339;5;5;66;92;2022;6;4;2;3;0;1;1;1;1;0;0;0;0;0;420976,287968210992403;5796201,406088310293853;7,840843455000030;52,310454859000103
41398;5220629503400490372;5;1;22;0;2022;6;19;4;3;3;2;0;0;1;1;0;0;0;0;359922,483999837015290;5666441,901999419555068;6,997944821000030;51,132288830999997
41402;5220625709700053150;5;5;66;88;2022;6;13;7;2;5;3;0;0;1;0;0;1;0;0;426139,205450602981728;5787604,249968700110912;7,918443016000030;52,233894391000000
41403;5220709514214085920;5;1;66;12;2022;7;10;7;3;0;7;0;0;1;1;0;0;0;0;323324,222999508026987;5691876,083998260088265;6,462808262000070;51,350654198000001
41412;5220713702100242370;5;5;15;0;2022;7;15;4;3;1;1;0;0;1;1;0;0;0;0;405520,957152727991343;5756552,189297970384359;7,625217806000020;51,951640042000101
41414;5220710701110351237;5;5;62;32;2022;7;17;1;3;5;2;0;1;1;1;0;0;0;0;375170,028593169990927;5720395,078055880032480;7,196791673000060;51,620720067999997
41415;5220720411232079080;5;7;74;32;2022;7;12;4;3;5;2;0;0;1;1;0;0;0;0;480144,134000001009554;5736290,913999659940600;8,712195687000079;51,777141573999998
41418;5220718502325073538;5;1;13;0;2022;7;18;2;3;0;7;0;0;1;0;0;0;0;0;361769,524999848974403;5706735,901999450288713;7,008706868000050;51,494844589000103
41425;5220715702100072460;5;5;15;0;2022;7;8;6;3;0;1;0;0;1;0;0;0;0;0;406259,463733866985422;5757688,638585889711976;7,635650566000040;51,961979949000103
41436;5220711609152924885;5;3;58;52;2022;7;7;2;3;5;3;0;0;1;1;0;0;0;0;333303,576331837975886;5628656,933617199771106;6,635122228000060;50,785668340000001
41440;5220715508000976384;5;1;19;0;2022;7;15;6;2;5;3;0;0;1;1;0;0;0;0;351532,513599278987385;5706512,828940560109913;6,861437071000070;51,490244673000099
41442;5220719608436889871;5;3;34;36;2022;7;15;3;3;5;2;0;0;1;1;0;0;0;0;298320,215691588004120;5636121,930239450186491;6,135324755000060;50,841605269000098
41452;5220711601700977587;5;3;16;0;2022;7;18;2;2;4;2;0;0;1;1;0;0;0;0;361810,796713434974663;5658467,021075939759612;7,027968442000030;51,061077255000001
41454;5220708506100595903;5;1;16;0;2022;7;8;6;3;0;2;0;0;1;1;0;0;0;0;320361,191999463015236;5675097,441998089663684;6,428735313000060;51,199003095000101
41469;5220722706200996084;5;5;58;8;2022;7;18;6;3;5;3;0;0;1;1;0;0;0;0;382560,197999935015105;5760207,793999609537423;7,290006331000030;51,980119058000099
41470;5220711300100675696;5;9;11;0;2022;7;18;2;3;3;2;0;0;1;1;0;0;0;0;375816,312919554999098;5708254,016413750126958;7,210412660000030;51,511748588000003
41474;5220726706000591074;5;5;58;12;2022;7;16;3;3;0;3;0;0;1;1;0;0;0;0;374655,550186383014079;5753104,854372279718518;7,177560812000020;51,914561706000001
41475;5220718601930996168;5;3;15;0;2022;7;7;2;3;0;6;0;0;1;0;0;0;0;0;358605,903294970979914;5640457,733390039764345;6,989268314000070;50,898448007000098
41477;5220719406220331814;5;7;58;20;2022;7;12;3;3;8;1;0;0;1;1;0;0;0;0;476869,491207426006440;5783882,335544999688864;8,661520770000040;52,204901564000103
41478;5220714515210091589;5;1;54;28;2022;7;13;5;3;4;6;0;0;1;0;0;0;0;0;313999,674941306002438;5703653,595914759673178;6,322880265000040;51,453465694000002
41479;5220723600380386250;5;3;14;0;2022;7;8;7;3;5;3;0;0;1;1;0;0;0;0;367671,973999876994640;5619532,211999479681253;7,125661149000050;50,712518983000102
41480;5220711709500738473;5;5;66;76;2022;7;10;2;2;0;7;0;0;1;0;0;1;0;0;394318,550005452998448;5793653,289544030092657;7,450750410000070;52,283071015000097
41486;5220726518210448286;5;1;70;28;2022;7;17;3;3;0;2;0;0;1;0;0;0;0;0;331121,278755572973751;5702232,100394990295172;6,569741094000050;51,446061159000102
41491;5220716506100996187;5;1;16;0;2022;7;15;7;3;6;4;0;0;1;0;1;0;0;0;321112,958970040024724;5673240,704683089628816;6,440408993000060;51,182559465000097
41498;5220715600110669535;5;3;14;0;2022;7;16;6;2;5;3;0;0;1;1;0;0;0;0;364417,711999860999640;5622462,535999460145831;7,078516690000070;50,738106395999999
41499;5220710400300590811;5;7;11;0;2022;7;17;1;3;6;4;0;0;1;0;1;0;0;0;463365,259104009019211;5760147,381258640438318;8,466466787000060;51,990782220000000
41507;5220708313110885062;5;9;58;4;2022;7;13;6;3;2;2;0;0;1;1;0;0;0;0;434477,036999996984378;5694702,751999639905989;8,058093710000040;51,399765291000101
41513;5220712300800041261;5;9;54;36;2022;7;12;3;2;5;3;0;0;1;1;0;0;0;0;380089,058999927015975;5696520,985999579541385;7,275934595000020;51,407218555000000
41519;5220719607300834406;5;3;82;36;2022;7;9;3;3;0;6;0;0;1;0;0;0;0;0;388433,574673074006569;5640569,371523420326412;7,413209297000040;50,905985605000097
41524;5220725410110087124;5;7;70;24;2022;7;6;2;2;5;3;0;0;1;1;0;0;0;0;498778,456394603999797;5795464,545452400110662;8,982082517000039;52,309516200000097
41531;5220708518300186005;5;1;70;20;2022;7;15;6;3;4;2;0;0;1;1;0;0;0;0;329498,888999587972648;5709404,591998579911888;6,542955261000030;51,510009158999999
41533;5220717711111091269;5;5;70;52;2022;7;3;1;3;0;1;2;0;1;0;0;0;0;0;430647,216999996977393;5755891,821999670006335;7,990895579000040;51,949404600000001
41543;5220713608200277603;5;3;34;2;2022;7;21;4;3;5;3;1;0;1;1;0;0;0;0;297017,922407597012352;5630727,101359760388732;6,119836079000040;50,792696853000102
41548;5220717500200087379;5;1;11;0;2022;7;16;1;3;0;1;0;0;1;0;0;0;0;0;340012,823845107981469;5683197,876318629831076;6,706144779000060;51,277625938000000
41552;5220719317110996146;5;9;78;36;2022;7;11;3;3;4;6;0;0;1;1;0;0;0;0;408929,757999984023627;5709843,563999639824033;7,687034040000070;51,532346247000099
41553;5220714515110556537;5;1;54;36;2022;7;8;5;3;5;3;0;0;1;0;0;0;0;1;301402,656706337002106;5740089,083375739865005;6,121163728000060;51,776388983000103
41554;5220723516800691361;5;1;58;20;2022;7;19;7;3;5;3;0;0;1;1;0;0;0;0;359798,243984774977434;5666283,542452979832888;6,996231899000070;51,130835284000099
41556;5220708706000496562;5;5;58;8;2022;7;17;6;3;0;1;0;0;1;1;0;0;0;0;382375,559455689974129;5760092,864780520088971;7,287358580000050;51,979047136000098
41558;5220710513110181506;5;1;62;16;2022;7;14;1;3;0;1;0;0;1;0;0;0;0;1;334805,359999637992587;5676019,164998849853873;6,634860881000070;51,211643240999997
41566;5220725601200876459;5;3;15;0;2022;7;13;2;3;5;2;0;0;1;1;0;0;0;0;354365,145922511990648;5643975,448004709556699;6,927598963000040;50,929006913000102
41567;5220714702100570513;5;5;15;0;2022;7;8;5;3;5;3;0;0;1;1;0;0;0;0;404638,240883302991278;5760659,332803339697421;7,611236398000070;51,988405890000102
41568;5220716600370097714;5;3;82;4;2022;7;15;7;3;5;2;0;0;1;1;0;0;0;0;360835,865999842004385;5620673,909999419935048;7,028461234000080;50,721183699000100
41569;5220714301103687259;5;9;13;0;2022;7;19;5;2;0;1;0;0;1;0;0;0;0;0;394403,877528888988309;5702263,966797290369868;7,479955741000030;51,461686600000100
41571;5220711601200693349;5;3;15;0;2022;7;14;2;2;0;1;0;0;1;0;0;0;0;0;350245,213584823999554;5641604,178936160169542;6,869988050000070;50,906642883000103
41575;5220717602400996179;5;3;62;32;2022;7;14;1;3;5;3;0;0;1;1;0;0;0;0;343171,506999714998528;5634934,117999129928648;6,772316568000060;50,844828301000099
41579;5220726406110878058;5;7;58;12;2022;7;21;3;3;5;2;1;0;1;1;0;0;0;0;477354,785155300982296;5774042,184254500083625;8,669278564000020;52,116453229999998
41580;5220707705000296570;5;5;54;48;2022;7;8;5;3;5;3;0;1;1;1;0;0;0;0;340983,447368371009361;5746881,295597559772432;6,691238910000040;51,850055881999999
41581;5220724501323994193;5;1;12;0;2022;7;16;1;3;5;2;0;0;1;1;0;0;0;0;344117,075247779022902;5693902,720992979593575;6,760258975000060;51,374948080000102
41585;5220713709500276614;5;5;66;76;2022;7;19;4;3;0;1;0;0;1;0;0;0;0;0;394383,192361944995355;5794395,182193550281227;7,451465171000050;52,289751002999999
41587;5220711310230073570;5;9;54;12;2022;7;13;2;2;0;7;0;0;1;1;0;0;0;0;387530,709948470990639;5688498,257576920092106;7,385421519000030;51,336632240000000
41593;5220707518400973961;5;1;70;8;2022;7;13;5;3;5;3;0;0;1;1;0;0;0;0;345456,130999742017593;5714388,366999159567058;6,770526420000070;51,559377499000000
41596;5220724705000996046;5;5;54;44;2022;7;15;1;3;5;3;0;0;1;1;0;0;0;0;364626,369999866001308;5738876,242999490350485;7,037402458000030;51,784357538999998
41605;5220716316200281011;5;9;74;52;2022;7;14;7;3;0;2;0;0;1;0;0;0;0;0;422179,449869389005471;5713715,123197459615767;7,877156359000030;51,569133231000102
41606;5220713601300996229;5;3;15;0;2022;7;6;4;3;5;3;0;0;1;1;0;0;0;0;348392,416999758977909;5648463,616999239660800;6,840800977000070;50,967799677000102
41611;5220717608200525242;5;3;34;2;2022;7;21;1;2;0;7;0;0;1;0;0;0;0;0;296006,973035455972422;5629360,110770810395479;6,106269571000040;50,780064586999998
41615;5220724317110618721;5;9;78;36;2022;7;11;1;3;2;6;0;0;1;1;0;0;0;0;411651,598676747002173;5708353,964899430051446;7,726638037000040;51,519388064000097
41617;5220724705000938824;5;5;54;28;2022;7;2;1;3;7;1;2;0;1;0;0;0;0;0;355903,669462494028267;5741966,680389549583197;6,909747819000070;51,809947809999997
41621;5220710405228796997;5;7;54;28;2022;7;3;1;3;8;1;2;0;1;0;0;0;0;0;452227,336908482015133;5742036,491318879649043;8,306781568000080;51,827110999000098
41624;5220717515211569477;5;1;54;16;2022;7;13;1;2;0;1;0;0;1;0;0;0;0;0;304368,807609345007222;5729200,711098579689860;6,170220437000070;51,679651735999997
41627;5220713506100247956;5;1;16;0;2022;7;14;4;3;5;3;0;0;1;0;0;0;0;1;321147,811999475001357;5673424,527998150326312;6,440815652000030;51,184221698000002
41630;5220714600110369572;5;3;14;0;2022;7;16;5;3;3;6;0;0;1;0;0;0;0;0;364751,565804599027615;5623472,267705379985273;7,082874595000020;50,747259571000001
41640;5220724602700565689;5;3;62;28;2022;7;0;1;3;3;6;2;0;1;1;0;0;0;0;352323,344999752996955;5635344,447714200243354;6,902053194000080;50,850924233999997
41647;5220711506100081915;5;1;16;0;2022;7;18;2;2;5;2;0;0;1;1;0;0;0;0;319652,721999454020988;5675509,499998039565980;6,418398598000070;51,202481462999998
41649;5220708600330090908;5;3;82;48;2022;7;13;6;3;0;7;0;0;1;0;0;0;0;0;353597,181227295019198;5610162,404223459772766;6,930140843000060;50,624936925000000
41657;5220724407000590542;5;7;62;8;2022;7;18;1;2;0;1;0;0;1;0;0;0;0;0;525790,486519676051103;5724234,367674210108817;9,372930039000041;51,668496794000099
41658;5220712601500993518;5;3;15;0;2022;7;9;3;3;0;7;0;0;1;1;0;0;0;0;364636,904817236994859;5643180,603069609962404;7,073970754000070;50,924365216000098
41668;5220718502404085457;5;1;17;0;2022;7;21;2;3;5;3;0;0;1;1;0;0;0;0;353004,588533825008199;5703343,939469420351088;6,883944079000060;51,462154822999999
41674;5220709405148179612;5;7;54;48;2022;7;18;7;3;5;2;0;0;1;1;0;0;0;0;445647,121999999973923;5768357,697999680414796;8,207145212000061;52,063142067999998
41675;5220715711313182312;5;5;70;8;2022;7;15;6;3;4;6;0;0;1;0;0;0;0;0;434188,889999996987171;5734103,440999659709632;8,046568569000041;51,753958820999998
41683;5220719411224996144;5;7;74;24;2022;7;12;3;3;2;2;0;0;1;0;0;0;1;0;475375,811000000976492;5741906,465999660082161;8,642682786000019;51,827441993000001
41686;5220711711422757428;5;5;70;20;2022;7;5;2;3;5;2;1;1;1;1;0;0;0;0;433064,731999996991362;5745186,531999659724534;8,028144675000020;51,853462241999999
41690;5220715600110996208;5;3;14;0;2022;7;9;6;2;5;3;0;0;1;0;0;0;1;0;364885,150265629985370;5620247,511837390251458;7,085948968000030;50,718306931000001
41693;5220726500300076137;5;1;11;0;2022;7;14;3;3;8;7;0;0;1;0;0;0;0;0;349150,052613474021200;5670829,412167419679463;6,842254125000070;51,168978487000103
41696;5220713307000569277;5;9;62;28;2022;7;20;4;2;8;1;0;0;1;0;0;0;0;0;401734,217138565029018;5663016,006679739803076;7,596238842000050;51,110193731000003
41697;5220725601500996030;5;3;15;0;2022;7;6;2;3;0;7;0;0;1;0;0;0;0;0;360458,116999840014614;5646827,829999430105090;7,013153019000070;50,956147942000001
41698;5220722515212391268;5;1;54;32;2022;7;16;6;3;3;6;0;0;1;0;0;0;0;0;310156,259923195000738;5725719,424825839698315;6,255721088000030;51,650371639000099
41702;5220716702100250182;5;5;15;0;2022;7;12;7;3;4;3;0;0;1;1;0;0;0;0;405042,766053215018474;5756891,800304880365729;7,618167894000070;51,954611169000003
41707;5220722601600996089;5;3;15;0;2022;7;13;6;3;5;3;0;0;1;1;0;0;0;0;365144,630276629992295;5637356,617824730463326;7,083341375000030;50,872140379000001
41708;5220719400300996151;5;7;11;0;2022;7;8;3;3;6;4;0;0;1;0;1;0;0;0;465318,114373173972126;5761122,065503030084074;8,494807515000049;51,999670620000103
41711;5220712303100618601;5;9;15;0;2022;7;11;3;2;0;1;0;0;1;0;0;0;0;0;418508,927581635012757;5727721,352883400395513;7,820947249000030;51,694525402000103
41719;5220708303100480641;5;9;15;0;2022;7;16;6;3;5;3;0;0;1;1;0;0;0;0;417724,457999988982920;5726311,611999649554491;7,809932176000070;51,681738100000103
41720;5220724601300586759;5;3;15;0;2022;7;17;1;3;0;6;0;0;1;0;0;0;0;0;349116,149999766028486;5648640,225999260321259;6,851027366000040;50,969576743000097