OBJECTID;UIDENTSTLAE;ULAND;UREGBEZ;UKREIS;UGEMEINDE;UJAHR;UMONAT;USTUNDE;UWOCHENTAG;UKATEGORIE;UART;UTYP1;ULICHTVERH;IstStrassenzustand;IstRad;IstPKW;IstFuss;IstKrad;IstGkfz;IstSonstige;LINREFX;LINREFY;XGCSWGS84;YGCSWGS84
41722;5220713315210273269;5;9;70;24;2022;7;16;4;3;3;1;0;0;1;0;0;0;1;0;428967,456611103028990;5645979,580947799608111;7,988538005000070;50,961041504999997
41724;5220714605124085295;5;3;74;24;2022;7;15;5;3;0;3;0;0;1;0;0;0;0;0;399049,526050116983242;5658623,251917590387166;7,559127723000070;51,070238392000100
41731;5220721601500466012;5;3;15;0;2022;7;17;5;3;0;7;0;1;1;1;0;0;0;0;364758,587999864015728;5649337,466999470256269;7,073413925000070;50,979728518000101
41738;5220724600110996051;5;3;14;0;2022;7;11;1;3;0;7;0;0;1;0;0;0;0;0;364933,303311188006774;5622093,311523539945483;7,085954645000070;50,734907993000000
41745;5220710709110796521;5;5;66;8;2022;7;19;1;2;8;1;0;1;1;0;0;0;0;0;400146,673781926976517;5780923,566165779717267;7,539915882000060;52,169750071000102
41747;5220721508000276288;5;1;19;0;2022;7;16;5;3;0;3;0;1;1;1;0;0;0;0;351650,896785026998259;5704284,427647390402853;6,864076960000030;51,470252438999999
41748;5220717518110144189;5;1;70;12;2022;7;19;1;3;0;7;0;0;1;1;0;0;0;0;327979,491999575984664;5737094,751998459920287;6,507476339000050;51,758290854000101
41755;5220709301102182147;5;9;13;0;2022;7;19;7;3;3;2;0;0;1;1;0;0;0;0;396600,078999964985996;5703245,253999629989266;7,511271154000040;51,470912626000001
41756;5220715601300996204;5;3;15;0;2022;7;16;6;3;0;1;0;0;1;0;0;0;0;0;352974,686787347018253;5649351,561339369975030;6,905655422000050;50,976966990000101
41760;5220727301102180481;5;9;13;0;2022;7;9;4;3;5;3;0;0;1;1;0;0;0;0;393890,385375875979662;5704833,456107390113175;7,471795224000060;51,484686599000000
41761;5220718502135690717;5;1;13;0;2022;7;12;2;3;2;2;0;0;1;1;0;0;0;0;366598,296999874990433;5703172,027999499812722;7,079571444000070;51,463977177000103
41763;5220725608100072071;5;3;34;2;2022;7;17;2;3;5;3;0;0;1;1;0;0;0;0;294394,204564566025510;5626919,249466219916940;6,084787150000070;50,757573240000099
41764;5220721709700576770;5;5;66;28;2022;7;16;5;3;0;1;0;1;1;0;0;0;0;0;412023,310389265010599;5792350,876242619939148;7,710556803000030;52,274483908000001
41767;5220712300200389998;5;9;11;0;2022;7;19;3;3;0;7;0;0;1;0;0;0;0;0;371505,119999894988723;5706683,006999540142715;7,148891525000070;51,496665884999999
41771;5220715515110996206;5;1;54;40;2022;7;14;6;3;5;3;0;0;1;1;0;0;0;0;290844,172327667998616;5743757,336251200176775;5,966123916000070;51,805480051000103
41772;5220709711231981052;5;5;70;40;2022;7;16;7;2;5;3;0;0;1;0;0;0;0;1;418573,848694071988575;5744238,121875439770520;7,818014150000070;51,843010751000101
41778;5220725500200061177;5;1;11;0;2022;7;10;2;3;5;3;0;0;1;1;0;0;0;0;344562,375126373022795;5680332,211930040270090;6,772566997000070;51,253136482000102
41781;5220714303100996223;5;9;15;0;2022;7;11;5;2;0;1;0;0;1;0;0;0;0;0;418567,826928684022278;5726678,017509669996798;7,822042741000080;51,685154851999997
41787;5220717701920348785;5;5;62;28;2022;7;12;1;2;5;3;0;0;1;1;0;0;0;0;376966,268999917025212;5724134,088999579660594;7,221410987000070;51,654718780000103
41789;5220719513320090220;5;1;62;4;2022;7;6;3;1;8;1;0;0;1;1;0;0;0;0;343372,089418804971501;5660815,870092480443418;6,764023103000060;51,077449344000101
41795;5220716410250390816;5;7;70;44;2022;7;23;7;2;9;1;2;0;1;0;0;0;0;0;462330,317553104017861;5802614,367322579957545;8,446676928000040;52,372502398999998
41798;5220711301302073352;5;9;13;0;2022;7;14;2;3;1;5;0;0;1;1;0;0;0;0;394285,484507262997795;5708596,363230049610138;7,476355603000060;51,518583654000103
41802;5220716609108269683;5;3;58;8;2022;7;15;7;3;0;1;0;0;1;0;0;0;0;0;322927,965741423016880;5630925,872849239967763;6,486979300000030;50,802977232000003
41803;5220714307000575674;5;9;62;16;2022;7;16;5;2;0;1;0;0;1;0;0;0;0;0;413511,141693327983376;5692204,669092089869082;7,757380031000030;51,374498779000099
41808;5220721601500114041;5;3;15;0;2022;7;7;5;3;0;1;0;1;1;0;0;0;0;0;360580,012608707998879;5648918,939742960035801;7,014086076000070;50,974970560000003
41809;5220717706300735116;5;5;58;36;2022;7;14;1;3;4;6;0;0;1;0;0;1;0;0;390816,130557487020269;5731189,001033449545503;7,419331556000030;51,720989352000103
41810;5220718702100476712;5;5;15;0;2022;7;8;2;3;0;7;0;0;1;0;0;0;0;0;410734,157901604019571;5760228,968866120092571;7,700098368000060;51,985550647000103
41812;5220725709500476732;5;5;66;76;2022;7;20;2;3;0;3;0;0;1;0;0;0;0;0;395078,091999962984119;5791910,352999660186470;7,462422901000020;52,267552249000097
41813;5220707601600193615;5;3;15;0;2022;7;8;5;3;0;1;0;1;1;0;0;0;0;0;360955,924145360011607;5644267,654488320462406;7,021213828000040;50,933259420000098
41822;5220720410270333666;5;7;70;16;2022;7;14;4;3;0;7;0;0;1;0;0;0;0;1;478077,059000000997912;5787754,009999680332839;8,678940421000050;52,239759120000002
41823;5220721515211954172;5;1;54;16;2022;7;12;5;3;5;3;0;1;1;1;0;0;0;0;304412,518999252002686;5727586,768996329978108;6,171755454000050;51,665172957999999
41828;5220719500200567523;5;1;11;0;2022;7;23;3;3;0;1;2;0;1;0;0;0;0;0;346915,249999749008566;5680273,801999210380018;6,806282144000020;51,253248126000102
41831;5220712500200367224;5;1;11;0;2022;7;9;3;3;0;7;0;0;1;1;0;0;0;0;347027,623999750998337;5677898,574999210424721;6,808905937000080;51,231935582000098
41833;5220709317210394278;5;9;78;20;2022;7;7;7;3;0;1;0;0;1;0;0;0;0;0;404385,651382288022432;5713392,494532570242882;7,620576712000060;51,563496449000098
41837;5220720300200078779;5;9;11;0;2022;7;19;4;3;0;1;0;1;1;0;0;0;0;0;372932,991999900026713;5702333,121999540366232;7,171014924000080;51,457895471000000
41839;5220726514110590278;5;1;66;32;2022;7;13;3;3;4;6;0;0;1;0;0;0;0;0;318316,154999439022504;5681748,792997930198908;6,396123937000030;51,258104701999997
41841;5220708301301494281;5;9;78;24;2022;7;11;6;3;0;1;0;0;1;0;0;0;0;0;397874,887233512999956;5718326,683659690432250;7,525243212000020;51,606706539000101
41842;5220712700000091011;5;5;13;0;2022;7;21;3;3;5;3;0;0;1;1;0;0;0;0;368606,827999882982112;5709626,828999510034919;7,106065736000060;51,522455218000097
41846;5220723515110591521;5;1;54;40;2022;7;10;7;1;5;3;0;0;1;1;0;0;0;0;292711,137912539008539;5742347,233127290382981;5,994007313000050;51,793514041000002
41851;5220715600140290935;5;3;14;0;2022;7;14;6;3;3;5;0;0;1;1;0;0;0;1;367223,516764891974162;5622546,083972060121596;7,118227558000060;50,739505616000002
41857;5220712518100391485;5;1;70;48;2022;7;11;3;3;5;3;0;0;1;1;0;0;0;0;334986,938999649020843;5727015,497998810373247;6,613687692000040;51,669851457000000
41858;5220725513130885054;5;1;62;22;2022;7;11;2;2;5;3;0;0;1;0;0;1;0;0;334558,410445448011160;5682302,034463969990611;6,628426118000050;51,268019752000001
41863;5220711518120067344;5;1;70;44;2022;7;7;2;3;5;3;0;0;1;1;0;0;0;0;337619,568999673007056;5722699,620998919941485;6,653728112000070;51,631844862000001
41864;5220720515212586040;5;1;54;32;2022;7;16;4;3;5;3;0;0;1;1;0;0;0;0;312032,890350641973782;5719836,307825470343232;6,285972306000080;51,598163299000099
41867;5220717706200881907;5;5;58;8;2022;7;20;1;3;3;1;0;0;1;0;0;0;0;0;381540,977699637995102;5760474,085003299638629;7,275081170000020;51,982295831999998
41870;5220707506100466290;5;1;16;0;2022;7;11;5;2;0;7;0;1;1;0;0;0;0;0;322628,099875688028987;5676168,402527320198715;6,460619074000020;51,209332104000097
41875;5220715601200057519;5;3;15;0;2022;7;7;6;3;5;3;0;0;1;0;0;0;0;0;352983,619702677999157;5641702,166629339568317;6,908869854000050;50,908227332000102
41877;5220710411232082012;5;7;74;32;2022;7;20;1;3;0;1;0;1;1;0;0;0;0;0;480517,342984905000776;5733903,189137750305235;8,717739083000030;51,755686160000003
41878;5220720500200368382;5;1;11;0;2022;7;16;4;3;4;7;0;0;1;0;0;0;0;0;344495,214653388014995;5679330,533013019710779;6,772040525000020;51,244117776000103
41881;5220726601400569514;5;3;15;0;2022;7;15;3;3;4;6;0;0;1;0;0;1;0;0;357347,787999821011908;5646879,281999389640987;6,968876318000070;50,955848811000102
41883;5220713518310089620;5;1;70;32;2022;7;22;4;3;5;3;2;0;1;1;0;0;0;0;333656,876999634027015;5710816,016998769715428;6,602151655000060;51,523928437000102
41885;5220719316100969254;5;9;74;8;2022;7;21;3;2;0;1;1;0;1;0;0;0;0;0;443054,728067890973762;5716244,296989750117064;8,177908248000049;51,594367260000098
41890;5220715501113691619;5;1;12;0;2022;7;19;6;3;0;1;0;1;1;1;0;0;0;0;345212,055999738979153;5707757,276999159716070;6,769922438000040;51,499731183999998
41896;5220713405108078110;5;7;54;8;2022;7;17;4;3;5;2;0;0;1;1;0;0;0;0;456550,848744067014195;5751577,830779509618878;8,368314082000040;51,913246490000098
41902;5220713502325298120;5;1;13;0;2022;7;10;4;3;0;3;0;0;1;1;0;0;0;0;361561,104060183977708;5704103,791343789547682;7,006738231000040;51,471140642000101
41911;5220717300100767612;5;9;11;0;2022;7;18;1;3;0;1;0;0;1;0;0;0;0;0;375676,941721556999255;5705666,657600150443614;7,209317064000060;51,488464491000101
41913;5220718316200078552;5;9;74;52;2022;7;21;2;3;4;2;1;0;1;1;0;0;0;0;424873,548999993014149;5712140,943999649956822;7,916357347000030;51,555346753999999
41917;5220716516700391731;5;1;58;8;2022;7;16;7;3;5;2;0;0;1;0;0;0;0;0;361002,798999844992068;5673098,428999439813197;7,010803022000060;51,192373140000001
41920;5220711516800186683;5;1;58;20;2022;7;7;2;3;5;3;0;0;1;1;0;0;0;0;357452,478076426021289;5666202,696004229597747;6,962760634000060;51,129529709000103
41922;5220708503100691233;5;1;24;0;2022;7;14;6;3;0;6;0;0;1;1;0;0;0;0;368398,405314219009597;5679271,174670170061290;7,114312861000030;51,249600418999997
41927;5220719608100073639;5;3;34;2;2022;7;7;3;3;0;1;0;0;1;0;0;0;0;0;293026,414390961988829;5631441,614865249954164;6,062875715000080;50,797702637000000
41933;5220715301301167124;5;9;78;24;2022;7;10;6;3;1;5;0;0;1;1;0;0;0;1;397909,689105401979759;5720097,038935880176723;7,525229862000060;51,622625813000099
41935;5220713601000990226;5;3;15;0;2022;7;6;4;3;1;5;0;0;1;0;0;0;0;1;367153,054999736021273;5634219,276999910362065;7,113008569000040;50,844407595000099
41937;5220711303100089417;5;9;15;0;2022;7;22;2;3;0;1;2;0;1;0;0;0;0;0;418804,296136302000377;5725274,386121530085802;7,825789043000040;51,672571067000000
41941;5220719301203173381;5;9;13;0;2022;7;5;3;3;5;3;1;0;1;1;0;0;0;0;392958,390971919987351;5710906,798105860128999;7,456533642000070;51,539100878000099
41942;5220719501318028224;5;1;12;0;2022;7;8;3;2;5;2;0;0;1;0;0;0;0;0;343682,148607130977325;5697805,949609730392694;6,752296368000030;51,409898916000003
41944;5220723705000710850;5;5;54;20;2022;7;19;7;3;0;7;0;0;1;1;0;0;0;0;365255,738570603018161;5786298,015318799763918;7,027878811000050;52,210626427000101
41948;5220715608200058645;5;3;34;2;2022;7;7;6;3;5;3;0;0;1;1;0;0;0;0;298677,148477812996134;5626782,384967200458050;6,145507080000070;50,757845298000099
41952;5220721501121073991;5;1;12;0;2022;7;17;5;3;0;7;0;0;1;0;0;0;0;0;343632,505202206026297;5707484,857065769843757;6,747304912000060;51,496848828000097
41953;5220717316300478066;5;9;74;16;2022;7;10;1;3;5;3;0;0;1;1;0;0;0;0;447974,825000000011642;5720363,703999649733305;8,248318923000060;51,631879855000101
41955;5220718307000775645;5;9;62;28;2022;7;18;2;3;5;2;0;0;1;1;0;0;0;0;402147,139761683007237;5664518,946185479871929;7,601727881000040;51,123775269000099
41959;5220714516400485362;5;1;58;24;2022;7;10;5;2;0;1;0;0;1;0;0;0;0;0;355683,637486984021962;5680207,320203520357609;6,931870236000070;51,254937284999997
41965;5220709609116577519;5;3;58;16;2022;7;16;7;3;8;1;0;0;1;0;0;0;0;0;312652,447623485990334;5615926,768086509779096;6,348932994000050;50,665005672000099
41968;5220708410230290740;5;7;70;4;2022;7;18;6;3;5;3;0;0;1;1;0;0;0;0;488979,227000001003034;5787694,587999680079520;8,838602642000071;52,239551136999999
41972;5220714702100179228;5;5;15;0;2022;7;18;5;3;0;3;0;0;1;0;0;0;0;0;402794,556791234994307;5759354,230158289894462;7,584765209000070;51,976355722999998
41987;5220712607400278252;5;3;82;44;2022;7;16;3;3;5;3;0;0;1;1;0;0;0;0;363604,435999855981208;5627264,840999449603260;7,065218293000040;50,781077851000099
41990;5220716400300996195;5;7;11;0;2022;7;8;7;3;1;3;0;1;1;1;0;0;0;0;468654,934163376979996;5758184,758143690414727;8,543679900000029;51,973460611000100
41991;5220713709700570493;5;5;66;28;2022;7;10;4;3;0;1;0;0;1;0;0;0;0;0;412858,075675530999433;5790919,651359659619629;7,723158030000040;52,261752559999998
41992;5220722602100586763;5;3;62;8;2022;7;16;6;2;0;1;0;0;1;0;0;0;0;0;337895,465652821003459;5647219,077889000065625;6,691983072000030;50,953759112999997
41994;5220720411232872222;5;7;74;32;2022;7;14;4;3;5;3;0;0;1;1;0;0;0;0;479292,298000000999309;5731654,960999660193920;8,700124994000021;51,735427874999999
41996;5220717513110091135;5;1;62;16;2022;7;19;1;2;0;1;0;0;1;0;0;0;0;0;333318,471826464985497;5673928,278823769651353;6,614563384000060;51,192425902000103
42003;5220721706000691074;5;5;58;8;2022;7;11;5;3;0;3;0;1;1;1;0;0;0;0;382066,763200141023844;5759348,662338689900935;7,283120340000040;51,972293568000097
42010;5220724406240964074;5;7;58;28;2022;7;14;1;3;4;6;0;0;1;0;0;0;0;0;462928,204148299992085;5783975,948802880011499;8,457509388000060;52,204981736000001
42013;5220709502200976419;5;1;13;0;2022;7;15;7;2;0;7;0;0;1;0;0;0;0;0;362544,592257426003926;5694415,089646319858730;7,024648743000060;51,384313088000098
42014;5220716405108287126;5;7;54;8;2022;7;15;7;2;3;7;0;0;1;1;0;0;0;0;456382,233431954984553;5752665,657426170073450;8,365725021000060;51,923013451000003
42022;5220719600110886255;5;3;14;0;2022;7;18;3;3;5;3;0;0;1;0;0;1;0;0;366011,670482953020837;5622792,423930319957435;7,100973130000060;50,741441364000103
42023;5220707502231773543;5;1;13;0;2022;7;13;5;3;0;1;0;1;1;0;0;0;0;0;366016,293999870016705;5696926,557999489828944;7,073561263000040;51,407713323999999
42025;5220712502212875301;5;1;13;0;2022;7;14;3;2;0;7;0;0;1;0;0;0;0;0;362103,838999851024710;5699083,823999449610710;7,016503894000040;51,426161692999997
42033;5220717307000986075;5;9;62;8;2022;7;17;1;2;0;1;0;0;1;0;0;0;0;0;419884,937742219015490;5693472,230551780201495;7,848648352000050;51,386829515000002
42039;5220714600140878334;5;3;14;0;2022;7;19;5;3;0;6;0;0;1;0;0;0;0;0;366873,545691840001382;5625123,487836110405624;7,112338707000050;50,762591205000000
42042;5220721316200981011;5;9;74;52;2022;7;19;5;3;0;3;0;1;1;1;0;0;0;0;422968,366437982011121;5711654,335289989598095;7,888988597000040;51,550715206000099
42048;5220726601200995992;5;3;15;0;2022;7;17;3;3;3;2;0;0;1;1;0;0;0;0;353008,258999792975374;5644610,521999320015311;6,908047887000070;50,934369908000100
42050;5220724602800250545;5;3;62;12;2022;7;19;1;3;4;6;0;0;1;0;0;0;0;0;349972,805225901014637;5634163,645616189576685;6,869168707000030;50,839708078000100
42051;5220713315110085253;5;9;70;40;2022;7;14;4;3;1;6;0;0;1;1;0;0;0;1;431218,314271563023794;5636620,856399069540203;8,022348850000069;50,877167416000098
42054;5220716608100380837;5;3;34;2;2022;7;22;7;3;6;4;2;0;1;0;1;0;0;0;295329,776272453018464;5627837,785494740121067;6,097523365000030;50,766153550000098
42061;5220718300300543598;5;9;11;0;2022;7;18;2;3;5;3;0;0;1;1;0;0;0;0;380826,571999928972218;5707809,006999580189586;7,282729341000050;51,508828031000100
42062;5220719300300279528;5;9;11;0;2022;7;7;3;3;0;1;0;0;1;0;0;0;0;0;383621,768894007022027;5703853,000919260084629;7,324293326000030;51,473854511000098
42065;5220725709500038566;5;5;66;16;2022;7;6;2;2;5;3;0;0;1;1;0;0;0;0;398390,015999968978576;5798788,589999670162797;7,508864101000030;52,329992027999999
42070;5220709602400093392;5;3;62;32;2022;7;23;7;3;0;1;2;0;1;0;0;0;0;0;336236,138399508025032;5642469,537364969961345;6,670512544000080;50,910614655000103
42072;5220713701610391324;5;5;62;12;2022;7;15;4;3;5;2;0;0;1;1;0;0;0;0;361917,383999851997942;5736290,285999449901283;6,999182345000070;51,760458655000001
42077;5220717406110882115;5;7;58;12;2022;7;14;1;2;0;1;0;0;1;0;0;0;0;0;477784,058052951004356;5775789,745381900109351;8,675433638000071;52,132182310000097
42078;5220727300300143598;5;9;11;0;2022;7;6;4;3;0;1;0;0;1;0;0;0;0;0;382725,813999933016021;5705953,985999589785933;7,310700908000060;51,492552825000097
42081;5220719302120985517;5;9;14;0;2022;7;19;3;3;0;7;1;0;1;0;0;0;0;0;388986,432276131003164;5689055,003890549764037;7,406137147000040;51,341922673000099
42083;5220724313220996039;5;9;58;24;2022;7;19;1;2;0;7;0;0;1;0;0;0;0;0;494009,407852255972102;5705047,132739639841020;8,913702612000071;51,496533108000101
42089;5220719709700434934;5;5;66;28;2022;7;20;3;3;5;3;0;0;1;1;0;0;0;0;407190,259901681973133;5796573,668634160421789;7,638578245000080;52,311643625999999
42092;5220718501112273939;5;1;12;0;2022;7;11;2;3;5;3;0;0;1;1;0;0;0;0;344234,467999730026349;5708869,723999129608274;6,755358341000030;51,509457783000101
42095;5220716706000285477;5;5;58;8;2022;7;21;7;3;0;1;0;0;1;0;0;0;0;0;378340,789556242001709;5756769,367234890349209;7,229818445000030;51,948311062000101
42107;5220709405108272189;5;7;54;8;2022;7;4;7;2;5;3;2;0;1;1;0;0;0;0;455994,909986109996680;5750234,954766119830310;8,360403619000071;51,901129658000102
42108;5220715709110606884;5;5;66;8;2022;7;11;6;3;0;1;0;0;1;0;0;0;0;0;399245,132648791011889;5780893,534978640265763;7,526746904000050;52,169316298000098
42112;5220726701400185344;5;5;12;0;2022;7;13;3;3;5;3;0;0;1;1;0;0;0;0;358075,561810416984372;5711409,456469709984958;6,953647367000030;51,535925780000099
42114;5220713500200850578;5;1;11;0;2022;7;10;4;3;5;2;0;0;1;1;0;0;0;0;348025,626301531970967;5677642,181560140103102;6,823298432000060;51,229898365000103
42115;5220722601200996082;5;3;15;0;2022;7;18;6;2;4;2;0;0;1;1;0;0;0;0;354049,861999798973557;5642139,276999340392649;6,923850365000020;50,912426089000100
42116;5220719404302876131;5;7;66;20;2022;7;15;3;3;8;1;0;0;1;0;0;0;0;0;489849,465000000025611;5753371,819999669678509;8,852368862000050;51,930978811000003
42122;5220708601600787236;5;3;15;0;2022;7;17;6;3;0;1;0;0;1;0;0;0;0;0;367061,355999874009285;5634470,014999479986727;7,111615804000050;50,846640127999997
42127;5220726502409573997;5;1;17;0;2022;7;12;3;3;0;7;0;0;1;0;0;0;0;0;348939,288442939985543;5700165,051162390038371;6,826824145000050;51,432521134000098
42135;5220723502319678749;5;1;13;0;2022;7;16;7;3;0;1;0;0;1;0;0;0;0;0;356394,490755099977832;5706087,044983030296862;6,931593501000070;51,487674323000100
42140;5220717706100485357;5;5;58;16;2022;7;15;1;2;5;3;0;0;1;1;0;0;0;0;379789,196999926003627;5750900,678999600000679;7,252931808000030;51,895884701999996
42142;5220719503200772007;5;1;24;0;2022;7;12;3;3;0;1;0;0;1;0;0;0;0;0;373625,889928323973436;5682103,482186259701848;7,188174382000060;51,276238413999998
42145;5220724505100891454;5;1;14;0;2022;7;3;1;3;0;1;2;0;1;0;0;0;0;0;328395,564612796995789;5686487,241577589884400;6,538158136000050;51,303796557000098
42147;5220725501128079035;5;1;12;0;2022;7;9;2;3;0;2;0;0;1;1;0;0;0;0;342726,216896514000837;5702994,479051330126822;6,736258459000060;51,456252581999998
42151;5220723300100390139;5;9;11;0;2022;7;18;7;3;0;1;0;0;1;0;0;0;0;0;376319,561138459015638;5703084,310028119944036;7,219472313000040;51,465396781999999
42152;5220711300100577774;5;9;11;0;2022;7;17;2;3;3;6;0;0;1;1;0;0;0;0;374539,423151985974982;5704576,194533520378172;7,193329003000030;51,478412959000103
42157;5220718503300996154;5;1;20;0;2022;7;21;2;3;5;3;2;0;1;1;0;0;0;0;377273,100999915972352;5671369,663999560289085;7,244113900000060;51,180561122000000
42161;5220723513210690236;5;1;62;24;2022;7;15;7;3;5;3;0;0;1;1;0;0;0;0;337681,671999668003991;5674533,007998949848115;6,676677478000040;51,199115190999997
42164;5220715609108889795;5;3;58;8;2022;7;19;6;2;0;1;0;0;1;0;0;0;0;0;323196,529999491001945;5631359,881998349912465;6,490577888000080;50,806958449000000
42169;5220718404101996166;5;7;66;20;2022;7;9;2;3;5;3;0;0;1;1;0;0;0;0;493106,860999999975320;5752317,488999670371413;8,899766014000020;51,921549137000099
42171;5220712709110096611;5;5;66;8;2022;7;11;3;3;5;3;0;0;1;0;0;0;1;0;399889,611999969987664;5782140,686999670229852;7,535799179000040;52,180642679000101
42183;5220726313121873195;5;9;58;32;2022;7;19;3;2;0;1;0;0;1;0;0;0;0;0;449989,479981621028855;5688050,068751529790461;8,282002753000031;51,341529482000098
42184;5220707702100872452;5;5;15;0;2022;7;8;5;3;5;2;0;0;1;1;0;0;0;0;406325,006999980018009;5758859,043999659828842;7,636284908000050;51,972511139000098
42190;5220713601400069774;5;3;15;0;2022;7;11;4;3;0;6;0;0;1;0;0;0;0;0;349786,175809455977287;5660123,699318709783256;6,855806308000070;51,072944401000001
42192;5220711301201594266;5;9;13;0;2022;7;11;2;3;5;7;0;0;1;1;0;0;0;0;391531,806153300974984;5707965,763637199997902;7,436877083000070;51,512393523000100
42193;5220720700000190481;5;5;13;0;2022;7;16;4;3;0;6;0;0;1;1;0;0;0;0;368196,003999880980700;5715561,273999519646168;7,097924105000060;51,575690564000098
42196;5220718700000591449;5;5;13;0;2022;7;15;2;3;5;3;0;0;1;1;0;0;0;0;364445,576449858024716;5718809,261339769698679;7,042580387000040;51,603988742000098
42199;5220709701400579131;5;5;12;0;2022;7;11;7;3;5;2;0;0;1;1;0;0;0;0;360169,377999840013217;5712206,664999430067837;6,983500315000070;51,543612080000102
42207;5220714700000472393;5;5;13;0;2022;7;11;5;2;0;1;0;0;1;0;0;0;0;0;364601,550999865983613;5714580,123999480158091;7,046462340000060;51,566021708000100
42208;5220716600110086321;5;3;14;0;2022;7;20;7;3;0;1;0;0;1;0;0;0;0;0;365976,201999867975246;5622348,512999470345676;7,100632180000050;50,737443326000097
42215;5220717711111402616;5;5;70;52;2022;7;15;1;2;5;3;0;0;1;0;0;1;0;0;429977,476809807005338;5761870,376325960271060;7,979932375000030;52,003065323000001
42226;5220723301101084969;5;9;13;0;2022;7;19;7;3;3;6;0;0;1;0;0;0;0;1;394956,957999961974565;5708023,960999620147049;7,486200383000040;51,513563855000001
42227;5220710709300096506;5;5;66;84;2022;7;1;1;3;0;1;2;0;1;0;0;0;0;0;386573,763174283027183;5777885,104869199916720;7,342548217000060;52,139820903999997
42228;5220720410120687166;5;7;70;32;2022;7;8;4;3;5;3;0;0;1;1;0;0;0;0;493370,571881671028677;5786502,071441439911723;8,902936401000030;52,228900119999999
42231;5220726601300978624;5;3;15;0;2022;7;7;3;3;0;1;0;0;1;0;0;0;0;0;353660,429999799001962;5646360,132999340072274;6,916619982000040;50,950258884000000
42233;5220713410110679606;5;7;70;24;2022;7;8;4;3;5;3;0;0;1;1;0;0;0;0;494628,624000000010710;5798515,865999690257013;8,921164476000060;52,336924044000099
42235;5220714601300086634;5;3;15;0;2022;7;16;5;3;1;5;0;0;1;1;0;0;0;0;353765,098218468017876;5646249,415925590321422;6,918153516000070;50,949290474000101
42236;5220723518301996068;5;1;70;4;2022;7;15;7;2;0;7;0;0;1;0;0;0;0;0;327425,654780742013827;5721163,804618240334094;6,507336205000060;51,615014424999998
42238;5220708602500073735;5;3;62;24;2022;7;15;6;3;5;3;0;0;1;1;0;0;0;0;345679,707999736012425;5642796,265999180264771;6,804597426000040;50,916152688000103
42246;5220713405228482006;5;7;54;28;2022;7;19;4;3;7;7;0;0;1;0;1;0;0;0;451268,101421032974031;5744800,048133130185306;8,292474097000021;51,851873953999998
42248;5220714603116090944;5;3;66;16;2022;7;16;5;2;3;2;0;0;1;1;0;0;0;0;343838,081953075015917;5609153,441024390049279;6,792695987000060;50,613338097000103
42250;5220714317250018832;5;9;78;32;2022;7;12;5;3;0;3;0;0;1;1;0;0;0;0;393964,815743189014029;5728414,971308910287917;7,465741501000020;51,696660092000101
42258;5220710303100671447;5;9;15;0;2022;7;6;1;3;8;1;0;0;1;0;0;0;0;0;418206,272878800984472;5725538,184699200093746;7,817080931000020;51,674855735999998
42260;5220726411216090682;5;7;74;16;2022;7;13;3;3;0;1;0;1;1;0;0;0;0;0;468889,400412673014216;5711823,882293789647520;8,551245226000050;51,556641247000101
42263;5220712608100077534;5;3;34;2;2022;7;14;3;3;6;4;0;0;1;0;1;0;0;0;292568,736927375022788;5628276,693396310321987;6,058175712000040;50,769114983000101
42271;5220717500200576296;5;1;11;0;2022;7;16;1;3;5;3;0;0;1;1;0;0;0;0;342157,838131570024416;5685192,057194369845092;6,735992224000030;51,296141992999999
42279;5220709300400537367;5;9;11;0;2022;7;11;7;3;5;3;0;0;1;1;0;0;0;0;374615,465999906999059;5701291,616999549791217;7,195588394000030;51,448910278000000
42280;5220715603228014913;5;3;66;28;2022;7;16;6;3;1;3;0;0;1;1;0;0;0;0;334618,418574735987931;5606715,313313719816506;6,663576539000080;50,588889123000101
42281;5220722516300589276;5;1;58;28;2022;7;18;6;3;5;2;0;0;1;1;0;0;0;0;351751,135853376996238;5684761,689023260027170;6,873667346000050;51,294853481000096
42282;5220710506100773743;5;1;16;0;2022;7;6;1;3;0;1;1;0;1;0;0;0;0;0;321263,685999476001598;5674179,751998160034418;6,442096145000050;51,191042297000102
42284;5220721500300278158;5;1;11;0;2022;7;1;5;2;7;1;2;1;1;0;0;0;0;0;353276,920999795023818;5666401,963999330066144;6,903046114000060;51,130265966000103
42286;5220727301303780556;5;9;13;0;2022;7;19;4;3;0;1;0;0;1;0;0;0;0;0;399931,586017101013567;5705796,867993170395494;7,558497773000060;51,494447880999999
42288;5220713515111176422;5;1;54;44;2022;7;16;4;2;5;3;0;0;1;1;0;0;0;0;317889,796186660008971;5741459,633321310393512;6,359153426000030;51,794305821000101
42290;5220719500100807139;5;1;24;0;2022;7;16;3;3;4;7;0;0;1;0;0;0;0;0;371571,208636945986655;5677843,082116959616542;7,160261998000070;51,237488800999998
42295;5220708609108774408;5;3;58;8;2022;7;13;6;3;6;7;0;0;1;0;1;0;0;0;322942,609510902024340;5630217,617826590314507;6,487528355000050;50,796618633999998
42297;5220715600310996203;5;3;14;0;2022;7;16;6;3;6;7;0;0;1;0;1;0;0;0;363757,398426697996911;5615890,964998570270836;7,071589730000030;50,678887587000098
42303;5220715303200080583;5;9;15;0;2022;7;7;6;3;3;6;0;0;1;1;0;0;0;0;413815,755557566997595;5728589,582907569594681;7,752846442000020;51,701629185999998