OBJECTID;UIDENTSTLAE;ULAND;UREGBEZ;UKREIS;UGEMEINDE;UJAHR;UMONAT;USTUNDE;UWOCHENTAG;UKATEGORIE;UART;UTYP1;ULICHTVERH;IstStrassenzustand;IstRad;IstPKW;IstFuss;IstKrad;IstGkfz;IstSonstige;LINREFX;LINREFY;XGCSWGS84;YGCSWGS84
42309;5220717503100063678;5;1;24;0;2022;7;0;1;2;8;1;2;0;1;0;0;0;0;0;370448,951398822013289;5678676,975977960042655;7,143893015000060;51,244729620999998
42311;5220718518200872050;5;1;70;24;2022;7;18;2;3;5;2;0;0;1;1;0;0;0;0;335939,510999653022736;5702516,679998870007694;6,638881994000030;51,450034078999998
42318;5220708700000791481;5;5;13;0;2022;7;11;6;3;6;7;0;0;1;1;1;0;0;0;367523,115332524990663;5713966,303240929730237;7,088820684000040;51,561199449000100
42324;5220708404101996916;5;7;66;20;2022;7;21;6;3;0;7;1;0;1;0;0;0;0;0;489359,247000001021661;5752605,230999669991434;8,845262778000061;51,924077224000001
42328;5220714602800685838;5;3;62;12;2022;7;20;5;3;5;7;0;0;1;0;0;0;0;1;351618,533999781997409;5631779,711999299935997;6,893490790000040;50,818708769000096
42341;5220707602700562767;5;3;62;28;2022;7;8;5;3;5;2;0;1;1;1;0;0;0;0;349503,888999768008944;5639368,723999259993434;6,860372930000040;50,886361454000102
42342;5220724405220706581;5;7;54;20;2022;7;13;1;3;5;3;0;0;1;1;0;0;0;0;450170,060000000987202;5752326,415999660268426;8,275446095000060;51,919442177000100
42346;5220709602100669625;5;3;62;8;2022;7;20;7;3;0;1;0;0;1;0;0;0;0;0;337033,253999656997621;5649349,410998939536512;6,678763629000060;50,972657380999998
42348;5220713702100068386;5;5;15;0;2022;7;11;4;3;5;1;0;0;1;1;0;0;0;0;406630,783999978972133;5758707,498999659903347;7,640776257000030;51,971200437000000
42349;5220722603144581241;5;3;66;44;2022;7;17;6;2;0;1;0;0;1;0;0;0;0;0;329914,417999572993722;5614451,085998700000346;6,593635697000020;50,657044916000103
42358;5220724317250485064;5;9;78;32;2022;7;15;1;3;0;1;0;0;1;0;0;0;0;0;394182,439102563017514;5726997,686585590243340;7,469318979000040;51,683962293000000
42360;5220724609144005941;5;3;58;44;2022;7;17;1;2;7;1;0;0;1;0;0;0;0;0;328835,293092829990201;5617793,763126259669662;6,576836208000030;50,686762633999997
42363;5220722501316276127;5;1;12;0;2022;7;21;6;3;8;1;1;0;1;0;0;0;0;0;345302,858619221020490;5698898,724704939872026;6,775104866000050;51,420162016000099
42365;5220720301103680696;5;9;13;0;2022;7;18;4;3;5;2;0;0;1;1;0;0;0;0;391171,748999955016188;5704619,258999610319734;7,432722634000070;51,482244684000101
42367;5220726607300090622;5;3;82;16;2022;7;12;3;3;6;1;0;0;1;0;1;0;0;0;390624,604969724023249;5625626,832272860221565;7,448820252000080;50,772079830000102
42369;5220713405228787174;5;7;54;28;2022;7;9;4;3;5;2;0;0;1;1;0;0;0;0;452355,046999998972751;5743451,105999659746885;8,308439805000029;51,839840082000102
42371;5220719500200872401;5;1;11;0;2022;7;14;3;3;6;7;0;0;1;0;1;0;0;0;346705,230589580023661;5678532,210592989809811;6,804020635000030;51,237542624000099
42381;5220726502401089627;5;1;17;0;2022;7;16;3;3;5;3;0;0;1;1;0;0;0;0;352727,836999794002622;5699203,618999320082366;6,881685752000070;51,424879376000000
42384;5220715405228996211;5;7;54;28;2022;7;6;6;3;5;3;0;0;1;1;0;0;0;0;452508,300999999977648;5744322,457999659702182;8,310544424000060;51,847687069000102
42386;5220725609132369683;5;3;58;32;2022;7;12;2;3;0;1;0;1;1;0;0;0;0;0;311971,165351544972509;5629243,435515530407429;6,332515227000040;50,784412336999999
42387;5220716609140996192;5;3;58;40;2022;7;11;7;3;5;3;0;0;1;1;0;0;0;0;326955,436852356011514;5632982,450307129882276;6,543111037000070;50,822671322000097
42388;5220714500200074539;5;1;11;0;2022;7;22;5;3;0;7;2;0;1;0;1;0;0;0;347158,127064181026071;5677499,566021449863911;6,810943923000020;51,228385224000100
42390;5220711607400986242;5;3;82;44;2022;7;7;2;2;5;3;0;0;1;1;0;0;0;0;363604,435999855981208;5627264,840999449603260;7,065218293000040;50,781077851000099
42392;5220708502226089580;5;1;13;0;2022;7;19;6;3;0;7;0;0;1;0;0;0;0;0;360516,940506500017364;5697856,872588659636676;6,994175795000050;51,414747562000102
42393;5220721518302072053;5;1;70;40;2022;7;15;5;3;5;2;0;1;1;1;0;0;0;0;320353,041852021007799;5723333,223726900294423;6,404177559000060;51,632288518000102
42394;5220717701300575251;5;5;62;14;2022;7;17;1;3;5;3;0;0;1;1;0;0;0;0;361343,554999847023282;5716455,697999450378120;6,998745960000060;51,582084205000100
42399;5220724513210991736;5;1;62;24;2022;7;22;1;3;5;2;2;0;1;1;0;0;0;0;336770,119301530998200;5676590,197444939985871;6,662705773000030;51,217338718000100
42400;5220712600120150189;5;3;82;24;2022;7;23;3;2;0;1;2;0;1;0;0;0;0;0;374269,809999905002769;5621274,177999529987574;7,218471932000060;50,729641425000104
42404;5220719709500151486;5;5;66;16;2022;7;17;3;3;5;3;0;0;1;1;0;0;0;0;405987,966999978991225;5791102,138999669812620;7,622473720000070;52,262261436000102
42407;5220724600310573792;5;3;14;0;2022;7;13;1;3;5;2;0;0;1;1;0;0;0;0;363780,619807622977532;5617531,635823610238731;7,071313547000050;50,693639188000098
42409;5220725701800053355;5;5;62;4;2022;7;20;2;2;0;1;0;0;1;0;0;0;0;0;380934,769614944001660;5714204,490281330421567;7,282124517000060;51,566331075999997
42410;5220714700000582308;5;5;13;0;2022;7;18;5;3;6;7;0;0;1;0;1;0;0;0;364380,851339037006255;5712902,139545699581504;7,043927286000040;51,550889650000002
42411;5220716600140454230;5;3;14;0;2022;7;11;7;3;5;3;0;0;1;1;0;0;0;0;367237,989968196023256;5622582,376528399996459;7,118419485000060;50,739835125000099
42413;5220723501222682198;5;1;12;0;2022;7;14;7;2;0;1;0;0;1;0;0;0;0;0;340140,070999694988132;5703699,391999020241201;6,698747790000030;51,461861593000002
42420;5220709605112286546;5;3;74;12;2022;7;12;7;3;5;3;0;0;1;1;0;0;0;0;402922,694738323974889;5651413,125337990000844;7,616324299000040;51,006088939000101
42424;5220724600120078250;5;3;82;24;2022;7;18;1;3;0;1;0;0;1;0;0;0;0;0;373308,782219104992691;5617807,337116619572043;7,206052011000050;50,698270830000098
42428;5220716506100996184;5;1;16;0;2022;7;20;7;3;0;7;0;0;1;0;0;0;0;0;324672,332205486018211;5670936,931305640377104;6,492408632000040;51,162965903000000
42431;5220711315110385525;5;9;70;40;2022;7;10;2;3;0;3;0;0;1;1;0;0;0;0;430121,202163985988591;5634014,445643059909344;8,007255039000031;50,853600610000100
42433;5220721502409077747;5;1;17;0;2022;7;19;5;2;5;3;0;1;1;1;0;0;0;0;350152,818999775976408;5698857,713999270461500;6,844821727000070;51,421096318000103
42436;5220718601600071781;5;3;15;0;2022;7;8;2;3;0;2;0;0;1;1;0;0;0;0;365384,321511366986670;5642918,302876070141792;7,084695918000020;50,922182652000103
42438;5220707503200507977;5;1;24;0;2022;7;14;5;3;8;7;0;0;1;0;0;0;0;0;376370,634098204027396;5683138,161154390312731;7,227147288000030;51,286140052000100
42440;5220712501000291364;5;1;12;0;2022;7;9;3;3;0;6;0;0;1;0;0;0;0;0;345597,993999740981963;5700215,458999169990420;6,778772349000060;51,432073443000000
42441;5220724709800579113;5;5;66;40;2022;7;15;1;3;0;3;0;0;1;1;0;0;0;0;414157,797832334996201;5781941,437015480361879;7,744475364000040;52,181256673000100
42447;5220726601300994187;5;3;15;0;2022;7;17;3;3;5;3;0;0;1;1;0;0;0;0;353605,311852807994001;5646419,809981809929013;6,915811846000050;50,950781183000103
42461;5220726601100995996;5;3;15;0;2022;7;14;3;2;3;6;0;0;1;0;0;0;1;0;355337,690999808022752;5643971,991999359801412;6,941430183000020;50,929220574000098
42463;5220724410230490793;5;7;70;4;2022;7;15;1;3;5;3;0;0;1;1;0;0;0;0;486509,057000001019333;5784125,939999680034816;8,802569972000070;52,207411983999997
42466;5220714705000596549;5;5;54;4;2022;7;15;5;3;0;1;0;0;1;0;0;0;0;0;359362,626645962998737;5775653,614551030099392;6,946095273000030;52,113515003000003
42469;5220723502105289943;5;1;13;0;2022;7;17;7;3;5;3;0;0;1;1;0;0;0;0;362155,448999851010740;5701813,300999449566007;7,016183088000050;51,450702503999999
42471;5220720702100270566;5;5;15;0;2022;7;21;4;3;5;3;0;0;1;1;0;0;0;0;406300,014698319020681;5756661,667099709622562;7,636520684000060;51,952755877000101
42472;5220708500200501154;5;1;11;0;2022;7;9;6;3;2;6;0;0;1;0;0;0;1;0;344832,343999731994700;5682453,508999159559608;6,775512235000060;51,272270524000099
42474;5220717701920589586;5;5;62;28;2022;7;10;1;3;0;1;0;0;1;0;0;0;0;0;380453,437999926973134;5722366,497999589890242;7,272400919000060;51,639585158000003
42478;5220707506100896074;5;1;16;0;2022;7;21;5;2;0;1;0;0;1;0;0;0;0;0;321377,610229904006701;5673586,090665239840746;6,444019987000050;51,185744903000099
42479;5220724316200571386;5;9;74;12;2022;7;0;1;2;8;7;2;0;1;0;0;0;0;0;432200,922999997972511;5709880,070999650284648;8,022467445000069;51,535949045000102
42480;5220712405236596913;5;7;54;36;2022;7;15;3;3;5;3;0;0;1;1;0;0;0;0;474540,582434732001275;5748616,157733569853008;8,630068804000080;51,887731322000000
42485;5220722610221749165;5;3;70;20;2022;7;14;6;3;5;3;0;0;1;1;0;0;0;0;305525,713713241973892;5658980,314794720150530;6,225337786000070;51,049387340000102
42487;5220720501222887468;5;1;12;0;2022;7;23;4;3;0;3;2;1;1;1;0;0;0;0;341528,019013805023860;5703068,249215169809759;6,718993620000050;51,456581268000001
42492;5220713500300673954;5;1;11;0;2022;7;15;4;3;0;1;0;0;1;0;0;0;0;0;351446,834999783022795;5675466,799999300390482;6,873164528000070;51,211251258000097
42496;5220711705000596570;5;5;54;8;2022;7;10;2;3;5;3;0;0;1;1;0;0;0;0;335198,220582626992837;5742166,516674409620464;6,609565224000050;51,806023443000100
42497;5220708608200769677;5;3;34;2;2022;7;8;6;3;5;3;0;0;1;0;0;0;0;0;296507,524439494998660;5631041,457684479653835;6,112429616000040;50,795341278000102
42499;5220710503400376612;5;1;22;0;2022;7;15;1;2;0;7;0;1;1;0;0;0;0;0;362141,920718655979726;5672517,574216259643435;7,027317620000080;51,187429006000102
42503;5220713702100379175;5;5;15;0;2022;7;16;4;2;0;1;0;0;1;0;0;0;0;0;404403,293999976012856;5755371,557999660260975;7,609287942000040;51,940837085000098
42522;5220726515212078916;5;1;54;32;2022;7;9;3;2;4;2;0;0;1;1;0;0;0;0;312117,111223264015280;5719835,757307060062885;6,287187185000050;51,598186449000103
42523;5220718301103063313;5;9;13;0;2022;7;18;2;3;5;3;0;0;1;1;0;0;0;0;390901,721999954024795;5704655,842999610118568;7,428824140000070;51,482521491000099
42525;5220713301201473391;5;9;13;0;2022;7;17;4;3;0;1;0;0;1;0;0;0;0;0;391095,940614495018963;5707887,069928339682519;7,430622713000050;51,511602348000103
42526;5220725601300881708;5;3;15;0;2022;7;8;2;3;0;5;0;0;1;1;0;0;0;0;353714,338519004988484;5646301,508320230059326;6,917410467000020;50,949745730000103
42529;5220723518100085889;5;1;70;48;2022;7;21;7;3;0;1;1;0;1;0;0;0;0;0;334264,502817490021698;5724325,729265729896724;6,604525165000040;51,645474978999999
42532;5220708700000589544;5;5;13;0;2022;7;19;6;3;4;6;0;0;1;0;0;0;0;0;364905,209451547998469;5720185,394995610229671;7,048683059000040;51,616465595000101
42533;5220722301101866935;5;9;13;0;2022;7;23;6;2;8;1;2;0;1;0;0;0;0;0;393967,715425995993428;5707289,413291510194540;7,472170517000050;51,506776563000102
42538;5220707602400615099;5;3;62;32;2022;7;11;5;3;5;3;0;1;1;1;0;0;0;0;338019,601723965024576;5638004,725364199839532;6,697839177000050;50,870999766000097
42540;5220712518410291580;5;1;70;16;2022;7;10;3;3;5;3;0;0;1;1;0;0;0;0;344714,452999735018238;5718967,920999139547348;6,757810706000040;51,600319822000102
42552;5220707515000091541;5;1;54;36;2022;7;17;5;3;6;6;0;0;1;0;1;0;0;0;304447,395999265019782;5743395,232996259815991;6,163377561000060;51,807150960000101
42556;5220724709700091773;5;5;66;28;2022;7;10;1;3;0;6;0;0;1;1;0;0;0;0;412590,002838959975634;5793808,458433530293405;7,718482423000070;52,287675452000002
42557;5220709301301789201;5;9;78;24;2022;7;23;7;3;8;1;2;0;1;0;0;0;0;0;399461,154405353998300;5718784,234021370299160;7,548010794000050;51,611104781000101
42558;5220715602300996201;5;3;62;36;2022;7;17;6;3;5;2;0;0;1;0;0;0;0;1;343507,443595670978539;5646802,002483610063791;6,771998981000020;50,951562504999998
42560;5220711302100093943;5;9;14;0;2022;7;18;2;3;1;5;0;0;1;1;0;0;0;0;396239,348999964015093;5694951,012999620288610;7,508509600000020;51,396291515000001
42566;5220713500300478467;5;1;11;0;2022;7;9;4;3;3;2;0;0;1;1;0;0;0;0;348947,202999765984714;5674211,290999249555171;6,837932908000030;51,199313877000101
42567;5220719313211082080;5;9;58;12;2022;7;19;3;2;3;6;0;0;1;0;0;0;1;0;480989,201439724012744;5696526,622949699871242;8,726599829000071;51,419631371999998
42568;5220714508000978922;5;1;19;0;2022;7;8;5;3;5;3;0;0;1;1;0;0;0;0;350567,298999778984580;5709501,460999280214310;6,846278294000060;51,516844382999999
42571;5220708601100193546;5;3;15;0;2022;7;22;6;3;2;6;2;0;1;1;0;0;0;0;355190,168999809015077;5644805,020999359898269;6,939001389000050;50,936669809000101
42572;5220715508000187576;5;1;19;0;2022;7;19;6;3;5;3;0;0;1;0;0;0;0;0;350806,325999782013241;5710305,505999280139804;6,849380280000050;51,524132191000000
42573;5220710302120485529;5;9;14;0;2022;7;13;1;3;0;1;0;1;1;0;0;0;0;0;388756,119270143972244;5688939,328936619684100;7,402867981000040;51,340837903000100
42580;5220725600140975834;5;3;14;0;2022;7;12;2;3;2;6;0;0;1;1;0;0;0;0;371040,107999890984502;5618794,773999500088394;7,173599984000020;50,706647644000000
42582;5220716506100996196;5;1;16;0;2022;7;7;7;3;0;1;0;0;1;0;0;0;0;0;322463,689863234991208;5676202,098809920251369;6,458251072000050;51,209583730000098
42583;5220714307000996220;5;9;62;32;2022;7;15;5;3;0;7;0;0;1;0;1;0;0;0;403697,256999975012150;5675447,106999619863927;7,620943661000070;51,222278105999997
42594;5220707701300873611;5;5;62;14;2022;7;18;5;3;0;1;0;0;1;0;0;0;0;0;360016,097999840974808;5715777,641999430023134;6,979869555000050;51,575663046000003
42595;5220724500200852994;5;1;11;0;2022;7;13;1;3;4;6;0;0;1;0;0;0;0;0;344455,558320495008957;5678752,284353770315647;6,771723990000050;51,238911215000002
42596;5220712514110085744;5;1;66;32;2022;7;9;3;2;5;3;0;0;1;0;0;0;0;1;318539,658580504008569;5681148,791509659960866;6,399627893000060;51,252786159000003
42598;5220709515110091636;5;1;54;36;2022;7;12;7;3;5;2;0;0;1;1;0;0;0;0;301908,096984329982661;5740545,629601580090821;6,128220109000040;51,780667850000000
42601;5220726601200593443;5;3;15;0;2022;7;14;3;3;5;3;0;0;1;1;0;0;0;0;354365,145922511990648;5643975,448004709556699;6,927598963000040;50,929006913000102
42603;5220708406110890708;5;7;58;12;2022;7;13;6;3;0;3;0;0;1;1;0;0;0;0;476354,705000001995359;5772155,440999669954181;8,654804212000039;52,099448353000099
42605;5220725601500169873;5;3;15;0;2022;7;12;2;3;5;3;0;0;1;1;0;0;0;0;359928,837999837007374;5650633,801999419927597;7,004155741000030;50,990224130999998
42606;5220716601100996194;5;3;15;0;2022;7;6;7;3;0;7;0;0;1;0;0;0;0;0;356272,509904709993862;5646193,917196109890938;6,953847178000050;50,949422380999998
42609;5220711515110095886;5;1;54;36;2022;7;21;2;3;0;1;2;0;1;0;0;0;0;0;302176,416024299978744;5740322,172665580175817;6,132232047000060;51,778756099000098
42614;5220710317210394231;5;9;78;20;2022;7;10;1;3;1;5;0;0;1;0;0;0;0;1;405295,713860035990365;5714932,637046179734170;7,633286945000070;51,577494449000000
42620;5220725518400379350;5;1;70;8;2022;7;17;2;3;0;1;0;0;1;0;0;0;0;0;343940,714999730000272;5715437,154999120160937;6,748217252000070;51,568383306999998
42621;5220714702100079223;5;5;15;0;2022;7;17;5;3;5;3;0;0;1;0;0;0;0;0;404889,434999976016115;5762152,359999660402536;7,614479157000060;52,001868789000099
42622;5220716315210690040;5;9;70;24;2022;7;13;7;3;0;1;0;0;1;1;0;0;0;0;426592,606778987974394;5650089,205502539873123;7,953897428000060;50,997693572000102
42630;5220718702100672345;5;5;15;0;2022;7;15;2;3;2;7;0;0;1;1;0;0;0;0;406711,431999980006367;5757660,812999660149217;7,642234308000070;51,961805861000101
42631;5220719518300695964;5;1;70;20;2022;7;11;3;3;3;3;0;0;1;1;0;0;0;0;328578,879999576020055;5708765,800998530350626;6,530020963000030;51,503992341000099
42635;5220712501213496049;5;1;12;0;2022;7;16;3;3;3;2;0;0;1;1;0;0;0;0;339483,299527290975675;5697189,370987289585173;6,692251820000020;51,403186301000098
42636;5220725301201977908;5;9;13;0;2022;7;9;2;3;2;6;0;0;1;0;0;0;1;0;390209,335999954026192;5710298,509999609552324;7,417099941000060;51,533105406000097
42643;5220717501327191517;5;1;12;0;2022;7;14;1;3;0;5;0;0;1;1;0;0;0;0;343420,713033690000884;5692731,992925870232284;6,750777525000050;51,364237490999997
42646;5220715500100986686;5;1;11;0;2022;7;15;6;3;4;6;0;0;1;0;0;0;0;1;344141,880997770000249;5677939,287901059724391;6,767587734000070;51,231520592999999
42649;5220719405220996150;5;7;54;20;2022;7;9;3;3;0;7;0;0;1;0;0;0;0;0;446824,561274499981664;5748269,422979280352592;8,227431322000029;51,882659168000004
42651;5220723601300586759;5;3;15;0;2022;7;17;7;3;5;3;0;0;1;1;0;0;0;0;354573,981999801995698;5644817,486999349668622;6,930232669000080;50,936626779000100
42652;5220712316300582054;5;9;74;28;2022;7;20;3;3;3;7;0;0;1;0;0;0;0;0;457314,199081517988816;5724679,346985040232539;8,382721850000051;51,671467911999997
42654;5220708601400086306;5;3;15;0;2022;7;13;6;3;0;1;0;0;1;0;0;0;0;0;350192,890120088995900;5659681,468346320092678;6,861790735000060;51,069076768000102
42655;5220715601100080727;5;3;15;0;2022;7;17;6;3;3;6;0;0;1;1;0;0;0;0;355226,428168684011325;5645012,748250319622457;6,939434553000070;50,938545711000103
42661;5220713315230090124;5;9;70;28;2022;7;18;4;2;8;1;0;0;1;0;0;0;0;1;453648,268608212005347;5640302,619668150320649;8,340669097000051;50,912508806000098
42667;5220711600110790938;5;3;14;0;2022;7;17;2;3;0;1;0;0;1;0;0;0;0;0;365976,201999867975246;5622348,512999470345676;7,100632180000050;50,737443326000097
42668;5220720601700281835;5;3;16;0;2022;7;17;4;3;5;3;0;0;1;1;0;0;0;0;359168,670999831985682;5653292,202999410219491;6,992300080000060;51,013929620000098
42675;5220726301202979511;5;9;13;0;2022;7;13;3;3;5;3;0;0;1;0;0;0;0;1;394402,662999961001333;5709284,747999619692564;7,477837519000050;51,524793132000099
42677;5220724513310281432;5;1;62;8;2022;7;10;1;3;0;1;0;0;1;0;0;0;0;0;331050,174025835993234;5666344,748303120024502;6,585692418000060;51,123627489999997
42680;5220725405232870362;5;7;54;28;2022;7;7;2;2;5;3;0;0;1;0;0;0;0;1;456989,786735790024977;5741717,091677119955420;8,375923428000020;51,824626356000103
42681;5220709602400389880;5;3;62;32;2022;7;0;7;3;4;6;2;0;1;0;0;0;0;0;339745,175342860980891;5638998,702719040215015;6,721907613000040;50,880412194000002
42682;5220716317110113821;5;9;78;36;2022;7;19;7;3;4;6;0;0;1;0;0;0;0;1;408816,767999981995672;5712244,987999640405178;7,684783248000030;51,553915108000098
42691;5220707515210073974;5;1;54;32;2022;7;13;5;3;5;2;0;0;1;0;0;0;0;1;310544,373999338014983;5714117,747997130267322;6,267589410000030;51,546304169000102
42694;5220724702100576645;5;5;15;0;2022;7;2;1;3;0;1;2;0;1;0;0;0;0;0;402351,984121999994386;5753513,473911420442164;7,579983265000070;51,923779845000098
42696;5220715711113081091;5;5;70;52;2022;7;14;6;3;5;2;0;0;1;1;0;0;0;0;430550,541041226009838;5755908,597675579600036;7,989485761000030;51,949543345000102
42698;5220719706300176763;5;5;58;44;2022;7;15;3;3;5;3;0;0;1;1;0;0;0;0;396185,620343844988383;5746701,974241459742188;7,492393909000040;51,861442380000000
42700;5220726709500995991;5;5;66;76;2022;7;19;3;3;7;1;0;0;1;0;0;0;0;0;395365,652123401989229;5793955,884898429736495;7,466000595000030;52,285990868000098
42705;5220722700000889634;5;5;13;0;2022;7;7;6;3;5;3;0;0;1;1;0;0;0;0;365351,218073059979361;5716839,781309669837356;7,056405636000020;51,586507468999997
42707;5220720610212232873;5;3;70;4;2022;7;9;4;3;0;2;0;0;1;1;0;0;0;0;311479,000360855017789;5661908,538221379742026;6,308648655000070;51,077674661000103
42709;5220717502134773599;5;1;13;0;2022;7;15;1;3;0;7;0;0;1;0;0;0;0;0;366306,891999871004373;5700978,953999489545822;7,076207850000060;51,444199867000101
42711;5220719600110222876;5;3;14;0;2022;7;15;3;3;0;6;0;0;1;0;0;0;0;1;365401,387867434998043;5622229,639785709790885;7,092534210000050;50,736241964999998
42712;5220707516500157801;5;1;58;24;2022;7;9;5;3;0;1;0;1;1;0;0;0;0;0;357470,259901151992381;5680109,192957740277052;6,957495005000060;51,254504865999998
42714;5220712503200080563;5;1;24;0;2022;7;17;3;2;5;2;0;0;1;1;0;0;0;0;374787,179008324979804;5676866,392104229889810;7,206647523000070;51,229425439000103
42715;5220724701930580898;5;5;62;36;2022;7;20;1;2;0;1;0;0;1;0;0;0;0;0;386288,814999944996089;5717773,756999599747360;7,358181861000050;51,599516416000000
42717;5220715702100574698;5;5;15;0;2022;7;16;6;3;6;4;0;0;1;0;1;0;0;0;405565,984057219990063;5756759,072505859658122;7,625815945000060;51,953507247000097
42722;5220717315220089985;5;9;70;4;2022;7;12;1;3;8;7;0;0;1;0;0;0;0;0;459868,396885751979426;5651327,344805070199072;8,427926154000030;51,012110436000100
42726;5220713508000185419;5;1;19;0;2022;7;13;4;3;5;3;0;0;1;1;0;0;0;0;351347,349999785015825;5704426,959999290294945;6,859649829000030;51,471453503000099
42731;5220712301101071242;5;9;13;0;2022;7;13;3;3;3;2;0;0;1;1;0;0;0;0;393497,467514034011401;5707639,931065510027111;7,465291406000060;51,509838753000103
42736;5220710316200981011;5;9;74;12;2022;7;12;1;3;5;3;0;0;1;1;0;0;0;0;431482,760600883979350;5709464,532137920148671;8,012195439000040;51,532126493000099
42737;5220719706200379103;5;5;58;8;2022;7;11;3;2;3;7;0;0;1;1;0;0;0;0;382560,197999935015105;5760207,793999609537423;7,290006331000030;51,980119058000099
42739;5220708405244591751;5;7;54;44;2022;7;19;6;3;5;3;0;0;1;1;0;0;0;0;470257,393999999971129;5745406,466999660246074;8,568111404000041;51,858661232000003
42748;5220711502408378788;5;1;17;0;2022;7;14;2;3;0;1;0;0;1;0;0;0;0;0;351380,555076560995076;5699437,861486439593136;6,862223070000030;51,426632502000103
42751;5220721605152080530;5;3;74;52;2022;7;14;5;3;5;2;0;1;1;1;0;0;0;0;388345,446450180024840;5664454,831338560208678;7,404604774000060;51,120675113000097
42760;5220712605116493453;5;3;74;16;2022;7;14;3;3;0;7;0;0;1;1;0;0;0;0;384001,680923086998519;5668165,020197629928589;7,341370699000040;51,153161188000098
42763;5220716503000093480;5;1;22;0;2022;7;14;7;3;3;6;0;0;1;1;0;0;0;0;368520,847000902984291;5665748,549200049601495;7,121016602000050;51,128096019000097
42764;5220713601300585509;5;3;15;0;2022;7;14;4;3;5;3;0;0;1;1;0;0;0;0;353369,015999794995878;5646676,689999329857528;6,912346682000020;50,953029597000103
42766;5220710608200380793;5;3;34;2;2022;7;21;1;3;0;1;1;0;1;0;0;0;0;0;296059,627999029005878;5629364,276995640248060;6,107013177000060;50,780120523000100
42768;5220721405232996116;5;7;54;32;2022;7;12;5;3;5;2;0;0;1;1;0;0;0;0;460720,744982365984470;5741136,978268000297248;8,430122276000080;51,819685458000002
42772;5220719313130691850;5;9;58;44;2022;7;8;3;3;0;1;0;0;1;0;0;0;0;0;435750,581431199971121;5688879,177817599847913;8,077451601000060;51,347552655000101
42773;5220707500200181013;5;1;11;0;2022;7;9;5;3;6;1;0;1;1;0;1;0;0;0;348801,295894227980170;5677287,739260110072792;6,834549221000030;51,226919468000098
42778;5220715700000139232;5;5;13;0;2022;7;11;6;3;0;7;0;0;1;0;0;0;0;0;364922,448999866028316;5718631,359999479725957;7,049530692000080;51,602504641000102
42784;5220712702100591827;5;5;15;0;2022;7;21;3;3;6;7;0;0;1;0;1;0;0;0;407507,432008533971384;5758142,171030229888856;7,653686550000030;51,966265556000103
42786;5220714600130075602;5;3;82;8;2022;7;16;5;3;3;6;0;0;1;0;0;0;0;1;374211,642999903997406;5612358,731999530456960;7,220682961000020;50,649491160000103
42789;5220721302100585300;5;9;14;0;2022;7;12;5;3;4;2;0;0;1;1;0;0;0;0;392844,068044374987949;5692945,088100469671190;7,460328679000040;51,377629801000097
42793;5220709705000285882;5;5;54;8;2022;7;3;7;2;5;3;2;0;1;1;0;0;0;0;334259,856999645009637;5745593,837998759932816;6,594327048000030;51,836534770000100
42796;5220707709700648420;5;5;66;72;2022;7;12;5;2;5;3;0;0;1;1;0;0;0;0;412824,333123883989174;5801791,097085000015795;7,719847624000070;52,359462389000001
42797;5220724502402781510;5;1;17;0;2022;7;14;1;3;0;7;0;0;1;0;0;0;0;0;351839,886983560980298;5700012,681939319707453;6,868584873000030;51,431917881000103
42801;5220716603104534485;5;3;66;4;2022;7;16;7;3;0;1;0;0;1;0;0;0;0;0;346993,683999745000619;5602329,729999219998717;6,840073559000070;50,552851419000000
42803;5220723404102078136;5;7;66;40;2022;7;19;7;3;0;1;0;0;1;0;0;0;0;0;486126,822999998985324;5758731,247999669983983;8,798010016000029;51,979084931999999
42805;5220720602900777504;5;3;62;12;2022;7;12;4;3;8;6;0;0;1;1;0;0;0;0;354372,108999800984748;5632964,285999350249767;6,932084296000030;50,830053432000099
42810;5220723515212143540;5;1;54;64;2022;7;15;7;3;0;1;0;0;1;0;0;0;0;0;304141,759156553016510;5720718,408898250199854;6,171687444000040;51,603397068000000
42811;5220711705000889749;5;5;54;68;2022;7;5;2;1;5;3;0;0;1;1;0;0;0;0;350537,656584722979460;5765103,768380469642580;6,821929161000070;52,016416962000100
42813;5220708601700493570;5;3;16;0;2022;7;15;6;3;0;1;0;0;1;0;0;0;0;0;356676,347916396975052;5658153,667312329635024;6,954870392000030;51,057002511000100
42815;5220715600110090917;5;3;14;0;2022;7;22;6;3;0;1;2;0;1;0;0;0;0;0;365989,237940098973922;5622349,549613200128078;7,100816439000030;50,737455651000097
42817;5220719602300880005;5;3;62;36;2022;7;12;3;3;0;3;0;0;1;1;0;0;0;0;344070,763999724003952;5648316,920999139547348;6,779363524000080;50,965327936999998
42818;5220726506100991062;5;1;16;0;2022;7;16;3;2;0;1;0;0;1;0;0;0;0;0;321280,582999477977864;5675781,882998149842024;6,441540136000070;51,205439882000100
42823;5220714700000275474;5;5;13;0;2022;7;19;5;3;5;3;0;0;1;1;0;0;0;0;365416,371999868017156;5709883,797999490052462;7,060007563000060;51,524013252000003
42824;5220716608312780799;5;3;34;12;2022;7;10;7;3;5;3;0;0;1;0;0;0;0;0;309330,377053919015452;5636182,539805660024285;6,291490378000050;50,845882233000097