OBJECTID;UIDENTSTLAE;ULAND;UREGBEZ;UKREIS;UGEMEINDE;UJAHR;UMONAT;USTUNDE;UWOCHENTAG;UKATEGORIE;UART;UTYP1;ULICHTVERH;IstStrassenzustand;IstRad;IstPKW;IstFuss;IstKrad;IstGkfz;IstSonstige;LINREFX;LINREFY;XGCSWGS84;YGCSWGS84
42826;5220723404301860980;5;7;66;24;2022;7;16;7;2;2;3;0;0;1;1;0;0;0;0;504033,857016520982143;5762484,615107400342822;9,058776303000061;52,012989869000101
42829;5220708505100276306;5;1;14;0;2022;7;13;6;3;5;3;0;0;1;1;0;0;0;0;332940,352999622002244;5689938,083998760208488;6,601678555000030;51,336151295999997
42830;5220721608200380801;5;3;34;2;2022;7;9;5;3;5;3;0;0;1;1;0;0;0;0;296060,596093692001887;5629363,830421280115843;6,107027139000020;50,780116851999999
42833;5220718608416471699;5;3;34;16;2022;7;15;2;3;4;7;0;0;1;0;0;0;0;0;296688,783800001023337;5637157,903995689935982;6,111608141000030;50,850338833000102
42835;5220726405108187003;5;7;54;8;2022;7;11;3;2;5;2;0;0;1;0;0;0;1;0;459338,916110636026133;5752187,766531120054424;8,408773995000050;51,918940727000098
42843;5220723303200587649;5;9;15;0;2022;7;14;7;3;5;2;0;0;1;0;0;1;0;0;415299,839583725028206;5728095,599671930074692;7,774436942000020;51,697414563000102
42845;5220720505200078947;5;1;14;0;2022;7;10;4;3;5;2;0;0;1;1;0;0;0;0;333955,885999632009771;5692027,644998800009489;6,615269340000050;51,355221743000101
42846;5220721515110091581;5;1;54;4;2022;7;12;5;3;0;7;0;1;1;1;0;0;0;0;305944,643999284016900;5739357,793996480293572;6,187325698000050;51,771414623000098
42847;5220717515212078590;5;1;54;64;2022;7;14;1;2;0;1;0;0;1;0;0;0;0;0;304961,164704109018203;5717351,792272940278053;6,185375172000020;51,573446736000101
42850;5220713410230740259;5;7;70;4;2022;7;8;4;3;5;3;0;0;1;1;0;0;0;0;487695,809000001987442;5785798,658999679610133;8,819876298000050;52,222478481000103
42852;5220707502244015946;5;1;13;0;2022;7;8;5;3;0;6;0;1;1;1;0;0;0;0;367590,497352055972442;5698119,378020729869604;7,095736439000060;51,418802804999999
42856;5220709316300482497;5;9;74;28;2022;7;17;7;3;0;7;0;0;1;1;0;0;0;0;449253,452393717016093;5722903,578541220165789;8,266422982000050;51,654832081999999
42857;5220715609108965737;5;3;58;8;2022;7;8;6;2;5;3;0;0;1;0;0;0;1;0;322596,957999482983723;5631106,311998319812119;6,482199273000050;50,804497076000096
42859;5220720400200780335;5;7;11;0;2022;7;18;4;3;1;5;0;0;1;1;0;0;0;1;469966,357158855011221;5763697,109624070115387;8,562287842000050;52,023092927999997
42870;5220720705000991740;5;5;54;60;2022;7;11;4;3;5;2;0;0;1;0;0;0;0;1;349311,737483197008260;5756066,171490490436554;6,808046177000050;51,934888059999999
42871;5220708610221848892;5;3;70;20;2022;7;8;6;3;4;2;0;0;1;1;0;0;0;0;307126,685818044003099;5658998,257111039943993;6,248141783000050;51,050088254999999
42878;5220724405140996054;5;7;54;40;2022;7;10;1;3;3;2;0;0;1;1;0;0;0;0;454906,028999999980442;5761710,302999669685960;8,343072352000039;52,004211032999997
42879;5220712515110022281;5;1;54;36;2022;7;16;3;3;5;2;0;0;1;1;0;0;0;0;308804,541999329987448;5744817,871996819972992;6,225715047000050;51,821434065000098
42881;5220714605120678591;5;3;74;20;2022;7;22;5;3;0;1;2;0;1;0;0;0;0;0;379447,191074247995857;5653769,293001660145819;7,281082383000070;51,022826686000002
42882;5220716313121977914;5;9;58;32;2022;7;12;7;3;9;1;0;0;1;0;0;0;0;0;439059,968919510021806;5687520,354103430174291;8,125197136000050;51,335700116000098
42887;5220721601600087236;5;3;15;0;2022;7;14;5;3;0;1;1;1;1;0;0;0;0;0;361817,364999848010484;5644841,735999439842999;7,033247858000040;50,938625898000097
42891;5220707500200056862;5;1;11;0;2022;7;15;5;3;5;2;0;0;1;1;0;0;0;0;345575,868165839987341;5679180,272684530355036;6,787575723000030;51,243061194000099
42900;5220721508000275287;5;1;19;0;2022;7;15;5;3;5;3;0;1;1;1;0;0;0;0;350854,514999783015810;5705610,552999280393124;6,852059497000030;51,481958920000103
42901;5220717516500086969;5;1;58;16;2022;7;8;1;2;1;1;0;0;1;0;0;0;1;0;353397,730999797000550;5669833,075999329797924;6,903374467000050;51,161129742000099
42903;5220718505100571940;5;1;14;0;2022;7;15;2;3;0;4;0;0;1;0;1;0;0;0;336133,855019367998466;5689943,637765109539032;6,647480269000030;51,337130528000003
42912;5220712407101090659;5;7;62;20;2022;7;15;3;3;5;3;0;0;1;1;0;0;0;0;524683,093000001041219;5735947,710999660193920;9,357747669000050;51,773863695000003
42913;5220725310140180517;5;9;54;28;2022;7;7;2;2;5;2;0;0;1;1;0;0;0;0;377748,678999918978661;5691459,281999570317566;7,244044103000020;51,361225913000098
42918;5220710609128771766;5;3;58;28;2022;7;13;1;3;8;2;0;0;1;0;0;1;0;0;322896,774153215985280;5623445,572983950376511;6,490137947000050;50,735763122000002
42920;5220721513210991739;5;1;62;24;2022;7;15;5;3;5;3;0;1;1;1;0;0;0;0;336832,855982280976605;5676445,085458629764616;6,663669326000050;51,216052864000098
42921;5220717518400076378;5;1;70;8;2022;7;15;1;2;8;1;0;0;1;0;0;0;0;0;342641,557456883019768;5716275,840637690387666;6,729111842000070;51,575557484999997
42926;5220714513210881442;5;1;62;24;2022;7;11;5;3;5;3;0;0;1;0;0;0;0;1;338592,850823188025970;5675492,861725869588554;6,689276421000050;51,207997478999999
42929;5220708601100078487;5;3;15;0;2022;7;21;6;3;4;6;2;0;1;0;0;0;0;1;356849,947000039974228;5644715,969999399967492;6,962643019000040;50,936283914000100
42932;5220720317120477915;5;9;78;16;2022;7;13;4;3;3;6;0;0;1;0;0;0;0;0;404054,538460703974124;5706848,290149330161512;7,617584644000030;51,504614016000097
42934;5220726600130571665;5;3;82;8;2022;7;15;3;3;0;7;0;0;1;0;0;0;0;0;380482,179999925021548;5611675,221999550238252;7,309560040000060;50,644667266000098
42937;5220712608100885862;5;3;34;2;2022;7;15;3;2;0;1;0;0;1;0;0;0;0;0;292403,820992655993905;5628257,996956289745867;6,055850690000060;50,768888089000001
42940;5220716607400581178;5;3;82;68;2022;7;19;7;3;0;1;0;0;1;0;0;0;0;0;369500,824999885982834;5631219,490999500267208;7,147406010000050;50,817979692000101
42950;5220719702100864121;5;5;15;0;2022;7;17;3;3;5;2;0;0;1;1;0;0;0;0;406832,934999978984706;5757698,925999660044909;7,643991846000060;51,962168814000101
42955;5220725515110522284;5;1;54;36;2022;7;20;2;3;3;2;0;0;1;1;0;0;0;0;301814,954446509014815;5740455,238552270457149;6,126923231000030;51,779823168000100
42959;5220711317110494320;5;9;78;36;2022;7;18;2;3;0;7;0;0;1;0;0;0;1;0;407154,306565603998024;5710806,992902250029147;7,661190578000060;51,540717520999998
42961;5220721605112890459;5;3;74;12;2022;7;13;5;3;0;1;0;1;1;0;0;0;0;0;397834,957860224996693;5649652,569088329561055;7,544326870000020;50,989381117000100
42964;5220719601400994203;5;3;15;0;2022;7;14;3;3;0;1;0;0;1;1;0;0;0;0;352398,526882824022323;5647320,089369270019233;6,898278383000050;50,958563795000003
42967;5220712502324094944;5;1;13;0;2022;7;14;3;3;3;6;0;0;1;0;0;0;1;0;356587,905999819980934;5706467,164999379776418;6,934222965000060;51,491139125000103
42971;5220722600110996097;5;3;14;0;2022;7;9;6;3;3;3;0;0;1;0;0;0;0;1;366204,601252119988203;5622322,688761180266738;7,103876507000050;50,737263882000001
42975;5220717316100990591;5;9;74;24;2022;7;1;1;3;0;1;2;0;1;0;0;0;0;0;433099,605843255005311;5723482,208438799716532;8,032828555000039;51,658343558000098
42982;5220714602250315333;5;3;62;16;2022;7;6;5;3;5;3;0;0;1;0;0;0;0;1;332320,028499078005552;5645484,242969180457294;6,613472030000030;50,936576975999998
42985;5220721301306472535;5;9;13;0;2022;7;16;5;3;5;3;0;1;1;1;0;0;0;0;402845,002999973017722;5713212,088999640196562;7,598406823000060;51,561611474000102
42986;5220708609224294861;5;3;58;24;2022;7;15;6;3;0;1;0;0;1;0;0;0;0;0;313831,498999356990680;5644234,097997670061886;6,351255598000020;50,919675792000099
42990;5220719709700176376;5;5;66;28;2022;7;21;3;3;0;1;0;0;1;0;0;0;0;0;413197,910610936000012;5792490,924474409781396;7,727731821000020;52,275929414000103
42991;5220726600140575834;5;3;14;0;2022;7;16;3;3;5;3;0;0;1;1;0;0;0;0;371867,394672663009260;5621692,586335780099034;7,184303662000050;50,732877307000102
42996;5220714701400289553;5;5;12;0;2022;7;9;5;3;5;3;0;0;1;1;0;0;0;0;357499,446297270013019;5719455,866225490346551;6,942082750000050;51,608084249000100
42998;5220714502249389701;5;1;13;0;2022;7;11;5;3;0;3;0;0;1;1;0;0;0;0;356743,400999818986747;5692644,266999379731715;6,942051217000030;51,366965759000003
43003;5220721600140075846;5;3;14;0;2022;7;7;5;3;5;2;0;0;1;1;0;0;0;0;367044,818794570979662;5622500,759156350046396;7,115712778000050;50,739057349000099
43004;5220717709800481039;5;5;66;40;2022;7;14;1;3;8;1;0;0;1;0;0;0;0;0;421958,273999992001336;5782560,404999679885805;7,858396576000080;52,187979286000001
43016;5220713404101887045;5;7;66;4;2022;7;13;4;3;5;3;0;0;1;1;0;0;0;0;483876,019000001018867;5752663,288999670185149;8,765523869000051;51,924467409999998
43017;5220725601600996018;5;3;15;0;2022;7;14;2;3;1;5;0;0;1;1;0;0;0;0;360850,248778973997105;5645045,952891699969769;7,019413667000040;50,940228674000103
43019;5220716701910569617;5;5;62;8;2022;7;9;7;2;5;2;0;0;1;1;0;0;0;0;383127,569188325025607;5728831,656635359860957;7,308864339000020;51,698253156000099
43020;5220714317210589421;5;9;78;20;2022;7;12;5;3;5;3;0;0;1;1;0;0;0;0;406674,386358809017111;5716525,796838040463626;7,652753578000040;51,592045497000100
43021;5220723502209279620;5;1;13;0;2022;7;21;7;3;0;7;0;0;1;0;0;0;0;0;359637,979999836999923;5700282,350999419577420;6,980583532000030;51,436326613000098
43023;5220720706300291702;5;5;58;36;2022;7;5;4;3;8;1;1;0;1;0;0;0;0;0;383062,346264811989386;5731031,877131380140781;7,307182874000030;51,718014009999997
43024;5220708600380075848;5;3;14;0;2022;7;11;6;3;0;1;0;0;1;0;0;0;0;0;372593,792152757989243;5612858,602045750245452;7,197637959000080;50,653632705000099
43026;5220717702100069191;5;5;15;0;2022;7;8;1;2;8;7;0;0;1;0;0;0;0;0;404403,293999976012856;5755371,557999660260975;7,609287942000040;51,940837085000098
43028;5220709410110779606;5;7;70;24;2022;7;1;7;3;7;1;2;0;1;0;0;0;0;0;492286,804999999993015;5794086,996999690309167;8,886895282000070;52,297078565000000
43029;5220719609132085729;5;3;58;28;2022;7;18;3;3;0;1;0;0;1;0;0;0;0;0;321423,741518845024984;5623850,511577200144529;6,469087948000040;50,738950146000001
43033;5220712608100071800;5;3;34;2;2022;7;8;3;3;5;3;0;0;1;1;0;0;0;0;294681,165119173994754;5629664,438884439878166;6,087318322000040;50,782330000000101
43036;5220716315250995957;5;9;70;12;2022;7;19;7;3;8;6;0;0;1;1;0;0;0;0;450475,684333178971428;5650021,663702449761331;8,294221569000060;50,999637808999999
43040;5220720601300581708;5;3;15;0;2022;7;7;4;2;0;4;0;0;1;0;1;0;0;0;353394,287999795982614;5646648,543999330140650;6,912717571000030;50,952783089000000
43047;5220712406110582144;5;7;58;12;2022;7;6;3;3;5;3;0;0;1;1;0;0;0;0;478790,381949667003937;5775800,433281349949539;8,690134738000040;52,132317945000104
43048;5220724610222077514;5;3;70;36;2022;7;12;1;3;0;1;0;0;1;0;0;0;0;0;303189,237360754981637;5663972,938411010429263;6,189327727000030;51,093433237000099
43049;5220709406150131787;5;7;58;36;2022;7;2;7;3;0;1;2;1;1;0;0;0;0;0;488100,516000000003260;5776814,628999680280685;8,826116166000080;52,141715214999998
43052;5220710601200380749;5;3;15;0;2022;7;17;1;3;0;7;0;0;1;0;0;0;0;0;358435,769713641027920;5640522,085777729749680;6,986825534000050;50,898984665000100
43062;5220723608328373661;5;3;34;28;2022;7;16;7;3;8;1;0;0;1;0;0;0;0;0;312351,607753199990839;5606580,642776099964976;6,349408100000060;50,580948493000101
43065;5220708601000864468;5;3;15;0;2022;7;22;6;3;0;1;2;0;1;0;0;0;0;0;355287,606999807001557;5644179,759999359957874;6,940635489000040;50,931075180000100
43070;5220726601200994190;5;3;15;0;2022;7;17;3;3;5;3;0;0;1;1;0;0;0;0;359271,324210588994902;5637352,462231510318816;6,999920659000050;50,870702890000103
43073;5220712702100676692;5;5;15;0;2022;7;6;3;3;5;3;0;0;1;0;0;0;0;0;402295,907999975024723;5754690,561999649740756;7,578833857000060;51,934350027000100
43085;5220709603144795285;5;3;66;44;2022;7;1;7;3;9;1;2;0;1;0;0;0;0;0;333386,746999613009393;5617794,159998839721084;6,641211543000050;50,688087355999997
43086;5220719515210022257;5;1;54;28;2022;7;15;3;3;5;2;0;0;1;1;0;0;0;0;320341,738999472989235;5702186,555998040363193;6,414805270000040;51,442335564000103
43089;5220724515212062166;5;1;54;32;2022;7;12;1;3;0;1;0;0;1;0;0;0;0;0;309480,691080020973459;5715371,487865439616144;6,251588471000050;51,557206325999999
43100;5220726702100891723;5;5;15;0;2022;7;11;3;3;3;6;0;0;1;0;0;0;0;0;402175,437999973015394;5758922,184999659657478;7,575877472000060;51,972363761000103
43103;5220719302100075720;5;9;14;0;2022;7;20;3;3;8;7;0;0;1;0;0;0;0;0;393077,100372613989748;5692328,405393050052226;7,463861282000040;51,372130573000000
43105;5220724313110996057;5;9;58;4;2022;7;5;1;3;0;1;0;0;1;0;0;0;0;0;434579,767472711973824;5694902,995272099971771;8,059533344000039;51,401577470000099
43113;5220803301303478007;5;9;13;0;2022;8;15;4;3;0;7;0;0;1;0;0;0;0;0;398026,480999968014657;5705141,098999620415270;7,531253489000050;51,488212883000102
43118;5220806315140995607;5;9;70;36;2022;8;16;7;3;5;3;0;0;1;1;0;0;0;0;428654,663675302988850;5626441,569526770152152;7,987896908000040;50,785330987000101
43119;5220811601600674402;5;3;15;0;2022;8;13;5;3;3;5;0;0;1;0;0;0;0;1;359704,222999834979419;5644827,966999419964850;7,003196213000020;50,937991903000103
43124;5220810709300079125;5;5;66;84;2022;8;9;4;3;5;3;0;0;1;1;0;0;0;0;389567,982932650018483;5772592,479443299584091;7,387999599000070;52,092861585999998
43127;5220810603116673855;5;3;66;16;2022;8;18;4;2;5;2;0;0;1;1;0;0;0;0;346352,022999738983344;5613182,080999209545553;6,826532899000030;50,650209452000098
43129;5220814513310981592;5;1;62;8;2022;8;9;1;3;5;2;0;0;1;0;0;0;0;0;331480,057999601995107;5666355,216998719610274;6,591824783000050;51,123848156000101
43131;5220816700000680914;5;5;13;0;2022;8;11;3;3;0;1;0;0;1;0;0;0;0;0;368756,844574649003334;5707148,054287349805236;7,109149586000060;51,500213828000000
43134;5220802515210076795;5;1;54;12;2022;8;16;3;3;0;3;0;0;1;1;0;0;0;0;316767,556722339009866;5716303,466983839869499;6,356099469000070;51,567991199000097
43135;5220728411220148659;5;7;74;20;2022;7;12;5;3;8;1;0;0;1;0;0;0;0;0;470554,907000000996049;5734803,946999659761786;8,573332522000040;51,763349765999997
43136;5220807515210782341;5;1;54;12;2022;8;19;1;2;3;1;0;0;1;0;0;0;0;0;309676,805402124009561;5712560,361694280058146;6,255934316000040;51,532024859000003
43151;5220814302130995144;5;9;14;0;2022;8;15;1;3;0;3;0;0;1;1;0;0;0;0;399800,601999971026089;5689954,746999620459974;7,561091455000050;51,352019869000102
43156;5220809709300491070;5;5;66;96;2022;8;7;3;3;2;2;0;0;1;1;0;0;0;0;385708,880999940971378;5785961,311999640427530;7,327194699000070;52,212222398999998
43167;5220730709110076669;5;5;66;8;2022;7;16;7;2;4;3;0;0;1;0;0;0;0;0;399649,406999969971366;5781954,711999660357833;7,532342253000020;52,178927542000103
43168;5220728605116778618;5;3;74;16;2022;7;14;5;3;5;2;0;0;1;1;0;0;0;0;384377,122642679023556;5668185,007766320370138;7,346730220000040;51,153416829000001
43178;5220814601700076817;5;3;16;0;2022;8;22;1;2;0;1;2;0;1;0;0;0;0;0;359408,678051482012961;5656909,601483079604805;6,994316200000070;51,046497694999999
43183;5220801406110995799;5;7;58;12;2022;8;13;2;3;5;3;0;0;1;0;0;0;0;1;478199,743172091024462;5774486,066271370276809;8,681590086000030;52,120477976000103
43187;5220803702100779175;5;5;15;0;2022;8;13;4;3;3;6;0;0;1;0;0;0;0;0;406416,456810762989335;5757666,516819479875267;7,637940856000060;51,961807556000103
43194;5220807706200679103;5;5;58;20;2022;8;18;1;2;0;1;0;0;1;0;0;0;0;0;391113,042628176975995;5759278,699906909838319;7,414782106000080;51,973510777999998
43195;5220815705000995107;5;5;54;16;2022;8;13;2;2;2;6;0;0;1;0;0;0;0;0;363386,057747341983486;5757125,643491609953344;7,012214350000020;51,948040976000101
43204;5220731513120146532;5;1;62;20;2022;7;16;1;3;5;3;0;0;1;1;0;0;0;0;327293,094128135999199;5675649,656539970077574;6,527588528000020;51,206101435999997
43206;5220810600140076535;5;3;14;0;2022;8;20;4;3;5;2;1;0;1;1;0;0;0;0;368110,091762906988151;5622120,513338279910386;7,130937673000060;50,735882572999998
43209;5220814514123995143;5;1;66;20;2022;8;15;1;3;3;3;0;0;1;1;0;0;0;0;305628,330342713976279;5675881,454706310294569;6,217688073000030;51,201223540000100
43211;5220816514110995062;5;1;66;32;2022;8;11;3;3;4;2;0;0;1;1;0;0;0;0;318711,558999443019275;5681330,382997959852219;6,401996561000030;51,254472039000099
43212;5220801701400995797;5;5;12;0;2022;8;14;2;2;3;2;0;0;1;1;0;0;0;0;355917,216686239000410;5714876,034177550114691;6,921128979000060;51,566528779000102
43213;5220729709500669125;5;5;66;76;2022;7;13;6;3;5;2;0;1;1;1;0;0;0;0;396647,024826391017996;5787887,765118439681828;7,486636987000050;52,231696608000000
43214;5220802515212091515;5;1;54;64;2022;8;13;3;3;3;6;0;0;1;0;0;0;0;0;304308,357888221973553;5721546,406569180078804;6,173628022000060;51,610890902000101
43215;5220807515211578833;5;1;54;16;2022;8;2;1;2;0;1;2;0;1;0;0;0;0;0;302585,058842375001404;5728482,869121659547091;6,144858834000050;51,672581274999999
43226;5220808503000995555;5;1;24;0;2022;8;7;2;2;5;3;0;0;1;1;0;0;0;0;376577,673999912978616;5682004,383999560028315;7,230506421000030;51,275994824000101
43228;5220813610221949781;5;3;70;20;2022;8;4;7;3;4;6;2;0;1;0;0;0;0;0;304349,405481406021863;5659523,751261680386961;6,208282397000060;51,053868925000103
43234;5220815410120517271;5;7;70;32;2022;8;16;2;3;5;2;0;0;1;1;0;0;0;0;493615,912059733003844;5786788,668645869940519;8,906523089000070;52,231479698000001
43239;5220807505100178793;5;1;14;0;2022;8;4;1;3;0;1;2;0;1;0;0;0;0;0;328549,317999572027475;5689325,958998559974134;6,538996754000040;51,329345109000002
43241;5220813316100073356;5;9;74;40;2022;8;22;7;2;0;1;2;0;1;0;0;0;0;0;437202,361831508984324;5714563,328951819799840;8,093732023000030;51,578632528000099
43242;5220805711312081007;5;5;70;8;2022;8;12;6;3;6;6;0;0;1;0;1;0;0;0;432802,252270834986120;5733823,865741189569235;8,026536939000041;51,751280780999998
43261;5220812608328789908;5;3;34;28;2022;8;20;6;2;0;1;0;0;1;0;0;0;0;0;312202,151309742999729;5609465,717364540323615;6,345841363000030;50,606818458000099
43262;5220805515111521938;5;1;54;44;2022;8;12;6;3;3;6;0;0;1;1;0;0;0;0;319939,951999478973448;5738544,225997920148075;6,390362231000040;51,768783416000097
43265;5220808706300995558;5;5;58;24;2022;8;1;2;2;9;1;2;0;1;0;0;0;0;0;394826,608981093973853;5739708,641834869980812;7,474790776000020;51,798331615000102
43277;5220809601300990627;5;3;15;0;2022;8;12;3;3;8;1;0;0;1;0;0;0;0;0;349396,301015593984630;5643859,952669690363109;6,856991433000080;50,926693190000002
43278;5220807301102171542;5;9;13;0;2022;8;18;1;2;5;3;0;0;1;0;0;0;0;1;395708,494060505006928;5705831,829233329743147;7,497675132000040;51,493998839000000
43282;5220810709500995369;5;5;66;60;2022;8;16;4;3;0;1;0;0;1;0;0;0;0;0;389485,599999952013604;5789467,726999640464783;7,381301896000020;52,244505027999999
43291;5220727501313691491;5;1;12;0;2022;7;22;4;3;4;6;2;0;1;0;0;0;0;0;343389,357999722007662;5701482,389999110251665;6,746464772000020;51,442850528000100
43296;5220815701300575428;5;5;62;14;2022;8;14;2;3;0;1;0;0;1;0;0;0;0;0;357220,230434786994010;5714047,644558699801564;6,940252601000050;51,559416443000003
43298;5220805705000995633;5;5;54;4;2022;8;19;6;3;4;6;0;0;1;0;0;0;0;0;363941,218981712008826;5770333,740361809730530;7,015041111000070;52,066859196999999
43300;5220729515110586049;5;1;54;24;2022;7;10;6;3;0;1;0;0;1;0;0;0;0;1;316515,551019257982261;5736463,433593089692295;6,341887317000040;51,748982822000102
43305;5220731702100991863;5;5;15;0;2022;7;20;1;3;0;3;1;0;1;1;0;0;0;0;407077,387999981001485;5757671,602999660186470;7,647556078000040;51,961964131999999
43307;5220810518400744472;5;1;70;8;2022;8;18;4;3;5;3;0;0;1;0;0;0;0;0;341984,300999713013880;5715368,767999060451984;6,720042769000030;51,567224060000100
43308;5220808516700981933;5;1;58;8;2022;8;17;2;2;0;7;0;0;1;0;0;0;0;0;361306,891999844985548;5673422,015999440103769;7,015027121000060;51,195355034999999
43311;5220803508000872138;5;1;19;0;2022;8;15;4;2;0;3;0;0;1;0;0;0;0;1;352179,353999791026581;5707573,579999309964478;6,870303070000030;51,499945537000002
43312;5220816503200995053;5;1;24;0;2022;8;14;3;3;5;3;0;0;1;1;0;0;0;0;374411,556999907013960;5684075,278999540023506;7,198739184000030;51,294133884000097
43313;5220802300500853446;5;9;11;0;2022;8;5;3;3;5;2;2;0;1;1;0;0;0;0;375100,476999910024460;5702735,447999560274184;7,202054638000050;51,461993700999997
43317;5220815601700695811;5;3;16;0;2022;8;7;2;3;5;2;0;0;1;1;0;0;0;0;363101,761999854992609;5655293,955999449826777;7,047579337000060;51,032869564000102
43318;5220813410110579407;5;7;70;24;2022;8;23;7;2;7;1;2;0;1;0;0;0;0;0;494828,550926588010043;5793254,107420999556780;8,924179668000020;52,289620281000097
43319;5220805601300963937;5;3;15;0;2022;8;13;6;3;6;7;0;0;1;0;1;0;0;0;352193,797776875027921;5644967,494228409603238;6,896320204000060;50,937369696000097
43320;5220811601400462158;5;3;15;0;2022;8;20;5;3;0;1;1;0;1;0;0;0;0;0;355687,446433546021581;5650648,039118560031056;6,943756421000050;50,989304310000101
43327;5220728709500576732;5;5;66;16;2022;7;7;5;3;5;3;0;0;1;1;0;0;0;0;405674,013999979011714;5791787,160999679937959;7,617683431000050;52,268364616000000
43338;5220812610114067555;5;3;70;32;2022;8;11;6;2;2;3;0;0;1;1;0;0;0;0;289233,749210859998129;5661269,202016740106046;5,991888961000030;51,064195945999998
43340;5220811410220840260;5;7;70;8;2022;8;16;5;3;5;3;0;0;1;1;0;0;0;0;475038,429000000003725;5802999,104999690316617;8,633310200000039;52,376687722000000
43342;5220803701500285375;5;5;62;24;2022;8;13;4;2;5;3;0;0;1;1;0;0;0;0;373342,295999902009498;5725639,410999559797347;7,168505368000070;51,667442080999997
43361;5220816606100074329;5;3;78;4;2022;8;15;3;3;0;3;0;0;1;1;0;0;0;0;368323,092999881017022;5650338,684999500401318;7,123799879000050;50,989553373000000
43364;5220802705000376736;5;5;54;8;2022;8;17;3;3;5;3;0;0;1;0;0;0;0;1;335295,714999655028805;5745845,925998800434172;6,609228070000030;51,839105786000097
43366;5220807701400789658;5;5;12;0;2022;8;18;1;3;5;2;0;0;1;1;0;0;0;0;356407,216461365984287;5710088,687427730299532;6,930147433000060;51,523635716999998
43368;5220813501325573963;5;1;12;0;2022;8;9;7;3;3;5;0;0;1;0;0;0;0;1;345432,019543547998182;5693313,291680959984660;6,779393258000030;51,370011445999999
43369;5220805605120390217;5;3;74;20;2022;8;9;6;3;5;3;0;1;1;1;0;0;0;0;386132,808999944012612;5653143,943999580107629;7,376564330000060;51,018568625999997
43373;5220730705000151911;5;5;54;4;2022;7;18;7;2;0;7;0;0;1;0;0;0;0;0;365423,402077468985226;5772421,401898319832981;7,035827413000050;52,085980076000098
43380;5220801300800286070;5;9;54;36;2022;8;17;2;3;0;1;0;0;1;0;0;0;0;0;384419,524774271994829;5697605,256882850080729;7,337815392000040;51,417863208000000
43381;5220729515211995922;5;1;54;56;2022;7;12;6;3;5;3;0;1;1;1;0;0;0;0;308716,845999321027193;5731729,343996860086918;6,231648186000030;51,703858703000002
43383;5220815301101067529;5;9;13;0;2022;8;20;2;3;7;7;0;0;1;0;0;0;0;0;393963,072999959986191;5707293,879999619908631;7,472102306000070;51,506815840000101
43384;5220812601200995242;5;3;15;0;2022;8;15;6;2;0;1;0;0;1;0;0;0;0;0;353843,980999797990080;5642329,968999340198934;6,920847370000050;50,914087684999998
43385;5220804701200689484;5;5;62;20;2022;8;13;5;3;4;6;0;0;1;0;0;1;0;0;372317,985678707016632;5716068,557028399780393;7,157190730000020;51,581198204000003
43388;5220810500300001865;5;1;11;0;2022;8;17;4;3;5;2;0;0;1;1;0;0;0;0;349525,020999769971240;5670464,681999259628356;6,847766197000060;51,165799833999998
43394;5220802400300993661;5;7;11;0;2022;8;11;3;3;5;3;0;0;1;1;0;0;0;0;469315,065000000991859;5757638,225999659858644;8,553338593000030;51,968583732000099
43398;5220807702100374754;5;5;15;0;2022;8;9;1;3;5;3;0;0;1;1;0;0;0;0;404257,532999977003783;5754457,822999659925699;7,607422472000050;51,932599008000103
43401;5220805709110868373;5;5;66;8;2022;8;23;6;3;5;3;2;0;1;1;0;0;0;0;400237,045999970985577;5780709,750999660231173;7,541299725000040;52,167844690999999
43409;5220729500300573954;5;1;11;0;2022;7;15;6;1;2;3;0;0;1;0;0;1;0;0;349709,511999771988485;5674397,301999259740114;6,848757930000030;51,201186376000102
43410;5220810301301594427;5;9;78;24;2022;8;12;4;3;5;3;0;0;1;1;0;0;0;0;398937,417999968980439;5716350,737999630160630;7,541150783000030;51,589137151000003
43411;5220810518410590521;5;1;70;16;2022;8;21;4;2;2;6;1;0;1;0;0;0;0;0;345125,907681701995898;5722892,017560129985213;6,762012530000050;51,635689882000101
43414;5220814601100274254;5;3;15;0;2022;8;1;1;3;5;3;2;0;1;1;0;0;0;0;355188,006999807024840;5644776,490999359637499;6,938981978000070;50,936412873000101
43428;5220727701300978413;5;5;62;14;2022;7;12;4;3;5;2;0;0;1;1;0;0;0;0;360108,566998791997321;5712880,732474239543080;6,982355942000030;51,549654233000098
43430;5220728706000994169;5;5;58;8;2022;7;11;5;3;5;3;0;0;1;1;0;0;0;0;383174,107999935979024;5759487,782999609597027;7,299186073000040;51,973777718000100
43434;5220813705000421214;5;5;54;68;2022;8;8;7;3;5;2;0;0;1;0;0;0;0;1;351953,407830000971444;5767628,031895210035145;6,841452430000060;52,039475787000100
43446;5220803607500614879;5;3;82;56;2022;8;9;4;3;0;1;0;0;1;0;0;0;0;0;372566,290082403982524;5627426,505099370144308;7,192216927000060;50,784569808000100
43449;5220730711231202816;5;5;70;40;2022;7;15;7;3;5;3;0;0;1;1;0;0;0;0;420319,303170001017861;5743978,958407930098474;7,843405325000050;51,840932865000099
43450;5220728601200176459;5;3;15;0;2022;7;11;5;3;0;3;0;0;1;0;0;0;0;1;354308,470999801007565;5642506,899999340064824;6,927379722000070;50,915795158000002