OBJECTID;UIDENTSTLAE;ULAND;UREGBEZ;UKREIS;UGEMEINDE;UJAHR;UMONAT;USTUNDE;UWOCHENTAG;UKATEGORIE;UART;UTYP1;ULICHTVERH;IstStrassenzustand;IstRad;IstPKW;IstFuss;IstKrad;IstGkfz;IstSonstige;LINREFX;LINREFY;XGCSWGS84;YGCSWGS84
43451;5220807608200358645;5;3;34;2;2022;8;15;1;3;5;3;0;0;1;1;0;0;0;0;297458,969723244023044;5620380,491146430373192;6,131773949000030;50,699922070000099
43458;5220804709500676632;5;5;66;76;2022;8;8;5;3;3;2;0;0;1;1;0;0;0;0;394221,727322923019528;5793584,300446820445359;7,449353238000070;52,282432368999999
43460;5220731606100581682;5;3;78;4;2022;7;12;1;2;0;7;0;0;1;0;0;0;0;0;375233,555983645026572;5649451,229884780012071;7,222516344000040;50,983116235000097
43461;5220810500200556862;5;1;11;0;2022;8;8;4;3;3;6;0;0;1;1;0;0;0;0;348809,542384484026115;5678730,652455289848149;6,834058304000050;51,239887252000102
43462;5220810602900180784;5;3;62;40;2022;8;15;4;3;0;3;0;0;1;1;0;0;0;0;356481,291073916014284;5632181,935511039569974;6,962320514000060;50,823549168000099
43464;5220814601100081289;5;3;15;0;2022;8;12;1;3;7;7;0;0;1;0;0;0;0;0;355318,761059491022024;5644046,018013509921730;6,941131612000050;50,929881084000002
43466;5220816700000891011;5;5;13;0;2022;8;7;3;2;1;5;0;0;1;1;0;0;0;0;368666,525999883015174;5710347,803999509662390;7,106656937000030;51,528948343000103
43469;5220802602700289822;5;3;62;28;2022;8;20;3;3;5;2;0;0;1;1;0;0;0;0;348575,612230202998035;5639439,450821449980140;6,847156090000060;50,886754467999999
43474;5220805610221080751;5;3;70;20;2022;8;16;6;3;5;3;0;0;1;1;0;0;0;0;305475,713192018971313;5659034,478501579724252;6,224596201000050;51,049856902000002
43475;5220811502307878749;5;1;13;0;2022;8;13;5;3;0;7;0;0;1;0;0;0;0;0;357746,024387681973167;5703318,513760560192168;6,952161462000050;51,463137861000099
43481;5220729301103780671;5;9;13;0;2022;7;10;6;3;3;2;0;0;1;1;0;0;0;0;392981,982029099017382;5702885,271796070039272;7,459307526000030;51,467004150999998
43483;5220810516500262021;5;1;58;16;2022;8;15;4;3;0;7;0;0;1;0;0;0;0;0;355369,357999810017645;5670398,007999359630048;6,931324606000030;51,166708266999997
43485;5220806502406091263;5;1;17;0;2022;8;15;7;2;1;7;0;0;1;1;0;0;0;0;354235,415862696012482;5694753,194966300390661;6,905183326000040;51,385278248000098
43488;5220801410110087095;5;7;70;24;2022;8;7;2;3;0;3;0;1;1;0;0;0;1;0;498942,720438277989160;5795455,852406839840114;8,984491953000029;52,309438386000103
43491;5220809709700995431;5;5;66;28;2022;8;18;3;2;5;3;0;0;1;1;0;0;0;0;407581,831982763018459;5794849,567677619867027;7,644793729000070;52,296213501000103
43493;5220815404302995109;5;7;66;8;2022;8;13;2;3;5;3;0;1;1;1;0;0;0;0;478172,621999999973923;5768794,492999670095742;8,681558514000070;52,069305827000100
43497;5220803411240953218;5;7;74;40;2022;8;11;4;2;0;7;0;0;1;0;0;0;0;0;479868,607415442005731;5701647,101086840033531;8,710193169000039;51,465634487999999
43500;5220804316100089286;5;9;74;40;2022;8;6;5;3;0;3;0;0;1;1;0;0;0;0;438354,015958349977154;5711911,163038020022213;8,110815289000071;51,554915267000098
43503;5220728705000995932;5;5;54;36;2022;7;15;5;3;5;3;0;0;1;1;0;0;0;0;369177,303463939984795;5766842,615704080089927;7,092720176000060;52,036749735999997
43505;5220809500200050578;5;1;11;0;2022;8;9;3;3;5;2;0;0;1;1;0;0;0;0;355194,515618024975993;5680321,318208550103009;6,924819649000030;51,255837691000103
43514;5220808410210987088;5;7;70;20;2022;8;17;2;3;5;2;0;0;1;1;0;0;0;0;470548,043000000994653;5794850,918999689631164;8,568061890000020;52,303211009999998
43517;5220816516100081571;5;1;58;32;2022;8;9;3;3;0;7;0;0;1;0;0;0;0;0;362440,879215304972604;5688673,496759429574013;7,025379798000070;51,332690591000102
43518;5220801608404067522;5;3;34;4;2022;8;9;2;3;5;3;0;0;1;1;0;0;0;0;302940,457886983989738;5637320,093344029970467;6,200221783000070;50,853958889000097
43520;5220802608200189766;5;3;34;2;2022;8;9;3;3;5;2;0;0;1;1;0;0;0;0;296348,715579406009056;5629939,317672629840672;6,110789924000070;50,785386770000102
43526;5220811514110995340;5;1;66;32;2022;8;10;5;2;0;1;0;0;1;0;0;0;0;0;317099,476531943015289;5679737,177673810161650;6,379733922000070;51,239645996000000
43527;5220803501127276126;5;1;12;0;2022;8;9;4;3;5;3;0;0;1;1;0;0;0;0;346723,635999750986230;5703898,594999190419912;6,793357480000050;51,465472530000099
43529;5220812313110995284;5;9;58;4;2022;8;7;6;3;5;3;0;0;1;1;0;0;0;0;424153,218999993987381;5702102,994999639689922;7,908128687000040;51,465008446000098
43538;5220813601400995185;5;3;15;0;2022;8;11;7;3;0;7;0;0;1;0;0;0;0;1;356514,438305000017863;5646554,410339980386198;6,957146939000040;50,952722353000098
43540;5220801506100082361;5;1;16;0;2022;8;21;2;3;5;3;2;0;1;1;0;0;0;0;317240,202982594026253;5675623,589958400465548;6,383844572000040;51,202739682000100
43542;5220802501319908659;5;1;12;0;2022;8;21;3;3;0;3;1;0;1;1;0;0;0;0;343573,037451673997566;5696842,827959760092199;6,751153455000060;51,401215239000102
43545;5220815315210373287;5;9;70;24;2022;8;15;2;2;5;3;0;0;1;1;0;0;0;0;429645,865999996021856;5644524,136999609880149;7,998477907000050;50,948038570999998
43551;5220803608200767482;5;3;34;2;2022;8;17;4;3;4;2;0;0;1;1;0;0;0;0;294434,411536424013320;5625290,020381989888847;6,086265694000080;50,742954975000004
43552;5220802316200995763;5;9;74;12;2022;8;15;3;2;0;1;0;0;1;0;0;0;0;0;429936,027872922015376;5702382,985261010006070;7,991306611000030;51,468271200000103
43554;5220802702100079100;5;5;15;0;2022;8;10;3;3;5;2;0;0;1;1;0;0;0;0;405900,996999980008695;5760101,257999660447240;7,629773442000040;51,983605050000101
43556;5220807608436180806;5;3;34;36;2022;8;20;1;3;0;1;0;0;1;0;0;0;0;0;299249,051889981026761;5632857,577080160379410;6,150287489000050;50,812609011000099
43557;5220815702100268372;5;5;15;0;2022;8;15;2;3;4;6;0;0;1;0;0;0;0;0;404314,143430544005241;5758240,502207060344517;7,607192525000070;51,966608898000104
43560;5220811701110995348;5;5;62;32;2022;8;8;5;3;5;2;0;0;1;1;0;0;0;0;375090,469104555028025;5719454,149532239884138;7,195978422000050;51,612246210000102
43561;5220729601300086487;5;3;15;0;2022;7;10;6;3;0;1;0;0;1;0;0;0;0;0;353923,738999800989404;5646744,670999339781702;6,920211678000040;50,953781380000102
43568;5220810702100568372;5;5;15;0;2022;8;18;4;3;5;2;0;0;1;1;0;0;0;0;405076,183411989011802;5761172,899214089848101;7,617470014000050;51,993097022000001
43572;5220816607300054237;5;3;82;76;2022;8;13;3;3;1;5;0;0;1;1;0;0;0;0;404022,519542808004189;5627578,918378209695220;7,638260693000060;50,792001542999998
43573;5220801702100079175;5;5;15;0;2022;8;7;2;3;4;6;0;1;1;0;0;0;0;0;401518,996999971976038;5758993,866999659687281;7,566303711000050;51,972892119000100
43574;5220727410110087060;5;7;70;24;2022;7;18;4;3;2;6;0;0;1;1;0;0;0;0;495282,803000000014435;5793217,876999690197408;8,930840110000080;52,289298639000002
43575;5220802601700995759;5;3;16;0;2022;8;15;3;3;0;1;0;0;1;0;0;0;0;0;363004,232960223976988;5655772,620727510191500;7,046008282000060;51,037148185000000
43589;5220810601300995363;5;3;15;0;2022;8;18;4;3;4;2;0;0;1;1;0;0;0;0;349307,770764880988281;5645127,540650869719684;6,855208564000070;50,938060997999997
43592;5220814317120177613;5;9;78;16;2022;8;12;1;2;6;7;0;0;1;0;1;0;0;0;404048,145306792983320;5707062,197897139936686;7,617434357000040;51,506535769000003
43596;5220802406110287050;5;7;58;12;2022;8;14;3;3;5;2;0;0;1;1;0;0;0;0;477918,344012896995991;5774218,943051219917834;8,677497433000040;52,118065199999997
43603;5220803410140568144;5;7;70;12;2022;8;13;4;2;5;3;0;0;1;1;0;0;0;0;486863,637000000977423;5792575,576999690383673;8,807430369000031;52,283387278000099
43604;5220808705000995550;5;5;54;24;2022;8;8;2;3;5;3;0;0;1;1;0;0;0;0;370546,574999894015491;5775883,407999549992383;7,109240748000050;52,118311179999999
43609;5220728516100180813;5;1;58;32;2022;7;17;5;3;5;2;0;0;1;1;0;0;0;0;364067,085140583978500;5688878,165701920166612;7,048630767000020;51,334920985000103
43610;5220807709700070260;5;5;66;28;2022;8;12;1;3;0;1;0;0;1;0;0;0;0;0;412711,824999985983595;5792723,595999680459499;7,720548900000040;52,277943768999997
43613;5220813601200081769;5;3;15;0;2022;8;0;7;2;0;1;2;0;1;0;0;0;0;0;353681,999999798019417;5642554,397999339736998;6,918454715000050;50,916063516000101
43615;5220801301201081914;5;9;13;0;2022;8;12;2;3;1;7;0;0;1;1;0;0;0;0;389389,130194124008995;5707276,223627069965005;7,406228262000070;51,505780346000101
43629;5220816608100869726;5;3;34;2;2022;8;8;3;3;6;4;0;0;1;0;1;0;0;0;293573,884528945025522;5628023,214585999958217;6,072553173000070;50,767196937999998
43633;5220728303100995948;5;9;15;0;2022;7;13;5;3;5;3;0;0;1;1;0;0;0;0;420063,919999991019722;5725452,431999649852514;7,843960304000060;51,674352295000098
43634;5220807702100579223;5;5;15;0;2022;8;10;1;3;0;1;0;0;1;0;0;0;0;0;404903,530999978014734;5762250,719999659806490;7,614657137000050;52,002755295000000
43635;5220815711111991829;5;5;70;52;2022;8;14;2;3;5;3;0;0;1;1;0;0;0;0;424349,538131026027258;5757947,693051840178668;7,898827186000060;51,967064671000102
43639;5220729508000682190;5;1;19;0;2022;7;15;6;3;5;2;0;0;1;1;0;0;0;0;350356,784546940005384;5705339,626049499958754;6,845011589000020;51,479393075000097
43646;5220801315110995807;5;9;70;40;2022;8;10;2;3;0;1;0;0;1;1;0;0;0;0;431477,629175262991339;5638882,169168270193040;8,025610039000069;50,897530533000101
43647;5220729702100068375;5;5;15;0;2022;7;14;6;2;3;2;0;0;1;0;0;0;0;1;406092,015488245990127;5758942,921053309924901;7,632871125000070;51,973225742000103
43648;5220809601300586438;5;3;15;0;2022;8;17;3;2;5;3;0;0;1;1;0;0;0;0;351198,742999779002275;5645042,486999300308526;6,882137583000030;50,937787716999999
43651;5220812518400995267;5;1;70;8;2022;8;11;6;3;3;2;0;0;1;1;0;0;0;0;343940,714999730000272;5715437,154999120160937;6,748217252000070;51,568383306999998
43653;5220810702100679100;5;5;15;0;2022;8;11;4;3;3;1;0;0;1;0;0;0;0;0;404702,819202759012114;5758301,079251050017774;7,612831497000060;51,967220156000103
43655;5220808701910653116;5;5;62;8;2022;8;10;2;3;5;6;0;0;1;0;0;0;0;0;383945,470650314004160;5721017,139175049960613;7,323288924000050;51,628188991000101
43662;5220807701800425407;5;5;62;4;2022;8;15;1;3;0;7;0;0;1;0;0;0;0;0;383230,806046856974717;5716620,516435449942946;7,314432921000050;51,588525765000000
43666;5220811608416089917;5;3;34;16;2022;8;11;5;3;0;1;0;0;1;0;0;0;0;0;297326,696528805012349;5641003,127896959893405;6,118528564000030;50,885097885999997
43667;5220729600140881295;5;3;14;0;2022;7;19;6;2;6;6;0;0;1;0;1;0;0;0;367504,708946424012538;5622946,546171359717846;7,122066457000070;50,743169222000098
43671;5220816303100995032;5;9;15;0;2022;8;17;3;3;1;5;0;0;1;1;0;0;0;0;416621,162819684017450;5726098,547619050368667;7,794028326000050;51,679660034000101
43674;5220810609224995401;5;3;58;24;2022;8;10;4;3;1;5;0;0;1;0;0;0;1;0;313084,177550511027221;5646809,064914640039206;6,339314893000050;50,942564916000002
43675;5220808513210995521;5;1;62;24;2022;8;10;2;3;5;2;0;0;1;1;0;0;0;0;338712,209999679005705;5673727,528998989611864;6,691776908000070;51,192169885000098
43684;5220807601100995572;5;3;15;0;2022;8;13;1;3;0;1;0;0;1;0;0;0;0;0;355666,645999810018111;5644691,272999360226095;6,945823211000060;50,935767027000097
43687;5220813307000875686;5;9;62;28;2022;8;20;7;3;8;1;1;0;1;1;0;0;0;0;396537,261764010996558;5663362,327159320004284;7,521924982000030;51,112392276999998
43692;5220812405108855548;5;7;54;8;2022;8;14;6;3;5;6;0;0;1;1;0;0;0;0;457022,303000001003966;5749871,396999659948051;8,375380726000060;51,897941263000099
43697;5220808505200082202;5;1;14;0;2022;8;17;2;3;5;2;0;0;1;1;0;0;0;0;329027,031999578000978;5689456,528998579829931;6,545784443000060;51,330661925000101
43698;5220806316300963779;5;9;74;28;2022;8;15;7;3;0;1;0;0;1;0;0;0;0;0;456781,701614430989139;5728295,430077929981053;8,374574042000059;51,703939047000098
43702;5220729709300374741;5;5;66;84;2022;7;21;6;3;8;1;1;0;1;0;0;0;0;0;391750,271105601976160;5777784,492917380295694;7,418190517000030;52,139955237999999
43704;5220809705000995483;5;5;54;56;2022;8;6;3;3;5;3;0;0;1;1;0;0;0;0;358397,558999834000133;5763490,130999409593642;6,937053776000030;52,003979573000002
43705;5220807302100564552;5;9;14;0;2022;8;0;1;3;0;7;2;0;1;0;0;0;0;0;392531,746999958006199;5692636,476999609731138;7,455936185000040;51,374796764000102
43708;5220805502403191612;5;1;17;0;2022;8;14;6;3;3;7;0;0;1;1;0;0;0;0;350116,432512464001775;5701975,086527110077441;6,842979377000060;51,449097705000000
43711;5220808701930349495;5;5;62;36;2022;8;17;2;3;5;2;0;0;1;0;0;0;0;1;391681,975999956019223;5722230,338999619707465;7,434641033000050;51,640636051999998
43713;5220727606100995980;5;3;78;4;2022;7;8;4;3;0;7;0;0;1;0;0;0;0;0;372708,176999900024384;5647749,290999519638717;7,187153512000070;50,967266328000100
43715;5220728516000674125;5;1;58;8;2022;7;9;5;3;5;2;0;0;1;1;0;0;0;0;359388,819225335028023;5672427,826994970440865;6,987982988000060;51,185951828999997
43717;5220730514210995886;5;1;66;12;2022;7;13;7;3;0;6;0;0;1;0;0;0;0;0;321868,605999490013346;5694391,000998159870505;6,440667235000030;51,372791242000098
43723;5220809607200679301;5;3;82;20;2022;8;14;3;3;0;1;0;0;1;0;0;0;0;0;379549,498442723008338;5625928,502653080038726;7,291723572000020;50,772597393000098
43726;5220812601200123700;5;3;15;0;2022;8;7;6;3;0;6;0;0;1;0;0;0;0;1;357489,854048162989784;5635220,880537619814277;6,975448706000070;50,851109700000102
43727;5220804606100190473;5;3;78;12;2022;8;16;5;3;5;7;0;0;1;1;0;0;0;0;379289,999929343000986;5654018,324970349669456;7,278759221000030;51,025032102000097
43729;5220801307000190500;5;9;62;40;2022;8;8;2;3;0;1;0;0;1;0;0;0;0;0;415618,315999988000840;5699579,351999640464783;7,785892555000030;51,441113190000102
43734;5220803608200680733;5;3;34;2;2022;8;11;4;3;5;2;0;0;1;1;0;0;0;0;295772,220637838006951;5629507,431544819846749;6,102862222000060;50,781305110000098
43744;5220811609128130189;5;3;58;28;2022;8;15;5;3;5;3;0;0;1;1;0;0;0;0;322362,593841857975349;5624151,434736689552665;6,482235244000040;50,741941618000098
43745;5220729301301473373;5;9;78;24;2022;7;16;6;3;1;5;0;0;1;1;0;0;0;0;400108,296312502003275;5720723,084898320026696;7,556800838000070;51,628647706000002
43746;5220809502134993592;5;1;13;0;2022;8;17;3;3;6;7;0;0;1;0;1;0;0;0;366927,614451344998088;5700768,666043239645660;7,085213493000030;51,442456237000002
43747;5220812518210044751;5;1;70;28;2022;8;18;6;3;5;3;0;0;1;1;0;0;0;0;330105,789999592001550;5697401,125998619943857;6,557457989000060;51,402357632000097
43752;5220810301102473324;5;9;13;0;2022;8;21;4;3;0;1;1;0;1;0;0;0;0;0;397079,037723588000517;5702792,568602929823101;7,518296443000050;51,466930870000098
43753;5220810513130091464;5;1;62;22;2022;8;11;4;3;4;2;0;0;1;1;0;0;0;0;339328,536999683012255;5679406,348999000154436;6,698045158000070;51,243367163000102
43764;5220805601300578499;5;3;15;0;2022;8;15;6;3;8;1;0;0;1;0;0;0;0;0;353228,328128595021553;5646824,165758050046861;6,910285609000030;50,954319091000102
43768;5220812315240071483;5;9;70;20;2022;8;11;6;2;0;1;0;0;1;0;0;0;0;0;439956,839050191978458;5648287,157409589737654;8,144618987000060;50,983040346999999
43771;5220728609108065701;5;3;58;8;2022;7;16;5;3;3;2;0;0;1;0;0;1;0;0;322639,695165500976145;5631124,908684079535306;6,482796214000070;50,804677234000103
43772;5220808411216995496;5;7;74;16;2022;8;17;2;2;0;3;0;0;1;0;0;1;0;0;469987,562653789995238;5710245,336855960078537;8,567219861000069;51,542507425000103
43773;5220806506100991249;5;1;16;0;2022;8;18;7;2;5;3;0;0;1;1;0;0;0;0;321531,085999479983002;5671429,177998179569840;6,447284673000070;51,166416662000103
43774;5220813608416973751;5;3;34;16;2022;8;16;7;3;0;1;0;0;1;0;0;0;0;0;296505,502076360979117;5639866,003467359580100;6,107502122000030;50,874596514000103
43776;5220804701800089569;5;5;62;4;2022;8;7;5;2;1;5;0;0;1;1;0;0;0;0;381646,354137921007350;5712391,752593910321593;7,292996549000070;51,550188639000098
43777;5220816315150995070;5;9;70;44;2022;8;7;3;3;5;3;0;0;1;1;0;0;0;0;440063,912999999010935;5632557,371999610215425;8,148728289000079;50,841614946999997
43783;5220814411112995147;5;7;74;12;2022;8;11;1;3;0;7;0;0;1;0;0;0;0;0;480459,204000002006069;5722771,790999650023878;8,717520801000029;51,655598378000001
43789;5220807505200276405;5;1;14;0;2022;8;19;1;3;6;7;0;0;1;0;1;0;0;0;336154,111861185985617;5692187,471929499879479;6,646737929000040;51,357295815999997
43795;5220809406110995437;5;7;58;12;2022;8;16;3;3;5;2;0;0;1;1;0;0;0;0;477465,794000000983942;5774050,270999680273235;8,670899225000030;52,116530470999997
43798;5220731411132080623;5;7;74;32;2022;7;10;1;3;8;1;0;0;1;0;0;0;0;0;485772,157839885971043;5728146,577705809846520;8,794104480000041;51,704084803000100
43801;5220806513210086774;5;1;62;24;2022;8;19;7;1;5;3;0;0;1;1;0;0;0;0;337718,989191788015887;5669323,080658020451665;6,679563237000020;51,152315428000101
43806;5220809706000995451;5;5;58;4;2022;8;10;3;2;5;3;0;0;1;1;0;0;0;0;406753,520999979984481;5734631,123999649658799;7,649061665000030;51,754806805000001
43815;5220730709500272667;5;5;66;76;2022;7;21;7;3;0;1;2;0;1;0;0;0;0;0;399407,973999971000012;5793290,493999670259655;7,525440201000040;52,280765418000001
43819;5220808607500190420;5;3;82;56;2022;8;15;2;3;5;3;0;0;1;0;0;0;0;1;374851,938103347027209;5627276,949431610293686;7,224675436000040;50,783723405000003
43820;5220813601700090416;5;3;16;0;2022;8;15;7;3;5;3;0;0;1;1;0;0;0;0;356824,025997877994087;5657439,783959249965847;6,957258607000030;51,050623899000101
43821;5220811702100075998;5;5;15;0;2022;8;13;5;3;0;6;0;0;1;1;0;0;0;0;402607,068999974988401;5753832,596999649889767;7,583601234000070;51,926692909000103
43834;5220816701110877848;5;5;62;32;2022;8;20;3;3;3;6;1;0;1;0;0;0;0;1;377297,800560365023557;5720463,766138640232384;7,227487975000030;51,621805301000101
43838;5220728307000079580;5;9;62;32;2022;7;16;5;3;5;3;0;0;1;1;0;0;0;0;404394,594999975990504;5677379,945999619551003;7,630410690000080;51,239770724000003
43840;5220816300800995020;5;9;54;36;2022;8;22;3;3;0;1;2;0;1;0;0;0;0;0;383075,940976758021861;5699598,890026190318167;7,317843981000070;51,435506378000099
43842;5220805701920995634;5;5;62;28;2022;8;19;6;3;5;7;0;0;1;1;0;0;0;0;379109,220091033028439;5723948,458595659583807;7,252438240000060;51,653515415000101
43848;5220816301101184958;5;9;13;0;2022;8;19;3;2;0;7;0;0;1;0;0;0;0;0;394135,286076552991290;5707599,781273419968784;7,474490955000020;51,509597730999999
43850;5220729500100057529;5;1;11;0;2022;7;17;6;3;1;1;0;0;1;1;0;0;0;0;343532,180730198975652;5677973,054053080268204;6,758847182000070;51,231657155999997
43851;5220810406110087089;5;7;58;12;2022;8;6;4;3;5;3;0;0;1;1;0;0;0;0;477987,490999999979977;5774349,744999679736793;8,678498846000020;52,119243950000097
43852;5220810516600386758;5;1;58;4;2022;8;10;4;3;5;2;0;0;1;1;0;0;0;0;356498,089027485984843;5674265,075441749766469;6,945913230000030;51,201743708999999
43853;5220808411104995541;5;7;74;4;2022;8;11;2;3;5;2;0;0;1;1;0;0;0;0;496025,478999999992084;5733970,189999650232494;8,942416791000030;51,756613367000099
43854;5220806410220091830;5;7;70;8;2022;8;14;7;3;5;3;0;0;1;1;0;0;0;0;474698,385999999998603;5804240,657999689690769;8,628221282000030;52,387833909000101
43860;5220807601200686505;5;3;15;0;2022;8;21;1;3;0;1;2;0;1;0;0;0;0;0;354517,941999801027123;5643545,849999349564314;6,929943175000060;50,925184785000098
43864;5220811600140185341;5;3;14;0;2022;8;21;5;2;5;2;1;0;1;1;0;0;0;0;366965,381125987973064;5624987,344072910025716;7,113689345000070;50,761388609999997
43865;5220803404302053229;5;7;66;48;2022;8;12;4;3;4;1;0;0;1;0;0;0;0;0;479153,323310627019964;5761266,374833960086107;8,696324751000081;52,001659977000003
43867;5220812405244995257;5;7;54;44;2022;8;12;6;3;5;3;0;0;1;1;0;0;0;0;467615,971000001009088;5747404,421999660320580;8,529569609000021;51,876477514999998
43869;5220727609108779477;5;3;58;8;2022;7;7;4;3;5;3;0;0;1;1;0;0;0;0;323370,438724384992383;5631259,161451360210776;6,493092158000020;50,806106600000099
43870;5220730706000881060;5;5;58;16;2022;7;15;7;2;0;1;0;0;1;0;0;0;0;0;388614,065999949991237;5747702,986999629996717;7,382161705000040;51,868979013000100
43871;5220728705000995935;5;5;54;12;2022;7;16;5;3;0;1;0;0;1;0;0;0;0;0;347257,272694269020576;5752869,474547030404210;6,779603480000050;51,905607891999999
43875;5220813601700581778;5;3;16;0;2022;8;0;7;3;4;6;2;0;1;0;0;0;0;0;359106,985948706977069;5660065,239640370011330;6,988786242000060;51,074783071000098
43876;5220801601200685732;5;3;15;0;2022;8;17;2;3;6;4;0;0;1;0;1;0;0;0;353524,134292797010858;5644160,838069549761713;6,915565219000030;50,930460008000097
43881;5220815313130184919;5;9;58;44;2022;8;15;2;3;5;3;0;0;1;1;0;0;0;0;430064,580076189013198;5688571,574668600223958;7,995880466000070;51,344115803000101
43884;5220811500300271844;5;1;11;0;2022;8;22;5;2;7;7;2;0;1;0;0;0;0;0;342689,553343982028309;5674464,142278799787164;6,748327033000070;51,199897196000101
43886;5220808702100042488;5;5;15;0;2022;8;19;2;3;5;2;0;0;1;1;0;0;0;0;409324,924085533013567;5758674,482690749689937;7,679993545000060;51,971349744000101
43887;5220803610122085865;5;3;70;28;2022;8;20;4;2;7;1;0;0;1;0;0;0;0;0;295465,352956551010720;5645594,529500380158424;6,089529367000070;50,925677624000102
43890;5220802705000376333;5;5;54;48;2022;8;10;3;3;4;6;0;0;1;0;0;0;0;0;342336,543999719026033;5744902,671999059617519;6,711769359000070;51,832663660000001
43897;5220809518401777721;5;1;70;36;2022;8;16;3;3;5;3;0;0;1;1;0;0;0;0;353386,743547950987704;5729282,062900570221245;6,878613097000030;51,695320150999997
43898;5220812601400286419;5;3;15;0;2022;8;10;6;3;1;5;0;0;1;1;0;0;0;0;356351,514449384005275;5647442,229251739569008;6,954478520000070;50,960660449000002
43902;5220801508000086033;5;1;19;0;2022;8;18;2;3;1;5;0;0;1;1;0;0;0;0;348274,998011816001963;5703713,887124779634178;6,815753391000040;51,464230905000100
43905;5220809702100570513;5;5;15;0;2022;8;8;3;3;0;6;0;0;1;0;0;0;0;0;403601,154884353978559;5758064,652166360057890;7,596866951000040;51,964905116000097
43909;5220805300000331601;5;9;11;0;2022;8;12;6;3;0;1;0;1;1;0;0;0;0;0;378560,417999921017326;5701973,002999580465257;7,252097515000060;51,455894092999998
43921;5220809605116781704;5;3;74;16;2022;8;8;3;2;0;1;0;0;1;0;0;0;0;0;384344,017778376000933;5668158,228153109550476;7,346265678000070;51,153169429999998
43922;5220812606700995272;5;3;78;32;2022;8;9;6;3;0;1;0;0;1;0;0;0;0;0;375698,935879856988322;5663243,571645430289209;7,224408598000020;51,107184121000003
43923;5220804711213577896;5;5;70;4;2022;8;12;5;2;7;3;0;0;1;1;0;0;0;0;423849,842547772976104;5734482,308086940087378;7,896727637000030;51,756054478000102
43925;5220731515211582176;5;1;54;56;2022;7;3;1;3;0;1;2;0;1;0;0;0;0;0;311258,530662804027088;5727998,953236649744213;6,270404664000070;51,671215769000099
43927;5220810610221032769;5;3;70;20;2022;8;19;4;3;0;7;0;0;1;0;0;0;0;0;303315,618999190977775;5660326,391996510326862;6,193114132000060;51,060724864000100
43934;5220802701700672329;5;5;62;16;2022;8;17;3;2;0;7;0;0;1;0;0;0;0;0;374830,856573621975258;5732814,823711950331926;7,187443166000040;51,732260542000098
43935;5220728410220778086;5;7;70;20;2022;7;19;5;3;2;1;0;0;1;1;0;0;0;0;474833,795000000973232;5797288,159999690018594;8,630732261000050;52,325335629999998
43949;5220810601600581833;5;3;15;0;2022;8;19;4;3;5;3;0;0;1;1;0;0;0;0;366126,167999867990147;5635847,975999480113387;7,097835464000070;50,858809266999998
43955;5220730300400317035;5;9;11;0;2022;7;18;7;3;0;5;0;0;1;1;0;0;0;0;375118,184062968008220;5701866,990867840126157;7,202616080000040;51,454192469000098
43956;5220802605148186583;5;3;74;48;2022;8;18;3;2;0;1;0;0;1;0;0;0;0;0;400711,758946880989242;5648790,406169880181551;7,585538298000070;50,982133929000000
43962;5220811513210535827;5;1;62;24;2022;8;13;5;3;5;2;0;0;1;1;0;0;0;0;342388,690882639028132;5667705,772131060250103;6,746986530000070;51,139088495000102
43963;5220803404302995745;5;7;66;8;2022;8;7;4;3;5;3;0;0;1;1;0;0;0;0;477467,496327486995142;5766003,372101140208542;8,671455693000039;52,044183390999997
43964;5220809317210995474;5;9;78;20;2022;8;7;3;3;0;3;0;0;1;1;0;0;0;0;402749,949999975971878;5715512,449999639764428;7,596399204000020;51,582272847000098
43965;5220812405228995236;5;7;54;28;2022;8;17;6;2;5;3;0;0;1;1;0;0;0;0;451991,816828486975282;5745218,268887350335717;8,302922593000060;51,855696695000098
43970;5220808315210735811;5;9;70;24;2022;8;6;2;3;5;2;0;0;1;1;0;0;0;0;429517,445211232989095;5646056,766474969685078;7,996353279000060;50,961803043000003
43972;5220808601400995534;5;3;15;0;2022;8;12;2;3;5;2;0;0;1;0;0;0;0;1;356428,592999816988595;5647048,477999369613826;6,955730692000030;50,957141083000103
43973;5220813608200585752;5;3;34;2;2022;8;10;7;3;5;3;0;0;1;1;0;0;0;0;295120,173999009013642;5629305,557995489798486;6,093737568000050;50,779262054000100
43974;5220811702100039947;5;5;15;0;2022;8;16;5;3;5;2;0;0;1;1;0;0;0;0;406917,615457846026402;5755809,880497540347278;7,645735681000080;51,945203284000101
43976;5220729606100881786;5;3;78;4;2022;7;13;6;3;5;2;0;0;1;1;0;0;0;0;367585,962999877985567;5646550,907999490387738;7,114682229000040;50,955340992000103
43982;5220805300600575254;5;9;16;0;2022;8;7;6;3;5;2;0;1;1;1;0;0;0;0;376268,478999915008899;5712280,125999559648335;7,215510831000070;51,548031727000101
43988;5220727601100790384;5;3;15;0;2022;7;17;4;3;7;1;0;0;1;0;0;0;0;0;356116,903963208023924;5646140,341290879994631;6,951654603000070;50,948902083000100
43989;5220802709500074704;5;5;66;76;2022;8;14;3;3;0;1;0;0;1;0;0;0;0;0;395515,893976105027832;5793952,912518150173128;7,468203293000040;52,285992739000100
43996;5220729601100995910;5;3;15;0;2022;7;15;6;3;0;3;0;0;1;0;0;0;0;1;356758,888808250019792;5643064,170753310434520;6,961996964000040;50,921416726000103