OBJECTID;UIDENTSTLAE;ULAND;UREGBEZ;UKREIS;UGEMEINDE;UJAHR;UMONAT;USTUNDE;UWOCHENTAG;UKATEGORIE;UART;UTYP1;ULICHTVERH;IstStrassenzustand;IstRad;IstPKW;IstFuss;IstKrad;IstGkfz;IstSonstige;LINREFX;LINREFY;XGCSWGS84;YGCSWGS84
44007;5220816609256145457;5;3;58;56;2022;8;17;3;3;5;3;0;0;1;0;0;0;1;0;314776,679179775994271;5649404,094343730248511;6,362059384000080;50,966422309999999
44008;5220801705000995790;5;5;54;36;2022;8;18;2;3;2;6;0;0;1;0;0;0;0;0;370151,471999891975429;5769292,706999549642205;7,105983397000050;52,058995156000002
44009;5220727503200075330;5;1;24;0;2022;7;16;4;3;3;2;0;0;1;1;0;0;0;0;374846,054452173993923;5681589,264167790301144;7,205838699000030;51,271886129000102
44010;5220802601600119570;5;3;15;0;2022;8;17;3;3;5;3;0;0;1;1;0;0;0;0;358880,087359562981874;5642342,266562599688768;6,992436247000060;50,915451604000097
44012;5220807600110995584;5;3;14;0;2022;8;4;1;2;0;1;2;0;1;0;0;0;0;0;365334,041417435975745;5621641,643302859738469;7,091795184000030;50,730941487999999
44015;5220805610111785808;5;3;70;16;2022;8;12;6;3;5;3;0;0;1;1;0;0;0;0;295454,702999046014156;5664661,820995329879224;6,078630838000040;51,096913895999997
44017;5220803601500386605;5;3;15;0;2022;8;21;4;3;4;6;1;0;1;0;0;0;0;0;359662,654999835009221;5647543,829999419860542;7,001558181000060;50,962389534000103
44020;5220804513110576837;5;1;62;16;2022;8;14;5;3;5;3;0;0;1;1;0;0;0;0;332809,658999616978690;5676812,184998770244420;6,605944765000060;51,218187246000099
44024;5220808406210068204;5;7;58;4;2022;8;10;2;3;1;6;0;0;1;1;0;0;0;0;471588,656549662991893;5783752,525372509844601;8,584256812000040;52,203487582000001
44027;5220816506100255122;5;1;16;0;2022;8;10;3;2;5;2;0;0;1;1;0;0;0;0;314251,180082948994823;5668631,428778720088303;6,344718406000030;51,138968231000000
44033;5220810607500584949;5;3;82;56;2022;8;7;4;3;5;3;0;0;1;1;0;0;0;0;374557,761714126972947;5623415,996446199715137;7,221820830000070;50,748955565000102
44034;5220806514119995612;5;1;66;16;2022;8;15;7;2;5;3;0;0;1;1;0;0;0;0;307603,699999274977017;5682554,870996929705143;6,242345969000040;51,261830953000100
44035;5220814515110078357;5;1;54;36;2022;8;4;1;3;7;1;2;0;1;0;0;0;0;0;302189,298957913997583;5741925,599625789560378;6,131504687000070;51,793159447999997
44037;5220816610111226066;5;3;70;16;2022;8;16;3;2;5;3;0;0;1;1;0;0;0;0;294691,107999027008191;5658388,146995239891112;6,071301165000020;51,040299552000100
44042;5220807502409577744;5;1;17;0;2022;8;14;1;3;0;7;0;0;1;0;0;0;0;0;348736,419999764999375;5700189,723999240435660;6,823897381000050;51,432688707000104
44044;5220813410230087101;5;7;70;4;2022;8;17;7;3;9;1;0;0;1;0;0;0;0;0;485385,576000000990462;5785530,966999679803848;8,786068099000030;52,220015325000098
44048;5220812506100995283;5;1;16;0;2022;8;8;6;3;5;3;0;0;1;1;0;0;0;0;321066,500999475014396;5671641,293998139910400;6,440541083000030;51,168177027000098
44052;5220729405220287174;5;7;54;20;2022;7;11;6;3;5;3;0;0;1;1;0;0;0;0;444393,857341872993857;5750582,114205430261791;8,191747177000019;51,903213654000098
44053;5220810400100690722;5;7;11;0;2022;8;11;4;3;5;3;0;0;1;1;0;0;0;0;468741,223999999987427;5765935,277999670244753;8,544228715000029;52,043147772000097
44054;5220810508000571486;5;1;19;0;2022;8;16;4;3;5;2;0;0;1;1;0;0;0;0;353203,762999797007069;5705070,626999329775572;6,886091968000070;51,477721924999997
44058;5220814404302256854;5;7;66;8;2022;8;0;1;3;0;1;2;0;1;0;0;0;0;0;483412,059000000008382;5769744,874999670311809;8,757950051000019;52,078032210000103
44063;5220809709500261951;5;5;66;8;2022;8;16;3;3;0;1;0;0;1;0;0;0;0;0;399401,699999968986958;5781822,078999670222402;7,528760096000040;52,177690360000000
44064;5220807410220290702;5;7;70;8;2022;8;18;1;2;0;7;0;0;1;0;0;0;0;0;474466,994677581998985;5805044,586680959910154;8,624760039000019;52,395050620000099
44068;5220811404301995306;5;7;66;44;2022;8;18;5;3;5;3;0;0;1;1;0;0;0;0;496568,988000000012107;5762293,156999669969082;8,950009513000049;52,011272536000000
44071;5220812316200995280;5;9;74;48;2022;8;7;6;3;5;3;0;0;1;1;0;0;0;0;427645,905898468976375;5718953,174305129796267;7,954934998000060;51,616951808000103
44073;5220727705000995965;5;5;54;4;2022;7;16;4;3;5;3;0;0;1;1;0;0;0;0;359687,465999841981102;5771003,467999430373311;6,952750105000060;52,071815641999997
44074;5220730709700091773;5;5;66;28;2022;7;13;7;3;5;3;0;0;1;1;0;0;0;0;412173,441999983973801;5792888,637999679893255;7,712616561000060;52,279341456000097
44077;5220730406120995889;5;7;58;16;2022;7;10;7;2;5;3;0;0;1;1;0;0;0;0;475977,841000001993962;5777736,524999679997563;8,648908419000071;52,149609403000099
44083;5220809601600224238;5;3;15;0;2022;8;18;3;3;1;1;0;0;1;1;0;0;0;0;361476,192350968020037;5645272,577969370409846;7,028231196000040;50,942416129999998
44090;5220810506100475527;5;1;16;0;2022;8;17;4;3;5;3;0;0;1;1;0;0;0;0;321832,692999481980223;5669964,158998199738562;6,452319568000060;51,153349895000098
44093;5220803702100042572;5;5;15;0;2022;8;11;4;3;1;5;0;0;1;0;0;0;1;0;405779,818999978015199;5753564,953999659977853;7,629801745000070;51,924833255000102
44094;5220802313110641378;5;9;58;4;2022;8;17;3;2;8;7;0;0;1;0;0;0;0;0;434161,813999996986240;5690723,643999639898539;8,054300603000060;51,363953890000097
44095;5220727518100895932;5;1;70;48;2022;7;10;4;2;4;7;0;0;1;0;0;0;0;0;336926,395811195019633;5725830,491326440125704;6,642262074000030;51,659771772000099
44096;5220803310110286850;5;9;54;16;2022;8;18;4;2;5;2;0;0;1;1;0;0;0;0;375409,525999910023529;5697155,311999560333788;7,208464641000030;51,411910787000103
44100;5220813516500786838;5;1;58;16;2022;8;19;7;2;0;7;0;0;1;0;0;0;0;0;357257,387534263019916;5671425,531028060242534;6,957902933000070;51,176416404000101
44103;5220729518200678986;5;1;70;24;2022;7;16;6;3;5;3;0;0;1;0;0;0;0;0;333697,473999632988125;5703355,430998779833317;6,606250930000040;51,456915406000100
44104;5220809501316875915;5;1;12;0;2022;8;9;3;3;3;6;0;0;1;1;0;0;0;0;346241,073999745014589;5698626,215999180451035;6,788705904000040;51,417968739999999
44105;5220812501319391410;5;1;12;0;2022;8;17;6;3;0;1;0;0;1;0;0;0;0;0;343604,022600604977924;5697136,044179960153997;6,751469289000060;51,403858315000001
44107;5220816400300995038;5;7;11;0;2022;8;13;3;3;5;3;0;0;1;1;0;0;0;0;471152,217673511011526;5756178,161479719914496;8,580202719000059;51,955555010000097
44109;5220810303100872318;5;9;15;0;2022;8;21;4;3;0;3;2;0;1;0;0;0;0;1;412999,142672081012279;5721564,988398450426757;7,742782012000020;51,638357012000000
44115;5220816502200375243;5;1;13;0;2022;8;18;3;3;5;1;0;0;1;0;0;0;0;1;366711,321999872976448;5695502,630999499931931;7,084083393000070;51,395080491000002
44120;5220815601300995098;5;3;15;0;2022;8;15;2;3;5;3;0;0;1;1;0;0;0;0;348244,597260721027851;5648449,696471639908850;6,838703134000070;50,967635663000102
44123;5220811502409376424;5;1;17;0;2022;8;18;5;3;0;7;0;0;1;0;0;0;0;0;349708,038999772979878;5699670,883999260142446;6,838084659000060;51,428285256000002
44125;5220809411236995425;5;7;74;36;2022;8;15;3;3;3;6;0;0;1;0;0;0;1;0;474449,428097728989087;5729317,858896790072322;8,630166735000049;51,714214675999997
44126;5220812400300995285;5;7;11;0;2022;8;7;6;3;5;3;0;0;1;1;0;0;0;0;463475,605000000970904;5760364,362999670207500;8,468050628000070;51,992740281000103
44129;5220728702100599922;5;5;15;0;2022;7;12;5;2;0;2;0;0;1;1;0;0;0;0;405487,664888627012260;5756994,895039590075612;7,624611750000040;51,955613618000001
44130;5220808503100807068;5;1;24;0;2022;8;18;2;3;0;5;0;0;1;1;0;0;0;0;365337,995963116001803;5677343,050853310152888;7,071212428000020;51,231557901000002
44134;5220729601700995901;5;3;16;0;2022;7;23;6;3;1;3;2;0;1;1;0;0;0;0;362885,341999852971639;5654292,167999450117350;7,044873659000070;51,023814686999998
44135;5220802405244787018;5;7;54;44;2022;8;8;3;2;5;3;0;0;1;1;0;0;0;0;465101,733000000007451;5745799,484999660402536;8,493209934000051;51,861896156000100
44137;5220807404101995567;5;7;66;20;2022;8;16;1;3;5;3;0;0;1;0;0;0;0;0;487955,737181863980368;5752544,618629350326955;8,824855237000071;51,923503660000101
44139;5220812702100591740;5;5;15;0;2022;8;7;6;3;5;3;0;0;1;1;0;0;0;0;403106,575999976019375;5759101,598999660462141;7,589377798000040;51,974139500000000
44140;5220805405108282109;5;7;54;8;2022;8;11;6;3;0;1;0;1;1;0;0;0;0;0;457373,659000000974629;5749557,615999669767916;8,380525657000019;51,895147176000101
44146;5220728601000974355;5;3;15;0;2022;7;19;5;3;4;7;0;0;1;0;0;0;0;1;356888,898841583984904;5644489,058900330215693;6,963286131000070;50,934254352000004
44156;5220812601300995266;5;3;15;0;2022;8;11;6;3;0;2;0;0;1;1;0;0;0;0;352444,251084850984626;5644930,879765819758177;6,899897093000050;50,937104797000103
44165;5220815307000780376;5;9;62;52;2022;8;7;2;3;0;1;0;1;1;0;0;0;0;0;420249,738158687017858;5670502,737558149732649;7,859018479000040;51,180378979000103
44169;5220803502407291277;5;1;17;0;2022;8;16;4;3;0;1;0;0;1;0;0;0;0;0;351412,013357807009015;5697559,078614809550345;6,863462786000070;51,409758770000103
44171;5220811709300787315;5;5;66;84;2022;8;0;5;3;0;1;2;0;1;0;0;0;0;0;385212,904414330027066;5779896,370826499536633;7,321992196000050;52,157614823000102
44176;5220728600120590864;5;3;82;24;2022;7;16;5;3;5;3;0;0;1;1;0;0;0;0;373095,699072208022699;5619923,068000949919224;7,202309007000050;50,717241669000003
44179;5220808700000580912;5;5;13;0;2022;8;15;2;2;5;3;0;0;1;1;0;0;0;0;369702,195999888994265;5709020,262999529950321;7,122069766000040;51,517257858999997
44187;5220812601500786851;5;3;15;0;2022;8;15;6;3;4;6;0;0;1;0;0;0;0;0;357689,067473952018190;5644257,197780639864504;6,974756797000050;50,932368622000098
44188;5220805307000867597;5;9;62;28;2022;8;12;6;2;0;1;0;1;1;0;0;0;0;0;401178,788764643017203;5670441,669461599551141;7,586268958000060;51,176851534000001
44189;5220810709500072447;5;5;66;60;2022;8;12;4;2;5;3;0;0;1;1;0;0;0;0;389218,797999952977989;5790508,186999649740756;7,377054501000030;52,253801972000097
44190;5220801317110995810;5;9;78;36;2022;8;7;2;3;5;2;0;0;1;1;0;0;0;0;410480,344615023990627;5713102,210409959778190;7,708553609000030;51,561887429000102
44194;5220815300200861022;5;9;11;0;2022;8;19;2;3;5;3;0;0;1;1;0;0;0;0;371193,797265857981984;5703569,796670329757035;7,145544629000030;51,468616496999999
44197;5220802317210995749;5;9;78;20;2022;8;20;3;2;0;1;0;0;1;0;0;0;0;0;405088,323982326022815;5713175,367058499716222;7,630769636000030;51,561663377000102
44202;5220807607300086285;5;3;82;36;2022;8;12;1;3;5;2;0;0;1;1;0;0;0;0;387953,140620456018951;5639410,307431159541011;7,406734681000050;50,895473527000000
44204;5220813514119085820;5;1;66;16;2022;8;16;7;3;5;3;0;0;1;1;0;0;0;0;308811,267625026986934;5686076,798679090104997;6,257748836000080;51,293870318000103
44208;5220809502406073549;5;1;17;0;2022;8;8;3;3;4;2;0;0;1;1;0;0;0;0;353539,113999799010344;5697423,922999340109527;6,894081686000050;51,409097653000103
44210;5220804701610591630;5;5;62;12;2022;8;21;5;2;5;3;0;0;1;1;0;0;0;0;359452,210999838018324;5725395,106999429874122;6,967879731000040;51,661944275000103
44211;5220816307000852343;5;9;62;16;2022;8;5;3;3;0;1;0;0;1;0;0;0;0;0;418728,435999989975244;5693182,443999639712274;7,832098012000070;51,384059873000098
44219;5220816508000279144;5;1;19;0;2022;8;21;3;2;0;1;2;0;1;0;0;0;0;0;351650,896785026998259;5704284,427647390402853;6,864076960000030;51,470252438999999
44221;5220729702100574121;5;5;15;0;2022;7;9;6;3;3;2;0;0;1;1;0;0;0;0;406797,274999981978908;5751255,854999659582973;7,645218509000070;51,904249022000002
44226;5220805500300171844;5;1;11;0;2022;8;14;6;3;5;2;0;0;1;1;0;0;0;0;345591,475903516984545;5675883,580181609839201;6,789219592000050;51,213443176000098
44232;5220731405108995860;5;7;54;8;2022;7;14;1;2;5;3;0;0;1;1;0;0;0;0;461420,680254619976040;5754440,507042850367725;8,438789367000030;51,939342431000100
44235;5220730410140072324;5;7;70;12;2022;7;18;7;2;0;1;0;0;1;0;0;0;0;0;486427,893999999971129;5798583,892999690026045;8,800800411000070;52,337394023999998
44236;5220806508000589573;5;1;19;0;2022;8;11;7;2;5;7;0;0;1;1;0;0;0;0;346814,678638337994926;5709673,469175750389695;6,792160988000030;51,517384809000099
44240;5220802500200502247;5;1;11;0;2022;8;14;3;3;0;7;0;0;1;0;0;0;0;0;344543,376263506012037;5682901,533697850070894;6,771178083000050;51,276217390000099
44242;5220807410210078086;5;7;70;20;2022;8;12;1;3;0;7;0;0;1;0;0;0;0;1;469835,322813628998119;5798567,852179380133748;8,557276215000060;52,336588296999999
44248;5220803702100079108;5;5;15;0;2022;8;8;4;3;5;2;0;0;1;0;0;0;1;0;406356,190981734020170;5756681,937141999602318;7,637332362000050;51,952947536000103
44249;5220727601300995972;5;3;15;0;2022;7;15;4;3;3;2;0;0;1;1;0;0;0;0;354202,480532112997025;5644819,219111120328307;6,924948306000030;50,936548541999997
44251;5220728505100076313;5;1;14;0;2022;7;16;5;3;3;2;0;0;1;1;0;0;0;0;336714,938999661011621;5690825,593998909927905;6,655410546000040;51,345221586000001
44254;5220813601100085320;5;3;15;0;2022;8;19;7;3;0;1;0;0;1;1;1;0;0;0;355092,022491861018352;5645316,392883020453155;6,937402104000060;50,941240733000001
44256;5220729516700186799;5;1;58;8;2022;7;11;6;1;3;6;0;1;1;0;0;0;1;0;362410,911583575012628;5674911,555245869792998;7,030246724000050;51,209008235000098
44259;5220804606100578223;5;3;78;4;2022;8;16;5;2;4;6;0;0;1;1;0;0;0;0;369325,090999884996563;5648862,466999510303140;7,138599583000030;50,976513814000000
44265;5220814411112580498;5;7;74;12;2022;8;15;1;3;8;1;0;0;1;0;0;0;0;0;480450,119999999995343;5723112,500999649986625;8,717370430000070;51,658661514000102
44269;5220727513110995987;5;1;62;16;2022;7;7;4;3;3;5;0;0;1;1;0;0;0;0;333730,228203053993639;5678308,945970649830997;6,618420169000050;51,231903526000103
44271;5220728316300578066;5;9;74;28;2022;7;17;5;3;0;5;0;0;1;1;0;0;0;1;452081,676211812009569;5725900,578784789890051;8,306892528000050;51,682025775000099
44272;5220807701700677638;5;5;62;16;2022;8;11;1;3;1;7;0;0;1;1;0;0;0;0;368343,687234175973572;5730876,651393380016088;7,094290699000060;51,713357358000103
44274;5220813508000789497;5;1;19;0;2022;8;7;7;3;5;3;0;0;1;1;0;0;0;0;348485,385427476023324;5704008,724704460240901;6,818653417000060;51,466936457000003
44276;5220811607100040960;5;3;82;40;2022;8;9;5;3;0;1;0;0;1;0;0;0;0;0;380787,942695148987696;5637969,433875280432403;7,305364515000060;50,881087262000101
44296;5220813307000090512;5;9;62;24;2022;8;11;7;3;0;1;0;0;1;0;0;0;0;0;404856,809312343015336;5691188,579679029993713;7,633348042000020;51,363980436000098
44298;5220811515110995309;5;1;54;24;2022;8;17;5;2;4;2;0;0;1;1;0;0;0;0;318747,178070324007422;5736224,479743209667504;6,374304268000060;51,747562901999999
44300;5220803606100278223;5;3;78;4;2022;8;14;4;3;0;5;0;0;1;1;0;0;0;0;368953,020467061025556;5651385,293115179985762;7,132392643000060;50,999103766000097
44301;5220816601300995016;5;3;15;0;2022;8;23;3;2;6;7;2;0;1;0;1;0;0;0;350056,951999770011753;5648732,070999270305037;6,864378945000060;50,970647757999998
44304;5220802709110379238;5;5;66;12;2022;8;14;3;3;5;3;0;0;1;1;0;0;0;0;400257,890318968973588;5777255,172916810028255;7,542618812000060;52,136799361999998
44309;5220813513210995213;5;1;62;24;2022;8;0;7;2;4;6;2;0;1;0;0;0;0;0;337096,143410275981296;5669968,638659049756825;6,670372894000020;51,157938704000102
44311;5220811607500090869;5;3;82;56;2022;8;22;5;2;8;1;2;0;1;0;0;0;0;0;372286,717382428003475;5623686,447035130113363;7,189551342000070;50,750891291000102
44313;5220809501222791510;5;1;12;0;2022;8;15;3;3;5;3;0;0;1;1;0;0;0;0;341517,370999707025476;5703069,514999059960246;6,718839919000060;51,456589660000098
44314;5220812516900690891;5;1;58;20;2022;8;15;6;3;5;3;0;0;1;1;0;0;0;0;357646,320999823976308;5664806,055999389849603;6,966080572000070;51,117026824000000
44315;5220804505200172143;5;1;14;0;2022;8;15;5;3;5;3;0;0;1;1;0;0;0;0;334503,584999638027512;5692706,856998819857836;6,622812120000050;51,361483708000002
44320;5220810600110995377;5;3;14;0;2022;8;16;4;3;0;1;0;0;1;0;0;0;0;0;365212,823193632008042;5623067,722411659546196;7,089556985000060;50,743730837000001
44322;5220806515210995624;5;1;54;12;2022;8;3;7;2;3;6;2;0;1;0;0;0;0;0;307559,400216152018402;5713813,342211400158703;6,224759201000040;51,542560411000103
44328;5220807513210581442;5;1;62;24;2022;8;13;1;2;5;3;0;0;1;1;0;0;0;0;338177,135486102022696;5672028,485442410223186;6,684891313000040;51,176752950999997
44333;5220803503400381629;5;1;22;0;2022;8;6;4;2;1;1;0;0;1;1;0;0;0;0;366397,920999871974345;5671767,919999489560723;7,088460799000070;51,181702405000102
44337;5220727701500885410;5;5;62;24;2022;7;15;4;3;5;3;0;0;1;1;0;0;0;0;367681,790339518978726;5724448,428440930321813;7,087152350000050;51,655434899000099
44339;5220728709110476750;5;5;66;8;2022;7;22;5;3;0;1;2;0;1;0;0;0;0;0;400237,045999970985577;5780709,750999660231173;7,541299725000040;52,167844690999999
44342;5220806410230282099;5;7;70;4;2022;8;12;7;3;8;7;0;0;1;0;0;0;0;0;485001,923896871972829;5785051,457912069745362;8,780473343000040;52,215693958000003
44346;5220802405116786993;5;7;54;16;2022;8;13;3;3;0;6;0;0;1;0;1;0;0;0;448227,779000001028180;5761668,617999670095742;8,245798627000060;52,003253600000100
44352;5220811400300995332;5;7;11;0;2022;8;12;5;3;4;6;0;0;1;1;0;0;0;0;466286,169526315003168;5759503,521102200262249;8,509067258000069;51,985178500000103
44357;5220730600370286329;5;3;82;4;2022;7;21;7;3;0;1;2;0;1;0;0;0;0;0;360157,908540716976859;5619161,917475360445678;7,019435684000030;50,707431812999999
44359;5220728503200478828;5;1;24;0;2022;7;18;5;3;0;1;0;0;1;0;0;0;0;0;372758,578999900026247;5681291,851999539881945;7,176035411000040;51,268750840000102
44364;5220812300400893682;5;9;11;0;2022;8;18;6;3;5;3;0;0;1;1;0;0;0;0;370797,433676015993115;5698998,737972970120609;7,141510366000030;51,427445716000101
44367;5220812603236543545;5;3;66;36;2022;8;8;6;3;0;1;0;0;1;0;0;0;0;0;323697,329999491979834;5604983,816998410038650;6,510260413000030;50,570136843000100
44381;5220807503400569176;5;1;22;0;2022;8;6;1;3;0;7;0;0;1;0;0;0;0;0;362544,766350023972336;5668009,115930690430105;7,034801798000050;51,147008772000000
44383;5220813503200091253;5;1;24;0;2022;8;18;7;3;3;7;0;0;1;1;0;0;0;0;376770,165173992980272;5677913,299900029785931;7,234673994000050;51,239266536999999
44384;5220805702100876728;5;5;15;0;2022;8;13;6;2;5;3;0;0;1;1;0;0;0;0;407815,478544234996662;5754557,067528099752963;7,659130713000020;51,934091776999999
44394;5220810518100995400;5;1;70;48;2022;8;11;4;3;5;3;0;0;1;1;0;0;0;0;334986,938999649020843;5727015,497998810373247;6,613687692000040;51,669851457000000
44398;5220816516600189360;5;1;58;4;2022;8;13;3;3;0;7;0;0;1;0;0;0;0;0;353662,166999797977041;5674304,804999330081046;6,905332440000050;51,201381337999997
44404;5220815406110995048;5;7;58;12;2022;8;17;2;2;5;3;0;0;1;1;0;0;0;0;476069,216544674010947;5771660,607378849759698;8,650671225000050;52,094987205000102
44406;5220805516900572000;5;1;58;26;2022;8;17;6;2;4;2;0;0;1;0;0;0;0;1;352569,182999791984912;5666051,892999320290983;6,893081693000060;51,126938410000001
44419;5220811711113061701;5;5;70;52;2022;8;17;5;3;3;3;0;0;1;1;0;0;0;0;430434,090883399010636;5755904,032369630411267;7,987792579000030;51,949487752000003
44422;5220809600330522896;5;3;82;48;2022;8;13;3;3;0;7;0;0;1;0;0;0;0;0;354994,497469475027174;5610221,688532309606671;6,949859534000040;50,625818903000003
44423;5220806702100939882;5;5;15;0;2022;8;19;7;3;3;6;0;0;1;0;0;0;0;0;406297,320653241011314;5757385,860955620184541;7,636283985000030;51,959264823000098
44426;5220805316200019173;5;9;74;52;2022;8;11;6;3;5;3;0;0;1;1;0;0;0;0;424973,098999993992038;5711395,604999640025198;7,917952005000070;51,548659374000103
44427;5220810705000995411;5;5;54;68;2022;8;7;4;3;5;3;0;0;1;1;0;0;0;0;346391,103999754006509;5771951,519999169744551;6,758474582000080;52,076805000000000
44429;5220808700000865435;5;5;13;0;2022;8;7;2;2;5;3;0;0;1;0;0;0;0;0;369042,413999883981887;5707972,523999519646168;7,112955331000020;51,507689441000103
44433;5220727609108189825;5;3;58;8;2022;7;13;4;3;6;4;0;0;1;0;1;0;0;0;323384,568086686020251;5631150,149838900193572;6,493344931000020;50,805131526000103
44436;5220809405244995480;5;7;54;44;2022;8;6;3;3;5;3;0;0;1;1;0;0;0;0;463602,920999999972992;5747510,624999660067260;8,471264901000040;51,877184869000097
44437;5220812313240995220;5;9;58;40;2022;8;19;6;3;0;1;0;0;1;0;0;0;0;0;451296,161004929977935;5671183,106896420009434;8,303058814000050;51,189984997000103
44440;5220730702100291863;5;5;15;0;2022;7;14;7;3;0;4;0;0;1;0;1;0;0;0;405913,453986603009980;5757913,279163359664381;7,630554567000050;51,963940671000003
44441;5220728608100933211;5;3;34;2;2022;7;10;5;2;0;7;0;0;1;0;0;0;0;0;294822,409414386027493;5626337,467863040044904;6,091174319000060;50,752499616000101
44449;5220810300600789965;5;9;16;0;2022;8;21;4;3;6;7;2;0;1;0;1;0;0;0;377342,249771096976474;5711007,501189259812236;7,231432622000060;51,536828606000000
44460;5220803300500861174;5;9;11;0;2022;8;18;4;3;0;1;0;0;1;0;0;0;0;0;379391,624894540989771;5703659,738313700072467;7,263479858000040;51,471231576999998
44462;5220807602100886745;5;3;62;8;2022;8;1;1;2;9;1;2;0;1;0;0;0;0;0;342081,390999705996364;5648449,715999100357294;6,750997800000050;50,965979317000098
44466;5220811601600995324;5;3;15;0;2022;8;14;5;3;4;2;0;0;1;1;0;0;0;0;363647,473075172980316;5641227,829669919796288;7,060630958000050;50,906581721000101
44470;5220804709300979098;5;5;66;84;2022;8;11;5;3;5;2;0;0;1;1;0;0;0;0;386160,114999943005387;5778968,843999629840255;7,336143456000060;52,149475324999997
44473;5220810502210675777;5;1;13;0;2022;8;17;4;2;0;7;0;0;1;0;0;0;0;0;360457,880321591976099;5695847,420986579731107;6,994117538000070;51,396675382000097
44475;5220806601500986356;5;3;15;0;2022;8;14;7;3;5;3;0;0;1;0;0;0;0;1;360027,058751635020599;5648754,486937040463090;7,006278137000040;50,973358476000001
44476;5220814502402091520;5;1;17;0;2022;8;10;1;3;8;1;0;0;1;0;0;0;0;0;352022,210531762975734;5700808,285506480373442;6,870873347000040;51,439114511000099
44479;5220801608100280785;5;3;34;2;2022;8;11;2;3;1;5;0;1;1;1;0;0;0;0;293999,999998984974809;5628156,179995319806039;6,078513331000070;50,768542556000099
44481;5220802605148575894;5;3;74;48;2022;8;7;3;2;4;2;0;0;1;1;0;0;0;0;398565,349617786996532;5646521,444960160180926;7,555603740000040;50,961362510000100
44483;5220807601100381652;5;3;15;0;2022;8;21;1;3;5;3;2;0;1;0;0;0;0;0;354872,786999806994572;5644677,645999359898269;6,934538130000020;50,935445336999997
44484;5220815601600990335;5;3;15;0;2022;8;4;2;3;0;1;2;0;1;0;0;0;0;0;366850,301999873016030;5637363,721999480389059;7,107566766000050;50,872599680000100
44489;5220812503300678836;5;1;20;0;2022;8;9;6;3;5;7;0;0;1;1;0;0;0;0;372657,171907668001950;5671564,865738390013576;7,178038550000050;51,181305997000003
44491;5220816405108382112;5;7;54;8;2022;8;9;3;3;2;6;0;0;1;1;0;0;0;0;456057,553000000014435;5751902,090999670326710;8,361101400000051;51,916123056000103
44496;5220808503100779609;5;1;24;0;2022;8;14;2;2;5;3;0;0;1;0;0;0;0;0;369095,043745626986492;5681917,656159129925072;7,123320450000050;51,273545393000099
44501;5220730316300577855;5;9;74;28;2022;7;5;7;3;5;2;1;0;1;1;0;0;0;0;453548,692999998980667;5725355,098999660462141;8,328182958000070;51,677244732000098
44502;5220802501320669433;5;1;12;0;2022;8;11;3;3;4;6;0;0;1;0;0;0;0;0;337083,725684938021004;5691411,770067280158401;6,660432850000060;51,350593883000002
44507;5220805515211591424;5;1;54;32;2022;8;11;6;3;0;7;0;1;1;0;0;0;1;0;310242,979396093985997;5725874,690130369737744;6,256888878000040;51,651795376000102
44508;5220811317110061109;5;9;78;36;2022;8;14;5;3;3;7;0;0;1;1;0;0;0;0;406322,721999979985412;5712893,985999640077353;7,648647126000070;51,559340397000000
44512;5220804406120995696;5;7;58;16;2022;8;15;5;3;5;3;0;0;1;1;0;0;0;0;473962,884000001009554;5780544,835999679751694;8,619244443000071;52,174766224999999
44517;5220730407201479192;5;7;62;4;2022;7;20;7;2;0;7;0;0;1;0;0;0;0;0;501210,884767549985554;5731835,945643940009177;9,017535977000019;51,737436430000102
44526;5220812601200995141;5;3;15;0;2022;8;18;6;3;4;1;0;0;1;0;0;0;0;0;358241,844999825989362;5640755,103999399580061;6,983979105000060;50,901031245000098
44535;5220803605116585261;5;3;74;16;2022;8;16;4;3;5;2;0;0;1;1;0;0;0;0;380603,839941926999018;5666384,910989100113511;7,293398932000060;51,136462209000101
44541;5220807705000995581;5;5;54;32;2022;8;10;1;3;0;7;0;0;1;0;0;0;0;0;328347,192041726026218;5743761,118750959634781;6,509501021000060;51,818286257000103
44544;5220805602600473734;5;3;62;20;2022;8;11;6;3;0;1;0;1;1;0;0;0;0;0;339715,434172286011744;5630225,095870140008628;6,725323338000070;50,801567462999998
44546;5220729513210995907;5;1;62;24;2022;7;15;6;3;0;1;0;0;1;0;0;0;0;0;339183,771050411975011;5668757,891173929907382;6,700742309000020;51,147650660000103
44550;5220816317110977796;5;9;78;36;2022;8;12;3;2;0;1;0;0;1;0;0;0;0;0;410080,193647856009193;5712471,713018530048430;7,702943722000040;51,556156020000103
44555;5220806606100674414;5;3;78;4;2022;8;7;7;3;4;2;0;0;1;1;0;0;0;0;367415,985999875993002;5649773,778999489732087;7,111088582000040;50,984267975000101
44556;5220814411240990742;5;7;74;40;2022;8;12;1;2;0;1;0;0;1;0;0;0;0;0;476269,616417085984722;5703673,394938820041716;8,658247732000060;51,483714640000102
44557;5220803513310991729;5;1;62;8;2022;8;8;4;3;2;3;0;0;1;1;0;0;0;0;337423,760999664023984;5665829,551998949609697;6,676922051000080;51,120842682999999
44558;5220816506100995056;5;1;16;0;2022;8;12;3;2;6;4;0;0;1;1;1;0;0;0;320917,195999471994583;5674647,763998130336404;6,436909436000060;51,195138082000000