OBJECTID;UIDENTSTLAE;ULAND;UREGBEZ;UKREIS;UGEMEINDE;UJAHR;UMONAT;USTUNDE;UWOCHENTAG;UKATEGORIE;UART;UTYP1;ULICHTVERH;IstStrassenzustand;IstRad;IstPKW;IstFuss;IstKrad;IstGkfz;IstSonstige;LINREFX;LINREFY;XGCSWGS84;YGCSWGS84
44566;5220811501317384585;5;1;12;0;2022;8;13;5;3;6;7;0;0;1;0;1;0;0;0;344633,891215350013226;5699515,051311120390892;6,765221242000050;51,425516762000001
44567;5220803502213296219;5;1;13;0;2022;8;13;4;3;4;6;0;0;1;0;0;0;0;0;365225,982521267025732;5700471,756087440066040;7,060856629000060;51,439385669000004
44569;5220807705000074694;5;5;54;52;2022;8;18;1;2;2;7;0;0;1;0;0;0;0;0;377700,975788170006126;5773320,519337019883096;7,214599645000020;52,096908839999998
44572;5220813518100391485;5;1;70;48;2022;8;15;7;2;0;1;0;0;1;0;0;0;0;0;336092,603999660001136;5727588,047998850233853;6,629393660000060;51,675318735000097
44578;5220804608328581723;5;3;34;28;2022;8;20;5;3;0;7;0;0;1;0;0;0;0;0;309738,529723796003964;5610396,917150139808655;6,310586223000030;50,614385539000097
44582;5220810608416067522;5;3;34;16;2022;8;7;4;3;5;3;0;0;1;1;0;0;0;0;296252,701999039971270;5639649,295995609834790;6,104034406000040;50,872561171000001
44583;5220806607500178287;5;3;82;56;2022;8;23;7;3;8;1;2;0;1;0;0;0;0;0;369620,994247108988930;5627029,095486840233207;7,150598693000060;50,780342990000101
44587;5220801701200961183;5;5;62;20;2022;8;14;2;3;5;3;0;0;1;1;0;0;0;0;371126,146999894001056;5718040,370999529957771;7,139274825000030;51,598647327999998
44590;5220728405244087068;5;7;54;44;2022;7;6;5;2;5;3;0;0;1;1;0;0;0;0;469628,346000001009088;5745600,600999659858644;8,558960301000070;51,860372788000099
44592;5220815506100995115;5;1;16;0;2022;8;10;2;3;5;2;0;0;1;1;0;0;0;0;321502,532976867980324;5671266,585431809537113;6,446957392000060;51,164947134000002
44594;5220805702100879100;5;5;15;0;2022;8;12;6;3;2;2;0;0;1;1;0;0;0;0;405800,215441547974478;5756884,918933260254562;7,629188876000060;51,954678135999998
44597;5220809400200272315;5;7;11;0;2022;8;8;3;3;5;3;0;0;1;1;0;0;0;0;467735,822000000975095;5762978,280999669805169;8,529848787000050;52,016504959000002
44613;5220812609256785853;5;3;58;56;2022;8;17;6;3;0;1;0;0;1;0;0;0;0;0;320067,721999452973250;5654502,087998109869659;6,434807386000050;51,013896939000098
44616;5220803404302687395;5;7;66;48;2022;8;12;4;3;3;6;0;0;1;0;0;0;1;0;477605,822173164982814;5759492,141688159666955;8,673898462000070;51,985647893000099
44619;5220727601200193443;5;3;15;0;2022;7;15;4;3;5;3;0;0;1;0;0;1;0;0;353960,999999799998477;5642237,551999339833856;6,922547852000040;50,913286781000103
44620;5220730709700591161;5;5;66;28;2022;7;14;7;3;7;5;0;0;1;1;0;0;0;0;411853,891559316019993;5794436,837369699962437;7,707528872000070;52,293205880000102
44623;5220808602800995503;5;3;62;12;2022;8;15;2;3;5;3;0;0;1;1;0;0;0;0;352596,334999789018184;5631347,535999320447445;6,907535936000040;50,815074611999997
44625;5220812302100092286;5;9;14;0;2022;8;18;6;3;0;7;0;0;1;0;0;1;0;0;393277,262468945991714;5694560,562608360312879;7,466065146000060;51,392232390000103
44626;5220801313211552504;5;9;58;12;2022;8;16;2;3;5;3;0;0;1;1;0;0;0;0;470492,818408136023208;5689011,792175149545074;8,576276242000059;51,351611329999997
44628;5220809607500086343;5;3;82;56;2022;8;11;3;2;5;3;0;0;1;1;0;0;0;0;375814,787999910011422;5627177,723999540321529;7,238360831000020;50,783038542000000
44631;5220812601300678422;5;3;15;0;2022;8;21;6;3;4;6;1;0;1;0;0;0;0;0;354497,017644339008257;5644827,127706930041313;6,929134193000040;50,936694004000103
44633;5220810706100279200;5;5;58;16;2022;8;7;4;3;8;1;0;0;1;1;0;0;0;0;381753,179999932006467;5744187,950999599881470;7,283759287000070;51,835976772999999
44636;5220810602100085776;5;3;62;8;2022;8;19;4;3;5;3;1;0;1;1;0;0;0;0;331452,961153403972276;5649023,597117659635842;6,599504428000050;50,968124191000101
44637;5220806701910177766;5;5;62;8;2022;8;10;7;3;5;3;0;0;1;1;0;0;0;0;381947,638088150008116;5726203,108619529753923;7,292688067000030;51,674382286000103
44646;5220807609248080783;5;3;58;48;2022;8;16;1;3;0;1;0;0;1;0;0;0;0;0;320286,925999453000259;5642687,203998150303960;6,443763666000050;50,907825486000000
44648;5220813514119002087;5;1;66;16;2022;8;2;7;2;2;7;2;0;1;0;0;0;0;0;308973,902298896980938;5686851,894151169806719;6,259663906000070;51,300886607000102
44652;5220809503400290372;5;1;22;0;2022;8;17;3;3;6;7;0;0;1;0;1;0;0;0;361130,978770678979345;5667443,228815549984574;7,014820045000020;51,141581961000000
44655;5220816314310995018;5;9;66;20;2022;8;19;3;3;5;3;0;0;1;1;0;0;0;0;434758,746099093987141;5663735,842965420335531;8,067791778000069;51,121377420000002
44658;5220810600120581277;5;3;82;24;2022;8;16;4;3;8;3;0;0;1;1;0;0;0;0;372180,270908382022753;5615485,808029970154166;7,190883665000060;50,677156836000101
44659;5220808508000877495;5;1;19;0;2022;8;16;2;2;1;5;0;0;1;1;0;0;0;0;348773,268999767024070;5704179,652999239973724;6,822721709000060;51,468549295999999
44664;5220729705000995916;5;5;54;24;2022;7;14;6;3;5;3;0;1;1;1;0;0;0;0;369926,713999891013373;5776586,245999540202320;7,099923970000020;52,124481281999998
44665;5220802602100267552;5;3;62;8;2022;8;15;3;3;5;2;0;0;1;1;0;0;0;0;333169,621356251009274;5647072,150619509629905;6,624825578000070;50,951090489000102
44666;5220807515110978980;5;1;54;4;2022;8;13;1;2;3;6;0;0;1;0;0;0;0;0;309165,777798301016446;5741192,396233069710433;6,232945768000040;51,788998010999997
44667;5220815601200424817;5;3;15;0;2022;8;17;2;3;0;7;0;0;1;1;0;0;0;0;357992,322760635986924;5640431,648916070349514;6,980558656000030;50,898063020000102
44671;5220803500300401230;5;1;11;0;2022;8;15;4;3;4;6;0;0;1;0;0;0;0;0;353833,005872483015992;5666595,086673820391297;6,910909628000070;51,132143614000000
44683;5220802505200479067;5;1;14;0;2022;8;7;3;3;5;3;0;0;1;1;0;0;0;0;327574,507036586001050;5691143,480992560274899;6,524138359000060;51,345378266000097
44685;5220807316100873623;5;9;74;32;2022;8;19;1;3;4;1;0;0;1;0;0;0;0;0;437242,770999996981118;5702497,160999639891088;8,096464795000029;51,470155321000000
44686;5220815500100176130;5;1;11;0;2022;8;18;2;3;3;6;0;0;1;0;0;0;0;0;344403,707565034972504;5677855,516601219773293;6,771371304000070;51,230839324999998
44693;5220730709110342391;5;5;66;4;2022;7;16;7;2;0;7;0;0;1;0;0;0;0;0;392665,516493831004482;5763992,613578639924526;7,435898499000070;52,016179630000103
44695;5220808400100995526;5;7;11;0;2022;8;15;2;2;3;2;0;0;1;1;0;0;0;0;469230,887154487019870;5767510,500083900056779;8,551226197000060;52,057337369000003
44699;5220812400100090794;5;7;11;0;2022;8;15;6;3;5;3;0;0;1;1;0;0;0;0;470151,286000001011416;5767251,682999679818749;8,564672595000051;52,055060795000003
44701;5220731500100371802;5;1;11;0;2022;7;17;1;3;0;7;0;0;1;0;0;0;0;0;344573,152965199027676;5678022,939932869747281;6,773723702000040;51,232389854000097
44727;5220815300400991721;5;9;11;0;2022;8;5;2;3;0;1;1;0;1;0;0;0;0;0;373735,552529596025124;5702579,975608199834824;7,182472459000050;51,460293589000102
44729;5220804608100177534;5;3;34;2;2022;8;0;5;3;0;1;2;0;1;0;0;0;0;0;293593,821780963975471;5628635,783165410161018;6,072491874000040;50,772705576000099
44736;5220803605116790415;5;3;74;24;2022;8;16;4;3;0;1;0;0;1;0;0;0;0;0;400674,090739821025636;5660551,530281020328403;7,581777609000030;51,087856348000102
44737;5220816601300995081;5;3;15;0;2022;8;0;3;3;0;1;2;0;1;0;0;0;0;0;351374,317838652001228;5645027,406280989758670;6,884640839000040;50,937697472000103
44740;5220730600360486538;5;3;82;12;2022;7;13;7;3;5;3;0;0;1;1;0;0;0;0;354059,284800501016434;5626919,562741059809923;6,930047865000060;50,775651177000000
44742;5220728314210995944;5;9;66;4;2022;7;15;5;3;0;1;0;0;1;0;0;0;0;0;419469,985710596025456;5659665,645154460333288;7,850287154000060;51,082838996000099
44743;5220807605152880530;5;3;74;52;2022;8;18;1;3;7;7;0;0;1;0;0;0;0;0;388816,972999949008226;5662873,380999590270221;7,411826960000040;51,106551373000102
44746;5220805705000581780;5;5;54;4;2022;8;20;6;3;2;3;0;0;1;1;0;0;0;0;364467,132670158986002;5772572,334549110382795;7,021819449000080;52,087102967000099
44756;5220810307000377962;5;9;62;32;2022;8;18;4;2;3;6;0;0;1;0;0;0;0;0;407633,099268084974028;5671868,787179620005190;7,678209788000060;51,190760245000000
44757;5220810518200644728;5;1;70;24;2022;8;16;4;3;5;2;0;0;1;1;0;0;0;0;332779,597999620018527;5698477,007998740300536;6,595355031000050;51,412817809000003
44758;5220808514122082157;5;1;66;4;2022;8;13;2;3;0;7;0;0;1;0;0;0;0;0;304746,241331201978028;5685113,869330089539289;6,200043858000070;51,283842786000001
44759;5220806600120071665;5;3;82;24;2022;8;17;7;2;5;3;0;0;1;1;0;0;0;0;373497,799999900977127;5617936,366999519988894;7,208682913000080;50,699471770999999
44761;5220816506100779003;5;1;16;0;2022;8;10;3;3;4;2;0;0;1;1;0;0;0;0;321590,354678775998764;5674311,126078840345144;6,446700873000050;51,192324528000000
44765;5220807601400890397;5;3;15;0;2022;8;20;1;3;3;2;0;0;1;0;0;0;0;0;355103,255999806977343;5656230,863999360240996;6,933208487000060;51,039328323000099
44773;5220804317220995686;5;9;78;4;2022;8;19;5;3;0;1;0;0;1;0;0;0;0;0;403002,326762092998251;5719598,388976969756186;7,598910541000070;51,619044373000101
44775;5220731316300063779;5;9;74;28;2022;7;1;1;3;9;1;2;0;1;0;0;0;0;0;458585,578511747997254;5724225,805361839942634;8,401159905000039;51,667485304000103
44777;5220808316100451270;5;9;74;40;2022;8;6;2;3;5;3;0;0;1;1;0;0;0;0;439642,824000000022352;5713706,082999650388956;8,129094547000021;51,571192036000099
44782;5220729608200086145;5;3;34;2;2022;7;17;6;3;5;6;0;0;1;0;0;0;0;1;296339,570458293019328;5629941,783495089970529;6,110658991000040;50,785405703999999
44783;5220802513210995783;5;1;62;24;2022;8;9;3;2;0;1;0;0;1;0;0;0;0;0;338193,013437199988402;5671295,179257189854980;6,685448323000060;51,170168771000100
44789;5220811317110995344;5;9;78;36;2022;8;7;5;2;5;3;0;0;1;0;0;0;1;0;408406,314511841977946;5713390,756272410042584;7,678566096000050;51,564148203999999
44791;5220808702100379352;5;5;15;0;2022;8;18;2;3;0;1;0;0;1;0;0;0;0;0;406036,879999979981221;5756775,974999659694731;7,632661589000070;51,953738934999997
44792;5220803606700376468;5;3;78;32;2022;8;7;4;2;7;1;0;0;1;0;0;0;0;0;376742,054178404971026;5665296,488811040297151;7,238599926000060;51,125861144000098
44797;5220728514117995955;5;1;66;16;2022;7;9;5;3;5;3;0;0;1;1;0;0;0;0;307495,562999279005453;5691159,208996890112758;6,236157247000050;51,339075025000099
44798;5220807609236980783;5;3;58;36;2022;8;14;1;3;0;1;0;0;1;0;0;0;0;0;308173,637999267026316;5651054,443997110240161;6,267261151000070;50,979085711000003
44800;5220805711412995659;5;5;70;28;2022;8;12;6;3;0;1;0;1;1;0;0;0;0;0;440867,888725840020925;5741784,118386699818075;8,142008297000070;51,823755197000096
44803;5220809600110178243;5;3;14;0;2022;8;16;3;3;0;1;0;0;1;0;0;0;0;0;365430,319999866012949;5622961,161999469622970;7,092676835000020;50,742823531000099
44805;5220804607400578252;5;3;82;68;2022;8;17;5;3;5;3;0;0;1;0;0;0;0;0;370577,009752226993442;5630287,496039560064673;7,163004066000040;50,809844290999997
44817;5220728301203680676;5;9;13;0;2022;7;22;5;3;5;2;2;0;1;1;0;0;0;0;393251,572169459017459;5711650,753457009792328;7,460533799000070;51,545843381000097
44820;5220813411220581990;5;7;74;20;2022;8;0;7;3;9;1;2;0;1;0;0;0;0;0;475507,129305371025112;5737536,621339780278504;8,644897153000040;51,788158139000103
44822;5220811600140995297;5;3;14;0;2022;8;22;5;3;0;1;2;0;1;0;0;0;0;0;367038,261746371979825;5624864,006690169684589;7,114766686000050;50,760296758000003
44823;5220809502402091263;5;1;17;0;2022;8;19;3;3;0;3;0;0;1;1;0;0;0;0;353111,205334373982623;5700178,308541219681501;6,886791800000030;51,433737146000098
44824;5220812508000487571;5;1;19;0;2022;8;16;6;3;0;5;0;0;1;1;0;0;0;0;351419,102087622974068;5709355,883071079850197;6,858607153000040;51,515760980000003
44826;5220816317210489421;5;9;78;20;2022;8;15;3;3;0;7;0;0;1;0;0;0;0;0;410626,468724158010446;5715481,046479520387948;7,710055867000050;51,583294762000001
44827;5220731410110076089;5;7;70;24;2022;7;1;1;3;0;1;2;0;1;0;0;0;0;0;496506,344902003998868;5794279,398829259909689;8,948767715000031;52,298851397000099
44839;5220803601300995736;5;3;15;0;2022;8;11;4;3;0;1;0;0;1;0;0;0;0;0;352622,943234595004469;5644919,320505069568753;6,902443200000050;50,937046614000103
44840;5220816601400490386;5;3;15;0;2022;8;6;3;3;5;2;0;0;1;1;0;0;0;0;356137,507999813009519;5648877,378999370150268;6,950865606000040;50,973504455000104
44847;5220813508000580961;5;1;19;0;2022;8;10;7;3;0;4;0;0;1;0;1;0;0;0;350529,008826596022118;5705369,667305810377002;6,847477168000070;51,479708541000001
44853;5220804601300995680;5;3;15;0;2022;8;19;5;3;3;7;0;0;1;1;0;0;0;0;354017,922593468974810;5646064,636932030320168;6,921824347000040;50,947694012000099
44855;5220730609160865737;5;3;58;60;2022;7;22;7;3;0;1;2;0;1;0;0;0;0;0;327805,899999551009387;5623588,005998600274324;6,559574005000060;50,738518958000000
44858;5220810404102995412;5;7;66;40;2022;8;7;4;3;5;3;0;0;1;1;0;0;0;0;486883,053249244985636;5760652,711853629909456;8,808946973000049;51,996379042000100
44859;5220810601600995372;5;3;15;0;2022;8;16;4;3;0;1;0;0;1;0;0;0;0;0;363760,297862300998531;5643547,784831129945815;7,061368257000030;50,927458905999998
44861;5220806405228995619;5;7;54;28;2022;8;11;7;3;5;3;0;0;1;1;0;0;0;0;452130,923999999999069;5742733,793999659828842;8,305286202000049;51,833371885000098
44865;5220730316300675008;5;9;74;28;2022;7;12;7;3;0;1;0;0;1;0;0;0;0;0;459094,586000000999775;5727587,194999650120735;8,408125646000030;51,697744737999997
44866;5220802607400036846;5;3;82;44;2022;8;19;3;3;0;3;0;0;1;0;0;0;0;0;364521,890045825974084;5626961,948285589925945;7,078336225000040;50,778570598999998
44868;5220807515110585952;5;1;54;4;2022;8;15;1;3;5;3;0;0;1;1;0;0;0;0;305943,697047866007779;5739358,338253430090845;6,187311686000040;51,771419182999999
44869;5220815607100573859;5;3;82;40;2022;8;17;2;3;5;2;0;1;1;1;0;0;0;0;382351,314361880009528;5637058,521011720411479;7,327871260000050;50,873219646999999
44871;5220805601300086647;5;3;15;0;2022;8;18;6;3;5;2;0;0;1;1;0;0;0;0;354251,640648595988750;5645188,082866390235722;6,925499931000050;50,939875835000102
44875;5220812317250484932;5;9;78;32;2022;8;6;6;3;0;1;0;0;1;0;0;0;0;0;393946,666736193001270;5727769,660059720277786;7,465675180000060;51,690856474999997
44885;5220811702100599922;5;5;15;0;2022;8;16;5;3;5;3;0;0;1;1;0;0;0;0;403770,897238662000746;5754187,393536849878728;7,600422247000040;51,930084358999999
44887;5220729603104078298;5;3;66;4;2022;7;12;6;3;5;5;0;0;1;1;0;0;0;0;341659,006190591026098;5603319,639216070063412;6,764405198000080;50,560326504000003
44889;5220810300400995382;5;9;11;0;2022;8;11;4;3;5;2;0;0;1;1;0;0;0;0;372359,555999899981543;5698333,147999539971352;7,164207714000040;51,421817908999998
44891;5220815301101995085;5;9;13;0;2022;8;21;2;3;5;2;2;0;1;1;0;0;0;0;393028,802211652975529;5706824,973169860430062;7,458787736000030;51,502425001000098
44893;5220805405244995670;5;7;54;44;2022;8;9;6;3;5;3;0;1;1;1;0;0;0;0;465793,656000001006760;5748971,800999670289457;8,502943182000021;51,890460697999998
44896;5220808701300580909;5;5;62;14;2022;8;17;2;3;0;1;0;0;1;0;0;0;0;0;358929,078999832971022;5714675,239999409765005;6,964635829000030;51,565485958000103
44898;5220802316100489218;5;9;74;24;2022;8;16;3;3;0;5;0;0;1;1;0;0;0;0;440625,506999997014645;5724244,528999649919569;8,141486146000030;51,666042675000000
44899;5220727516500475928;5;1;58;16;2022;7;11;4;3;5;3;0;0;1;1;0;0;0;0;358253,289232469978742;5671893,733193219639361;6,971956181000050;51,180871691999997
44900;5220730601500986485;5;3;15;0;2022;7;19;7;3;0;7;0;0;1;1;0;0;0;0;360060,869999837013893;5648307,597999420017004;7,006931386000080;50,969350458000100
44903;5220807607400678238;5;3;82;68;2022;8;15;1;2;8;1;0;0;1;0;0;0;0;0;365992,379169974999968;5625864,259612389840186;7,099581756000020;50,769046357999997
44905;5220813503300178857;5;1;20;0;2022;8;10;7;2;6;7;0;0;1;0;1;0;0;0;371666,382339789997786;5671021,487021460197866;7,164064617000070;51,176200767000097
44906;5220806310230995622;5;9;54;12;2022;8;8;7;3;0;1;0;0;1;0;0;0;0;0;387048,358329305017833;5688251,880905729718506;7,378578122000020;51,334322085000103
44911;5220804702100570631;5;5;15;0;2022;8;17;5;3;3;6;0;0;1;0;0;0;0;0;407019,241188062995207;5757138,524608659557998;7,646854330000050;51,957162828999998
44915;5220810702100268314;5;5;15;0;2022;8;8;4;3;5;3;0;0;1;1;0;0;0;0;406087,201999977987725;5758927,320999659597874;7,632805339000070;51,973084708999998
44916;5220806610113077553;5;3;70;24;2022;8;14;7;3;3;6;0;0;1;1;0;0;0;0;282286,820623550971504;5656048,407478810288012;5,896030937000030;51,014725421000001
44921;5220727505100091502;5;1;14;0;2022;7;13;4;3;5;3;0;0;1;1;0;0;0;0;334636,764999638020527;5690804,268998820334673;6,625607556000030;51,344429214000101
44924;5220807600330287420;5;3;82;48;2022;8;13;1;3;0;1;0;0;1;0;0;0;0;0;352361,141999787010718;5605304,481999319978058;6,914609135000030;50,580966404000002
44929;5220803516200081426;5;1;58;36;2022;8;14;4;3;0;1;0;0;1;0;0;0;0;0;364479,562703941017389;5683748,818779519759119;7,056497523000080;51,288922855000102
44931;5220812314110190036;5;9;66;24;2022;8;15;6;3;5;3;0;0;1;1;0;0;0;0;420294,905642158992123;5658917,653706680051982;7,862226865000030;51,076229316000102
44936;5220810601300186263;5;3;15;0;2022;8;18;4;3;0;1;0;0;1;0;0;0;0;0;353907,578755843976978;5646695,096661290153861;6,920001650000070;50,953331777000102
44938;5220806500200401650;5;1;11;0;2022;8;23;7;3;4;3;2;0;1;1;0;0;0;0;345527,335999738017563;5679284,943999170325696;6,786835805000070;51,243988569000102
44942;5220730314310660799;5;9;66;20;2022;7;17;7;3;0;1;0;0;1;0;0;0;0;0;431290,120999994978774;5664536,294999619945884;8,018084886000050;51,128168729999999
44946;5220815313110287295;5;9;58;4;2022;8;17;2;3;0;1;0;0;1;0;0;0;0;0;440017,196316189016216;5694499,672622939571738;8,137758853000040;51,398552380000098
44948;5220805601200490379;5;3;15;0;2022;8;10;6;3;5;2;0;1;1;1;0;0;0;0;354723,006999804987572;5643057,199999350123107;6,933053671000040;50,920845079000102
44951;5220808702100995424;5;5;15;0;2022;8;6;2;3;0;7;0;0;1;0;0;0;1;0;403540,503227191977203;5754504,707648459821939;7,596983469000070;51,932896614000100
44953;5220804405108995702;5;7;54;8;2022;8;16;5;3;5;2;0;0;1;1;0;0;0;0;457291,811000000976492;5751600,492999670095742;8,379083069000050;51,913507552000098
44954;5220727601500887236;5;3;15;0;2022;7;18;4;3;4;6;0;0;1;0;0;0;0;1;358304,939999826019630;5644793,049999400041997;6,983307182000030;50,937335969999999
44955;5220730701610891324;5;5;62;12;2022;7;16;7;3;0;1;0;0;1;0;0;0;0;0;357823,706817978993058;5724805,254602479748428;6,944590018000040;51,656234425999997
44960;5220813608100833490;5;3;34;2;2022;8;13;7;2;0;1;0;0;1;0;0;0;0;0;294561,592705031973310;5625460,356087509542704;6,087970937000020;50,744529810000103
44962;5220731709300994121;5;5;66;84;2022;7;1;1;3;9;6;2;0;1;0;0;0;0;0;389746,506999952020124;5776166,401999640278518;7,389447335000060;52,125016878000103
44966;5220810515212078916;5;1;54;32;2022;8;13;4;3;5;3;0;0;1;1;0;0;0;0;309681,666999328997917;5718653,367997019551694;6,252706590000060;51,586749639000097
44973;5220802405152064081;5;7;54;52;2022;8;18;3;3;3;2;0;0;1;1;0;0;0;0;462514,389000002003741;5772135,646999680437148;8,452760847000039;52,098505709999998
44976;5220815313240613628;5;9;58;40;2022;8;16;2;3;5;2;0;0;1;1;0;0;0;0;449889,288849109027069;5667101,136221899650991;8,283497481000040;51,153160193000097
44980;5220803501318081476;5;1;12;0;2022;8;9;4;3;0;1;0;0;1;0;0;0;0;0;343863,451458461990114;5699138,010676859878004;6,754314526000030;51,421917360000101
44984;5220728300200267096;5;9;11;0;2022;7;10;5;3;5;3;0;0;1;0;0;0;1;0;370807,601999893027823;5706192,113999529741704;7,139028414000050;51,492095258000099
44985;5220730711161851183;5;5;70;24;2022;7;11;7;3;5;3;0;0;1;1;0;0;0;0;417745,901511460018810;5753701,822216000407934;7,803741993000070;51,927960263999999
44991;5220812301204671268;5;9;13;0;2022;8;19;6;3;5;3;0;0;1;1;0;0;0;0;383791,484814486000687;5709208,225600769743323;7,324972066000040;51,522021561000003
44992;5220801301306194427;5;9;13;0;2022;8;7;2;3;5;3;0;0;1;1;0;0;0;0;402727,675728539004922;5712996,944566779769957;7,596774295000050;51,559657330999997
44994;5220809518120286781;5;1;70;44;2022;8;11;3;3;0;1;0;0;1;0;0;0;0;0;337475,841489997983444;5717033,974747819826007;6,654279167000030;51,580903121000098
44995;5220806701500875302;5;5;62;24;2022;8;13;7;2;0;1;0;0;1;0;0;0;0;0;369182,594999886001460;5722366,092999519780278;7,109614508000050;51,637073053000101
45006;5220727603104995986;5;3;66;4;2022;7;7;4;2;5;3;0;0;1;1;0;0;0;0;342589,932271046971437;5597874,364380160346627;6,779837504000060;50,511644266000097
45009;5220807709500176632;5;5;66;16;2022;8;16;1;3;7;7;0;0;1;0;0;0;0;0;403225,865999975008890;5792324,995999669656157;7,581664092000040;52,272773184000101
45010;5220815711142081616;5;5;70;44;2022;8;7;2;1;5;3;0;0;1;0;0;0;0;1;415000,378996743005700;5759673,843744490295649;7,762345168000020;51,981229882999997
45014;5220729518400679062;5;1;19;0;2022;7;15;6;3;0;1;0;0;1;0;0;0;0;0;347987,541999761015177;5714286,033999219536781;6,807060159000060;51,559145907000101
45015;5220809506100091524;5;1;16;0;2022;8;16;3;3;5;2;0;0;1;1;0;0;0;0;320379,294999463018030;5669535,106998110190034;6,431773262000040;51,149041330000003
45016;5220812410110890670;5;7;70;24;2022;8;8;6;3;4;6;0;0;1;0;0;0;0;1;495770,358540409011766;5793184,194334330037236;8,937988690000051;52,288999784000097
45022;5220808508000066574;5;1;19;0;2022;8;16;2;3;0;3;0;0;1;0;0;0;1;0;350899,605999781982973;5705931,721999280154705;6,852572790000070;51,484856649999998
45026;5220816609236995037;5;3;58;36;2022;8;13;3;3;0;7;0;0;1;0;0;0;0;0;308747,750136083981488;5651511,882933430373669;6,275189315000030;50,983385537000103
45027;5220801701300995792;5;5;62;14;2022;8;15;2;3;5;3;0;0;1;1;0;0;0;0;357734,042999826022424;5713886,158999400213361;6,947725098000030;51,558095182000002
45029;5220802601300995778;5;3;15;0;2022;8;11;3;3;5;3;0;0;1;1;0;0;0;0;354337,525999801990110;5645498,539999339729548;6,926597382000070;50,942687522000000
45032;5220815501311673992;5;1;12;0;2022;8;17;2;3;0;1;0;0;1;0;0;0;0;0;344998,446999736013822;5699697,413999159820378;6,770380944000070;51,427255112000097
45036;5220803516100489277;5;1;58;32;2022;8;9;4;3;3;6;0;0;1;0;0;0;1;0;364977,545764037990011;5685070,235601169988513;7,063134922000070;51,300916583000102
45037;5220809303100087665;5;9;15;0;2022;8;8;3;3;0;6;0;0;1;0;0;0;0;0;417971,429999988991767;5726444,460999649949372;7,813472437000030;51,682968480000099
45039;5220804502340177708;5;1;13;0;2022;8;6;5;3;5;2;0;0;1;1;0;0;0;0;361710,349999848986045;5709127,529999449849129;7,006917195000030;51,516321949000002
45042;5220808505100448646;5;1;14;0;2022;8;16;2;3;5;3;0;0;1;1;0;0;0;0;332049,417999611003324;5689724,051998719573021;6,589001270000040;51,333965966999997
45044;5220813702100099922;5;5;15;0;2022;8;11;7;3;3;6;0;0;1;0;0;0;0;0;405150,935999976994935;5757192,523999660275877;7,619658486000050;51,957332657999999
45049;5220807307000089993;5;9;62;52;2022;8;9;1;2;0;7;0;0;1;0;0;0;0;0;421072,257533401018009;5673691,368923329748213;7,870082716000070;51,209160365999999
45050;5220815405108995089;5;7;54;8;2022;8;20;2;2;4;6;0;0;1;0;0;0;0;0;457525,253486037021503;5750602,929708310402930;8,382599776000060;51,904556738000103
45054;5220809301301389201;5;9;78;24;2022;8;11;3;3;5;2;0;0;1;1;0;0;0;0;399447,916120124980807;5718777,041591729968786;7,547821735000070;51,611037766000003
45055;5220804316100084904;5;9;74;40;2022;8;12;5;3;5;3;0;0;1;1;0;0;0;0;437145,216999996977393;5714375,544999649748206;8,092941055000040;51,576937890000103
45064;5220801302120995794;5;9;14;0;2022;8;16;2;3;0;3;0;0;1;1;0;0;0;0;391083,227926996012684;5689966,204490589909256;7,435950612000060;51,350518755000103
45065;5220729505200571915;5;1;14;0;2022;7;19;6;2;0;7;0;0;1;0;0;0;0;0;336687,158999659994151;5694897,666998899541795;6,653141885000030;51,381798715999999
45070;5220810705000995381;5;5;54;4;2022;8;16;4;3;5;3;0;0;1;1;0;0;0;0;362780,893999858002644;5771674,887999470345676;6,997585044000060;52,078623665000102
45071;5220801405108568189;5;7;54;8;2022;8;12;2;3;0;3;0;1;1;1;0;0;0;0;459626,598999999987427;5751509,808999669738114;8,413036250000060;51,912866405999999
45072;5220810410230876228;5;7;70;4;2022;8;11;4;2;0;1;0;0;1;0;0;0;0;0;489164,481000000028871;5784298,917999680154026;8,841424431000060;52,209025772000103
45079;5220727515111082266;5;1;54;8;2022;7;12;4;3;5;3;0;0;1;1;0;0;0;0;304245,062058262003120;5751060,220925680361688;6,156109249000050;51,875912790000001
45084;5220813513120076537;5;1;62;20;2022;8;9;7;2;5;3;0;0;1;0;0;1;0;0;326534,270236364973243;5676113,373928160406649;6,516512199000030;51,210037421999999
45085;5220805601700995668;5;3;16;0;2022;8;9;6;3;3;2;0;1;1;0;0;0;0;1;360548,262323454022408;5655236,318668710067868;7,011207181000030;51,031737657000100
45091;5220816303100572318;5;9;15;0;2022;8;7;3;3;5;2;0;0;1;1;0;0;0;0;418572,172887157998048;5727773,808334269560874;7,821849859000050;51,695006130000102
45092;5220731709110070630;5;5;66;12;2022;7;10;1;3;5;3;0;0;1;1;0;0;0;0;403704,321519528981298;5772293,482561109587550;7,594363167000040;52,092814766000103
45096;5220808514216995533;5;1;66;28;2022;8;13;2;3;0;7;0;0;1;0;0;0;0;0;320853,013545578985941;5687025,569943769834936;6,429796602000070;51,306308776999998
45099;5220806701910664261;5;5;62;8;2022;8;23;7;3;0;1;2;0;1;0;0;0;0;0;384898,482669699005783;5722713,019334229640663;7,336493726000070;51,643626863000101