OBJECTID;UIDENTSTLAE;ULAND;UREGBEZ;UKREIS;UGEMEINDE;UJAHR;UMONAT;USTUNDE;UWOCHENTAG;UKATEGORIE;UART;UTYP1;ULICHTVERH;IstStrassenzustand;IstRad;IstPKW;IstFuss;IstKrad;IstGkfz;IstSonstige;LINREFX;LINREFY;XGCSWGS84;YGCSWGS84
45103;5220811301101079507;5;9;13;0;2022;8;0;5;3;5;2;2;0;1;1;0;0;0;0;393065,615365154983010;5708411,423656369559467;7,458836768000030;51,516691711000099
45107;5220807300800055853;5;9;54;36;2022;8;14;1;3;5;3;0;0;1;1;0;0;0;0;380094,727999927010387;5697905,082999579608440;7,275547971000040;51,419659722000098
45108;5220814701300878018;5;5;62;14;2022;8;20;1;3;5;2;0;0;1;1;0;0;0;0;360309,943999841983896;5715386,737999429926276;6,984262707000030;51,572223256000001
45112;5220727502338079596;5;1;13;0;2022;7;12;4;3;0;1;0;0;1;0;0;0;0;0;363115,827999857021496;5704183,319999460130930;7,029078227000070;51,472233575000097
45116;5220815608100885717;5;3;34;2;2022;8;16;2;2;0;1;0;1;1;0;0;0;0;0;293959,770998984982725;5628147,665995310060680;6,077948364000060;50,768451807000098
45123;5220804610122389891;5;3;70;28;2022;8;12;5;3;5;3;0;0;1;1;0;0;0;0;298749,904999091988429;5643702,039995959959924;6,137248661000060;50,909835416000099
45124;5220816314320585252;5;9;66;16;2022;8;20;3;1;8;1;0;0;1;0;0;0;0;0;440967,772448752017226;5652131,283704300411046;8,158394049000041;51,017709478000000
45126;5220810301102271542;5;9;13;0;2022;8;11;4;3;3;6;0;0;1;1;0;0;0;0;396251,959226728999056;5704305,161854510195553;7,505949558000050;51,480376100000100
45129;5220806516800478607;5;1;58;20;2022;8;15;7;3;9;1;0;0;1;0;0;0;0;0;355049,682999807992019;5665124,355999359861016;6,928878150000060;51,119236240000099
45132;5220816500100876130;5;1;11;0;2022;8;14;3;3;5;3;0;0;1;1;0;0;0;0;341405,652341898996383;5678209,727429290302098;6,728308785000020;51,233196696999997
45140;5220811601500995339;5;3;15;0;2022;8;9;5;3;5;3;0;0;1;1;0;0;0;0;357321,417285447998438;5644746,089988370425999;6,969336826000070;50,936671440000097
45142;5220809405112382076;5;7;54;12;2022;8;17;3;3;4;2;1;0;1;1;0;0;0;0;454287,641000000003260;5765619,556999670341611;8,333542202000050;52,039305886000101
45143;5220812316500995235;5;9;74;20;2022;8;17;6;2;5;3;0;0;1;1;0;0;0;0;464925,035000002011657;5721096,106999649666250;8,493136298000019;51,639777310000099
45145;5220731405228995865;5;7;54;28;2022;7;10;1;3;2;6;0;0;1;0;0;0;0;0;456620,733952253998723;5744814,995984380133450;8,370180334000050;51,852450036000100
45149;5220806508000889645;5;1;19;0;2022;8;15;7;3;0;3;0;0;1;1;0;0;0;0;349785,630944715987425;5708277,215026250109076;6,835542595000050;51,505636878000097
45150;5220814303100077882;5;9;15;0;2022;8;19;1;3;5;7;0;0;1;1;0;0;0;0;417109,429951530997641;5725274,372005090117455;7,801284475000050;51,672323399000000
45154;5220809609108779477;5;3;58;8;2022;8;13;3;3;3;2;0;0;1;0;0;0;1;0;321163,580999463971239;5630304,932998229749501;6,462267461000070;50,796856888000001
45157;5220812709800887280;5;5;66;40;2022;8;15;6;3;5;2;0;0;1;1;0;0;0;0;421578,028999992005993;5782774,225999680347741;7,852786040000070;52,189847353000097
45160;5220809301301072535;5;9;78;24;2022;8;8;3;3;5;2;0;0;1;1;0;0;0;0;397105,152999965008348;5720244,869999630376697;7,513568512000060;51,623808066000002
45165;5220808300100077774;5;9;11;0;2022;8;1;2;3;0;7;2;0;1;0;0;0;0;0;376715,005999914021231;5704165,505999559536576;7,224785081000050;51,475200265000097
45166;5220808608100580750;5;3;34;2;2022;8;8;2;2;5;2;0;0;1;1;0;0;0;0;294132,845037295017391;5628167,009400060400367;6,080388666000030;50,768686966000097
45167;5220813606100556493;5;3;78;4;2022;8;19;7;3;5;2;0;0;1;0;0;1;0;0;365307,180968136002775;5653199,204672999680042;7,079791789000070;51,014564297000000
45170;5220809601100581719;5;3;15;0;2022;8;15;3;3;0;1;0;0;1;0;0;0;0;0;357117,032999819028191;5643158,703999389894307;6,967052091000030;50,922355091999997
45174;5220810702100568386;5;5;15;0;2022;8;19;4;3;4;2;0;0;1;1;0;0;0;0;406325,006999980018009;5758859,043999659828842;7,636284908000050;51,972511139000098
45178;5220806602800582253;5;3;62;12;2022;8;11;7;3;0;6;0;0;1;1;0;0;0;0;351372,520379883004352;5631489,644552069716156;6,890118275000020;50,816038938000098
45181;5220816700000573461;5;5;13;0;2022;8;20;3;3;3;6;1;0;1;0;0;0;0;0;368693,030108477978501;5712020,887738030403852;7,106414779000030;51,543990106000102
45183;5220727405220172221;5;7;54;20;2022;7;11;4;3;3;6;0;0;1;0;0;0;0;0;448820,473324726975989;5750107,970818020403385;8,256153735000050;51,899375185000103
45185;5220728303100169823;5;9;15;0;2022;7;16;5;3;5;3;0;0;1;0;0;0;0;0;418211,267256475985050;5726507,482124419882894;7,816926071000070;51,683569994999999
45186;5220807701800675246;5;5;62;4;2022;8;17;1;3;5;3;0;0;1;1;0;0;0;0;383218,719545324973296;5716621,228687619790435;7,314258296000050;51,588529661000102
45188;5220813505100891399;5;1;14;0;2022;8;17;7;3;5;3;0;0;1;1;0;0;0;0;327868,985999563010409;5685999,698998520150781;6,530846495000050;51,299257651000097
45190;5220811602900567526;5;3;62;40;2022;8;22;5;3;6;6;2;0;1;0;1;0;0;0;356279,301771035010461;5632890,079953789710999;6,959177050000050;50,829863201000101
45197;5220729500300471882;5;1;11;0;2022;7;18;6;3;5;3;0;0;1;1;0;0;0;0;348621,500999765004963;5674674,798999239690602;6,833079110000030;51,203392643000001
45198;5220810405236585586;5;7;54;36;2022;8;19;4;3;2;6;0;0;1;0;0;0;0;0;474214,804000000003725;5750159,828999670222402;8,625219829000059;51,901595384000103
45202;5220806317110489434;5;9;78;36;2022;8;12;7;2;0;1;0;0;1;0;0;0;0;0;409350,293999982008245;5710177,529999639838934;7,693009249000060;51,535416060999999
45203;5220813701110995209;5;5;62;32;2022;8;1;7;2;1;5;2;0;1;1;0;0;0;0;377655,432999918004498;5718180,166999570094049;7,233448617000020;51,601359825000003
45206;5220730301301672381;5;9;78;24;2022;7;22;7;3;0;1;2;0;1;0;0;0;0;0;393008,451400012010708;5717769,113611839711666;7,455165536000040;51,600791284000103
45207;5220802601300186456;5;3;15;0;2022;8;18;3;3;0;1;0;0;1;0;0;0;0;0;349864,272999770008028;5645079,066999269649386;6,863143292000070;50,937770553000099
45208;5220807600140667656;5;3;14;0;2022;8;17;1;3;5;3;0;0;1;1;0;0;0;0;367745,303999876021408;5622810,880999489687383;7,125523303000020;50,742004705000099
45212;5220811518200995314;5;1;70;24;2022;8;16;5;3;5;3;0;0;1;1;0;0;0;0;333160,518999624997377;5702253,403998750261962;6,599048989000040;51,446856928999999
45213;5220803502135378151;5;1;13;0;2022;8;19;4;3;8;1;0;0;1;0;0;0;0;0;365850,816672360990196;5704111,978791220113635;7,068460639000020;51,472247521000000
45218;5220730705000995895;5;5;54;4;2022;7;3;7;2;0;1;2;0;1;0;0;0;0;0;356606,109737615974154;5777019,275347939692438;6,905291861000020;52,125077271000102
45220;5220808301301153668;5;9;78;24;2022;8;10;2;3;8;1;0;0;1;0;0;0;0;0;397049,787999966007192;5721301,654999629594386;7,512458292000080;51,633296848999997
45227;5220809608404085851;5;3;34;4;2022;8;12;3;3;6;4;0;0;1;0;1;0;0;0;298810,974077594000846;5637432,825573249720037;6,141566246000020;50,853549944000100
45235;5220730313110995882;5;9;58;4;2022;7;14;7;2;4;6;0;0;1;0;0;0;0;0;442270,807514260988683;5694351,151576399803162;8,170174518000071;51,397450875000096
45241;5220811518400944428;5;1;70;8;2022;8;11;5;3;5;2;0;0;1;1;0;0;0;0;342427,160999716026708;5716690,752999080345035;6,725834305000030;51,579225389999998
45246;5220731502111377623;5;1;13;0;2022;7;13;1;2;0;1;0;0;1;0;0;0;0;0;363702,078999861027114;5701097,511999470181763;7,038703321000070;51,444644439000101
45247;5220728607300086285;5;3;82;16;2022;7;14;5;3;5;3;0;0;1;1;0;0;0;0;389284,069835742993746;5626142,438380230218172;7,429660907000030;50,776460516999997
45248;5220808410110978205;5;7;70;24;2022;8;6;2;3;5;3;0;0;1;1;0;0;0;0;493338,698686962015927;5793736,053337889723480;8,902326951000020;52,293937172000000
45253;5220729701800079387;5;5;62;4;2022;7;13;6;3;0;1;0;0;1;0;0;0;0;0;382108,350999933027197;5718281,296999589540064;7,297679833000070;51,603218476000102
45255;5220809609132089814;5;3;58;32;2022;8;21;3;3;0;1;1;0;1;0;0;0;0;0;315298,638999377028085;5631818,110997810028493;6,378372927000040;50,808611115000097
45256;5220807307000590027;5;9;62;16;2022;8;14;1;2;8;1;0;0;1;0;0;0;0;0;415951,930541079025716;5695539,608413079753518;7,791649782000040;51,404846132999999
45257;5220815410230640099;5;7;70;4;2022;8;15;2;3;0;1;0;1;1;0;0;0;0;0;487695,809000001987442;5785798,658999679610133;8,819876298000050;52,222478481000103
45259;5220805400100995663;5;7;11;0;2022;8;9;6;3;5;2;0;0;1;0;0;0;1;0;469348,827999999979511;5767480,171999679878354;8,552949054000070;52,057071237999999
45261;5220810502409073549;5;1;17;0;2022;8;15;4;2;6;7;0;0;1;0;1;0;0;0;350393,031910728022922;5699617,962779190391302;6,847952985000060;51,427990979000100
45263;5220803608436071803;5;3;34;36;2022;8;8;4;3;0;3;0;0;1;1;0;0;0;0;298774,513798334985040;5632443,479186129756272;6,143787227000080;50,808725110000097
45265;5220731301302853669;5;9;13;0;2022;7;14;1;3;0;1;0;0;1;0;0;0;0;0;399071,954999968002085;5709049,653999630361795;7,545187811000060;51,523533753999999
45274;5220812601600386393;5;3;15;0;2022;8;8;6;3;5;3;0;0;1;1;0;0;0;0;365148,075999865017366;5637064,112999469973147;7,083498165000040;50,869512247999999
45275;5220804711142002754;5;5;70;44;2022;8;11;5;3;0;7;0;0;1;0;0;0;0;0;416784,004999989003409;5759896,985999669879675;7,788255553000060;51,983505723000100
45280;5220806516800486310;5;1;58;20;2022;8;19;7;2;0;1;0;0;1;0;0;0;0;0;356069,138999813992996;5663468,536999369971454;6,944095184000050;51,104613173000097
45286;5220803301306581029;5;9;13;0;2022;8;9;4;3;5;3;0;0;1;1;0;0;0;0;398633,407732760999352;5711748,739677440375090;7,538091484000060;51,547716600999998
45287;5220728405244478112;5;7;54;44;2022;7;12;5;3;5;2;0;0;1;1;0;0;0;0;465970,626000000978820;5747642,453999659977853;8,505645780000069;51,878519637000103
45288;5220807602400995576;5;3;62;32;2022;8;12;1;3;8;1;0;0;1;0;0;0;0;0;337636,196999663021415;5642642,948998969979584;6,690333395000040;50,912568315999998
45290;5220813503400080609;5;1;22;0;2022;8;2;7;2;9;5;2;0;1;1;0;0;0;0;367539,998999878996983;5668304,129999499768019;7,106067514000070;51,150837975000101
45295;5220812513320991722;5;1;62;4;2022;8;13;6;3;5;3;0;0;1;1;0;0;0;0;349330,615707691002171;5661655,462569019757211;6,848669861000080;51,086589461000102
45296;5220804501324591555;5;1;12;0;2022;8;14;5;2;5;2;0;0;1;0;0;0;1;0;343693,625999725016300;5695993,838999119587243;6,753259556000050;51,393620342000098
45297;5220816407301987067;5;7;62;36;2022;8;19;3;2;7;1;0;0;1;0;0;0;0;0;510342,395843541016802;5703650,810177760198712;9,148946136000060;51,483914902000002
45298;5220731500200670604;5;1;11;0;2022;7;14;1;3;0;5;0;0;1;1;0;0;0;0;349784,286243762995582;5677655,707457499578595;6,848462572000070;51,230485502000100
45305;5220816411232995068;5;7;74;32;2022;8;7;3;3;4;2;0;0;1;1;0;0;0;0;478724,326999999990221;5738234,164999660104513;8,691497197000050;51,794561471000101
45306;5220801702100964164;5;5;15;0;2022;8;7;2;3;0;6;0;1;1;0;0;0;0;0;406767,311781994008925;5759412,519753630273044;7,642571639000040;51,977560416000102
45310;5220807315110995560;5;9;70;40;2022;8;23;1;3;0;1;2;0;1;0;0;0;0;0;430716,686999996018130;5635755,015999609604478;8,015383982000060;50,869322398000101
45311;5220815602100995088;5;3;62;8;2022;8;16;2;3;5;3;0;0;1;1;0;0;0;0;333306,856999618001282;5646605,139998819679022;6,626991396000050;50,946934167999999
45318;5220804405108768189;5;7;54;8;2022;8;14;5;2;0;7;0;0;1;0;0;0;0;0;455890,161000000021886;5750477,269999659620225;8,358850223000051;51,903299920999999
45322;5220808310110285194;5;9;54;16;2022;8;15;2;3;5;3;0;0;1;1;0;0;0;0;373383,404999902006239;5695606,395999539643526;7,179898793000060;51,397541343000100
45326;5220812300800141196;5;9;54;36;2022;8;12;6;2;5;2;0;0;1;1;0;0;0;0;385546,674999942013528;5698112,041999599896371;7,353854263000070;51,422646956000101
45329;5220809601100995440;5;3;15;0;2022;8;16;3;3;0;5;0;0;1;1;0;0;0;0;356627,495999818027485;5643050,510999379679561;6,960134172000040;50,921261333000103
45330;5220806711212074710;5;5;70;40;2022;8;13;7;3;8;1;0;0;1;0;0;0;0;0;419185,484926062985323;5744641,854634059593081;7,826796319000040;51,846728896000101
45332;5220812601700995204;5;3;16;0;2022;8;23;6;2;4;6;2;0;1;0;0;0;0;1;356566,398999818018638;5657412,226999379694462;6,953596378000040;51,050311974000103
45334;5220810709700995395;5;5;66;48;2022;8;11;4;2;0;7;0;0;1;0;0;0;0;0;428711,077409235993400;5796376,280817549675703;7,954242284000030;52,313085571000002
45336;5220808701800268379;5;5;62;4;2022;8;6;2;3;5;3;1;0;1;1;0;0;0;0;384427,015999938012101;5716606,155999599955976;7,331697058000030;51,588643331000100
45337;5220806701700875302;5;5;62;16;2022;8;14;7;3;3;6;0;0;1;0;0;0;0;0;378632,451997135998681;5733387,122900850139558;7,242265588000070;51,738239837999998
45350;5220812502402087406;5;1;17;0;2022;8;11;6;3;5;2;0;0;1;1;0;0;0;0;353015,828999796009157;5699870,368999330326915;6,885548471000050;51,430945358000002
45353;5220731600120490918;5;3;82;24;2022;7;14;1;3;2;6;0;0;1;0;0;0;0;0;371332,777874196006451;5617396,359452470205724;7,178229904000030;50,694142962000100
45354;5220810501311082287;5;1;12;0;2022;8;19;4;3;5;2;0;0;1;1;0;0;0;0;345240,320999738993123;5700849,850999159738421;6,773353802000030;51,437675902000102
45360;5220801702100864164;5;5;15;0;2022;8;17;2;3;5;2;0;0;1;1;0;0;0;0;403933,150997467979323;5758084,023595649749041;7,601692342000040;51,965136704000003
45364;5220824711311685567;5;5;70;8;2022;8;13;4;3;0;3;0;0;1;1;0;0;0;0;433458,506508602004033;5734386,520445999689400;8,035934631000030;51,756417425999999
45367;5220818317110189434;5;9;78;36;2022;8;17;5;3;0;1;0;0;1;0;0;0;0;0;407912,956281038990710;5710869,609687579795718;7,672110540000060;51,541404693000104
45373;5220827500200586780;5;1;11;0;2022;8;14;7;3;0;1;0;0;1;0;0;0;0;0;345439,362632548029069;5686127,909712299704552;6,782617207000040;51,305451144000102
45376;5220821315120680377;5;9;70;16;2022;8;22;1;2;0;1;1;0;1;0;0;0;0;0;421093,812536536017433;5639134,861073190346360;7,877925553000070;50,898476867000099
45378;5220817701200665815;5;5;62;20;2022;8;14;4;2;5;3;0;0;1;1;0;0;0;0;369500,190999888000078;5719999,125999529846013;7,115083245000050;51,615875697000000
45380;5220822711111202616;5;5;70;52;2022;8;15;2;3;5;2;0;0;1;1;0;0;0;0;430847,272078080975916;5757489,415438139811158;7,993484381000030;51,963791294000004
45385;5220823609152519495;5;3;58;52;2022;8;8;3;3;5;3;0;0;1;1;0;0;0;0;333558,458974039007444;5629996,695497499778867;6,638128000000050;50,797779560999999
45386;5220820601200779326;5;3;15;0;2022;8;8;7;3;0;1;0;1;1;0;0;0;0;0;355537,641999809013214;5641215,008999359793961;6,945365345000030;50,904494124000102
45387;5220819501112087464;5;1;12;0;2022;8;22;6;3;5;3;2;0;1;1;0;0;0;0;343429,948225482017733;5710965,555370310321450;6,742843459000030;51,528065900999998
45388;5220817501325886039;5;1;12;0;2022;8;12;4;3;1;2;0;0;1;1;0;0;0;0;345460,487801540992223;5693475,413934939540923;6,779731431000070;51,371475890000099
45390;5220825601100187082;5;3;15;0;2022;8;12;5;3;0;5;0;0;1;1;0;0;0;0;355253,082772483001463;5644320,884419839829206;6,940088479000050;50,932334773000001
45395;5220819518120089303;5;1;70;44;2022;8;6;6;3;5;3;0;0;1;1;0;0;0;0;337999,315999676997308;5719298,461998930200934;6,660782465000070;51,601398174000103
45397;5220826503400374120;5;1;22;0;2022;8;3;6;3;0;1;2;0;1;0;0;0;0;0;363642,655607878987212;5672272,436385720036924;7,048872043000070;51,185585953000000
45398;5220823518300994707;5;1;70;20;2022;8;7;3;3;5;3;0;0;1;1;0;0;0;0;328689,323999578016810;5707847,347998539917171;6,532056686000030;51,495775015000000
45402;5220819404301994889;5;7;66;12;2022;8;18;6;3;1;5;0;0;1;1;0;0;0;0;508460,957305104995612;5759964,758084080182016;9,123220110000030;51,990284156000001
45403;5220827506100994432;5;1;16;0;2022;8;16;7;3;5;3;0;0;1;1;0;0;0;0;321590,354678775998764;5674311,126078840345144;6,446700873000050;51,192324528000000
45405;5220825300100994542;5;9;11;0;2022;8;13;5;3;1;5;0;0;1;1;0;0;0;0;374273,997999906016048;5707054,319999549537897;7,188626231000060;51,500625558000102
45406;5220821513210873873;5;1;62;24;2022;8;17;1;3;5;3;0;0;1;1;0;0;0;0;338921,683132849982940;5671176,676913210190833;6,695915536000030;51,169309712000000
45411;5220823500200774713;5;1;11;0;2022;8;22;3;2;0;7;2;0;1;0;0;0;0;0;346944,119713068997953;5681432,214702339842916;6,806199915000040;51,263664798000001
45413;5220822608100689925;5;3;34;2;2022;8;8;2;3;0;7;0;0;1;0;0;0;0;0;292124,026998945977539;5630458,395994969643652;6,050644414000030;50,788549531000101
45422;5220823300100994701;5;9;11;0;2022;8;9;3;3;5;2;0;0;1;1;0;0;0;0;376684,074037334998138;5704229,662295130081475;7,224317519000070;51,475770125000103
45425;5220818608200069677;5;3;34;2;2022;8;15;5;2;5;2;0;0;1;1;0;0;0;0;297292,199190144019667;5625626,865756729617715;6,126532586000050;50,746984920000003
45426;5220826701110993605;5;5;62;32;2022;8;14;6;3;1;5;0;0;1;1;0;0;0;1;375639,975999912014231;5719659,788999569602311;7,203837571000070;51,614215972000103
45427;5220824300800994584;5;9;54;36;2022;8;19;4;3;4;6;0;0;1;1;0;0;0;0;384324,237999936973210;5699073,483999590389431;7,335966338000050;51,431040271000001
45429;5220819513110546646;5;1;62;16;2022;8;17;6;3;5;3;0;0;1;1;0;0;0;0;332192,960475796018727;5677474,151742460206151;6,596812533000050;51,223953608000002
45430;5220817515110994990;5;1;54;36;2022;8;17;4;3;5;2;0;1;1;1;0;0;0;0;301698,184999219025485;5741092,822995870374143;6,124868508000020;51,785507297000002
45432;5220823516500768103;5;1;58;16;2022;8;16;3;3;5;3;0;0;1;1;0;0;0;0;355582,983999811985996;5670204,067999360151589;6,934455881000080;51,165019422000100
45433;5220824605116090381;5;3;74;52;2022;8;7;4;3;5;3;0;0;1;1;0;0;0;0;389536,468236682994757;5662736,439538620412350;7,422142186000030;51,105459531000101
45437;5220822300700457875;5;9;16;0;2022;8;11;2;3;5;2;0;0;1;1;0;0;0;0;375682,200999911001418;5712945,174999560229480;7,206824773000050;51,553879821000102
45438;5220822609224994720;5;3;58;24;2022;8;18;2;3;0;1;0;0;1;0;0;0;0;0;312298,291008447005879;5647646,004779550246894;6,327709733000060;50,949827695000103
45439;5220818702100888886;5;5;15;0;2022;8;16;5;3;5;3;0;0;1;1;0;0;0;0;401578,335999973001890;5757085,122999650426209;7,567714328000020;51,955746456999996
45441;5220823709500994687;5;5;66;76;2022;8;15;3;3;0;7;0;0;1;0;0;0;0;1;393907,685999960987829;5793220,146999659948051;7,444866010000060;52,279099117000001
45443;5220819503400976980;5;1;22;0;2022;8;22;6;3;0;1;2;0;1;0;0;0;0;0;362466,218520510010421;5671526,875865959562361;7,032334467000060;51,178603817000102
45444;5220817601300995008;5;3;15;0;2022;8;9;4;3;3;1;0;0;1;0;0;0;1;0;354110,257999801018741;5645999,999999339692295;6,923163789000060;50,947136516999997
45446;5220824601600994613;5;3;15;0;2022;8;14;4;3;4;2;0;0;1;1;0;0;0;0;366219,210778111009859;5642675,053796879947186;7,096656875000060;50,920190603000002
45447;5220825514216994573;5;1;66;28;2022;8;7;5;3;0;3;0;0;1;0;0;1;0;0;323155,445999505987857;5687903,541998250409961;6,462359082000030;51,314915756000097
45448;5220821513210573873;5;1;62;24;2022;8;15;1;3;0;1;0;0;1;0;0;0;0;0;338594,284204263996799;5675496,872012459672987;6,689295120000050;51,208033915999998
45450;5220819601200078523;5;3;15;0;2022;8;17;6;3;5;3;0;0;1;0;0;0;0;0;355125,368999805999920;5641337,744999360293150;6,939457075000060;50,905493825000100
45451;5220819404101993628;5;7;66;20;2022;8;11;6;3;4;6;0;0;1;0;0;0;0;0;488720,249000001000240;5755083,026999670080841;8,835889291000059;51,946342560000097
45459;5220825300200589998;5;9;11;0;2022;8;12;5;3;1;5;0;0;1;1;0;0;0;0;371786,646057144971564;5702671,061681210063398;7,154401210000060;51,460674101000102
45460;5220821406130994801;5;7;58;8;2022;8;14;1;1;3;3;0;0;1;1;0;0;0;0;468493,027129444992170;5776652,327890329994261;8,539619357000049;52,139485663000102
45462;5220819701500994890;5;5;62;24;2022;8;17;6;3;5;2;0;0;1;1;0;0;0;0;369312,695999888994265;5724919,442999520339072;7,110539433000040;51,660049250000000
45463;5220818500200791674;5;1;11;0;2022;8;10;5;3;0;3;0;0;1;0;0;0;0;1;347127,674999750975985;5676871,982999210245907;6,810775794000050;51,222737870000103
45471;5220824705000089749;5;5;54;4;2022;8;19;4;3;5;3;0;0;1;0;0;0;0;0;363478,503219555015676;5772337,519258419983089;7,007493246000020;52,084750112000101
45474;5220817702100976692;5;5;15;0;2022;8;7;4;3;0;3;0;0;1;1;0;0;0;0;398323,848847732995637;5753722,194782920181751;7,521364329000050;51,924934767000103
45477;5220825502406591302;5;1;17;0;2022;8;10;5;3;0;1;0;0;1;0;0;0;0;0;353848,267999803007115;5696841,282999340444803;6,898763773000040;51,403941915000097
45479;5220822516500281933;5;1;58;16;2022;8;7;2;3;4;2;0;0;1;1;0;0;0;0;357913,364999826007988;5670463,758999389596283;6,967661215000020;51,167936752999999
45482;5220826608312880719;5;3;34;12;2022;8;10;6;3;0;7;0;0;1;1;0;0;0;0;308641,567112962016836;5632125,179947059601545;6,283834637000040;50,809209015000100
45485;5220820518400994864;5;1;70;8;2022;8;9;7;3;0;2;0;1;1;0;0;0;0;1;344637,179999733984005;5716209,030999139882624;6,757916946000020;51,575510719000100
45487;5220817607500071621;5;3;82;56;2022;8;16;4;3;5;3;0;0;1;0;0;0;0;1;370768,493983193999156;5628712,933421759866178;7,166274656000040;50,795734568000100
45491;5220824502228415910;5;1;13;0;2022;8;11;4;3;0;1;0;0;1;0;0;0;0;0;357914,983809468976688;5698198,120371139608324;6,956647146000020;51,417167980000002
45492;5220825300100994571;5;9;11;0;2022;8;7;5;3;4;6;0;0;1;0;0;0;0;0;376999,766563554003369;5705268,636310120113194;7,228499145000060;51,485176586000101
45494;5220818505200542307;5;1;14;0;2022;8;15;5;2;5;2;0;0;1;1;0;0;0;0;329426,976999582024291;5691252,183998599648476;6,550659690000030;51,346913747000002
45500;5220827601100994433;5;3;15;0;2022;8;14;7;2;6;4;0;0;1;0;1;0;0;0;355501,951981636986602;5644699,440879859961569;6,943477632000050;50,935799187999997
45502;5220824702100765384;5;5;15;0;2022;8;7;4;3;5;3;0;0;1;0;0;0;0;0;404527,452991790021770;5758721,465828290209174;7,610162730000070;51,970968649000000
45503;5220820709300051486;5;5;66;68;2022;8;11;7;3;0;1;0;0;1;0;0;0;0;0;375877,359567299019545;5785219,492450700141490;7,183644269000070;52,203429530000101
45506;5220821505200282284;5;1;14;0;2022;8;20;1;3;0;1;1;0;1;0;0;0;0;0;328780,281948747986462;5692716,082064350135624;6,540678219000030;51,359870477000101
45507;5220818506100691413;5;1;16;0;2022;8;8;5;3;0;1;0;0;1;0;0;0;0;0;321001,005999472981784;5672322,838998139835894;6,439265959000070;51,174279023000103
45512;5220822406230994740;5;7;58;20;2022;8;16;2;3;3;6;0;0;1;0;0;0;0;0;476880,342999999993481;5781611,969999680295587;8,661834494000059;52,184490291000003
45516;5220824506100994626;5;1;16;0;2022;8;12;4;3;5;3;0;0;1;1;0;0;0;0;318105,244512865028810;5672450,288515480235219;6,397820554000020;51,174510231000099
45519;5220817405108995014;5;7;54;8;2022;8;5;4;3;5;2;1;0;1;1;0;0;0;0;456793,937275086995214;5751660,183091349899769;8,371837665000040;51,914005795000001
45524;5220822702100579167;5;5;15;0;2022;8;8;2;3;3;6;0;0;1;1;0;0;0;0;406023,603168726025615;5757274,419166699983180;7,632332109000060;51,958216938000099
45530;5220816705000995071;5;5;54;20;2022;8;9;3;3;5;2;0;0;1;1;0;0;0;0;365959,169750620028935;5783094,826828019693494;7,039434913000040;52,182016088000097
45531;5220817608200073685;5;3;34;2;2022;8;17;4;3;5;2;0;0;1;1;0;0;0;0;295844,163999026000965;5629323,004995609633625;6,103983802000070;50,779674041000099
45532;5220824601200994581;5;3;15;0;2022;8;13;4;2;0;1;0;0;1;0;0;0;0;0;358610,301999830990098;5640347,374999400228262;6,989373553000060;50,897457279999998
45539;5220819600360986617;5;3;82;12;2022;8;7;6;3;5;3;0;0;1;1;0;0;0;0;354060,566363161022309;5626916,846471239812672;6,930067108000060;50,775627089000103
45540;5220820506100994846;5;1;16;0;2022;8;14;7;3;0;6;0;0;1;0;0;0;0;0;316474,283300685987342;5671183,646461750380695;6,375160616000070;51,162611191000103
45541;5220819516900679320;5;1;58;26;2022;8;15;6;3;5;2;0;0;1;1;0;0;0;0;353046,648999793978874;5664167,498999330215156;6,900668086000050;51,110127423999998
45543;5220826514215994461;5;1;66;28;2022;8;21;6;3;7;7;2;0;1;0;0;0;0;0;323888,067234863992780;5688336,192862659692764;6,472647180000020;51,319029580000098
45544;5220823518100485932;5;1;70;48;2022;8;14;3;3;5;3;0;0;1;1;0;0;0;0;332434,663663046027068;5728788,926511320285499;6,575962722000040;51,685027544000000
45545;5220820513130994841;5;1;62;22;2022;8;16;7;3;1;5;0;0;1;1;0;0;0;0;339408,809657597972546;5680587,405241950415075;6,698664370000070;51,254001388000098
45546;5220824410210994621;5;7;70;20;2022;8;13;4;3;5;3;0;0;1;1;0;0;0;0;472954,786833351012319;5795914,775232019834220;8,603272399000049;52,312899163000097
45551;5220826500200356862;5;1;11;0;2022;8;17;6;3;3;2;0;0;1;1;0;0;0;0;345872,887020641006529;5680325,220966599881649;6,791334711000050;51,253429373000102
45552;5220823411224994716;5;7;74;24;2022;8;7;3;3;5;3;0;0;1;1;0;0;0;0;476767,451000000000931;5741327,771999659948051;8,662915074000070;51,822298525000100
45558;5220824702100994464;5;5;15;0;2022;8;10;4;3;5;7;0;0;1;1;0;0;0;0;403974,377424396981951;5757465,119301400147378;7,602465264000050;51,959580905000102
45566;5220818601500994942;5;3;15;0;2022;8;13;5;3;0;7;0;0;1;1;0;0;0;0;357472,742220935993828;5644755,753764539957047;6,971485324000070;50,936795707999998
45567;5220827303200994457;5;9;15;0;2022;8;0;7;2;0;1;2;0;1;0;0;0;0;0;415943,567787311971188;5727091,109460829757154;7,783991085000030;51,688481577000097
45568;5220823700000389526;5;5;13;0;2022;8;13;3;3;5;2;0;0;1;1;0;0;0;0;368547,973999883979559;5714529,423999509774148;7,103386471000020;51,566499837000002