OBJECTID;UIDENTSTLAE;ULAND;UREGBEZ;UKREIS;UGEMEINDE;UJAHR;UMONAT;USTUNDE;UWOCHENTAG;UKATEGORIE;UART;UTYP1;ULICHTVERH;IstStrassenzustand;IstRad;IstPKW;IstFuss;IstKrad;IstGkfz;IstSonstige;LINREFX;LINREFY;XGCSWGS84;YGCSWGS84
45569;5220820601600994858;5;3;15;0;2022;8;9;7;3;1;5;0;1;1;1;0;0;0;0;361168,875822865986265;5645042,863502790220082;7,023947131000060;50,940277713999997
45570;5220819515110994907;5;1;54;36;2022;8;13;6;2;3;6;0;0;1;0;0;0;0;0;303164,952179075975437;5742478,637934289872646;6,145320025000050;51,798469903000097
45576;5220822601400994769;5;3;15;0;2022;8;9;2;3;3;5;0;0;1;1;0;0;0;0;356348,532615286007058;5647526,703902550041676;6,954402739000050;50,961418864000102
45577;5220818505100278793;5;1;14;0;2022;8;12;5;3;0;1;0;1;1;0;0;0;0;0;329884,655772768019233;5687741,180964189581573;6,558901776000030;51,315508714000003
45580;5220822300800736651;5;9;54;36;2022;8;18;2;3;7;1;0;0;1;0;0;0;0;0;381974,258844126015902;5699138,321189899928868;7,302155308000070;51,431138396999998
45584;5220826705000791762;5;5;54;20;2022;8;18;6;3;0;2;0;0;1;1;0;0;0;0;366620,216041040024720;5782361,708131610415876;7,049386008000060;52,175588898999997
45586;5220820603116834485;5;3;66;16;2022;8;14;7;3;0;1;0;0;1;0;0;0;0;0;349574,213558225019369;5610824,785631679929793;6,873036217000050;50,629865711000001
45589;5220824513310245500;5;1;62;8;2022;8;18;4;2;7;1;0;0;1;0;0;0;0;0;337363,171727157023270;5665831,040193719789386;6,676056373000050;51,120838859000102
45591;5220825500200972234;5;1;11;0;2022;8;17;5;3;5;2;0;0;1;1;0;0;0;0;349001,179228883003816;5677322,753996130079031;6,837394986000050;51,227287014000098
45594;5220819705000789359;5;5;54;68;2022;8;14;6;2;5;3;0;0;1;1;0;0;0;0;348059,148433380003553;5768494,409452389925718;6,784333673000050;52,046206064000003
45595;5220818505100091543;5;1;14;0;2022;8;18;5;2;5;2;0;0;1;1;0;0;0;0;333802,424559866019990;5688973,443773089908063;6,614492997000070;51,327737423000002
45603;5220827606700994448;5;3;78;16;2022;8;10;7;3;5;3;0;1;1;1;0;0;0;0;361451,678999844996724;5663720,681999440304935;7,020832359000050;51,108205382999998
45606;5220821516300781569;5;1;58;28;2022;8;14;1;3;2;6;0;0;1;0;0;0;0;0;350976,205064980022144;5687085,370041689835489;6,861590230000050;51,315531242000098
45607;5220817405112995012;5;7;54;12;2022;8;6;4;3;0;7;0;0;1;0;0;0;0;0;456671,362726546009071;5767627,496192369610071;8,368038431000061;52,057549358000102
45610;5220823516300489351;5;1;58;28;2022;8;5;3;3;0;1;2;0;1;0;0;0;0;0;348018,986964752024505;5685414,519523000344634;6,819900268000030;51,299735603000002
45613;5220818711231291799;5;5;70;40;2022;8;19;5;3;4;6;0;0;1;0;0;0;0;0;420337,150049460004084;5743968,992948619648814;7,843666617000050;51,840845829000003
45614;5220827410130648370;5;7;70;28;2022;8;13;7;3;5;3;0;0;1;1;0;0;0;0;502366,514608946978115;5807881,245986839756370;9,034799404000070;52,421143524999998
45615;5220824405152076255;5;7;54;52;2022;8;19;4;3;3;2;0;0;1;1;0;0;0;0;459645,880000000004657;5769287,622999680228531;8,411223873000040;52,072699172000100
45616;5220824606100574376;5;3;78;4;2022;8;8;4;3;0;1;0;0;1;0;0;0;0;0;368258,593999879027251;5649720,355999499559402;7,123105590000020;50,983981264000100
45623;5220822610111375564;5;3;70;16;2022;8;14;2;3;5;3;0;0;1;1;0;0;0;0;297130,760999075020663;5661671,591995620168746;6,104214409000060;51,070654371000003
45626;5220824300700067605;5;9;16;0;2022;8;18;4;2;5;3;0;0;1;1;0;0;0;0;373885,954294071998447;5711165,885122110135853;7,181567172000030;51,537490441999999
45638;5220823608100065651;5;3;34;2;2022;8;16;3;3;0;1;0;0;1;0;0;0;0;0;293024,679531670990400;5631544,473600629717112;6,062793176000070;50,798625791000099
45645;5220821601100994817;5;3;15;0;2022;8;2;1;3;1;5;2;0;1;1;0;0;0;0;355506,126112904981710;5644713,621036839671433;6,943531375000020;50,935927667999998
45648;5220826300400971416;5;9;11;0;2022;8;12;6;3;1;5;0;0;1;1;0;0;0;0;376619,710379867989104;5700937,456660269759595;7,224539999000060;51,446167511000098
45651;5220819500200501983;5;1;11;0;2022;8;7;6;2;4;6;0;0;1;0;0;0;0;0;346949,784167104982771;5679586,127570400014520;6,807070693000070;51,247078283000100
45657;5220825301102109055;5;9;13;0;2022;8;16;5;3;5;7;0;0;1;1;0;0;0;0;395477,116618492989801;5703893,932070390321314;7,494917054000040;51,476537039999997
45658;5220821601200924757;5;3;15;0;2022;8;10;1;3;5;2;0;0;1;1;0;0;0;0;354261,711999801977072;5640286,974999349564314;6,927601297000020;50,895833429000000
45659;5220817500200500599;5;1;11;0;2022;8;17;4;3;5;2;0;0;1;1;0;0;0;0;344699,442356681975070;5678890,111064589582384;6,775155194000040;51,240216072000102
45661;5220825709110994554;5;5;66;8;2022;8;11;5;2;4;1;0;0;1;1;0;0;0;0;399646,110433537978679;5778757,035481669940054;7,533239468000030;52,150187007000099
45663;5220821711413881082;5;5;70;28;2022;8;15;1;3;5;3;0;0;1;1;0;0;0;0;444258,428532199002802;5744673,839237890206277;8,190733082000071;51,850083256000097
45664;5220822709500091846;5;5;66;16;2022;8;16;2;3;4;2;0;0;1;1;0;0;0;0;403744,506999976991210;5793809,194999669678509;7,588839134000070;52,286203911000001
45666;5220827503400994455;5;1;22;0;2022;8;5;7;2;0;3;2;0;1;1;0;0;0;0;361681,427145187975839;5672389,996492009609938;7,020781514000020;51,186171232000000
45670;5220816702100850182;5;5;15;0;2022;8;11;3;3;8;1;0;0;1;0;0;0;0;0;405841,315952592995018;5753279,098832559771836;7,630773982000050;51,922274249000097
45671;5220817711121851183;5;5;70;36;2022;8;16;4;3;4;6;0;0;1;0;0;0;0;0;435704,970960895996541;5761388,225055979564786;8,063446712000029;51,999423810000103
45678;5220826709110187267;5;5;66;80;2022;8;19;6;2;0;1;0;0;1;0;0;0;0;0;406399,664964851981495;5781403,749392759986222;7,631187240000030;52,175162039999996
45683;5220826515111522313;5;1;54;8;2022;8;12;6;3;1;3;0;0;1;1;0;0;0;0;314019,015023136977106;5745228,657858289778233;6,301065638000070;51,826883035000002
45692;5220822407209994760;5;7;62;4;2022;8;11;2;1;0;1;0;0;1;0;0;0;0;0;500809,743377641018014;5724120,254779149778187;9,011708746000069;51,668062172000099
45696;5220824500200001154;5;1;11;0;2022;8;15;4;3;5;3;0;0;1;1;0;0;0;0;350992,923999781021848;5676821,133999289944768;6,866107931000040;51,223302949000100
45705;5220819301103379525;5;9;13;0;2022;8;17;6;3;3;6;0;0;1;1;0;0;0;0;393031,440938200976234;5703292,996608289889991;7,459895879000040;51,470678347000003
45706;5220827405148072283;5;7;54;48;2022;8;21;7;3;5;3;1;0;1;1;0;0;0;0;445058,396999999007676;5765004,638999669812620;8,199097381000060;52,032939972000101
45708;5220824701200585414;5;5;62;20;2022;8;12;4;3;5;3;0;0;1;1;0;0;0;0;368814,217999884975143;5718397,294999520294368;7,105780373000070;51,601321171999999
45712;5220824602700590912;5;3;62;28;2022;8;7;4;2;1;7;0;0;1;0;0;0;0;0;351157,479756065004040;5640282,823417710140347;6,883492653000080;50,895004433000103
45717;5220818610221414451;5;3;70;20;2022;8;19;5;3;3;6;0;0;1;0;0;0;0;0;305118,645435329002794;5658059,753831589594483;6,220032576000050;51,040981064000100
45720;5220822709110442542;5;5;66;8;2022;8;8;2;3;5;3;0;0;1;1;0;0;0;0;398595,006999969016761;5781265,852999660186470;7,517132832000070;52,172543496999999
45725;5220821307000013531;5;9;62;40;2022;8;17;1;3;3;6;0;0;1;1;0;0;0;0;415561,416491917974781;5699782,978118889965117;7,785025489000080;51,442935267000102
45726;5220817301101284939;5;9;13;0;2022;8;17;4;2;0;7;0;0;1;0;0;0;0;0;394956,957999961974565;5708023,960999620147049;7,486200383000040;51,513563855000001
45730;5220821705000994816;5;5;54;32;2022;8;8;1;3;5;3;0;0;1;1;0;0;0;0;325405,053999550000299;5747652,019998289644718;6,464895346000050;51,852324634000098
45731;5220822601100086595;5;3;15;0;2022;8;12;2;2;8;1;0;0;1;0;0;0;0;0;355248,125658472999930;5644341,147576930001378;6,940009935000030;50,932515629000100
45733;5220826700000691784;5;5;13;0;2022;8;22;6;3;5;3;2;0;1;0;0;1;0;0;369463,065999886021018;5707142,173999520018697;7,119320545000050;51,500324519999999
45735;5220820500200476303;5;1;11;0;2022;8;17;7;3;1;5;0;0;1;1;0;0;0;0;347163,131943016021978;5677484,592247280292213;6,811021935000040;51,228252016000098
45736;5220819503400191124;5;1;22;0;2022;8;17;6;3;0;3;0;0;1;1;0;0;0;0;363025,240999857021961;5669864,843999460339546;7,040960469000030;51,163801383000099
45742;5220821600120778250;5;3;82;24;2022;8;12;1;3;0;1;0;0;1;0;0;0;0;0;372214,965999895997811;5617883,616999509744346;7,190545382000040;50,698717154000100
45744;5220819608100480739;5;3;34;2;2022;8;4;6;3;1;5;2;0;1;1;0;0;0;0;294229,539674027008004;5628167,470849459990859;6,081757834000030;50,768725410000101
45749;5220819500100747982;5;1;11;0;2022;8;17;6;2;0;1;0;0;1;0;0;0;0;1;344707,442045648000203;5677865,514761939644814;6,775713885000070;51,231011891000001
45750;5220827411232994438;5;7;74;32;2022;8;14;7;3;0;6;0;0;1;0;0;0;0;0;480216,259000001009554;5732690,995999650098383;8,713446072000069;51,744776498000100
45751;5220824406110994576;5;7;58;12;2022;8;22;4;3;4;2;2;0;1;1;0;0;0;0;477333,357000001007691;5774772,585999679751694;8,668916971000041;52,123019120000002
45760;5220818711211191799;5;5;70;4;2022;8;18;5;3;5;3;0;0;1;1;0;0;0;0;423929,745586711971555;5736662,464010690338910;7,897407633000060;51,775664181000103
45761;5220827317110218931;5;9;78;36;2022;8;16;7;2;0;1;0;0;1;0;0;0;0;0;413539,077426693984307;5711690,879023499786854;7,753015692000080;51,549677491000097
45766;5220824601700186440;5;3;16;0;2022;8;17;4;3;0;3;0;0;1;1;0;0;0;0;356574,645999816013500;5657941,125999379903078;6,953504397000070;51,055067078999997
45767;5220825518100691439;5;1;70;48;2022;8;17;5;3;5;3;0;0;1;1;0;0;0;0;335600,524999655026477;5724736,182998839765787;6,623624644000070;51,649554551999998
45771;5220818502213890484;5;1;13;0;2022;8;16;5;2;8;1;0;0;1;0;0;0;0;0;359165,124999833991751;5697958,342999420128763;6,974708807000070;51,415325224000100
45772;5220823601500290254;5;3;15;0;2022;8;8;3;3;0;5;0;0;1;1;0;0;0;0;364047,434535245003644;5648957,914523519575596;7,063431287000070;50,976149857000102
45773;5220819601500086575;5;3;15;0;2022;8;18;6;3;0;6;0;0;1;0;0;0;0;1;356851,139002363022882;5644701,011965420097113;6,962665848000030;50,936149784000101
45776;5220817506100591467;5;1;16;0;2022;8;22;4;3;8;1;2;0;1;0;0;0;0;0;320304,453995931020472;5675054,045091959647834;6,427945792000060;51,198595414000103
45777;5220826601100578522;5;3;15;0;2022;8;13;6;3;1;5;0;0;1;1;0;0;0;0;356678,395049104990903;5643063,349333230406046;6,960852815000070;50,921389355000002
45781;5220825300300989997;5;9;54;36;2022;8;14;5;3;6;6;0;0;1;0;1;0;0;0;384181,663999937009066;5700789,891999600455165;7,333354782000070;51,446438248000000
45784;5220818400200472236;5;7;11;0;2022;8;16;5;3;5;3;0;0;1;0;0;0;0;1;469337,552000001014676;5763595,750999669544399;8,553132977000081;52,022147247000099
45785;5220826513320041141;5;1;62;4;2022;8;5;6;2;5;3;2;0;1;1;0;0;0;0;347210,493999750004150;5658908,190999209880829;6,819582055000070;51,061342071000098
45790;5220820518400994856;5;1;70;8;2022;8;11;7;3;5;3;0;0;1;1;0;0;0;0;342277,637999714992475;5715176,794999079778790;6,724357786000040;51,565581392000098
45792;5220817600320587429;5;3;82;72;2022;8;15;4;3;5;3;0;0;1;1;0;0;0;0;364306,549999860988464;5611083,623999459668994;7,081119894000040;50,635807614999997
45799;5220821515210994813;5;1;54;12;2022;8;10;1;2;0;1;0;0;1;0;0;0;0;0;309387,066788755008020;5709205,202199400402606;6,253576326000030;51,501793247000101
45802;5220823500100357540;5;1;11;0;2022;8;13;3;2;6;6;0;0;1;0;1;0;0;0;344419,531258529983461;5677978,361974840052426;6,771544424000070;51,231947446000000
45805;5220819317120993626;5;9;78;16;2022;8;18;6;3;5;3;0;0;1;1;0;0;0;0;404051,221965776989236;5707092,674620100297034;7,617470382000020;51,506810249000097
45806;5220827515111578966;5;1;54;44;2022;8;23;7;3;4;1;2;0;1;0;0;0;0;0;327399,316999570000917;5738938,499998419545591;6,498162462000040;51,774674287000003
45808;5220824607100036241;5;3;82;60;2022;8;6;4;3;5;3;0;0;1;1;0;0;0;0;373483,464309474977199;5628169,490283709950745;7,204965379000040;50,791448932999998
45810;5220817313121679455;5;9;58;32;2022;8;10;4;3;5;3;0;0;1;1;0;0;0;0;452112,338999999978114;5688893,569999639876187;8,312364574000069;51,349296494999997
45811;5220818407230993630;5;7;62;28;2022;8;7;5;3;5;3;0;0;1;1;0;0;0;0;507882,893085595977027;5739267,825219090096653;9,114328278000070;51,804204502000097
45812;5220826301201773368;5;9;13;0;2022;8;16;6;3;5;2;0;0;1;1;0;0;0;0;390459,366502057993785;5709900,363108440302312;7,420827118000030;51,529575327000003
45813;5220823317210994698;5;9;78;20;2022;8;11;3;3;5;3;0;0;1;1;0;0;0;0;408111,724702166975476;5714023,417887699790299;7,674151801000050;51,569787410000103
45820;5220816705000995064;5;5;54;12;2022;8;10;3;3;0;7;0;0;1;0;0;0;0;0;355977,428073962975759;5740619,332545859739184;6,911376762000030;51,797860520000000
45824;5220825501212267279;5;1;12;0;2022;8;13;5;3;5;3;0;0;1;1;0;0;0;0;340151,533999693987425;5698521,445999019779265;6,701250329000060;51,415343203000099
45829;5220820515211582176;5;1;54;16;2022;8;21;7;3;0;1;2;0;1;0;0;0;0;0;301404,578999206016306;5731960,606995879672468;6,125830323000060;51,703395798000003
45831;5220817505100017923;5;1;14;0;2022;8;16;4;3;5;3;0;0;1;1;0;0;0;0;332849,726999619975686;5688227,179998760111630;6,601181327000060;51,320753725000003
45832;5220826503400994471;5;1;22;0;2022;8;16;6;3;3;2;0;0;1;1;0;0;0;0;365437,544999865989666;5673899,874999480322003;7,073929453000060;51,200637296000103
45833;5220823601400490400;5;3;15;0;2022;8;14;3;3;0;1;0;0;1;0;0;0;0;0;352931,595999595010653;5656303,011999850161374;6,902224932000020;51,039424939000099
45838;5220817310210993636;5;9;54;24;2022;8;6;4;3;5;3;0;0;1;1;0;0;0;0;379564,762805693026166;5682284,029293250292540;7,273216633000060;51,279147524000102
45847;5220824607500078266;5;3;82;56;2022;8;17;4;3;5;2;0;0;1;1;0;0;0;0;370895,629335430974606;5627198,384975959546864;7,168609787000040;50,782149797999999
45848;5220821313220994799;5;9;58;24;2022;8;15;1;3;0;7;0;0;1;0;0;0;0;0;491910,107080231013242;5699825,252373759634793;8,883580798000031;51,449553113000000
45850;5220818301201271225;5;9;13;0;2022;8;8;5;3;5;3;0;0;1;0;0;1;0;0;386163,985623592976481;5707082,670077580027282;7,359840410000060;51,503400210999999
45851;5220825516500778757;5;1;58;16;2022;8;12;5;2;5;3;0;0;1;1;0;0;0;0;357906,894794152991381;5670464,010788019746542;6,967568631000060;51,167937408000100
45854;5220822702100805055;5;5;15;0;2022;8;17;2;3;5;3;0;0;1;0;0;0;0;0;404026,828645966015756;5753616,382104770280421;7,604302617000030;51,924996067999999
45855;5220818705000005265;5;5;54;44;2022;8;18;5;3;5;3;0;0;1;1;0;0;0;0;369040,801834169018548;5743731,179450170136988;7,099528240000040;51,829036108000103
45862;5220827501111382343;5;1;12;0;2022;8;14;7;3;5;7;0;0;1;0;0;0;0;1;345418,914436431019567;5708975,746274130418897;6,772366263000040;51,510735637000003
45869;5220823301101535183;5;9;13;0;2022;8;8;3;3;5;5;0;0;1;1;0;0;0;0;393066,211864378012251;5708411,512621119618416;7,458845334000050;51,516692624000001
45873;5220826709500179086;5;5;66;76;2022;8;11;6;3;3;6;0;0;1;0;0;0;0;0;393707,112774778972380;5793010,230333689600229;7,441993296000020;52,277173806000100
45875;5220819607100637093;5;3;82;40;2022;8;10;6;3;5;3;0;0;1;1;0;0;0;0;381565,777435807976872;5636177,591341050341725;7,316996873000050;50,865140689999997
45879;5220824516900086918;5;1;58;26;2022;8;19;4;2;4;2;0;0;1;1;0;0;0;0;352107,972999787016306;5664852,307999310083687;6,886987421000070;51,116039817999997
45888;5220823601200994666;5;3;15;0;2022;8;18;3;3;4;6;0;0;1;1;0;0;0;0;354192,567999802005943;5644492,894999340176582;6,924937890000020;50,933613460000103
45890;5220819405108994902;5;7;54;8;2022;8;13;6;3;3;6;0;0;1;0;0;0;0;0;456825,446926713979337;5753040,413038450293243;8,372122654000069;51,926417252000100
45893;5220821502227060588;5;1;13;0;2022;8;13;1;3;0;1;0;0;1;0;0;0;0;0;356987,782028693007305;5695296,319096740335226;6,944491864000040;51,390859023000097
45897;5220823506100072073;5;1;16;0;2022;8;19;3;3;4;6;0;0;1;1;0;0;0;0;321145,645999473985285;5673458,054998150095344;6,440768002000030;51,184522201000000
45898;5220822300400793682;5;9;11;0;2022;8;14;2;3;5;3;0;0;1;1;0;0;0;0;372003,807999897981063;5701020,640999539755285;7,158122647000030;51,445890675000001
45903;5220824701400361084;5;5;12;0;2022;8;15;4;3;5;3;0;0;1;1;0;0;0;0;360451,432999841985293;5709696,252999429591000;6,988559979000060;51,521123006000003
45909;5220821706200993621;5;5;58;12;2022;8;1;1;2;8;1;2;0;1;0;0;0;0;0;375342,316403269011062;5751606,708870310336351;7,188082623000070;51,901252613000104
45912;5220826701910275334;5;5;62;8;2022;8;17;6;3;5;3;0;0;1;1;0;0;0;0;384335,432468574028462;5721352,050188059918582;7,328809725000040;51,631279371000097
45915;5220819513210978937;5;1;62;24;2022;8;23;6;3;4;6;2;0;1;0;0;0;0;0;338103,760906487004831;5670966,592252509668469;6,684320670000030;51,167191195999997
45916;5220817515111995003;5;1;54;44;2022;8;13;4;3;0;7;0;1;1;0;0;0;0;0;320848,843645079992712;5743102,094034410081804;6,401166993000060;51,810013884999996
45917;5220826609108077509;5;3;58;8;2022;8;11;6;3;5;3;0;0;1;1;0;0;0;0;321163,580999463971239;5630304,932998229749501;6,462267461000070;50,796856888000001
45919;5220825513210587096;5;1;62;24;2022;8;15;5;2;5;3;0;0;1;1;0;0;0;0;338005,398919763974845;5673953,983637190423906;6,681568289000040;51,194004632000002
45921;5220818516100080948;5;1;58;32;2022;8;15;5;2;5;2;0;0;1;1;0;0;0;0;365034,684485840029083;5686941,732774320058525;7,063245911000020;51,317749056000103
45923;5220819405232994925;5;7;54;32;2022;8;5;6;2;0;1;1;0;1;0;0;0;0;0;461790,238000001991168;5742394,711999660357833;8,445499248000029;51,831067654999998
45928;5220819410110343975;5;7;70;24;2022;8;10;6;3;5;3;0;0;1;0;0;0;0;0;494414,168578511977103;5792938,004762640222907;8,918109517000060;52,286774301000001
45933;5220824518120994646;5;1;70;44;2022;8;7;4;3;5;3;0;0;1;1;0;0;0;0;339947,467999695974868;5718126,449998999945819;6,689422772000060;51,591425478000097
45934;5220825405108880644;5;7;54;8;2022;8;18;5;2;0;1;0;0;1;0;0;0;0;0;455127,847999999998137;5755866,929999670013785;8,347067761000060;51,951694705000101
45937;5220819705000994906;5;5;54;8;2022;8;11;6;3;5;2;0;0;1;1;0;0;0;0;334783,193184108007699;5745816,607924150303006;6,601809562000030;51,838691031000103
45940;5220819404301994894;5;7;66;28;2022;8;15;6;2;1;5;0;0;1;1;0;0;0;0;506784,627521844988223;5767732,023196600377560;9,098961143000050;52,060141919000003
45950;5220817405228687286;5;7;54;28;2022;8;13;4;3;4;2;0;0;1;1;0;0;0;0;452249,877158150018658;5742026,556412990204990;8,307109989000031;51,827023605000100
45951;5220819701500994916;5;5;62;24;2022;8;10;6;3;5;3;0;0;1;1;0;0;0;0;364842,031441211991478;5721147,386932609602809;7,047399959000070;51,625095193000000
45956;5220822610212363883;5;3;70;40;2022;8;13;2;3;5;3;0;0;1;1;0;0;0;0;313158,695545790018514;5665960,998068450018764;6,330503522000070;51,114625584000102
45962;5220816702100087866;5;5;15;0;2022;8;16;3;3;6;6;0;0;1;0;1;0;0;0;405974,049772181024309;5756396,639117170125246;7,631851362000020;51,950318668000101
45965;5220825518320991703;5;1;70;52;2022;8;15;5;2;5;3;0;0;1;1;0;0;0;0;322090,049999504000880;5729079,215998100116849;6,426325264000070;51,684453330000103
45967;5220821705000968257;5;5;54;12;2022;8;17;1;3;5;6;0;0;1;1;0;0;0;0;347281,351999758975580;5746797,991999199613929;6,782639534000050;51,851065874000000
45968;5220822601300590443;5;3;15;0;2022;8;9;2;3;3;7;0;0;1;1;0;0;0;0;353367,399683554016519;5644887,023950089700520;6,913044204000070;50,936946151000001
45972;5220819600360286617;5;3;82;12;2022;8;11;6;3;5;3;0;0;1;1;0;0;0;0;354059,441783545014914;5626919,230015779845417;6,930050222000030;50,775648226000001
45978;5220827607400521502;5;3;82;68;2022;8;10;7;3;5;3;0;1;1;1;0;0;0;0;368293,698459444975015;5630033,352099060080945;7,130704796000030;50,807045394000099
45982;5220818601300678623;5;3;15;0;2022;8;23;5;3;0;1;2;0;1;1;0;0;0;0;355493,991999808989931;5640062,949999360367656;6,945200857000030;50,894129800000002
45985;5220822404301090687;5;7;66;44;2022;8;12;2;2;0;2;0;0;1;1;0;0;0;0;494138,814000001002569;5763070,204999670386314;8,914588154000061;52,018238572000001
45990;5220824607400471632;5;3;82;68;2022;8;21;4;2;4;6;1;0;1;0;0;0;0;0;370431,014999889011960;5630443,410999510437250;7,160877948000060;50,811213042000098
46002;5220816709000991683;5;5;66;52;2022;8;11;3;3;5;2;0;0;1;1;0;0;0;0;377358,584684978995938;5778517,673526350408792;7,207730944000050;52,143536638000100
46004;5220820709110994851;5;5;66;8;2022;8;12;7;3;7;3;0;0;1;0;0;0;0;1;399280,171975033998024;5781602,416070819832385;7,527048624000030;52,175693919000103
46005;5220817500200570419;5;1;11;0;2022;8;13;4;3;5;3;0;0;1;1;0;0;0;0;346669,692999748978764;5680354,887999200262129;6,802731321000070;51,253910750000003
46011;5220822608100771738;5;3;34;2;2022;8;20;2;3;6;4;2;0;1;0;1;0;0;0;295104,339036520977970;5626699,151919259689748;6,094964543000060;50,755847584000001
46012;5220819303100979516;5;9;15;0;2022;8;7;6;3;0;2;0;0;1;1;0;0;0;0;421480,832999992009718;5723579,759999649599195;7,864868244000040;51,657717385000097
46013;5220827404302321528;5;7;66;8;2022;8;0;7;2;0;1;2;0;1;0;0;0;0;0;483452,646071301016491;5764063,606031700037420;8,758817472000031;52,026954282000098
46017;5220816701610050789;5;5;62;12;2022;8;12;3;3;5;3;0;0;1;0;0;0;0;0;359824,357894965971354;5726264,468940620310605;6,972908066000060;51,669849167999999
46019;5220824601300994594;5;3;15;0;2022;8;13;4;3;0;1;0;0;1;0;0;0;0;0;351073,480960674991366;5643581,178633710369468;6,880953105000060;50,924623408000102
46020;5220825601600286490;5;3;15;0;2022;8;15;5;3;0;1;0;0;1;0;0;0;0;0;360882,565167093009222;5647713,820961459539831;7,018853877000030;50,964213125000100
46022;5220821610211511596;5;3;70;4;2022;8;23;1;2;0;1;2;0;1;0;0;0;0;0;308627,167613178025931;5665360,189381370320916;6,266155962000030;51,107733896000099
46028;5220819518100791993;5;1;70;48;2022;8;13;6;3;0;7;0;0;1;1;0;0;0;0;336753,049874186981469;5725824,300410280004144;6,639760998000040;51,659665835000098
46030;5220826600110467679;5;3;14;0;2022;8;16;6;3;5;2;0;0;1;1;0;0;0;0;366318,144999868993182;5622039,227999470196664;7,105587503000040;50,734742287000103
46031;5220823600360586320;5;3;82;12;2022;8;9;3;3;5;3;0;0;1;1;0;0;0;0;354059,193388596992008;5626919,756488430313766;6,930046493000020;50,775652895000100
46033;5220827601600994441;5;3;15;0;2022;8;13;7;3;5;3;0;0;1;1;0;0;0;0;365148,075999865017366;5637064,112999469973147;7,083498165000040;50,869512247999999
46034;5220824500200565753;5;1;11;0;2022;8;14;4;3;5;2;0;0;1;1;0;0;0;0;345095,646999734977726;5680407,518999160267413;6,780170062000020;51,253958249000000
46039;5220826405148581065;5;7;54;48;2022;8;23;6;2;8;1;2;0;1;0;0;0;0;0;444289,112584342015907;5765389,558366649784148;8,187821764000031;52,036323645000003
46044;5220827513130282323;5;1;62;22;2022;8;13;7;3;0;1;0;0;1;0;0;0;0;0;338736,518312595027965;5680333,124938310123980;6,689153140000030;51,251527010000103
46051;5220823313123077914;5;9;58;16;2022;8;12;3;3;0;1;0;0;1;0;0;0;0;0;442833,692047388991341;5682012,429847859777510;8,180246275000060;51,286569841000102
46061;5220825600140667674;5;3;14;0;2022;8;18;5;3;1;5;0;0;1;0;0;0;0;1;369586,028768273012247;5622670,890795709565282;7,151647288000050;50,741162786000103
46062;5220825513130781521;5;1;62;22;2022;8;17;5;3;5;1;0;0;1;1;0;0;0;0;336272,586999655992258;5684637,557998900301754;6,651906159000020;51,289498285999997
46069;5220823601400994636;5;3;15;0;2022;8;18;3;3;0;2;0;0;1;0;0;0;0;1;352731,998814727994613;5651224,955555650405586;6,901441620000070;50,993740211999999
46073;5220825400100994529;5;7;11;0;2022;8;17;5;2;2;6;0;0;1;1;0;0;0;0;469275,255176606005989;5767059,236980199813843;8,551913884000040;52,053282706000097
46076;5220818317120609042;5;9;78;16;2022;8;17;5;3;0;1;0;0;1;1;0;0;0;0;403967,525023324007634;5707830,637905799783766;7,616063758000050;51,513429648000098
46077;5220824601400553986;5;3;15;0;2022;8;21;4;3;8;1;2;0;1;0;0;0;0;0;356985,598777197010349;5655553,220465529710054;6,960307173000050;51,033710118000002
46078;5220825602600994568;5;3;62;20;2022;8;8;5;3;4;2;0;0;1;1;0;0;0;0;342483,819999707979150;5629985,669999109581113;6,764681350000050;50,800175140000100
46079;5220825501319276145;5;1;12;0;2022;8;13;5;3;5;3;0;0;1;1;0;0;0;0;343588,748999723000452;5697002,848999120295048;6,751308600000070;51,402657352000098
46081;5220822602700994731;5;3;62;28;2022;8;17;2;3;5;3;0;0;1;1;0;0;0;0;351494,534999781986699;5636029,535999299958348;6,890009440000030;50,856868677000101
46084;5220820516600986934;5;1;58;4;2022;8;22;7;3;6;2;2;0;1;0;1;0;0;0;353780,484566678002011;5676932,280254339799285;6,905953665000030;51,225022553000002
46086;5220817601100995011;5;3;15;0;2022;8;8;4;3;5;2;0;0;1;1;0;0;0;0;355024,439999807975255;5645377,425999360159039;6,936416523000050;50,941772233999998
46088;5220823605112878469;5;3;74;12;2022;8;6;3;2;9;1;0;0;1;0;0;0;0;0;393296,150839583016932;5653766,890066459774971;7,478470900000050;51,025542508999997
46089;5220820410270657685;5;7;70;16;2022;8;11;7;2;1;3;0;0;1;1;0;0;0;0;479824,606000000028871;5790571,866999690420926;8,704364343000069;52,265159756000102
46090;5220824500300994595;5;1;11;0;2022;8;7;4;3;5;3;0;0;1;0;0;0;0;1;349322,809999767981935;5670663,865999259985983;6,844792725000050;51,167536448000099
46092;5220821518210179044;5;1;70;28;2022;8;16;1;2;5;2;0;0;1;1;0;0;0;0;331226,040999603981618;5704209,252998669631779;6,570303899000070;51,463854549000096
46094;5220818404101987025;5;7;66;20;2022;8;15;5;3;0;7;0;0;1;0;0;0;0;0;489794,088412042998243;5752334,599779670126736;8,851594218000059;51,921652108000004
46096;5220823501324091536;5;1;12;0;2022;8;7;3;3;5;3;0;0;1;1;0;0;0;0;342239,641733817989007;5693906,641076159663498;6,733304627000050;51,374464772000103