OBJECTID;UIDENTSTLAE;ULAND;UREGBEZ;UKREIS;UGEMEINDE;UJAHR;UMONAT;USTUNDE;UWOCHENTAG;UKATEGORIE;UART;UTYP1;ULICHTVERH;IstStrassenzustand;IstRad;IstPKW;IstFuss;IstKrad;IstGkfz;IstSonstige;LINREFX;LINREFY;XGCSWGS84;YGCSWGS84
46098;5220820301101376676;5;9;13;0;2022;8;17;7;3;5;3;0;0;1;1;0;0;0;0;393676,976254869019613;5706119,705524220131338;7,468335406000050;51,496208004000003
46099;5220819310230289962;5;9;54;12;2022;8;16;6;3;5;3;0;0;1;1;0;0;0;0;383895,622357316024136;5687782,134100049734116;7,333493956000040;51,329464857000097
46103;5220821310120489430;5;9;54;32;2022;8;15;1;3;3;6;0;0;1;0;0;0;0;0;384795,771822765003890;5696319,549333339557052;7,343641580000050;51,406383726000101
46104;5220816709000995061;5;5;66;28;2022;8;11;3;3;3;6;0;0;1;0;0;0;0;0;412922,212960488977842;5793377,987123019993305;7,723462862000080;52,283858995999999
46105;5220818301301580697;5;9;78;24;2022;8;6;5;3;5;2;0;0;1;1;0;0;0;0;398721,517543650988955;5716195,038134650327265;7,538080256000060;51,587698848999999
46112;5220824300800030154;5;9;54;36;2022;8;20;4;3;6;6;0;0;1;0;1;0;0;0;381095,216243649017997;5699564,358224470168352;7,289372943000050;51,434783756000101
46116;5220824603116574039;5;3;66;16;2022;8;19;4;3;0;7;0;0;1;1;0;0;0;0;345079,250635349017102;5611344,688818920403719;6,809310700000030;50,633360707000101
46122;5220819500100086686;5;1;11;0;2022;8;13;6;3;6;6;0;0;1;0;1;0;0;0;346551,732000890013296;5676110,559998810291290;6,802860297000050;51,215741551000100
46124;5220823602600994693;5;3;62;20;2022;8;12;3;3;8;1;0;0;1;0;0;0;0;0;342740,952095456013922;5625879,465332379564643;6,770083864000070;50,763346556000002
46125;5220822501128882187;5;1;12;0;2022;8;6;2;3;5;3;1;0;1;1;0;0;0;0;342635,056999718013685;5702971,361999089829624;6,734957723000040;51,456019550000100
46127;5220820405104994825;5;7;54;4;2022;8;22;7;2;8;1;2;0;1;0;0;0;0;0;451523,902731176000088;5774233,576711749657989;8,292027741000030;52,116512477000100
46132;5220821601200886507;5;3;15;0;2022;8;13;1;3;5;3;0;0;1;1;0;0;0;0;356931,716920858016238;5639870,814624669961631;6,965705958000060;50,892761018999998
46134;5220818500300292700;5;1;11;0;2022;8;15;5;3;0;1;0;0;1;0;0;0;0;0;349091,386999765003566;5674032,083999250084162;6,840070423000040;51,197741661000101
46135;5220825609128085864;5;3;58;28;2022;8;18;5;2;0;3;0;0;1;1;0;0;0;0;323021,536999487027060;5624525,800998349674046;6,491385461000050;50,745506217000099
46136;5220823410110994686;5;7;70;24;2022;8;15;3;3;5;3;0;0;1;1;0;0;0;0;494251,225964369019493;5796070,299539250321686;8,915667238000029;52,314933478000100
46137;5220822301301925036;5;9;78;24;2022;8;11;2;3;6;4;0;0;1;0;1;0;0;0;395589,672527475981042;5720761,293543539941311;7,491529847000040;51,628170748999999
46141;5220824302100994640;5;9;14;0;2022;8;10;4;3;6;7;0;0;1;0;1;0;0;0;392945,108863081026357;5691108,928815379738808;7,462332960000030;51,361144203000002
46143;5220821406230586236;5;7;58;20;2022;8;11;1;2;6;6;0;0;1;0;1;0;0;0;476479,855000000970904;5780626,608999679796398;8,656045114000049;52,175614449000101
46147;5220823405236994673;5;7;54;36;2022;8;17;3;2;2;6;0;0;1;0;0;0;0;0;479752,569910479011014;5747274,833158870227635;8,705877677000050;51,875885134000001
46149;5220825711215479615;5;5;70;4;2022;8;18;5;3;6;4;0;0;1;1;1;0;0;0;422735,975453486025799;5734998,044794299639761;7,880478440000050;51,760538193000102
46150;5220823515110994663;5;1;54;36;2022;8;21;3;3;5;3;2;0;1;1;0;0;0;0;303752,998556239996105;5740417,643857910297811;6,155002647000060;51,780168416999999
46154;5220827601200290379;5;3;15;0;2022;8;1;7;3;0;1;2;0;1;0;0;0;0;0;353188,795729346980806;5643964,002425310201943;6,910875820000060;50,928605866000098
46160;5220825605136378446;5;3;74;36;2022;8;12;5;3;5;2;0;0;1;1;0;0;0;0;382705,530999934999272;5673622,921999580226839;7,321064521000040;51,201954595000103
46169;5220817506100511604;5;1;16;0;2022;8;17;4;2;5;2;0;0;1;1;0;0;0;0;321474,217372447019443;5671159,006879059597850;6,446606218000060;51,163971887000102
46177;5220823601500881727;5;3;15;0;2022;8;15;3;2;0;6;0;0;1;1;0;0;0;0;365011,666319262003526;5649616,875116360373795;7,076913214000060;50,982299074000103
46179;5220820301301518554;5;9;78;24;2022;8;12;7;3;0;1;0;1;1;0;0;0;0;0;398731,295903809019364;5718516,795312750153244;7,537551071000050;51,608570059999998
46184;5220821301304580428;5;9;13;0;2022;8;11;1;3;0;7;0;0;1;0;0;0;0;0;403768,495499707001727;5709962,469100349582732;7,612614109000050;51,532558928000100
46185;5220817303100994984;5;9;15;0;2022;8;19;4;3;1;7;0;0;1;0;0;0;0;1;419278,734141820983496;5726669,268259639851749;7,832326083000050;51,685178854000100
46189;5220823404103921443;5;7;66;52;2022;8;11;3;3;5;3;0;0;1;1;0;0;0;0;517485,255014479975216;5756666,526083679869771;9,254475263000071;51,960419254000001
46190;5220822300500236650;5;9;11;0;2022;8;7;2;3;6;6;0;0;1;1;1;0;0;0;377377,978992365009617;5704229,904807549901307;7,234304174000040;51,475923137000102
46191;5220822608324448369;5;3;34;24;2022;8;15;2;2;3;7;0;0;1;1;0;0;0;0;302406,297093438974116;5614877,521125639788806;6,204683697000060;50,652194688000101
46194;5220824307000480395;5;9;62;24;2022;8;8;4;3;2;6;0;0;1;1;0;0;0;0;407374,116209383995738;5699800,176486769691110;7,667247860000030;51,441810052000100
46195;5220824701200993609;5;5;62;20;2022;8;21;4;3;5;3;2;0;1;0;0;0;0;1;371597,430999896023422;5716225,484999540261924;7,146739560000070;51,582444801000101
46196;5220820600310994832;5;3;14;0;2022;8;22;7;3;0;7;2;0;1;1;0;0;0;0;362116,564022775972262;5620040,423832420259714;7,046830342000020;50,715795411999999
46202;5220821701400993620;5;5;12;0;2022;8;14;1;3;5;3;0;0;1;1;0;0;0;0;357787,779824991011992;5709773,779934369958937;6,950161228000070;51,521155295000000
46203;5220822601300586613;5;3;15;0;2022;8;7;2;3;0;2;0;0;1;0;0;0;0;1;353379,547999795991927;5645782,282999330200255;6,912856665000050;50,944994592999997
46204;5220818700000071568;5;5;13;0;2022;8;10;5;3;5;3;0;0;1;1;0;0;0;0;365479,995114066987298;5714341,694456939585507;7,059219992000070;51,564089302000099
46207;5220820501122091415;5;1;12;0;2022;8;3;7;3;0;1;2;1;1;0;0;0;0;0;342617,388675729976967;5704700,053086260333657;6,733934101000050;51,471546492000101
46210;5220826601300778499;5;3;15;0;2022;8;13;6;3;9;6;0;0;1;1;0;0;0;0;353418,465894059976563;5644864,346685729920864;6,913779613000030;50,936755341000001
46211;5220823605112625866;5;3;74;12;2022;8;18;3;3;5;2;0;0;1;1;0;0;0;0;398501,366999968013261;5653471,715999599546194;7,552750624000050;51,023831704000003
46216;5220818601300090916;5;3;15;0;2022;8;16;5;3;0;1;0;0;1;0;0;0;0;0;353848,731989638006780;5644836,034636829979718;6,919910406000040;50,936610115000100
46217;5220821602300015246;5;3;62;36;2022;8;16;1;3;5;3;0;0;1;1;0;0;0;0;344036,690999724029098;5656416,134999140165746;6,775399273000060;51,038096014000097
46218;5220822601400994752;5;3;15;0;2022;8;12;2;3;2;2;0;0;1;0;0;0;0;0;355277,863082411990035;5648282,033693529665470;6,938866441000070;50,967938880000098
46221;5220823608332991023;5;3;34;32;2022;8;10;3;3;0;1;0;0;1;0;0;0;0;0;304238,553980524011422;5626657,671865670010448;6,224326657000060;50,758627471000104
46223;5220819514210089367;5;1;66;12;2022;8;17;6;3;0;3;0;0;1;0;0;0;0;1;320359,261999470996670;5693251,897998049855232;6,419580555000040;51,362083450000100
46224;5220817505100118006;5;1;14;0;2022;8;19;4;3;5;3;0;0;1;0;0;0;1;0;331145,451887652976438;5687839,062044289894402;6,576929995000060;51,316763611000098
46227;5220824603220015325;5;3;66;20;2022;8;15;4;2;7;1;0;0;1;0;0;0;0;0;320397,392895233002491;5596063,634834109805524;6,468002575000070;50,488989066000002
46228;5220825407120253549;5;7;62;8;2022;8;17;5;3;0;2;0;0;1;0;0;0;0;1;525922,461000001057982;5723557,130999649874866;9,374788097000019;51,662401494999997
46231;5220819602900890295;5;3;62;40;2022;8;11;6;3;5;2;0;0;1;1;0;0;0;0;357796,294999824021943;5630331,812999390065670;6,981695568000020;50,807246214000003
46235;5220820317250185064;5;9;78;32;2022;8;12;7;3;5;3;0;0;1;1;0;0;0;0;393128,157393563014921;5729519,302154189907014;7,453301876000070;51,706427286000100
46238;5220824503200391253;5;1;24;0;2022;8;7;4;3;5;2;0;0;1;1;0;0;0;0;375715,770999910018872;5681482,121999549679458;7,218337400000050;51,271113517000103
46242;5220819702100579100;5;5;15;0;2022;8;7;6;3;5;3;0;0;1;1;0;0;0;0;405037,549999976996332;5757959,877999659627676;7,617796743000040;51,964210590999997
46248;5220822610111785745;5;3;70;16;2022;8;19;2;3;5;5;0;0;1;1;0;0;0;0;294947,167999028984923;5657502,696995289996266;6,075449756000070;51,032439000000103
46252;5220824702100087866;5;5;15;0;2022;8;13;4;3;5;2;0;0;1;1;0;0;0;0;405895,818999979004730;5755919,017999660223722;7,630844156000020;51,946012355000100
46253;5220820601300994822;5;3;15;0;2022;8;21;7;3;0;6;2;0;1;0;0;0;0;0;354814,331999805988744;5645557,585999350063503;6,933356116000030;50,943338416000103
46265;5220819513120871718;5;1;62;20;2022;8;7;6;3;5;3;0;0;1;1;0;0;0;0;330636,742999593028799;5671108,471998680382967;6,577549586000030;51,166303853999999
46266;5220817601600995004;5;3;15;0;2022;8;9;4;3;0;1;0;0;1;0;0;0;0;0;364653,958958613977302;5645589,387295099906623;7,073318613000030;50,946018197999997
46267;5220826518120189297;5;1;70;44;2022;8;13;6;3;5;3;0;0;1;0;0;1;0;0;335339,864999649988022;5721214,298998829908669;6,621516720000050;51,617838511999999
46268;5220823608324473661;5;3;34;24;2022;8;13;3;3;5;3;0;0;1;1;0;0;0;0;300943,404673759010620;5614542,550411860458553;6,184195013000020;50,648687946000102
46269;5220820411232082090;5;7;74;32;2022;8;16;7;3;5;3;0;0;1;1;0;0;0;0;480043,478000000992324;5736555,310999659821391;8,710721530000059;51,779515235000098
46272;5220821501126994794;5;1;12;0;2022;8;16;1;2;0;7;0;0;1;0;0;0;0;0;345789,837965040002018;5703981,722389440052211;6,779888616000050;51,465965769000000
46273;5220817317240918677;5;9;78;40;2022;8;17;4;3;3;2;0;0;1;0;0;1;0;0;405554,815033063001465;5725037,765987079590559;7,634300306000060;51,668372794000000
46275;5220818404301021651;5;7;66;24;2022;8;7;5;3;5;3;0;0;1;1;0;0;0;0;504257,364283689006697;5761641,547248830087483;9,062022488000030;52,005408228000100
46290;5220822607100036241;5;3;82;28;2022;8;8;2;3;5;3;0;0;1;1;0;0;0;0;373857,846999901987147;5633575,238999529741704;7,208415827000070;50,840119502000100
46292;5220826400200994479;5;7;11;0;2022;8;15;6;3;5;2;0;0;1;1;0;0;0;0;470183,719999998982530;5763821,948999670334160;8,565444725000020;52,024227042000099
46293;5220823505100879007;5;1;14;0;2022;8;16;3;3;5;3;0;0;1;1;0;0;0;0;329770,649999585002661;5687422,432998619973660;6,557419577000080;51,312611040000000
46294;5220822500300875994;5;1;11;0;2022;8;21;2;3;4;1;2;0;1;0;0;0;0;1;350100,661108587984927;5670064,408928270451725;6,856160166000050;51,162354139000101
46295;5220820317140994842;5;9;78;28;2022;8;16;7;3;1;3;0;0;1;0;0;0;0;0;397283,129934487980790;5697375,020287830382586;7,522805833000060;51,418270577000001
46296;5220819315110480462;5;9;70;40;2022;8;13;6;3;0;3;0;0;1;0;0;1;0;0;430700,397999994980637;5636591,983999609947205;8,014993907000081;50,876845930999998
46297;5220827501317491537;5;1;12;0;2022;8;5;7;3;0;3;2;0;1;1;0;0;0;0;344685,062814410019200;5699316,888474309816957;6,766043548000030;51,423750294000101
46308;5220818607400236924;5;3;82;44;2022;8;18;5;3;6;4;0;0;1;0;1;0;0;0;360401,038999841024633;5632754,257999420166016;7,017719159000020;50,829651206999998
46310;5220824300500171482;5;9;11;0;2022;8;9;4;3;0;1;0;0;1;0;0;0;0;0;378003,870999920996837;5697808,543999570421875;7,245525962000040;51,418345934000101
46312;5220816706200284916;5;5;58;12;2022;8;22;3;2;8;1;2;0;1;0;0;0;0;0;374321,772587294981349;5756014,818862150423229;7,171647899000050;51,940636855000001
46314;5220824600110994602;5;3;14;0;2022;8;17;4;3;5;3;0;0;1;1;0;0;0;0;363066,916834136005491;5625122,390807449817657;7,058395788000040;50,761695501000098
46317;5220821607400890942;5;3;82;68;2022;8;14;1;2;5;3;0;0;1;0;0;1;0;0;373096,936161723977420;5634006,836179319769144;7,197464876000030;50,843832446000100
46322;5220820515212091081;5;1;54;64;2022;8;14;7;2;0;2;0;0;1;1;0;0;0;0;306715,527757644013036;5722404,073085649870336;6,207877077000030;51,619424896000098
46324;5220817502409076424;5;1;17;0;2022;8;17;4;3;0;7;0;0;1;1;0;0;0;0;349493,542999770026654;5699949,719999260269105;6,834883080000050;51,430733787000101
46327;5220820506100174090;5;1;16;0;2022;8;21;7;3;0;1;2;0;1;0;0;0;0;0;322820,458484279981349;5676136,091908180154860;6,463386075000070;51,209101548000000
46332;5220819608416133507;5;3;34;16;2022;8;13;6;2;4;6;0;0;1;0;0;0;0;0;295112,457007416989654;5638927,656229269690812;6,088253949000030;50,865677069000100
46333;5220818400300176361;5;7;11;0;2022;8;11;5;2;3;2;0;0;1;1;0;0;0;0;466899,660383481997997;5758496,048750460147858;8,518097627000030;51,976157545000000
46336;5220822405244772225;5;7;54;44;2022;8;14;2;3;5;3;0;0;1;0;0;0;0;0;462505,027000000991393;5749415,603999669663608;8,455109662000041;51,894239272999997
46338;5220819315210641418;5;9;70;24;2022;8;17;6;3;7;1;0;0;1;0;0;0;0;0;429010,581189977994654;5645878,539268719963729;7,989171686000080;50,960138338000000
46339;5220827601500786366;5;3;15;0;2022;8;1;7;3;0;1;2;0;1;1;0;0;0;0;361685,553000139014330;5647947,223999530076981;7,030193091000060;50,966504116000102
46343;5220817300500177742;5;9;11;0;2022;8;12;4;3;5;3;0;0;1;1;0;0;0;0;376784,015999916009605;5701007,531999570317566;7,226878763000060;51,446833085999998
46345;5220825516500681919;5;1;58;16;2022;8;10;5;3;0;7;0;0;1;0;0;0;0;1;355338,371999809984118;5670445,402999360114336;6,930862653000080;51,167126340999999
46348;5220822706300994726;5;5;58;24;2022;8;19;2;2;2;6;0;0;1;1;0;0;0;0;386317,255951653991360;5737596,500996110029519;7,352134457000030;51,777683621999998
46349;5220818602500685826;5;3;62;24;2022;8;16;5;3;6;7;0;0;1;0;1;0;0;0;345286,955400647013448;5641731,401091010309756;6,799465882000050;50,906478659000101
46359;5220821608312833335;5;3;34;12;2022;8;13;1;3;4;6;0;0;1;0;0;0;0;0;309651,865847598994151;5636459,431169999763370;6,295907881000060;50,848475319000002
46361;5220818515000994947;5;1;54;32;2022;8;17;5;3;0;2;0;0;1;1;0;0;0;0;310126,188626774994191;5717194,443628629669547;6,259904188000060;51,573796522000102
46365;5220823607400078310;5;3;82;56;2022;8;9;3;3;5;2;0;0;1;1;0;0;0;0;371261,800999892002437;5624963,060999509878457;7,174583643000060;50,762139490000003
46368;5220820601300763937;5;3;15;0;2022;8;15;7;2;0;1;0;0;1;0;0;0;0;0;354175,813867338991258;5645953,508463789708912;6,924114981000060;50,946735300000100
46372;5220825601600190300;5;3;15;0;2022;8;21;5;3;5;2;2;0;1;1;0;0;0;0;364872,983999862975907;5645483,642999470233917;7,076473838000030;50,945119201000097
46373;5220825515211994572;5;1;54;16;2022;8;8;5;3;0;2;0;0;1;1;0;0;0;0;303051,807826381002087;5728753,333217940293252;6,151447772000040;51,675173932000099
46376;5220818600140681165;5;3;14;0;2022;8;19;5;3;0;7;0;0;1;0;0;0;0;0;367329,889395867008716;5622649,121999019756913;7,119697157000080;50,740456039999998
46378;5220819410130039360;5;7;70;28;2022;8;23;6;3;0;1;2;0;1;0;0;0;0;0;506263,957977087004110;5813922,701709570363164;9,092224304000069;52,475427029000102
46381;5220820407230879419;5;7;62;28;2022;8;8;7;3;0;1;0;1;1;0;0;0;0;0;507878,637682598026004;5739274,229907009750605;9,114266706000020;51,804262148000099
46384;5220824502340681125;5;1;13;0;2022;8;13;4;3;5;7;0;0;1;1;0;0;0;0;362020,968890752992593;5710545,131899139843881;7,010835894000020;51,529136854999997
46387;5220817501126994996;5;1;12;0;2022;8;13;4;3;5;7;0;0;1;1;0;0;0;0;345257,468020640022587;5704518,690699949860573;6,771995402000070;51,470645107000102
46389;5220825709500176614;5;5;66;76;2022;8;15;5;3;5;3;0;0;1;1;0;0;0;0;391648,517999957024585;5792589,879999659955502;7,411966581000060;52,272994204000000
46392;5220822701110994736;5;5;62;32;2022;8;14;2;3;5;3;0;0;1;1;0;0;0;0;375080,309999906981830;5719461,155999559909105;7,195829279000070;51,612306924000102
46394;5220827500200370604;5;1;11;0;2022;8;12;7;3;3;6;0;0;1;1;0;0;0;0;345651,366708901012316;5679391,389659630134702;6,788565511000060;51,244978601000099
46395;5220824405108090674;5;7;54;8;2022;8;11;4;3;5;2;0;0;1;1;0;0;0;0;455694,291981769027188;5748191,772491070441902;8,356297068000060;51,882736487999999
46396;5220824701910725093;5;5;62;8;2022;8;17;4;3;5;2;0;0;1;1;0;0;0;0;385078,812999940011650;5723278,885999609716237;7,338912873000030;51,648749597000098
46397;5220821303100575377;5;9;15;0;2022;8;12;1;2;5;3;0;0;1;1;0;0;0;0;422892,019999990996439;5726730,400999650359154;7,884569658000030;51,686236268000101
46398;5220816701400871478;5;5;12;0;2022;8;7;3;3;5;3;0;0;1;1;0;0;0;0;355466,092214449017774;5717235,126985870301723;6,913653884000040;51,587611308000099
46399;5220817610211479488;5;3;70;4;2022;8;14;4;3;5;2;0;1;1;1;0;0;0;0;311486,555999327974860;5662013,914997399784625;6,308701441000040;51,078623685000103
46400;5220825518320076002;5;1;70;52;2022;8;16;5;3;9;1;0;0;1;0;0;0;0;0;323640,921842186013237;5722962,008206229656935;6,451821914000050;51,629994215000103
46404;5220818608100071738;5;3;34;2;2022;8;11;5;3;0;1;0;0;1;0;0;0;0;0;295176,041059324983507;5627365,799209400080144;6,095608862000060;50,761860255000002
46405;5220826518400091102;5;1;70;8;2022;8;2;6;3;5;3;2;0;1;1;0;0;0;0;341679,451226932986174;5715880,039893279783428;6,715417602000060;51,571732063000098
46408;5220819501122579056;5;1;12;0;2022;8;23;6;2;5;3;2;0;1;1;0;0;0;0;342552,893999715975951;5705731,168999089859426;6,732546742000070;51,480792835999999
46413;5220821514121889769;5;1;66;4;2022;8;12;1;3;0;2;0;0;1;0;0;0;0;0;296729,796515388996340;5679416,249594800174236;6,088480155000070;51,229871768000102
46414;5220818513120676240;5;1;62;20;2022;8;19;5;3;5;3;0;0;1;1;0;0;0;0;328510,850055844988674;5669166,062265999615192;6,548097685000070;51,148219869000101
46420;5220820301202073340;5;9;13;0;2022;8;14;7;3;5;2;0;0;1;0;0;0;0;0;394265,865904838021379;5710701,891894429922104;7,475440856000030;51,537505526000103
46422;5220827515210082161;5;1;54;12;2022;8;20;7;2;5;3;1;0;1;1;0;0;0;0;315914,543635585985612;5711256,935478139668703;6,346445122000030;51,522385471000099
46428;5220825608200285752;5;3;34;2;2022;8;13;5;3;4;2;0;0;1;0;0;0;0;1;295946,580999025027268;5625052,637995650060475;6,107801736000060;50,741356231000097
46430;5220822313220994759;5;9;58;24;2022;8;12;2;3;2;6;0;0;1;0;0;0;0;0;495948,665485660021659;5696726,622848950326443;8,941733879000029;51,421734088000100
46434;5220824317230577918;5;9;78;8;2022;8;18;4;2;1;5;0;0;1;0;0;0;0;1;415587,627712908026297;5713639,043136679567397;7,782085924000060;51,567500930000101
46440;5220824406150994582;5;7;58;36;2022;8;19;4;3;3;6;0;0;1;0;0;0;0;0;489986,179125608003233;5776952,864799190312624;8,853666655000040;52,142995456999998
46444;5220818500200891452;5;1;11;0;2022;8;7;5;3;5;3;0;0;1;1;0;0;0;0;351314,616999782971106;5676867,128999290056527;6,870692320000050;51,223800137000097
46449;5220819307000089956;5;9;62;24;2022;8;7;6;3;0;1;0;0;1;0;0;0;0;0;404839,075303116987925;5691189,302627990022302;7,633093192000050;51,363983964000099
46450;5220826709110994499;5;5;66;12;2022;8;11;6;3;4;6;0;0;1;0;0;0;0;0;403397,430999975011218;5772390,609999660402536;7,589857396000070;52,093634266999999
46456;5220825601200886367;5;3;15;0;2022;8;11;5;3;0;7;0;0;1;0;1;0;0;0;352062,625638565979898;5642434,954456550069153;6,895482170000040;50,914577290000103
46460;5220818606700932361;5;3;78;16;2022;8;18;5;3;5;3;0;0;1;1;0;0;0;0;361040,394999842974357;5664799,208999429829419;7,014545455000070;51,117798458000003
46462;5220823702100574698;5;5;15;0;2022;8;8;3;3;5;2;0;0;1;1;0;0;0;0;405610,652999977988657;5752104,896999659948051;7,627742646000060;51,911680873000101
46465;5220819506100994883;5;1;16;0;2022;8;18;6;3;5;4;0;0;1;0;1;0;0;0;322640,052999495994300;5674835,499998239800334;6,461448709000020;51,197361886000103
46468;5220823602400715099;5;3;62;32;2022;8;15;3;3;0;3;0;0;1;1;0;0;0;0;336987,850333869981114;5640893,838901760056615;6,681899570000040;50,896669334000102
46469;5220824601400493535;5;3;15;0;2022;8;9;4;2;0;1;0;0;1;0;0;0;0;0;350093,513999774004333;5659750,122999270446599;6,860344931000040;51,069667762000101
46471;5220821600140994798;5;3;14;0;2022;8;14;1;3;4;6;0;0;1;1;0;0;0;0;368985,335974110988900;5623185,081697249785066;7,142955592000020;50,745649200000102
46476;5220820300100375696;5;9;11;0;2022;8;11;7;3;0;1;0;0;1;0;0;0;0;0;375854,080579900997691;5704863,252054089680314;7,212149613000070;51,481282907000001
46480;5220824701300373593;5;5;62;14;2022;8;13;4;2;9;1;0;0;1;0;0;0;0;0;361054,702565941028297;5714866,651043009944260;6,995208184000030;51,567733730999997
46481;5220820709000425047;5;5;66;68;2022;8;20;7;3;3;1;0;0;1;0;0;0;0;0;375972,829608307976741;5784521,010753050446510;7,185296323000050;52,197174367000102
46484;5220825608416563965;5;3;34;16;2022;8;12;5;3;1;6;0;0;1;0;0;0;0;1;297392,148115666990634;5641098,599625229835510;6,119404932000070;50,885978299999998
46487;5220822702100076680;5;5;15;0;2022;8;7;2;3;3;1;0;0;1;0;0;0;0;0;403461,717769230017439;5758080,813221580348909;7,594833491000030;51,965026180000102
46490;5220824301101182147;5;9;13;0;2022;8;22;4;3;5;3;2;0;1;1;0;0;0;0;394128,991999301011674;5708078,225555599667132;7,474256608000080;51,513897057000101
46493;5220816709500995024;5;5;66;16;2022;8;17;3;3;0;1;0;0;1;0;0;0;0;0;404153,055159898998681;5793086,802710260264575;7,595032134000060;52,279782586000103
46498;5220821608416571734;5;3;34;16;2022;8;15;1;3;3;6;0;0;1;0;0;0;0;0;295117,802514642011374;5640378,373984109610319;6,087517255000020;50,878707966000000
46503;5220819503200771977;5;1;24;0;2022;8;19;6;2;0;1;1;0;1;0;0;0;0;0;377849,436482530029025;5686008,399188290350139;7,247360303000050;51,312256339000001
46506;5220823608100069684;5;3;34;2;2022;8;11;3;3;0;3;0;0;1;1;0;0;0;0;292113,520998949010391;5630351,797994979657233;6,050555856000070;50,787588417999999
46507;5220820514117275581;5;1;66;16;2022;8;2;7;1;4;1;2;1;1;1;0;0;0;0;307102,240999271976762;5691453,140996839851141;6,230358065000080;51,341581661000099
46509;5220816706100320160;5;5;58;32;2022;8;13;3;3;0;1;0;0;1;0;0;0;0;0;386669,036049984977581;5754623,862840020097792;7,351647991000050;51,930787886000097
46511;5220824601700190958;5;3;16;0;2022;8;21;4;3;5;2;2;0;1;1;0;0;0;0;360614,374999842024408;5655242,819999430328608;7,012146940000040;51,031812122000098
46512;5220825601700790452;5;3;16;0;2022;8;8;5;3;0;1;0;0;1;0;0;0;0;0;363824,372976992977783;5658459,318043510429561;7,056688292000050;51,061489149000103
46513;5220825501000776122;5;1;12;0;2022;8;15;5;3;5;3;0;0;1;1;0;0;0;0;343288,536999722011387;5701746,018999109975994;6,744898503000060;51,445191308000098
46514;5220821602600994805;5;3;62;20;2022;8;11;1;2;5;3;0;0;1;1;0;0;0;0;342624,661999708972871;5631632,407999119721353;6,765972445000050;50,815010923999999
46518;5220819601300994919;5;3;15;0;2022;8;7;6;3;0;7;0;0;1;1;0;0;0;0;348389,584266745019704;5645163,214131279848516;6,842135119000030;50,938140899000103
46520;5220819514210985956;5;1;66;12;2022;8;13;6;3;5;3;0;0;1;1;0;0;0;0;323465,442999511025846;5691330,962998270057142;6,465104523000040;51,345801177000098
46525;5220827607200690871;5;3;82;20;2022;8;3;7;2;4;6;2;0;1;1;0;0;0;0;384058,940561306022573;5624991,134879739955068;7,355945037000030;50,765090209000000
46527;5220825301201073368;5;9;13;0;2022;8;18;5;3;0;1;0;0;1;0;0;0;0;0;390393,497771573020145;5710042,517428980208933;7,419833678000030;51,530840264000098
46534;5220819316300994876;5;9;74;28;2022;8;22;6;2;0;3;2;0;1;1;0;0;0;0;454217,598736386978999;5723403,094057990238070;8,338112346000059;51,659749442000098
46536;5220824314220060173;5;9;66;20;2022;8;5;4;3;4;1;1;0;1;0;0;0;0;0;429631,989644102985039;5667324,660886350087821;7,993847970000050;51,153037305000097
46538;5220820709500994827;5;5;66;16;2022;8;23;7;3;6;7;2;0;1;0;1;0;0;0;403678,526999976020306;5793501,517999669536948;7,587960075000070;52,283427015000001
46540;5220818400300776079;5;7;11;0;2022;8;10;5;3;6;4;0;0;1;0;1;0;0;0;462894,174008701986168;5761140,780900710262358;8,459498888000040;51,999682170000000
46543;5220822302120994728;5;9;14;0;2022;8;13;2;3;5;3;0;0;1;0;0;0;1;0;389913,170212448982056;5689689,570966290310025;7,419240945000070;51,347806749000000
46545;5220818601400994938;5;3;15;0;2022;8;17;5;3;3;2;0;0;1;1;0;0;0;0;356487,327999816974625;5646839,456999380141497;6,956648847000050;50,955277274000103
46548;5220820602500969635;5;3;62;24;2022;8;0;7;3;0;1;2;0;1;0;0;0;0;0;346965,802956747997086;5642314,431089559569955;6,823081683000050;50,912165324000100
46555;5220822601300994771;5;3;15;0;2022;8;7;2;3;0;3;0;0;1;1;0;0;0;0;352750,882999791996554;5649419,318999320268631;6,902442224000030;50,977518711000101
46557;5220819518310994922;5;1;70;32;2022;8;7;6;3;5;3;0;0;1;1;0;0;0;0;333656,876999634027015;5710816,016998769715428;6,602151655000060;51,523928437000102
46561;5220823600110786275;5;3;14;0;2022;8;13;3;3;5;3;0;0;1;0;0;0;0;0;365238,801999863993842;5623054,682999470271170;7,089929755000070;50,743619670000001
46564;5220824513130981642;5;1;62;22;2022;8;16;4;3;1;2;0;0;1;1;0;0;0;0;334881,021999639982823;5682289,852998839691281;6,633052081000070;51,268003860000100
46565;5220825301301889201;5;9;78;24;2022;8;12;5;3;4;6;0;0;1;0;0;0;0;0;396949,485344391025137;5720993,534182679839432;7,511100227000040;51,630508943999999
46567;5220817317210075771;5;9;78;40;2022;8;14;4;3;4;6;0;0;1;0;0;0;0;0;404839,807108849985525;5725741,645022709853947;7,623772560000020;51,674579219000101
46568;5220818316200993629;5;9;74;48;2022;8;15;5;3;5;2;0;0;1;1;0;0;0;0;427636,629826074000448;5718856,722918969579041;7,954820960000060;51,616083513000000