OBJECTID;UIDENTSTLAE;ULAND;UREGBEZ;UKREIS;UGEMEINDE;UJAHR;UMONAT;USTUNDE;UWOCHENTAG;UKATEGORIE;UART;UTYP1;ULICHTVERH;IstStrassenzustand;IstRad;IstPKW;IstFuss;IstKrad;IstGkfz;IstSonstige;LINREFX;LINREFY;XGCSWGS84;YGCSWGS84
46569;5220825709500994552;5;5;66;76;2022;8;13;5;3;1;5;0;0;1;1;0;0;0;0;395195,574362456973176;5791652,279284380376339;7,464224034000040;52,265255261000000
46572;5220820301301994854;5;9;78;24;2022;8;12;7;3;5;7;0;0;1;1;0;0;0;0;395573,265221816021949;5720768,565466459840536;7,491290722000030;51,628233067000103
46573;5220819301201873370;5;9;13;0;2022;8;14;6;3;3;6;0;0;1;0;0;0;1;0;386775,995999946026132;5709441,916999610140920;7,367896640000030;51,524728197999998
46577;5220821301101185031;5;9;13;0;2022;8;11;1;3;1;3;0;0;1;1;0;0;0;0;392063,889668545976747;5706129,959506699815392;7,445103657000060;51,495994475000003
46578;5220816709500995049;5;5;66;76;2022;8;14;3;3;5;3;0;0;1;1;0;0;0;0;392639,335999958973844;5790728,120999660342932;7,427074681000020;52,256456640000103
46579;5220901406230031781;5;7;58;20;2022;9;11;5;3;5;2;0;0;1;1;0;0;0;0;475552,294000000983942;5783144,977999679744244;8,642299250000059;52,198215513999997
46583;5220830310110994242;5;9;54;16;2022;8;9;3;3;0;7;0;0;1;0;0;0;0;0;373883,796037229010835;5695643,346730000339448;7,187074857000030;51,397984895999997
46584;5220904608404069621;5;3;34;4;2022;9;16;1;3;0;1;0;0;1;0;0;0;0;0;299853,015842055028770;5640435,364159040153027;6,154709287000060;50,880879064000098
46586;5220902702100491714;5;5;15;0;2022;9;16;6;2;0;2;0;0;1;0;0;0;0;1;405158,045207036018837;5757223,358268099837005;7,619753402000070;51,957611020999998
46591;5220902313212994321;5;9;58;36;2022;9;11;6;3;0;7;0;0;1;0;0;0;0;0;465528,342458166007418;5684094,393288980238140;8,505464760000050;51,307116256000000
46593;5220901300500089559;5;9;11;0;2022;9;7;5;3;5;3;0;0;1;1;0;0;0;0;377135,704814410011750;5701583,975588410161436;7,231736919000070;51,452090295000097
46600;5220906701110491788;5;5;62;32;2022;9;13;3;3;0;1;0;0;1;0;0;0;0;0;373748,945999905001372;5719181,706999549642205;7,176711938000040;51,609498527000000
46601;5220902607200995297;5;3;82;20;2022;9;16;6;3;6;7;0;0;1;0;1;0;0;0;378913,793288644985296;5626299,195320029743016;7,282590010000040;50,775797114000099
46611;5220906307000934930;5;9;62;32;2022;9;5;3;3;5;2;1;0;1;1;0;0;0;0;403069,996010552975349;5676130,995096770115197;7,611779128000020;51,228319755000001
46613;5220906606100076822;5;3;78;4;2022;9;18;3;2;0;1;0;0;1;0;0;0;0;0;369016,671562434989028;5651223,165097329765558;7,133357734000070;50,997661096999998
46623;5220907514210091631;5;1;66;12;2022;9;17;4;3;0;5;0;0;1;1;0;0;0;0;320464,065720685000997;5693266,924609200097620;6,421076767000050;51,362251561999997
46624;5220830601500374371;5;3;15;0;2022;8;18;3;3;8;1;0;0;1;0;0;0;0;0;357986,691560139996000;5645045,637420419603586;6,978682229000070;50,939527686000098
46628;5220906506100971643;5;1;16;0;2022;9;20;3;3;0;1;1;0;1;0;0;0;0;0;322276,655999490001705;5670778,529998229816556;6,458259060000050;51,160803755000103
46629;5220909506000484584;5;1;16;0;2022;9;12;6;2;5;2;0;0;1;1;0;0;0;0;321365,830999477999285;5673463,193998159840703;6,443912718000040;51,184637210000098
46631;5220904301103380864;5;9;13;0;2022;9;15;1;2;3;5;0;0;1;1;0;0;0;0;394050,703624356014188;5701808,268554990179837;7,475010318000050;51,457524509000102
46633;5220830701200993597;5;5;62;20;2022;8;7;3;2;6;6;0;0;1;0;1;0;0;0;371475,241999893973116;5719193,664999539963901;7,143889645000060;51,609091569000000
46635;5220901406110931947;5;7;58;12;2022;9;15;5;2;5;3;0;0;1;1;0;0;0;0;478010,282999999995809;5774391,027999679557979;8,678829059000069;52,119616017000098
46637;5220909303100051479;5;9;15;0;2022;9;11;6;3;5;3;0;0;1;1;0;0;0;0;416982,473245517001487;5721450,280584840103984;7,800356978000020;51,637927925000000
46639;5220830607200681168;5;3;82;20;2022;8;6;3;3;5;3;0;0;1;0;0;0;0;0;377330,708983229997102;5627045,781802969984710;7,259898428000040;50,782175263000099
46642;5220902702100079138;5;5;15;0;2022;9;19;6;3;7;7;0;0;1;0;0;0;0;0;400893,086426261987071;5759559,945553460158408;7,557031283000070;51,977868849000103
46644;5220901702100991782;5;5;15;0;2022;9;7;5;3;0;7;0;0;1;0;1;0;0;0;404663,981421153002884;5758534,869074829854071;7,612201426000070;51,969314885000102
46645;5220831500200069603;5;1;11;0;2022;8;7;4;3;5;7;0;0;1;0;0;0;0;0;350682,379999778000638;5678676,554999279789627;6,860890790000040;51,239894381000099
46650;5220908301103294322;5;9;13;0;2022;9;13;5;3;0;7;0;1;1;0;1;0;0;0;392408,903914382972289;5704064,577440150082111;7,450701304000060;51,477495648000101
46657;5220902605148993528;5;3;74;48;2022;9;18;6;3;7;7;0;0;1;0;0;0;0;0;397940,857999966014177;5645629,355999600142241;7,546964410000040;50,953232636000102
46662;5220830503200578824;5;1;24;0;2022;8;21;3;3;0;6;1;0;1;1;0;0;0;0;373532,486586146987975;5678792,207870470359921;7,188006820000060;51,246457305000000
46664;5220907711421896892;5;5;70;20;2022;9;7;4;3;0;2;0;1;1;1;0;0;0;0;427584,354999996023253;5742993,674999659880996;7,949046361000060;51,833064975000099
46666;5220828515210390977;5;1;54;48;2022;8;11;1;3;2;6;0;0;1;0;0;0;0;0;324106,917330909986049;5701946,519526289775968;6,469046185000020;51,441360960000097
46670;5220831506100691414;5;1;16;0;2022;8;21;4;3;5;3;2;0;1;1;0;0;0;0;321340,690379885025322;5670892,478038869798183;6,444830830000060;51,161535895999997
46672;5220901502400078731;5;1;17;0;2022;9;21;5;3;3;1;2;0;1;1;0;0;0;0;353125,380948641977739;5699387,166117279790342;6,887323624000030;51,426631839000002
46676;5220902606700599858;5;3;78;32;2022;9;11;6;2;5;3;0;0;1;1;0;0;0;0;372500,536999897973146;5661106,194999529980123;7,179499931000070;51,087271274000003
46677;5220905500200871802;5;1;11;0;2022;9;17;2;3;6;7;0;0;1;0;1;0;0;0;346597,992383287986740;5680165,389537240378559;6,801785873000030;51,252188730999997
46678;5220901608100089885;5;3;34;2;2022;9;1;5;3;0;1;2;0;1;0;0;0;0;0;295075,390535740007181;5629350,061727180145681;6,093078378000030;50,779645932999998
46679;5220831303200994260;5;9;15;0;2022;8;7;4;3;0;3;0;0;1;1;0;0;0;0;414342,413912748976145;5728686,396034549921751;7,760441889000050;51,702580109000102
46680;5220907405244787038;5;7;54;44;2022;9;17;4;3;0;7;0;1;1;0;0;0;0;0;469563,441123242024332;5747903,671239729970694;8,557814791000061;51,881075901000003
46683;5220907702100072345;5;5;15;0;2022;9;7;4;3;7;7;0;1;1;1;0;0;0;0;408738,769863001012709;5760550,718818220309913;7,670963990000080;51,988118483000100
46684;5220903515210525205;5;1;54;28;2022;9;14;7;3;0;1;0;0;1;0;0;0;0;0;315266,334950530028436;5706967,201134629547596;6,339358484000060;51,483643407999999
46686;5220905709110856195;5;5;66;12;2022;9;11;2;3;5;3;0;0;1;1;0;0;0;0;400779,270892888016533;5776336,158710409887135;7,550502460000080;52,128633254000100
46687;5220829518210092096;5;1;70;28;2022;8;10;2;3;5;3;0;0;1;1;0;0;0;0;329589,552999586972874;5701655,189998590387404;6,547998039000050;51,440419658000103
46690;5220831605104994232;5;3;74;4;2022;8;17;4;3;5;3;0;0;1;1;0;0;0;0;404181,563820831011981;5652185,902822639793158;7,634057818000030;51,013247233000101
46695;5220909317220993743;5;9;78;4;2022;9;7;6;3;5;3;0;0;1;1;0;0;0;0;404344,247414733981714;5718308,079812929965556;7,618640068000050;51,607675539000098
46702;5220905518100995959;5;1;70;48;2022;9;15;2;3;5;7;0;0;1;1;0;0;0;0;335685,426999656017870;5728041,524998839944601;6,623296711000020;51,679273692999999
46706;5220902316100994067;5;9;74;24;2022;9;15;6;3;2;6;0;0;1;1;0;0;0;0;440763,574999999022111;5723946,220999649725854;8,143532845000040;51,663375320000100
46709;5220908502231481142;5;1;13;0;2022;9;19;5;3;0;7;0;1;1;0;0;0;0;0;366016,293999870016705;5696926,557999489828944;7,073561263000040;51,407713323999999
46712;5220830608100789885;5;3;34;2;2022;8;23;3;3;0;2;2;1;1;1;0;0;0;0;293603,560574042028747;5628303,808433599770069;6,072816049000040;50,769727540000098
46713;5220830301101289752;5;9;13;0;2022;8;19;3;3;5;3;0;0;1;1;0;0;0;0;394652,383182039018720;5706609,923817830160260;7,482235184000050;51,500796986000097
46719;5220907501214296035;5;1;12;0;2022;9;15;4;3;3;3;0;0;1;0;0;0;1;0;341908,524999711022247;5695833,962999070063233;6,727693353000060;51,391689344000000
46720;5220904518301791455;5;1;70;4;2022;9;16;1;3;7;7;0;0;1;0;0;0;0;0;324283,443921338999644;5717085,531779079698026;6,464039945000020;51,577408349999999
46721;5220828315220994406;5;9;70;4;2022;8;13;1;3;5;3;0;0;1;1;0;0;0;0;460348,429000000003725;5651460,590999620035291;8,434754063000071;51,013341891000003
46728;5220829606100574329;5;3;78;4;2022;8;9;2;3;0;3;0;0;1;1;0;0;0;0;368124,956999878981151;5651820,327999499626458;7,120440297000070;51,002824521000001
46729;5220906603236978207;5;3;66;36;2022;9;17;3;2;6;1;0;0;1;0;1;0;0;0;322130,082417553989217;5602836,911905569955707;6,489176037000050;50,550372879000101
46737;5220830516300991341;5;1;58;28;2022;8;18;3;3;5;2;0;0;1;1;0;0;0;0;348754,436155017989222;5684073,331590039655566;6,831009999000060;51,287880090000002
46739;5220907711411157428;5;5;70;28;2022;9;10;4;2;0;1;0;0;1;0;0;0;0;0;445445,051192426995840;5739570,203449609689415;8,208763292000070;51,804316949000103
46741;5220903503200952363;5;1;24;0;2022;9;12;7;3;6;7;0;0;1;0;1;0;0;0;372527,274525340995751;5680507,116163129918277;7,173001287000030;51,261646326000097
46744;5220829514111086217;5;1;66;32;2022;8;17;2;3;1;7;0;0;1;1;0;0;0;0;314750,103418135026004;5682920,262508410029113;6,344467216000060;51,267479966000103
46747;5220831515110591521;5;1;54;36;2022;8;9;4;3;5;3;0;0;1;1;0;0;0;0;302387,513999230985064;5742742,504995959810913;6,133909744000050;51,800565318000103
46752;5220908709800081124;5;5;66;88;2022;9;6;5;3;2;2;1;1;1;0;0;0;1;0;414490,544298279972281;5786387,490586999803782;7,748218353000030;52,221271725000101
46754;5220904607100869902;5;3;82;28;2022;9;13;1;3;6;6;0;0;1;0;1;0;0;0;378357,596351086976938;5641704,500802130438387;7,269588911000030;50,914153577999997
46755;5220907601300263902;5;3;15;0;2022;9;18;4;3;0;7;0;0;1;0;1;0;0;0;353638,496562124986667;5646294,874108009971678;6,916334177000070;50,949666858000100
46763;5220901313130673349;5;9;58;44;2022;9;8;5;3;5;2;0;0;1;1;0;0;0;0;429404,275205425976310;5692552,650961980223656;7,985611110000040;51,379826157000103
46771;5220902702100479187;5;5;15;0;2022;9;20;6;3;5;2;1;0;1;1;0;0;0;0;401203,186997247976251;5753700,115270240232348;7,563229301000040;51,925254745000103
46775;5220830602400185773;5;3;62;32;2022;8;16;3;3;5;3;0;0;1;1;0;0;0;0;337410,542587144009303;5639215,159129910171032;6,688652163000030;50,881704970999998
46780;5220831502402891808;5;1;17;0;2022;8;16;4;3;0;3;0;0;1;1;0;0;0;0;354446,539575341972522;5701354,969406439922750;6,905504911000040;51,444655006000097
46781;5220903702100774642;5;5;15;0;2022;9;22;7;3;8;1;2;0;1;0;0;0;0;0;405215,172696674009785;5761561,297935470007360;7,619386312000070;51,996611827000002
46784;5220901314110599535;5;9;66;24;2022;9;16;5;3;5;3;0;0;1;1;0;0;0;0;418135,569150737021118;5655713,521336610428989;7,832134663000030;51,047118430000097
46786;5220909300200590135;5;9;11;0;2022;9;17;6;2;0;1;0;1;1;0;0;0;0;0;370091,392999888979830;5705553,473999530076981;7,128952593000070;51,486191731000098
46787;5220903709110994060;5;5;66;8;2022;9;11;7;3;5;3;0;0;1;1;0;0;0;0;403657,956999976013321;5778863,934999669902027;7,591826245000050;52,151862294000097
46788;5220829410110994319;5;7;70;24;2022;8;22;2;3;3;2;2;0;1;1;0;0;0;0;491606,635000001988374;5798418,982999689877033;8,876813345000070;52,336015107000001
46790;5220906706000652435;5;5;58;12;2022;9;15;3;2;6;7;0;0;1;0;1;0;0;0;370724,483779387024697;5755564,669107659719884;7,119514188000040;51,935767591999998
46792;5220905514215994045;5;1;66;28;2022;9;13;2;2;0;1;0;0;1;0;0;0;0;0;326135,283999542996753;5688193,055998429656029;6,504933376000050;51,318434878000097
46795;5220907301302275399;5;9;13;0;2022;9;6;4;3;5;3;1;0;1;0;0;0;0;1;396593,043891675013583;5706926,348532680422068;7,510091654000060;51,503999618000101
46796;5220904516800981819;5;1;58;20;2022;9;18;1;3;0;3;0;0;1;1;0;0;0;0;355311,273803778982256;5664729,361375460401177;6,932771752000060;51,115752755000102
46803;5220906410230090740;5;7;70;4;2022;9;22;3;3;8;1;2;0;1;0;0;0;0;0;486434,444615209999029;5785055,191699460148811;8,801440838000079;52,215764664000098
46804;5220829601300572642;5;3;15;0;2022;8;17;2;3;1;5;0;0;1;1;0;0;0;0;347517,053110119013581;5646336,857369340024889;6,829234615000080;50,948457353999999
46808;5220901501314691501;5;1;12;0;2022;9;17;5;3;0;7;0;0;1;0;0;0;0;0;346693,315613501006737;5700318,689824719913304;6,794472372000030;51,433298391999998
46810;5220902301103094303;5;9;13;0;2022;9;8;6;3;1;2;0;0;1;1;0;0;0;0;393045,048876739980187;5703171,604344460181892;7,460128467000060;51,469589782000099
46812;5220830503300994288;5;1;20;0;2022;8;12;3;3;3;2;0;0;1;1;0;0;0;0;374927,917599664011505;5671071,070079639554024;7,210682042000030;51,177369154000097
46813;5220904709800796557;5;5;66;32;2022;9;20;1;3;0;1;1;0;1;0;0;0;0;0;413590,202493578020949;5776931,241237759590149;7,737450974000070;52,136133766999997
46814;5220907701500549574;5;5;62;24;2022;9;8;4;2;0;1;0;1;1;0;0;0;0;0;369735,096999889006838;5727918,948999529704452;7,115524190000030;51,687102659000097
46816;5220903502403281510;5;1;17;0;2022;9;10;7;3;4;2;0;0;1;1;0;0;0;0;350411,233999777992722;5701781,118999280035496;6,847300731000080;51,447432769000002
46817;5220828503200994372;5;1;24;0;2022;8;21;1;2;0;7;2;0;1;0;0;0;0;1;372017,560244286025409;5681291,311046600341797;7,165419167000040;51,268580052000097
46818;5220906301101080432;5;9;13;0;2022;9;15;3;3;5;2;0;0;1;1;0;0;0;0;391936,105747654975858;5706008,141335279680789;7,443300875000030;51,494875109000098
46825;5220901317110994088;5;9;78;36;2022;9;11;5;3;5;3;0;0;1;1;0;0;0;0;408769,371823700028472;5712413,149937859736383;7,684056178000050;51,555419098000101
46829;5220830316300190777;5;9;74;28;2022;8;15;3;3;1;3;0;0;1;1;0;0;0;0;454583,579000001016539;5726394,538999659940600;8,343014016000041;51,686674830000101
46830;5220904706000296581;5;5;58;12;2022;9;10;1;2;0;1;0;0;1;0;0;0;0;0;370110,584999890008476;5747114,327999539673328;7,113773095000060;51,859687932999996
46840;5220901300600190130;5;9;16;0;2022;9;14;5;2;5;2;0;0;1;0;0;0;1;0;376268,478999915008899;5712280,125999559648335;7,215510831000070;51,548031727000101
46847;5220907300700093136;5;9;16;0;2022;9;13;4;3;5;3;0;0;1;1;0;0;0;0;374104,332307467004284;5709600,522090760059655;7,185273852000020;51,523471013000098
46848;5220902705000138824;5;5;54;44;2022;9;8;6;3;0;1;0;0;1;0;0;0;0;0;366254,621999874012545;5741214,319999500177801;7,060091956000060;51,805759336000101
46849;5220905506100079029;5;1;16;0;2022;9;7;2;2;0;5;0;0;1;1;0;0;0;1;320232,572872497024946;5675401,063766710460186;6,426744258000040;51,201690112999998
46850;5220901609128730189;5;3;58;28;2022;9;16;5;3;5;3;0;0;1;1;0;0;0;0;322367,411749022023287;5624154,769229929894209;6,482301854000070;50,741973050000098
46852;5220907310140689331;5;9;54;28;2022;9;15;4;2;5;2;0;0;1;1;0;0;0;0;380338,366999926976860;5688201,025999579578638;7,282318392000040;51,332492435000098
46855;5220907700000620537;5;5;13;0;2022;9;11;4;2;0;7;0;0;1;0;0;0;0;0;365683,340999869978987;5717538,266999489627779;7,060929412000060;51,592863628000003
46856;5220903503400080365;5;1;22;0;2022;9;18;7;2;3;6;0;0;1;1;0;0;0;0;365379,127312200027518;5671167,452928540296853;7,074117932000040;51,176066924000096
46858;5220906405244687038;5;7;54;44;2022;9;7;3;3;5;3;0;0;1;0;0;0;0;0;465616,454000001016539;5746839,675999660044909;8,500580800000019;51,871280286999998
46859;5220829601300378499;5;3;15;0;2022;8;13;2;3;3;6;0;0;1;0;0;0;0;0;350833,287364242016338;5648448,478043059818447;6,875544355000050;50,968300862000000
46860;5220906607100736909;5;3;82;60;2022;9;10;3;3;5;3;0;0;1;1;0;0;0;0;377066,342999915999826;5628747,760999539867043;7,255580728000040;50,797417777000099
46862;5220902600110895263;5;3;14;0;2022;9;13;6;3;3;6;0;0;1;0;0;0;0;0;365053,477662377990782;5623169,025553110055625;7,087262692000020;50,744604325000097
46864;5220908600110665629;5;3;14;0;2022;9;12;5;3;0;2;0;0;1;1;0;0;0;0;363999,649896788003389;5621349,656679409556091;7,073006029000060;50,728006283000099
46869;5220905502228473985;5;1;13;0;2022;9;13;2;3;0;1;0;0;1;0;0;0;0;0;358247,471999829984270;5698440,219999399967492;6,961328651000030;51,419426757000103
46871;5220830709700042796;5;5;66;28;2022;8;17;3;3;5;3;0;0;1;1;0;0;0;0;410805,397999983979389;5788369,446999680250883;7,693763180000080;52,238501687000102
46886;5220908514213589811;5;1;66;8;2022;9;7;5;3;5;3;0;1;1;1;0;0;0;0;316602,084999418002553;5691111,970997770316899;6,366774654000040;51,341661189000000
46890;5220830406240686236;5;7;58;28;2022;8;12;3;3;5;3;0;0;1;1;0;0;0;0;463960,316000000981148;5784336,770999680273235;8,472573699000071;52,208294081000098
46892;5220907605132676833;5;3;74;32;2022;9;16;4;3;5;3;0;0;1;1;0;0;0;0;396448,993999965023249;5643209,290999599732459;7,526419923000050;50,931211061000099
46893;5220830602800081183;5;3;62;12;2022;8;10;3;3;0;1;0;1;1;0;0;0;0;0;350706,122999774001073;5633638,879999290220439;6,879790147000050;50,835181880999997
46896;5220905711111896534;5;5;70;52;2022;9;16;2;3;4;6;0;0;1;0;0;1;0;0;430453,104756578977685;5757012,702156020328403;7,987844785000050;51,959456654000100
46898;5220906600380071682;5;3;14;0;2022;9;16;3;3;5;3;0;0;1;1;0;0;0;0;368706,044443993014283;5617798,469451590441167;7,140916334000050;50,697170222000103
46905;5220829407301960928;5;7;62;36;2022;8;10;2;3;5;2;0;0;1;1;0;0;0;0;508432,019937213975936;5705005,369368979707360;9,121466269000051;51,496126435000100
46906;5220829709110994340;5;5;66;8;2022;8;16;2;3;3;1;0;0;1;0;0;0;0;1;398608,331519930972718;5780028,221872770227492;7,517697357000030;52,161422501000096
46907;5220904607100881238;5;3;82;60;2022;9;12;1;3;5;3;0;0;1;1;0;0;0;0;378634,872999920975417;5631770,631999550387263;7,276827543000020;50,824920149000000
46909;5220902702100476722;5;5;15;0;2022;9;15;6;3;3;2;0;0;1;1;0;0;0;0;404667,343146357976366;5759980,128367830067873;7,611848865000070;51,982305966000098
46910;5220905603140234489;5;3;66;40;2022;9;19;2;3;5;7;0;0;1;1;0;0;0;0;349186,898118363984395;5623983,997193819843233;6,862193752000050;50,748023956000097
46911;5220901700000489346;5;5;13;0;2022;9;9;5;3;5;2;0;0;1;1;0;0;0;0;368003,341999881027732;5713410,306999510154128;7,095953286000050;51,556315488000102
46919;5220908709500655981;5;5;66;76;2022;9;12;5;3;5;2;0;1;1;1;0;0;0;0;393190,497999958985019;5793312,537999659776688;7,434328219000070;52,279790567000099
46923;5220829601300781879;5;3;15;0;2022;8;14;2;3;0;6;0;0;1;0;0;0;0;0;352679,338181645027362;5644915,657934660091996;6,903246752000030;50,937028109000003
46927;5220901602300380797;5;3;62;36;2022;9;16;5;3;2;6;0;0;1;0;0;0;0;0;343114,146702867990825;5647320,422745980322361;6,766180699000070;50,956113975999997
46929;5220907405232087286;5;7;54;32;2022;9;13;4;3;0;7;0;0;1;0;0;0;0;0;460674,741254216001835;5740667,707797160372138;8,429508158000029;51,815463108000102
46930;5220904500100785393;5;1;11;0;2022;9;11;1;3;2;6;0;0;1;0;0;0;0;0;344434,657227010000497;5678154,448635949753225;6,771684447000040;51,233533766999997
46934;5220828600360986353;5;3;82;12;2022;8;10;1;3;5;3;0;0;1;1;0;0;0;0;353703,195999797026161;5627709,765999340452254;6,924686385000030;50,782662974000097
46938;5220909700000889525;5;5;13;0;2022;9;10;6;2;3;2;0;0;1;1;0;0;0;0;368575,525041820015758;5707584,872149770148098;7,106376060000060;51,504097297000001
46940;5220902508000678988;5;1;19;0;2022;9;14;6;3;5;3;0;0;1;0;0;1;0;0;351326,175999785016757;5709578,111999290063977;6,857175142000070;51,517733351000103
46941;5220901503400578705;5;1;22;0;2022;9;10;5;3;5;2;0;0;1;1;0;0;0;0;365413,758999866025988;5674320,817999480292201;7,073431335000070;51,204414750000097
46948;5220830600110994279;5;3;14;0;2022;8;16;3;3;6;3;0;0;1;1;1;0;0;0;366282,262999870989006;5622151,146999469958246;7,105038711000020;50,735739954000103
46953;5220831601700994263;5;3;16;0;2022;8;6;4;3;5;3;1;0;1;0;0;0;0;1;362291,048903392977081;5660383,860759920440614;7,034087611000070;51,078419468000000
46956;5220828316200994415;5;9;74;48;2022;8;9;1;2;5;3;0;0;1;1;0;0;0;0;427644,279734432988334;5718959,495043840259314;7,954910209000050;51,617008423000101
46963;5220902705000665394;5;5;54;16;2022;9;7;6;3;5;3;0;0;1;1;0;0;0;0;363517,393999860971235;5758274,719999480061233;7,013667750000020;51,958398383000002
46965;5220901702100070631;5;5;15;0;2022;9;15;5;3;2;6;0;0;1;0;0;0;0;0;403685,045521062973421;5755654,834400120191276;7,598763097000070;51,943259404000102
46966;5220831405236687038;5;7;54;36;2022;8;8;4;3;5;2;0;0;1;0;0;0;1;0;474387,271000000997446;5749193,204999660141766;8,627798348000059;51,892912494000001
46967;5220907505200695977;5;1;14;0;2022;9;13;4;3;5;2;0;0;1;1;0;0;0;0;330565,110999593976885;5690468,425998659804463;6,567359838000070;51,340212997000002
46968;5220907601000994026;5;3;15;0;2022;9;7;4;3;6;6;0;0;1;0;1;0;0;0;365147,402157722972333;5636343,599137900397182;7,083754181000070;50,863036348000001
46975;5220831601600994246;5;3;15;0;2022;8;13;4;3;5;3;0;0;1;1;0;0;0;0;365168,033770042005926;5636350,827817809768021;7,084044516000060;50,863106129000101
46976;5220903706100385357;5;5;58;16;2022;9;15;7;3;0;1;0;0;1;0;0;0;0;0;381272,485149040003307;5742259,561931310221553;7,277447245000080;51,818544060000100
46977;5220902316300589235;5;9;74;28;2022;9;16;6;3;5;2;0;0;1;1;0;0;0;0;454176,965149888012093;5723559,727048889733851;8,337504402000040;51,661154398000100
46978;5220901501128863758;5;1;12;0;2022;9;19;5;3;0;7;0;0;1;0;1;0;0;0;343874,015568257018458;5703391,831803340464830;6,752590329000040;51,460140432000102
46984;5220902607500090871;5;3;82;56;2022;9;14;6;2;5;3;0;0;1;1;0;0;0;0;372454,223904978018254;5626777,056433440186083;7,190853329000050;50,778707693000101
46985;5220905601400378643;5;3;15;0;2022;9;17;2;3;1;5;0;0;1;1;0;0;0;0;350481,303999773983378;5659466,134999279864132;6,865993252000070;51,067216952000102
46987;5220831501315994252;5;1;12;0;2022;8;9;4;3;5;2;0;0;1;0;0;0;0;1;346120,900999744015280;5699205,339999180287123;6,786727580000050;51,423139643000098
46989;5220904514110090346;5;1;66;32;2022;9;9;1;3;0;7;0;0;1;1;0;0;0;0;318167,414999436994549;5680949,396997920237482;6,394400761000040;51,250876476000002
46991;5220901300800386070;5;9;54;36;2022;9;14;5;3;5;3;0;0;1;1;0;0;0;0;383021,266999934974592;5699534,080999590456486;7,317079175000060;51,434912591000099
46992;5220908301202009548;5;9;13;0;2022;9;7;5;3;0;1;1;1;1;0;0;0;0;0;393959,095999959972687;5709491,747999619692564;7,471383726000060;51,526570630999998
46993;5220908705000994011;5;5;54;4;2022;9;15;5;3;4;6;0;0;1;0;0;0;0;0;362800,505568096996285;5771745,648116770200431;6,997842586000050;52,079264329000097
46999;5220830603236775839;5;3;66;36;2022;8;7;3;3;0;1;0;0;1;0;0;0;0;0;323468,977634806011338;5605028,426045959815383;6,507017715000070;50,570468689000101
47000;5220902601100353980;5;3;15;0;2022;9;19;6;3;5;3;0;0;1;0;0;0;0;1;356878,459999818005599;5643088,885999379679561;6,963687349000050;50,921668512000103
47001;5220905500100386798;5;1;11;0;2022;9;7;2;3;5;2;0;0;1;1;0;0;0;0;346590,186947238980792;5676159,414540019817650;6,803389579000050;51,216190869000101
47002;5220901608100589831;5;3;34;2;2022;9;8;5;3;3;2;0;0;1;1;0;0;0;0;295228,921232738008257;5628513,298353389836848;6,095719134000030;50,772184950000103
47003;5220831300600993594;5;9;16;0;2022;8;14;4;3;3;5;0;0;1;1;0;0;0;0;377163,753583020006772;5710946,212856139987707;7,228881643000020;51,536238971000003
47006;5220905317140694229;5;9;78;28;2022;9;7;2;3;3;2;0;0;1;1;0;0;0;0;399894,431872264016420;5700042,352669849991798;7,559592747000070;51,442714373999998
47010;5220905702100573308;5;5;15;0;2022;9;6;2;3;5;3;1;0;1;1;0;0;0;0;405828,904999979014974;5759024,385999660007656;7,629019549000080;51,973913461999999
47012;5220906513320567197;5;1;62;4;2022;9;7;3;3;4;2;0;0;1;1;0;0;0;0;347455,388434778025839;5658599,303801929578185;6,823204397000040;51,058631556000101
47013;5220831608200089878;5;3;34;2;2022;8;9;4;3;5;2;0;0;1;0;0;1;0;0;295220,164067031000741;5630300,677779509685934;6,094599705000060;50,788234801000002
47016;5220908518200976615;5;1;70;24;2022;9;19;5;3;5;2;0;1;1;1;0;0;0;0;337178,305999666976277;5702769,827998920343816;6,656577837000040;51,452665968000098
47019;5220830410110243975;5;7;70;24;2022;8;8;3;3;5;3;0;0;1;0;0;0;0;0;491014,808999850996770;5793997,201999809592962;8,868245437000040;52,296251931000000
47020;5220904601200725585;5;3;15;0;2022;9;11;1;2;0;1;0;0;1;0;0;0;0;0;354645,589436137001030;5641643,432104010134935;6,932516210000070;50,908120373000003
47022;5220830600380994285;5;3;14;0;2022;8;14;3;3;5;3;0;0;1;0;0;0;0;1;369902,615394269989338;5616416,294347629882395;7,158336690000060;50,685015682000000
47025;5220905603104071615;5;3;66;4;2022;9;10;2;3;0;1;0;0;1;0;0;0;0;0;341696,584999697981402;5603254,686999100260437;6,764962957000020;50,559753002000001
47027;5220831317110993593;5;9;78;36;2022;8;13;4;3;5;3;0;0;1;1;0;0;0;0;409264,893946319993120;5710502,260403810068965;7,691694591000040;51,538321447000001
47028;5220903709110796522;5;5;66;12;2022;9;23;7;3;3;1;2;0;1;0;0;0;0;0;400589,459622555004898;5776677,821577900089324;7,547630641000070;52,131669965000100
47039;5220901605152515285;5;3;74;52;2022;9;7;5;3;0;1;0;0;1;0;0;0;0;0;388179,695664605009370;5663773,926804129965603;7,402448539000030;51,114522256999997
47047;5220903607200832320;5;3;82;20;2022;9;17;7;2;5;3;0;0;1;1;0;0;0;0;384826,208999938971829;5621042,418999570421875;7,368055035000050;50,729747091000000