OBJECTID;UIDENTSTLAE;ULAND;UREGBEZ;UKREIS;UGEMEINDE;UJAHR;UMONAT;USTUNDE;UWOCHENTAG;UKATEGORIE;UART;UTYP1;ULICHTVERH;IstStrassenzustand;IstRad;IstPKW;IstFuss;IstKrad;IstGkfz;IstSonstige;LINREFX;LINREFY;XGCSWGS84;YGCSWGS84
48126;5220909702100064164;5;5;15;0;2022;9;20;6;3;5;3;1;1;1;1;0;0;0;0;407095,415643186017405;5760303,146578620187938;7,647106060000060;51,985620751000098
48136;5220901514111477593;5;1;66;32;2022;9;8;5;3;5;2;0;0;1;1;0;0;0;0;314820,779999389022123;5683009,150997649878263;6,345433156000070;51,268301365000099
48139;5220909501319369485;5;1;12;0;2022;9;13;6;3;5;2;0;0;1;1;0;0;0;0;344215,025540363974869;5696386,257286169566214;6,760575735000030;51,397289617000098
48141;5220905310140589331;5;9;54;28;2022;9;9;2;3;2;6;0;0;1;1;0;0;0;0;374474,843881763983518;5686579,716360099613667;7,198765218000060;51,316656676999997
48146;5220905702100676765;5;5;15;0;2022;9;12;2;2;6;4;0;0;1;0;1;0;0;0;406545,556067935016472;5750558,900732309557498;7,641749639000070;51,897942224000097
48148;5220906508000182294;5;1;19;0;2022;9;15;3;2;5;2;0;0;1;1;0;0;0;0;351628,859496851975564;5706244,914556549862027;6,862936422000080;51,487862620999998
48149;5220909608100394789;5;3;34;2;2022;9;20;6;3;0;1;2;1;1;0;0;0;0;0;294594,614998998004012;5628078,715995419770479;6,086977739000080;50,768057638000101
48150;5220831518200085988;5;1;70;24;2022;8;8;4;3;3;2;0;0;1;1;0;0;0;0;338056,476493170019239;5702421,700790259987116;6,669365035000060;51,449790107000098
48152;5220902501322291191;5;1;12;0;2022;9;17;6;3;0;7;0;0;1;0;0;0;0;0;346891,063627923023887;5696064,319337279535830;6,799152165000070;51,395125428000000
48157;5220904705000693441;5;5;54;56;2022;9;21;1;3;1;1;2;0;1;0;0;1;0;0;356836,322999824013095;5762419,263999390415847;6,914772279000030;51,993957442000102
48158;5220907515210096072;5;1;54;12;2022;9;8;4;2;3;6;0;0;1;1;0;0;0;0;311211,181251126981806;5707193,123126120306551;6,280903000000020;51,484333700000001
48159;5220903301301085018;5;9;78;24;2022;9;19;7;3;0;1;0;0;1;0;0;0;0;0;398019,006999969016761;5720735,899999639950693;7,526622449000060;51,628388074999997
48163;5220907513210978746;5;1;62;24;2022;9;16;4;3;4;6;0;0;1;0;0;0;0;0;338349,900722503021825;5672016,706661050207913;6,687366106000070;51,176695985999999
48165;5220902405140857258;5;7;54;40;2022;9;13;6;3;5;3;0;0;1;0;0;0;0;0;460090,460150353028439;5761352,955136160366237;8,418636140000050;52,001395256000102
48167;5220901300300536413;5;9;11;0;2022;9;14;5;3;4;2;0;0;1;1;0;0;0;0;383647,604497483989689;5703671,719201129861176;7,324724853000020;51,472230479000103
48169;5220908706000796684;5;5;58;44;2022;9;6;5;3;3;6;1;1;1;1;0;0;0;0;395970,029584149015136;5746296,650376929901540;7,489386285000020;51,857759156999997
48170;5220903605152069880;5;3;74;52;2022;9;16;7;2;8;1;0;0;1;0;0;0;0;0;391554,080281146976631;5662004,070049350149930;7,451170365000050;51,099261496000103
48171;5220829316300994344;5;9;74;28;2022;8;15;2;3;0;2;0;0;1;1;0;0;0;0;454075,085999999020714;5725433,656999650411308;8,335785199000039;51,677994327000100
48174;5220906701300294960;5;5;62;14;2022;9;16;3;2;5;3;0;0;1;1;0;0;0;0;361335,840999849024229;5714924,956999439746141;6,999238958000030;51,568326880000001
48178;5220830701500662613;5;5;62;24;2022;8;9;3;3;5;3;0;0;1;1;0;0;0;0;370330,071736629994120;5725463,372916069813073;7,125038194000070;51,665173011000000
48180;5220904500200887335;5;1;11;0;2022;9;0;1;3;2;6;2;0;1;0;0;0;0;0;346528,035999746003654;5680000,752999199554324;6,800854807000060;51,250690570000103
48181;5220830502101773599;5;1;13;0;2022;8;18;3;3;5;7;0;0;1;1;0;0;0;0;362126,852934361028019;5702960,903816970065236;7,015324463000070;51,461008356999997
48182;5220831608332480748;5;3;34;32;2022;8;12;4;3;0;3;0;0;1;1;0;0;0;0;303221,760265559016261;5628401,918292909860611;6,208995184000060;50,773950788000001
48183;5220907706300994955;5;5;58;24;2022;9;21;4;2;5;2;2;0;1;1;0;0;0;0;393778,619758807006292;5736207,201282160356641;7,460670533000040;51,766662446000097
48186;5220906307000089956;5;9;62;24;2022;9;15;3;3;5;3;0;0;1;1;0;0;0;0;410119,270420157990884;5692473,022952719591558;7,708592822000070;51,376384331000096
48188;5220906608332494788;5;3;34;32;2022;9;17;3;2;5;2;0;0;1;1;0;0;0;0;303550,695999176998157;5629793,927996669895947;6,212911050000060;50,786565576000001
48191;5220901506100291311;5;1;16;0;2022;9;8;5;3;5;3;0;0;1;1;0;0;0;0;323548,587999508017674;5675354,460998300462961;6,474183888000030;51,202305217000102
48193;5220902313121080571;5;9;58;32;2022;9;15;6;3;5;3;0;0;1;1;0;0;0;0;442513,959737079974730;5690719,336738290265203;8,174257127000031;51,364822010000097
48198;5220830602500994290;5;3;62;24;2022;8;12;3;2;5;3;0;0;1;1;0;0;0;0;345422,921435257012490;5642186,807998830452561;6,801205374000060;50,910607373000097
48204;5220831518110994256;5;1;70;12;2022;8;8;4;3;0;1;0;0;1;0;0;0;0;0;335008,227991132007446;5735010,285995899699628;6,610211903000050;51,741679648999998
48209;5220909300200938377;5;9;11;0;2022;9;11;6;3;5;3;0;0;1;1;0;0;0;0;370131,743641960027162;5705096,883463339880109;7,129701348000030;51,482097639000102
48212;5220906700000675310;5;5;13;0;2022;9;19;3;3;5;2;0;0;1;1;0;0;0;0;364827,123576659010723;5716746,701620359905064;7,048881123000060;51,585545545999999
48213;5220907502111869045;5;1;13;0;2022;9;12;4;3;0;1;0;0;1;0;0;0;0;0;361542,568999847979285;5701661,909999449737370;7,007427670000030;51,449192521000001
48215;5220905602500167788;5;3;62;24;2022;9;13;2;3;0;1;0;1;1;0;0;0;0;0;343856,247879125003237;5645185,829467999748886;6,777653777000070;50,937134472000103
48225;5220906404101244086;5;7;66;20;2022;9;7;3;3;5;3;0;0;1;0;0;0;0;1;492540,096000001009088;5753053,605999669991434;8,891508675000070;51,928160302000002
48226;5220829607400078224;5;3;82;44;2022;8;15;2;3;2;2;0;0;1;1;0;0;0;0;363121,860999853990506;5627873,782999450340867;7,058150356000060;50,786437106000101
48237;5220920502324578818;5;1;13;0;2022;9;16;3;3;1;1;0;0;1;1;0;0;0;0;361743,127999851014465;5707871,476999449543655;7,007881833000060;51,505042740000100
48240;5220922508000489691;5;1;19;0;2022;9;7;5;3;0;2;0;0;1;1;0;0;0;0;353180,165999798977282;5704346,212999329902232;6,886053436000050;51,471206477000102
48242;5220921514122585821;5;1;66;4;2022;9;10;4;3;0;3;0;0;1;1;0;0;0;0;304914,763099168019835;5687021,773838600143790;6,201415056000030;51,301036013000001
48244;5220929609108291018;5;3;58;8;2022;9;20;5;3;7;5;2;0;1;1;0;0;0;0;319750,473851297982037;5634133,605085140094161;6,440355872000050;50,830815229000102
48247;5220913602400189880;5;3;62;20;2022;9;14;3;3;0;6;0;0;1;0;0;0;0;0;341004,063603946997318;5634237,095609059557319;6,741856785000040;50,837973475000098
48256;5220911301202873411;5;9;13;0;2022;9;20;1;3;5;3;2;0;1;1;0;0;0;0;393860,468404645973351;5708983,187660509720445;7,470115746000030;51,521980916000103
48257;5220919706300236457;5;5;58;24;2022;9;7;2;2;4;6;0;1;1;0;0;0;0;0;391522,910275730013382;5736262,119717289693654;7,427977428000080;51,766723544000101
48260;5220922307000075674;5;9;62;16;2022;9;16;5;3;7;1;0;0;1;0;0;0;0;0;414974,267628513975069;5694649,399981480091810;7,777810785000040;51,396697572999997
48271;5220930516300279533;5;1;58;28;2022;9;19;6;3;5;3;1;0;1;1;0;0;0;0;349790,677999773004558;5685556,717999259941280;6,845235131000040;51,301483564000101
48272;5220928600110094873;5;3;14;0;2022;9;16;4;3;1;5;0;0;1;1;0;0;0;0;365198,930215367989149;5620235,511798780411482;7,090395756000020;50,718271944000001
48273;5220914307000980376;5;9;62;32;2022;9;7;4;3;8;1;0;1;1;0;0;0;0;0;403069,455407012021169;5676287,665212219581008;7,611729006000080;51,229728049000101
48278;5220930302100093664;5;9;14;0;2022;9;7;6;2;0;6;0;0;1;0;0;0;0;0;394170,378554228984285;5697260,226030009798706;7,478091659000030;51,416666147000100
48281;5220923702100279187;5;5;15;0;2022;9;18;6;3;5;2;1;0;1;1;0;0;0;0;406322,628999979002401;5756457,540999660268426;7,636905299000030;51,950924902000096
48286;5220921601700186547;5;3;16;0;2022;9;7;4;3;0;6;0;0;1;0;0;0;0;0;361356,730810504988767;5656653,001683250069618;7,022187625000070;51,044665096000102
48289;5220918601500199199;5;3;15;0;2022;9;15;1;3;0;1;0;1;1;0;0;0;0;0;358003,351717245997861;5645069,866501419804990;6,978909757000050;50,939749536000100
48291;5220915702100679181;5;5;15;0;2022;9;7;5;2;3;7;0;0;1;0;0;0;0;0;404765,844621805998031;5758299,961946739815176;7,613748930000040;51,967220914999999
48293;5220923301301773404;5;9;78;24;2022;9;17;6;3;5;3;0;0;1;1;0;0;0;0;398635,503999968990684;5716532,716999639756978;7,536741588000040;51,590718660999997
48294;5220911514113389789;5;1;66;32;2022;9;14;1;3;9;1;0;0;1;0;0;0;0;0;315673,962105848011561;5684583,186338120140135;6,356837897000050;51,282716681000103
48296;5220926410210440388;5;7;70;20;2022;9;12;2;3;5;3;0;0;1;1;0;0;0;0;473314,272389399993699;5795586,916194000281394;8,608571576000029;52,309969213000002
48300;5220910506100294887;5;1;16;0;2022;9;15;7;3;5;3;0;0;1;1;0;0;0;0;321067,559545304975472;5668784,134794759564102;6,441976743000050;51,142510682000101
48301;5220919404301993896;5;7;66;44;2022;9;7;2;3;5;3;1;0;1;1;0;0;0;0;491901,826563299982809;5768722,572564600035548;8,881855910000070;52,069030146000003
48305;5220927705000820847;5;5;54;20;2022;9;6;3;3;0;1;1;1;1;0;0;0;0;0;366526,186999877972994;5785746,308999509550631;7,046678858000060;52,205978291000100
48306;5220923602700993852;5;3;62;28;2022;9;13;6;3;0;3;0;0;1;1;0;0;0;0;352502,972077438025735;5638980,524391479790211;6,903137217000050;50,883646329999998
48316;5220913500200795198;5;1;11;0;2022;9;17;3;3;5;2;0;0;1;1;0;0;0;0;351314,616999782971106;5676867,128999290056527;6,870692320000050;51,223800137000097
48317;5220911300100690972;5;9;11;0;2022;9;11;1;3;0;1;0;0;1;0;0;0;0;0;376863,213999914994929;5704521,400999570265412;7,226794014000060;51,478431133000100
48326;5220916503300186866;5;1;20;0;2022;9;14;6;2;0;1;0;1;1;0;0;0;0;0;373963,208205135015305;5673426,468941399827600;7,196061404000030;51,198327048000102
48327;5220927516300195766;5;1;58;28;2022;9;7;3;3;5;2;0;1;1;0;0;0;0;1;349789,008831129991449;5685545,992900219745934;6,845215719000070;51,301386751000102
48330;5220917501128595876;5;1;12;0;2022;9;11;7;2;0;7;0;0;1;0;0;0;0;0;342230,355886602017563;5702984,451828779652715;6,729131706000030;51,456024528000100
48331;5220930607300024723;5;3;82;16;2022;9;16;6;3;0;7;0;0;1;0;0;0;0;0;390247,263999952003360;5623818,034999580122530;7,444010354000060;50,755748285000003
48332;5220928601100090407;5;3;15;0;2022;9;17;4;2;5;3;0;0;1;1;0;0;0;0;355666,645999810018111;5644691,272999360226095;6,945823211000060;50,935767027000097
48339;5220925602400041892;5;3;62;32;2022;9;20;1;3;8;5;2;0;1;1;0;0;0;0;337970,557186573976651;5637975,229236779734492;6,697155795000070;50,870720984999998
48340;5220924404302696891;5;7;66;48;2022;9;14;7;3;5;3;0;1;1;1;0;0;0;0;476873,435000000987202;5760279,048999669961631;8,663180643000031;51,992692825000098
48341;5220922406210993874;5;7;58;4;2022;9;0;5;3;0;7;2;0;1;0;0;0;0;0;472961,606767420016695;5783188,005781640298665;8,604391728000049;52,198481370000103
48342;5220911705000030800;5;5;54;52;2022;9;17;1;3;0;1;0;0;1;0;0;0;0;0;379621,192999925988261;5769643,106999600306153;7,243915631000050;52,064282482000102
48346;5220921609224094618;5;3;58;24;2022;9;14;4;2;0;7;0;0;1;0;0;0;0;0;314866,296393503027502;5645069,836077000014484;6,365537424000020;50,927516212000100
48359;5220919605116393474;5;3;74;16;2022;9;15;2;3;0;3;0;0;1;1;0;0;0;0;384626,055999938980676;5667206,361999579705298;7,350601758000040;51,144670476999998
48363;5220923606100086437;5;3;78;20;2022;9;17;6;3;5;3;0;0;1;1;0;0;0;0;368423,800825421989430;5653366,600929100066423;7,124136452000070;51,016790324000098
48370;5220918600310099983;5;3;14;0;2022;9;15;1;2;5;3;0;1;1;1;0;0;0;0;363198,335999855014961;5614975,577999450266361;7,064020018000060;50,670529062000099
48376;5220922405108070324;5;7;54;8;2022;9;14;5;3;0;1;0;0;1;0;0;0;0;0;455138,009189317992423;5755864,982429879717529;8,347215860000061;51,951678016000102
48378;5220920709700993714;5;5;66;28;2022;9;16;3;2;6;7;0;0;1;1;1;0;0;0;412754,804072851024102;5791052,149678380228579;7,721611004000070;52,262927124999997
48382;5220929508000396836;5;1;19;0;2022;9;13;5;3;0;1;0;0;1;0;0;0;0;0;350292,438999778998550;5710488,460999269969761;6,841900521000070;51,525640115000002
48383;5220916406210993666;5;7;58;4;2022;9;15;6;3;5;7;0;0;1;1;0;0;0;0;472029,768999999971129;5781676,312999679706991;8,590882828000080;52,184844100000099
48384;5220927503200993151;5;1;24;0;2022;9;11;3;2;5;3;0;1;1;1;0;0;0;0;374335,164999904984143;5677777,004999550059438;7,199857571000050;51,237510401000101
48386;5220922701620381147;5;5;62;12;2022;9;19;5;3;6;4;1;0;1;0;1;0;0;0;362812,278870592010207;5731746,906960899941623;7,013932364000030;51,719852029000002
48392;5220912608200069732;5;3;34;2;2022;9;19;2;3;3;2;1;0;1;0;0;0;0;1;296629,511675674002618;5628327,312956060282886;6,115659651000040;50,771007200000000
48395;5220930300600789630;5;9;16;0;2022;9;10;6;3;0;2;0;0;1;0;0;0;0;0;376270,452999913017265;5710658,054999570362270;7,216109520000030;51,533454118000101
48404;5220914700000646941;5;5;13;0;2022;9;5;4;3;5;3;1;0;1;1;0;0;0;0;367925,765999879979063;5713499,742999509908259;7,094801329000060;51,557101062000100
48408;5220924601200986379;5;3;15;0;2022;9;1;7;3;0;1;2;0;1;0;0;0;0;0;354192,567999802005943;5644492,894999340176582;6,924937890000020;50,933613460000103
48411;5220913702100679192;5;5;15;0;2022;9;9;3;3;0;7;0;0;1;1;0;0;0;0;412326,389154458011035;5752458,671363360248506;7,725260641000030;51,915958556000099
48414;5220922608100480750;5;3;34;2;2022;9;18;5;2;4;6;0;0;1;0;0;0;0;0;293098,338644856004976;5628403,685634289868176;6,065604673000050;50,770444601000101
48418;5220929607200873817;5;3;82;20;2022;9;22;5;3;8;1;2;0;1;0;0;0;0;0;383087,425742429972161;5625290,014871399849653;7,342080022000060;50,767581907000100
48419;5220916610113075539;5;3;70;24;2022;9;16;6;3;5;3;0;1;1;1;0;0;0;0;282757,070044968975708;5655994,363466129638255;5,902757218000030;51,014417936000001
48426;5220914601300176529;5;3;15;0;2022;9;7;4;3;5;7;0;1;1;1;0;0;0;0;354404,539999803004321;5645792,902999349869788;6,927432946000070;50,945349800000002
48427;5220926601400386384;5;3;15;0;2022;9;15;2;3;3;5;0;1;1;1;0;0;0;0;356306,284781937021762;5647912,504268810153008;6,953649172000040;50,964875447000097
48428;5220915701610719908;5;5;62;12;2022;9;17;5;3;5;3;0;0;1;1;0;0;0;0;357435,688999827019870;5727154,188999390229583;6,938026068000060;51,677242843999998
48429;5220913500200993974;5;1;11;0;2022;9;6;3;3;5;2;2;1;1;1;0;0;0;0;347586,202999754983466;5680966,370999219827354;6,815594419000040;51,259650972000003
48430;5220911405228487018;5;7;54;28;2022;9;16;1;3;0;1;0;0;1;0;0;0;0;0;451914,864867847005371;5743156,237190140411258;8,302092119000060;51,837151319000000
48439;5220918705000570525;5;5;54;12;2022;9;15;1;3;5;3;0;1;1;1;0;0;0;0;353242,550999801023863;5745435,430999320000410;6,869704020000030;51,840422342000103
48440;5220929602200767552;5;3;62;4;2022;9;7;5;3;3;2;0;1;1;1;0;0;0;0;328078,206999559013639;5653252,935998580418527;6,549485732000050;51,005124584999997
48441;5220916502214993153;5;1;13;0;2022;9;16;6;3;3;7;0;0;1;1;0;0;0;0;362489,759999854024500;5698332,905999460257590;7,022342805000050;51,419507349000099
48442;5220927608200067557;5;3;34;2;2022;9;8;3;3;5;3;0;1;1;1;0;0;0;0;297540,079122025985271;5622134,299610580317676;6,131959346000030;50,715702456000002
48444;5220923406210078133;5;7;58;4;2022;9;7;6;3;5;3;0;0;1;1;0;0;0;0;471231,143999999971129;5782777,925999679602683;8,579108260000050;52,194706988000100
48447;5220928506100282250;5;1;16;0;2022;9;5;4;2;4;2;2;1;1;1;0;0;0;0;320181,214999461022671;5673077,411998090334237;6,427173291000030;51,180800293000097
48448;5220914515211178896;5;1;54;16;2022;9;18;4;2;5;2;0;1;1;1;0;0;0;0;304222,764999254024588;5733470,572996280156076;6,165714269000030;51,717946014000098
48461;5220921606100752230;5;3;78;4;2022;9;18;4;3;1;7;0;0;1;1;0;0;0;0;369044,996520183980465;5649818,371392640285194;7,134267619000070;50,985041624000097
48463;5220914709110993735;5;5;66;4;2022;9;16;4;3;0;7;0;0;1;0;0;0;0;0;396450,486498249985743;5767072,607995799742639;7,490100537000050;52,044581194000003
48465;5220927400200666296;5;7;11;0;2022;9;15;3;3;5;2;0;1;1;1;0;0;0;0;469443,818999999028165;5764838,584999679587781;8,554570633000029;52,033326988000098
48468;5220922610221063885;5;3;70;20;2022;9;9;5;3;6;7;0;0;1;0;1;0;0;0;305140,517968464992009;5658110,447470230050385;6,220316926000070;51,041443803999996
48470;5220911601400681772;5;3;15;0;2022;9;5;1;3;5;3;2;0;1;0;0;0;0;1;356575,077999818022363;5653978,300999379716814;6,955079342000030;51,019454446000097
48472;5220914317140589380;5;9;78;28;2022;9;7;4;3;5;2;1;0;1;0;0;0;0;1;400476,519999972020742;5700279,388999629765749;7,567898868000040;51,444947681000002
48483;5220920600120993888;5;3;82;24;2022;9;15;3;3;5;6;0;0;1;0;0;1;0;0;372081,087999894982204;5615428,258999509736896;7,189500518000050;50,676617765000103
48493;5220926301101182117;5;9;13;0;2022;9;9;2;3;1;5;0;0;1;1;0;0;0;0;393232,054890745028388;5707549,901494399644434;7,461495536000030;51,508979434000103
48494;5220922601400462704;5;3;15;0;2022;9;8;5;1;5;3;0;0;1;0;0;1;0;0;355997,853866611025296;5646872,486720319837332;6,949671351000060;50,955452008000101
48495;5220912600360995377;5;3;82;12;2022;9;9;2;3;5;3;0;0;1;1;0;0;0;0;353289,927580636984203;5629279,574893199838698;6,918201269000060;50,796666250999998
48497;5220919501311969445;5;1;12;0;2022;9;8;2;3;0;2;0;0;1;1;0;0;0;0;345458,318361261975951;5700835,030675450339913;6,776494225000020;51,437602250000097
48499;5220916502000263711;5;1;13;0;2022;9;13;6;3;3;6;0;0;1;1;0;0;0;0;358685,533186731976457;5701694,590582779608667;6,966325928000060;51,448780436000000
48501;5220923601200381846;5;3;15;0;2022;9;15;6;3;2;6;0;0;1;1;0;0;0;0;354542,555999803007580;5642837,394999350421131;6,930575729000050;50,918824284000003
48503;5220930601200099148;5;3;15;0;2022;9;16;6;3;5;2;0;0;1;1;0;0;0;0;353845,556067830009852;5642328,256224020384252;6,920870447000030;50,914072691000101
48507;5220915501115091471;5;1;12;0;2022;9;16;5;3;0;3;0;0;1;1;0;0;0;0;344937,226297474000603;5707503,451316850259900;6,766077665000070;51,497375266000098
48510;5220920411236597002;5;7;74;36;2022;9;16;3;3;5;3;0;0;1;1;0;0;0;0;474478,261328457971103;5729308,679806860163808;8,630584747000061;51,714133457000102
48511;5220925508000682190;5;1;19;0;2022;9;11;1;3;0;3;0;0;1;1;0;0;0;0;352871,109949539997615;5706097,001037750393152;6,880877598000040;51,486858094000098
48514;5220922601400381767;5;3;15;0;2022;9;16;5;3;5;3;0;0;1;1;0;0;0;0;355874,920999813009985;5646804,544999370351434;6,947949112000060;50,954810699000099
48515;5220911410230587101;5;7;70;4;2022;9;17;1;2;5;3;0;0;1;1;0;0;0;0;485770,164000002027024;5785100,162999680265784;8,791715933000029;52,216152223999998
48518;5220913314110287430;5;9;66;24;2022;9;18;3;2;5;3;0;0;1;1;0;0;0;0;418812,237999990000390;5653344,336999610066414;7,842316749000080;51,025914075999999
48523;5220929701910993779;5;5;62;8;2022;9;7;5;3;5;3;0;0;1;1;0;0;0;0;384971,213091531011742;5724211,754770060069859;7,337051441000030;51,657111940000000
48532;5220915608404133439;5;3;34;4;2022;9;15;5;3;0;6;0;1;1;0;0;0;0;0;300175,188357311009895;5638984,004695350304246;6,160076240000020;50,867954969000003
48534;5220920506100511604;5;1;16;0;2022;9;5;3;3;5;3;2;0;1;1;0;0;0;0;318667,416148810996674;5673473,489309449680150;6,405337863000060;51,183880166000101
48542;5220919303100594500;5;9;15;0;2022;9;6;2;3;5;3;1;1;1;1;0;0;0;0;418155,221105239004828;5727476,227105920203030;7,815888337000050;51,692270377000099
48543;5220929601600099865;5;3;15;0;2022;9;14;5;3;4;2;0;0;1;1;0;0;0;0;364821,134999862988479;5638361,665999460034072;7,078374811000060;50,881097813000103
48549;5220930603228775839;5;3;66;28;2022;9;15;6;3;0;2;0;0;1;1;0;0;0;0;337880,935965023993049;5610221,794987769797444;6,708097146000060;50,621313102999999
48553;5220915302000375718;5;9;14;0;2022;9;6;5;3;0;7;2;0;1;0;0;0;0;0;393711,054552617017180;5692226,017107039690018;7,472996305000040;51,371329261000000
48555;5220910601500969918;5;3;15;0;2022;9;11;7;3;5;3;0;1;1;1;0;0;0;0;359953,643999837979209;5647760,424999419599771;7,005615882000030;50,964406900000000
48561;5220921300800293921;5;9;54;36;2022;9;14;4;3;0;1;0;0;1;0;0;0;0;0;384602,498269690026063;5699528,664807200431824;7,339819074000050;51,435188199000002
48564;5220921610121689913;5;3;70;12;2022;9;7;4;2;5;3;0;0;1;1;0;0;0;0;294189,301072044007014;5651988,944868920370936;6,067782196000050;50,982650855000003
48572;5220911607100995351;5;3;82;28;2022;9;6;1;3;0;3;2;1;1;1;0;0;0;0;373931,743999902973883;5633539,443999529816210;7,209477147000030;50,839813869000103
48574;5220914317110809145;5;9;78;36;2022;9;14;4;3;5;3;0;1;1;1;0;0;0;0;406288,898235362023115;5710448,046925200149417;7,648810912000040;51,537347867000101
48576;5220913314110090198;5;9;66;24;2022;9;16;3;3;5;3;0;0;1;1;0;0;0;0;418812,329999990994111;5653943,591999620199203;7,842183824000070;51,031301762000098
48580;5220929709700396559;5;5;66;28;2022;9;8;5;3;4;2;0;0;1;1;0;0;0;0;411890,928650133020710;5792263,029551260173321;7,708640015000070;52,273673120000097
48582;5220930404302396906;5;7;66;8;2022;9;19;6;3;5;2;2;0;1;1;0;0;0;0;482097,938256693014409;5768648,122571500018239;8,738832252000069;52,068130646000000
48586;5220920601200581726;5;3;15;0;2022;9;15;3;3;0;1;0;0;1;0;0;0;0;0;353214,772999793000054;5641508,214999330230057;6,912233394000050;50,906543177000103
48589;5220929400200003825;5;7;11;0;2022;9;17;5;3;5;3;0;0;1;1;0;0;0;0;468619,926000001025386;5762964,912999670021236;8,542732661000059;52,016435478000098
48591;5220926711212291831;5;5;70;4;2022;9;9;2;3;5;2;0;1;1;1;0;0;0;0;422739,533999993000180;5735251,794999659992754;7,880473568000070;51,762819799000098
48593;5220924606100099038;5;3;78;4;2022;9;14;7;3;4;2;0;0;1;1;0;0;0;0;371099,093670482980087;5647753,012330249883235;7,164248683000040;50,966941957000103
48601;5220919500100085395;5;1;11;0;2022;9;15;2;3;5;3;0;0;1;0;0;0;0;0;343001,356797352025751;5679148,001649410463870;6,750735256000040;51,242068513000000
48602;5220929702100742397;5;5;15;0;2022;9;12;5;3;6;4;0;0;1;0;1;0;0;0;405379,890999977011234;5755895,362999659962952;7,623346578000050;51,945712217000100
48606;5220923515110578896;5;1;54;24;2022;9;17;6;3;3;6;0;0;1;1;0;0;0;0;313162,336999387014657;5734811,328997329808772;6,294254780000070;51,733036691000102
48612;5220915501315191540;5;1;12;0;2022;9;15;5;3;5;1;0;0;1;1;0;0;0;0;346515,495999749982730;5699696,725999189540744;6,792185728000050;51,427661812000103
48614;5220911301103089247;5;9;13;0;2022;9;14;1;3;3;2;0;0;1;1;0;0;0;0;391605,161999956995714;5705500,308999610133469;7,438691384000040;51,490247152000101
48615;5220919705000195045;5;5;54;44;2022;9;7;2;3;5;3;0;1;1;0;0;0;0;1;365800,674999870010652;5741278,689999490045011;7,053486858000040;51,806228998000101
48619;5220912315120775748;5;9;70;16;2022;9;15;2;3;0;1;0;0;1;0;0;0;0;0;418632,869196187006310;5639233,518196740187705;7,842915579000020;50,899022324000001
48624;5220929601300099189;5;3;15;0;2022;9;17;5;2;0;3;1;0;1;1;0;0;0;0;354191,833819826017134;5644855,059408149681985;6,924782542000060;50,936867936000098
48630;5220928514111695552;5;1;66;32;2022;9;5;4;3;5;3;2;1;1;1;0;0;0;0;313824,790859845990781;5680628,436968980357051;6,332410861000030;51,246592533000097
48633;5220909709500449776;5;5;66;16;2022;9;15;6;3;5;1;0;1;1;1;0;0;0;0;403489,148307600989938;5795282,600583099760115;7,584674572000040;52,299401748999998
48636;5220917303100595830;5;9;15;0;2022;9;20;7;3;0;1;2;0;1;0;0;0;0;0;419164,263619808014482;5726611,710459919646382;7,830683911000050;51,684644966000100
48642;5221001406220037955;5;7;58;24;2022;10;17;7;3;0;1;0;1;1;0;0;0;0;0;481080,145377655979246;5785478,926390980370343;8,723047067000040;52,219416395000103
48645;5220914609108289854;5;3;58;8;2022;9;5;4;2;5;2;2;1;1;1;0;0;0;0;320656,722693911986426;5635161,568290369585156;6,452708509000050;50,840331772000098
48649;5220924709300196690;5;5;66;68;2022;9;9;7;3;0;1;0;1;1;0;0;0;0;0;376727,504205789999105;5785272,908568929880857;7,196058762000060;52,204100318000002
48653;5220921313220149957;5;9;58;24;2022;9;7;4;3;0;7;0;0;1;0;0;0;0;0;488992,813394343014807;5700666,328830730170012;8,841572882000040;51,457066675000100
48657;5220929516500281919;5;1;58;16;2022;9;9;5;2;5;2;0;0;1;1;0;0;0;0;356607,947808971977793;5671026,662347350269556;6,948777431000050;51,172669492000097
48659;5220927609108485729;5;3;58;8;2022;9;13;3;3;0;1;0;1;1;0;0;0;0;0;320641,906878058973234;5633865,999637030065060;6,453132238000020;50,828687971000100
48660;5220913601200193523;5;3;15;0;2022;9;18;3;3;4;6;0;1;1;0;0;0;0;0;355120,289496115990914;5639024,423824270255864;6,940302475000070;50,884703094000002
48663;5220917316200789250;5;9;74;48;2022;9;17;7;2;0;1;0;1;1;0;0;0;0;0;435316,884033432987053;5719998,843746590428054;8,065522841000069;51,627286599999998
48667;5220926501135395572;5;1;12;0;2022;9;16;2;2;5;3;0;1;1;1;0;0;0;0;345866,926999745017383;5710674,082999169826508;6,778074498000020;51,526117464999999
48674;5220921303100572318;5;9;15;0;2022;9;20;4;3;4;6;2;0;1;0;0;0;0;0;419120,382371956016868;5724571,713632600381970;7,830521783000050;51,666299928000100
48677;5220921609128289795;5;3;58;28;2022;9;4;4;3;5;2;2;0;1;1;0;0;0;0;321487,780999466020148;5621503,740998269990087;6,471130640000070;50,717886094999997
48683;5220925410270182026;5;7;70;16;2022;9;18;1;3;8;1;0;0;1;0;0;0;0;0;477396,574125525017735;5791783,559699799865484;8,668705130000030;52,275958912000100