OBJECTID;UIDENTSTLAE;ULAND;UREGBEZ;UKREIS;UGEMEINDE;UJAHR;UMONAT;USTUNDE;UWOCHENTAG;UKATEGORIE;UART;UTYP1;ULICHTVERH;IstStrassenzustand;IstRad;IstPKW;IstFuss;IstKrad;IstGkfz;IstSonstige;LINREFX;LINREFY;XGCSWGS84;YGCSWGS84
48688;5220913711313981132;5;5;70;8;2022;9;15;3;3;4;6;0;0;1;0;0;0;0;0;435075,620660968997981;5736438,519884060136974;8,058976712000060;51,775054919000098
48692;5220921601600266039;5;3;15;0;2022;9;12;4;3;0;1;0;0;1;0;0;0;0;0;365229,176252915000077;5645595,023258640430868;7,081499956000070;50,946203615000101
48696;5220916601700579323;5;3;16;0;2022;9;19;6;2;7;1;0;0;1;0;0;0;0;0;362062,409705199010205;5660109,931669250130653;7,030930187000020;51,075902730999999
48709;5220911601400193535;5;3;15;0;2022;9;16;1;3;0;7;0;0;1;0;0;0;0;0;350402,182359938975424;5659536,780419830232859;6,864835607000030;51,067831167000101
48715;5220921501213269329;5;1;12;0;2022;9;16;4;3;4;2;0;0;1;1;0;0;0;0;339545,152091614028905;5698690,858764669857919;6,692460980000020;51,416694022999998
48719;5220916514124649611;5;1;66;20;2022;9;11;6;2;5;3;0;0;1;1;0;0;0;0;303053,614999196026474;5676804,240996399894357;6,180373730000040;51,208629692999999
48720;5220928301202993689;5;9;13;0;2022;9;0;4;3;5;3;2;1;1;1;0;0;0;0;395028,424999961978756;5709163,645999619737267;7,486890433000040;51,523821267000102
48722;5220923601600393560;5;3;15;0;2022;9;20;6;3;5;2;2;0;1;1;0;0;0;0;365998,663806347991340;5638383,137409090064466;7,095096084000030;50,881565078000101
48725;5220928709500536405;5;5;66;16;2022;9;12;4;3;5;3;0;0;1;0;0;0;0;1;405438,069999978004489;5795809,374999679625034;7,613098268000040;52,304475292000099
48727;5220926607100085037;5;3;82;40;2022;9;19;2;3;5;2;2;1;1;1;0;0;0;0;382557,466025847999845;5633113,373668000102043;7,332065677000060;50,837799013000101
48728;5220915405108993942;5;7;54;8;2022;9;13;5;3;5;2;0;0;1;1;0;0;0;0;457254,415000001026783;5749789,102999670431018;8,378764132000070;51,897219246000098
48730;5220910709110012517;5;5;66;12;2022;9;10;7;3;7;5;0;0;1;1;0;0;0;0;406888,780272105010226;5768333,934818740002811;7,641913169000080;52,057770101000102
48732;5220925513320177547;5;1;62;12;2022;9;12;1;2;0;7;0;0;1;0;0;0;0;0;329281,071703783003613;5666121,666962809860706;6,560541838000060;51,121098862000103
48735;5220912405108282101;5;7;54;8;2022;9;14;2;3;5;2;0;0;1;0;0;0;0;1;459167,017782012990210;5751397,359548550099134;8,406368401000069;51,911821910000100
48736;5220920701200671520;5;5;62;20;2022;9;13;3;2;0;7;0;0;1;0;0;0;0;0;371885,331594558025245;5718181,138878949917853;7,150178612000050;51,600085584000098
48740;5220929600140433994;5;3;14;0;2022;9;17;5;3;5;3;0;0;1;1;0;0;0;0;367057,853880601003766;5622488,096259630285203;7,115901977000020;50,738946519000102
48744;5220923301301289342;5;9;78;24;2022;9;16;6;3;0;3;0;0;1;1;0;0;0;0;397859,848999967973214;5719778,846999630331993;7,524602917000040;51,619756682999999
48748;5220926515110991689;5;1;54;24;2022;9;6;2;3;3;6;2;1;1;1;0;0;0;0;311140,404369600990321;5733267,021116290241480;6,265846760000040;51,718489610000098
48753;5220916701920053357;5;5;62;28;2022;9;10;6;3;5;2;0;0;1;0;0;1;0;0;378304,610999919997994;5723143,672999580390751;7,241092959000070;51,646108992999999
48759;5221001406140079415;5;7;58;32;2022;10;12;7;3;5;3;0;1;1;1;0;0;0;0;464611,528999999980442;5776494,980999680235982;8,482921558000040;52,137836038000003
48764;5220915702100596579;5;5;15;0;2022;9;11;5;3;2;6;0;0;1;0;0;0;0;0;405383,319999978004489;5755919,225999659858644;7,623389884000060;51,945927292000100
48767;5220911410270840741;5;7;70;16;2022;9;11;1;2;4;6;0;0;1;0;0;0;0;0;481808,253385570016690;5791554,006124169565737;8,733377954000050;52,274058823000097
48772;5220912518300986029;5;1;70;20;2022;9;13;2;3;4;6;0;0;1;0;0;0;0;0;326996,235778056026902;5709262,481243319809437;6,506996386000030;51,507971920000003
48779;5220923601000573834;5;3;15;0;2022;9;13;6;3;3;2;0;0;1;1;0;0;0;0;354037,105999798979610;5642120,882999340072274;6,923676395000030;50,912257560999997
48785;5220915601300981661;5;3;15;0;2022;9;18;5;3;1;7;0;0;1;1;0;0;0;0;354792,143999804975465;5646143,463999349623919;6,932806905000060;50,948597952999997
48788;5220925701500050782;5;5;62;24;2022;9;13;1;2;5;3;0;0;1;1;0;0;0;0;365004,986999867018312;5721006,163999490439892;7,049807103000030;51,623865233000103
48791;5220921400200072315;5;7;11;0;2022;9;7;4;2;5;3;0;0;1;0;0;0;0;0;473751,851091197982896;5764225,092771979980171;8,617415935000050;52,028031915000000
48794;5220929518400089227;5;1;70;8;2022;9;16;5;3;0;2;2;0;1;1;0;0;0;0;345385,165969412017148;5713857,428098370321095;6,769736945000030;51,554587660999999
48795;5220916514111246167;5;1;66;32;2022;9;7;6;3;3;1;0;0;1;0;0;0;0;0;313882,616675472992938;5681980,489192830398679;6,332535339000060;51,258756020000099
48797;5220913608200757603;5;3;34;2;2022;9;11;3;2;3;6;0;0;1;1;0;0;0;0;295342,830025198985822;5628776,872753099538386;6,097185855000020;50,774592385000098
48801;5220912701110295982;5;5;62;32;2022;9;15;2;3;5;3;0;0;1;1;0;0;0;0;377296,160538236028515;5720463,175712300464511;7,227464503000020;51,621799637000002
48807;5220916701400993715;5;5;12;0;2022;9;17;6;2;3;6;0;0;1;1;0;0;0;0;357327,366792005021125;5711175,794101010076702;6,942961582000070;51,533637527000103
48813;5220930705000187250;5;5;54;8;2022;9;16;6;3;5;2;0;0;1;1;0;0;0;0;333846,163999639975373;5745558,598998740315437;6,588345062000030;51,836095300000103
48814;5220929405148106289;5;7;54;48;2022;9;7;5;3;5;2;1;0;1;0;0;1;0;0;441675,562999998976011;5766271,385999670252204;8,149574268000039;52,043982434000000
48816;5220926705000220896;5;5;54;20;2022;9;14;2;3;5;3;0;1;1;1;0;0;0;0;365559,344334815978073;5786715,453544950112700;7,032153759000040;52,214451394999998
48828;5220929518100008386;5;1;70;48;2022;9;13;5;3;5;3;0;0;1;1;0;0;0;0;338679,912999683001544;5726046,383998950012028;6,667492247000040;51,662217369000103
48830;5220927515110595883;5;1;54;36;2022;9;10;3;2;5;3;0;1;1;1;0;0;0;0;303948,244554843986407;5740489,709139229729772;6,157788679000020;51,780884002000100
48831;5220913608200094893;5;3;34;2;2022;9;0;3;3;0;1;2;0;1;0;0;0;0;0;296599,216767575999256;5630961,906777050346136;6,113773014000060;50,794658981000097
48834;5220930601200993629;5;3;15;0;2022;9;8;6;3;5;3;0;0;1;1;0;0;0;0;358655,291467749979347;5639699,555378220044076;6,990263590000040;50,891646256999998
48842;5220925516100386818;5;1;58;36;2022;9;15;1;3;4;6;0;0;1;0;0;0;0;0;363934,135443356994074;5680864,724352629855275;7,049778478000060;51,262873860000099
48849;5221001513130781642;5;1;62;22;2022;10;18;7;2;5;2;1;0;1;1;0;0;0;0;339321,658381871995516;5679423,218689049594104;6,697939123000030;51,243516796999998
48850;5220921608100189797;5;3;34;2;2022;9;16;4;3;0;2;0;0;1;1;0;0;0;0;292757,462998959992547;5627930,688995099626482;6,061043363000070;50,766074950000103
48851;5220929505200086042;5;1;14;0;2022;9;14;5;3;3;2;0;0;1;1;0;0;0;0;330562,152741294004954;5690465,260741249658167;6,567318913000070;51,340183679000098
48855;5220922701500498979;5;5;62;24;2022;9;8;5;3;5;3;0;0;1;1;0;0;0;0;373125,464999902993441;5725556,471999550238252;7,165401797000070;51,666647801000103
48861;5220912601600490353;5;3;15;0;2022;9;8;2;3;5;2;0;0;1;1;0;0;0;0;364349,768340588023420;5641536,394560240209103;7,070499089000070;50,909520412000099
48867;5220923701610691324;5;5;62;12;2022;9;13;6;3;5;3;0;0;1;1;0;0;0;0;359343,170144232979510;5726255,344070360064507;6,965957960000030;51,669646915999998
48882;5220912701110795075;5;5;62;32;2022;9;18;2;3;5;2;0;0;1;1;0;0;0;0;375069,378495312994346;5720550,585934760048985;7,195283070000070;51,622095296000097
48886;5220919410240993908;5;7;70;40;2022;9;15;2;2;5;7;0;1;1;0;0;1;0;0;473219,864733166003134;5809445,241453840397298;8,606079987000040;52,434553397999998
48895;5220926601300693462;5;3;15;0;2022;9;16;2;3;2;2;0;1;1;1;0;0;0;0;348162,404838541988283;5648417,799488320015371;6,837546757000040;50,967327374000000
48896;5220915601700193543;5;3;16;0;2022;9;5;5;3;0;2;2;0;1;1;0;0;0;0;362926,355999852996320;5654741,366999450139701;7,045288272000050;51,027861519000098
48899;5220925506100095890;5;1;16;0;2022;9;1;1;2;0;1;2;1;1;0;0;0;0;0;320940,561407139990479;5669355,302406869828701;6,439879105000050;51,147601944000002
48903;5220921500200562215;5;1;11;0;2022;9;11;4;3;3;6;0;0;1;0;0;0;1;0;346570,144681108009536;5679211,931505920365453;6,801795809000050;51,243613950000103
48910;5220913506100993965;5;1;16;0;2022;9;15;3;3;5;3;0;0;1;0;0;0;0;1;318363,589999436982907;5675993,213997949846089;6,399720660000070;51,206418241000101
48913;5220930701110865512;5;5;62;32;2022;9;20;6;3;5;3;2;0;1;1;0;0;0;0;375612,523439073993359;5719709,383307020179927;7,203423674000020;51,614655616999997
48917;5220915410270790746;5;7;70;16;2022;9;15;5;2;0;1;0;0;1;0;0;0;0;0;478356,790410785004497;5790421,869302280247211;8,682866000000050;52,263755404999998
48918;5220909711121090658;5;5;70;36;2022;9;20;6;3;5;3;2;1;1;1;0;0;0;0;434873,285489202011377;5759501,417889069765806;8,051692148000029;51,982364969999999
48920;5220920300500839186;5;9;11;0;2022;9;9;3;3;5;2;0;1;1;1;0;0;0;0;377309,688999916019384;5704272,495999570004642;7,233306543000030;51,476291118000098
48923;5220924302120290028;5;9;14;0;2022;9;21;7;3;0;1;2;1;1;0;0;0;0;0;392734,964788300974760;5690736,319621370173991;7,459428140000060;51,357755289000103
48928;5220921602800585397;5;3;62;12;2022;9;19;4;3;0;7;1;0;1;0;0;0;0;0;353694,650999795994721;5632919,363999339751899;6,922489059000040;50,829478897999998
48933;5220916303100993160;5;9;15;0;2022;9;16;6;3;5;3;0;0;1;1;0;0;0;0;414101,947363547980785;5722466,260821980424225;7,758492915000030;51,646628419000102
48934;5220924709700776770;5;5;66;72;2022;9;23;7;3;0;1;2;1;1;0;0;0;0;0;412799,747613110987004;5802334,087069399654865;7,719345571000080;52,364338957000001
48936;5220911603228994757;5;3;66;28;2022;9;21;1;2;0;1;2;0;1;0;0;0;0;0;334971,077999630011618;5606318,840998900122941;6,668730344000040;50,585426333999997
48942;5220930602900180784;5;3;62;40;2022;9;17;6;3;5;3;0;0;1;0;0;1;0;0;357122,658999816980213;5630898,009999389760196;6,971920590000020;50,812168972000102
48943;5220928505100085965;5;1;14;0;2022;9;9;4;3;3;6;0;0;1;0;0;0;0;1;331420,699999605014455;5689466,460998689755797;6,580106292000040;51,331465739000102
48945;5220926513130195618;5;1;62;22;2022;9;13;2;2;5;2;0;0;1;1;0;0;0;0;339531,718040496984031;5680628,632564480416477;6,700405686000070;51,254406409000097
48947;5220910301202351890;5;9;13;0;2022;9;18;7;3;3;6;0;1;1;0;0;0;0;1;393673,960367680003401;5709343,005492109805346;7,467319876000030;51,525180046999999
48949;5220919709500579091;5;5;66;76;2022;9;7;2;3;4;6;0;1;1;0;0;0;0;1;393190,497999958985019;5793312,537999659776688;7,434328219000070;52,279790567000099
48952;5220922310220594342;5;9;54;8;2022;9;12;5;3;0;1;0;0;1;0;0;0;0;0;386326,334864553995430;5684281,966721749864519;7,369483718000030;51,298495156000101
48961;5220913601500356567;5;3;15;0;2022;9;7;3;3;5;3;0;0;1;1;0;0;0;0;364132,528145153017249;5648506,192246739752591;7,064811454000050;50,972110129000001
48963;5220922610112985839;5;3;70;8;2022;9;14;5;3;5;2;0;0;1;1;0;0;0;0;287070,360043130000122;5656031,547442469745874;5,964136877000040;51,016364727999999
48966;5220914410120287169;5;7;70;32;2022;9;10;4;3;5;3;0;0;1;1;0;0;0;0;494609,639526056998875;5787767,665690979920328;8,921057787000050;52,240292083000000
48967;5220926316100075728;5;9;74;8;2022;9;18;2;3;5;3;0;0;1;0;0;0;0;1;444769,205333950987551;5711807,460911259986460;8,203354399000030;51,554647527999997
48973;5220930411216474448;5;7;74;16;2022;9;16;6;3;5;3;0;0;1;1;0;0;0;0;469725,275603603979107;5710974,061431399546564;8,563375084000031;51,549045665999998
48974;5220923608200565662;5;3;34;2;2022;9;8;6;3;5;3;0;0;1;1;0;0;0;0;299377,937618351017591;5631287,444642390124500;6,152972549000030;50,798551223000104
48992;5220921516400586888;5;1;58;24;2022;9;18;4;3;4;2;0;0;1;1;0;0;0;0;361276,934999845980201;5682713,737999440170825;7,010999882000020;51,278849868000101
48993;5220919502134589477;5;1;13;0;2022;9;14;2;3;9;2;0;1;1;0;0;0;0;0;366295,058999872009736;5701845,056999489665031;7,075710417000040;51,451980510000098
48997;5220923502209989623;5;1;13;0;2022;9;21;6;3;0;7;2;0;1;1;0;0;0;0;360823,263999844028149;5700849,863999440334737;6,997402112000030;51,441718891000100
49000;5220928702100491700;5;5;15;0;2022;9;17;4;3;1;2;0;0;1;0;0;1;0;0;406386,790999980003107;5757327,129999659955502;7,637601713000040;51,958751992000003
49003;5220915601400285269;5;3;15;0;2022;9;17;5;3;3;7;0;0;1;1;0;0;0;0;356316,589912557974458;5647808,577187219634652;6,953836873000060;50,963944044000101
49005;5220911301302109548;5;9;13;0;2022;9;18;1;2;0;7;1;0;1;0;0;0;0;0;399028,429446101014037;5709038,461456829681993;7,544563844000040;51,523425365999998
49013;5221001600110186289;5;3;14;0;2022;10;11;7;3;0;1;0;1;1;0;0;0;0;0;365576,014375291008037;5622892,171606229618192;7,094765787000030;50,742237198000097
49019;5220923404103096813;5;7;66;52;2022;9;6;6;2;5;3;1;0;1;1;0;0;0;0;516895,286000000021886;5756387,894999669864774;9,245875409000060;51,957932341000102
49020;5220916705000152632;5;5;54;12;2022;9;18;6;2;5;2;0;1;1;1;0;0;0;0;352983,257999799971003;5747119,954999320209026;6,865226773000070;51,855489502000097
49026;5220909711213096598;5;5;70;4;2022;9;13;6;3;5;3;0;0;1;0;0;0;0;0;425383,824550169985741;5735514,694956979714334;7,918726146000040;51,765541824000103
49032;5220922405224993857;5;7;54;24;2022;9;15;5;2;7;1;0;0;1;0;0;0;0;0;449444,697604750981554;5736406,832143760286272;8,267227808000030;51,776252501000002
49034;5220917702100093599;5;5;15;0;2022;9;1;7;3;0;1;2;1;1;0;0;0;0;0;405627,464999978023116;5758065,369999660179019;7,626351444000020;51,965259254000003
49044;5220911601600390270;5;3;15;0;2022;9;18;1;3;0;1;0;0;1;0;0;0;0;0;358835,460676747024991;5642396,010923200286925;6,991781011000060;50,915923696000000
49064;5220915516800978617;5;1;58;20;2022;9;19;5;3;0;7;1;0;1;0;0;0;0;0;356675,198999817017466;5662552,751999380066991;6,953109798000070;51,096535226000100
49065;5220924518120077721;5;1;70;44;2022;9;14;7;2;5;3;0;0;1;1;0;0;0;0;338482,169999681995250;5721970,352998940274119;6,666517212000030;51,625541363000103
49071;5220912516900886724;5;1;58;26;2022;9;17;2;2;5;3;0;0;1;1;0;0;0;0;352931,852999792026822;5663610,188999320380390;6,899256465000060;51,105089833000100
49077;5220913700000879010;5;5;13;0;2022;9;10;3;3;5;3;0;0;1;1;0;0;0;0;369853,904999889025930;5707542,585999529808760;7,124800483000060;51,504013111000098
49078;5220923603116669522;5;3;66;16;2022;9;20;6;3;5;3;2;0;1;1;0;0;0;0;344026,627999720978551;5613727,343999160453677;6,793434588000030;50,654491452999999
49080;5220910503200090157;5;1;24;0;2022;9;17;7;3;0;1;0;1;1;0;0;0;0;0;372758,578999900026247;5681291,851999539881945;7,176035411000040;51,268750840000102
49081;5220919608100233490;5;3;34;2;2022;9;17;2;3;0;1;0;0;1;0;0;0;0;0;294104,032598881982267;5628166,869858729653060;6,079980692000050;50,768675489000003
49082;5220930303100079096;5;9;15;0;2022;9;14;6;3;5;3;0;0;1;1;0;0;0;0;417724,457999988982920;5726311,611999649554491;7,809932176000070;51,681738100000103
49086;5220921709700876667;5;5;66;72;2022;9;14;4;3;4;6;0;0;1;0;0;0;0;0;411894,784999985015020;5801184,540999679826200;7,706360429000030;52,353861960000103
49089;5220930701700669301;5;5;62;16;2022;9;9;6;3;5;2;0;0;1;1;0;0;0;0;374379,123999907984398;5734049,359999559819698;7,180459564000050;51,743254056000097
49093;5220915608200394900;5;3;34;2;2022;9;20;5;3;3;2;1;0;1;1;0;0;0;0;295534,902865673997439;5628762,862249130383134;6,099914238000050;50,774534283000001
49099;5220912515211878833;5;1;54;16;2022;9;15;2;3;5;3;0;0;1;1;0;0;0;0;304492,497999252984300;5728615,593996340408921;6,172334786000020;51,674440158000003
49100;5220921501313817338;5;1;12;0;2022;9;13;4;3;0;6;0;0;1;0;0;0;0;0;344138,559999728982802;5700750,199999130330980;6,757558789000030;51,436478505000103
49109;5220928607400390939;5;3;82;68;2022;9;7;4;2;5;3;0;1;1;1;0;0;0;0;366646,575999873981345;5633172,333999480120838;7,106199647000040;50,834881331000098
49114;5220911300200167218;5;9;11;0;2022;9;1;1;3;0;1;2;0;1;0;0;0;0;0;370225,925538834009785;5703238,632393060252070;7,131739459000070;51,465419188000098
49116;5220925600120095302;5;3;82;24;2022;9;14;1;3;4;6;0;0;1;0;0;0;0;0;373257,544999902020209;5615563,100999520160258;7,206096536000080;50,678087194000099
49124;5220929514118085821;5;1;66;16;2022;9;17;5;2;0;7;0;1;1;0;0;0;0;0;311638,353901029971894;5684870,464542529545724;6,298885683000040;51,283977071999999
49128;5220923405244906409;5;7;54;44;2022;9;10;6;3;0;1;0;0;1;0;0;0;0;0;464961,169902188004926;5748932,511391489766538;8,490850720000029;51,890055740999998
49130;5220930515111196097;5;1;54;8;2022;9;15;6;2;0;7;0;0;1;0;0;0;0;0;312051,687035962007940;5747317,880627689883113;6,271416056000020;51,844988114000003
49132;5220914315260993897;5;9;70;32;2022;9;2;4;3;7;7;2;0;1;0;0;0;0;1;433605,878453230019659;5644442,918986890465021;8,054856792000070;50,947778082000099
49133;5220926503400478718;5;1;22;0;2022;9;11;2;3;0;7;0;1;1;1;0;0;0;0;360188,674109670973849;5669491,537168170325458;7,000562639000070;51,159760329999997
49137;5220917301201175356;5;9;13;0;2022;9;13;7;3;5;3;0;0;1;0;0;1;0;0;390810,374942375987303;5707964,087697410024703;7,426485342000030;51,512239491000102
49138;5220924410110696947;5;7;70;24;2022;9;9;7;3;0;3;0;1;1;0;0;0;0;0;489812,639000000024680;5790697,481999689713120;8,850717172000030;52,266564830999997
49151;5220911711213089382;5;5;70;4;2022;9;18;1;3;0;5;0;0;1;1;0;0;0;0;423903,355228106025606;5734316,599854379892349;7,897539058000060;51,754572089000099
49152;5220928400200137701;5;7;11;0;2022;9;17;4;3;5;3;0;0;1;1;0;0;0;0;473235,931000002019573;5764735,463999669998884;8,609856314000069;52,032595854000100
49154;5220926405108076255;5;7;54;8;2022;9;8;2;3;5;3;0;0;1;1;0;0;0;0;464757,376308962993789;5754239,877629430033267;8,487346410000040;51,937759993999997
49155;5220912706000376773;5;5;58;16;2022;9;14;2;3;4;3;0;0;1;0;0;0;0;0;387219,487999946984928;5747258,682999630458653;7,362059960000070;51,864705633000000
49156;5220912700000157809;5;5;13;0;2022;9;13;2;3;3;2;0;0;1;1;0;0;0;0;367607,071999877982307;5707690,874999499879777;7,092390644000030;51,504823881000000
49159;5220919506100867296;5;1;16;0;2022;9;15;2;2;5;2;0;1;1;1;0;0;0;0;320941,884999468980823;5669327,319998149760067;6,439911925000050;51,147350984000099
49162;5220930404301368063;5;7;66;44;2022;9;0;6;3;3;1;2;0;1;1;0;0;0;0;494351,625999999989290;5762875,978999669663608;8,917692548000050;52,016494508000100
49164;5220923601600199877;5;3;15;0;2022;9;11;6;2;0;3;0;0;1;1;0;0;0;0;364994,994999864022247;5643052,451999469660223;7,079110262000030;50,923297358000099
49170;5220926709500279179;5;5;66;76;2022;9;11;2;3;0;3;0;1;1;1;0;0;0;0;393483,860994369024411;5794049,961942889727652;7,438393741000030;52,286474855000101
49177;5220922516700886676;5;1;58;8;2022;9;14;5;2;0;7;0;0;1;0;0;0;0;0;360591,960999839997385;5672917,484999430365860;7,004997555000050;51,190646967000099
49185;5220913603116578298;5;3;66;16;2022;9;20;3;3;5;3;2;1;1;1;0;0;0;0;344547,492999122012407;5613447,245437339879572;6,800915083000060;50,652113612999997
49191;5220926605152099161;5;3;74;52;2022;9;12;2;3;5;3;0;0;1;1;0;0;0;0;387305,312517416023184;5664021,936039320193231;7,389884192000070;51,116580259000003
49192;5220915313110094367;5;9;58;4;2022;9;11;5;3;5;3;0;0;1;0;0;0;0;1;437607,273795277986210;5698619,742236520163715;8,102395909000050;51,435334943000001
49193;5220909702100874700;5;5;15;0;2022;9;7;6;3;5;2;0;0;1;1;0;0;0;0;401578,335999973001890;5757085,122999650426209;7,567714328000020;51,955746456999996
49196;5220925502101991786;5;1;13;0;2022;9;20;1;3;3;6;2;0;1;1;0;0;0;0;361716,372893301013391;5702912,304332179948688;7,009438462000050;51,460471493000099
49198;5220922410120078109;5;7;70;32;2022;9;19;5;3;0;1;1;0;1;0;0;0;0;0;493224,687214992998634;5786519,524940289556980;8,900800110000031;52,229055262000003
49207;5220913600310899983;5;3;14;0;2022;9;17;3;3;5;2;0;0;1;0;0;0;0;0;362590,790569986973424;5620223,317821980454028;7,053475682000060;50,717551528000101
49222;5220928711121291712;5;5;70;36;2022;9;18;4;3;7;3;1;0;1;1;0;0;0;0;434181,750329989008605;5760116,281999009661376;8,041506251000040;51,987810928000002
49227;5220911400200296968;5;7;11;0;2022;9;20;1;3;0;7;2;0;1;0;0;0;0;0;468691,702668805024587;5762938,609707780182362;8,543780953000070;52,016203049000097
49237;5220929601100586245;5;3;15;0;2022;9;17;5;3;0;7;0;0;1;0;0;0;0;0;355359,346712375991046;5643937,744290810078382;6,941751723000040;50,928918228000001
49241;5220923500100060580;5;1;11;0;2022;9;8;6;3;5;2;0;0;1;0;0;0;0;1;345047,311567322991323;5677759,485606850124896;6,780623834000040;51,230151557000099
49245;5220926515210095957;5;1;54;12;2022;9;13;2;3;1;3;0;1;1;1;0;0;0;0;319085,389999458973762;5711428,679997920058668;6,392012672000020;51,524952615000103
49254;5220921702100491835;5;5;15;0;2022;9;16;4;3;5;2;0;0;1;1;0;0;0;0;404194,053999976022169;5754225,316999659873545;7,606564204000050;51,930498227000001
49257;5221001315210590408;5;9;70;24;2022;10;4;7;3;0;7;2;1;1;0;0;0;0;0;428959,761406245001126;5646060,140759279951453;7,988412718000060;50,961764882000097
49261;5220918607100993920;5;3;82;28;2022;9;2;1;3;0;1;2;1;1;0;0;0;0;0;378104,154437437013257;5641298,915387700311840;7,266120859000070;50,910454492000000
49266;5220911515211095886;5;1;54;56;2022;9;18;1;3;0;3;0;0;1;1;0;0;0;0;310941,832359583000652;5727090,209219629876316;6,266321794000020;51,662947664000100
49269;5220926313211993821;5;9;58;12;2022;9;12;2;1;3;6;0;1;1;0;0;0;1;0;470403,666645749006420;5688667,971125120297074;8,575024658000070;51,348515153000100
49272;5220921518200196024;5;1;70;24;2022;9;14;4;3;5;3;0;0;1;1;0;0;0;0;335937,688999654026702;5702594,312998870387673;6,638819800000020;51,450731018000099
49273;5220910405108082109;5;7;54;8;2022;9;1;7;3;0;1;2;0;1;0;0;0;0;0;454947,129213213978801;5755907,374522910453379;8,344433015000050;51,952043709000101
49279;5220923506100911589;5;1;16;0;2022;9;19;6;3;2;3;0;0;1;1;0;0;0;0;318881,307999440992717;5667209,348997999913990;6,411547603000030;51,127676798000003
49280;5220920601300086503;5;3;15;0;2022;9;23;3;3;0;1;2;0;1;0;0;0;0;0;353934,447047562978696;5646734,828919019550085;6,920367977000070;50,953695647000103
49281;5220917516700886799;5;1;58;8;2022;9;0;7;2;0;7;2;0;1;0;0;0;0;0;359289,752999834017828;5671740,518999409861863;6,986835553000050;51,179750847000001
49287;5220924601600081763;5;3;15;0;2022;9;11;7;3;5;2;0;0;1;1;0;0;0;0;359501,767114072979894;5641771,145400200039148;7,001494378000070;50,910470531000001
49290;5220925606400390444;5;3;78;28;2022;9;12;1;2;0;1;0;0;1;0;0;0;0;0;373235,939999900991097;5643661,654999529942870;7,196088813000070;50,930642571000099
49298;5220927606100893479;5;3;78;4;2022;9;7;3;3;0;1;1;1;1;0;0;0;0;0;368752,900046892988030;5650392,635245529934764;7,129901002000050;50,990136429000103
49299;5220913700000792099;5;5;13;0;2022;9;10;3;3;5;3;0;0;1;1;0;0;0;0;364413,708999863010831;5716488,933999479748309;7,043017084000040;51,583129839000001
49303;5220928706200993149;5;5;58;12;2022;9;19;4;3;5;2;2;1;1;1;0;0;0;0;372885,784999902010895;5756256,589999560266733;7,150679642000060;51,942483304000099
49308;5220910515210095065;5;1;54;12;2022;9;21;7;2;3;6;2;1;1;0;0;0;0;0;312360,551722496980801;5707584,225953070446849;6,297229523000060;51,488228931000002
49313;5220911706000196668;5;5;58;40;2022;9;13;1;3;0;3;0;0;1;1;0;0;0;0;384109,966999938013032;5765951,937999620102346;7,310618105000060;52,032067324000103
49319;5220916315210141418;5;9;70;24;2022;9;7;6;3;5;3;0;0;1;1;0;0;0;0;432279,042999994999263;5646241,928999619558454;8,035636910000051;50,963799143000102
49325;5220914400200253281;5;7;11;0;2022;9;12;4;3;3;2;0;1;1;0;0;0;1;0;472458,797000001999550;5762442,263999669812620;8,598712763000041;52,011940320000100
49329;5220919600380686249;5;3;14;0;2022;9;17;2;3;5;3;0;1;1;1;0;0;0;0;368487,187113145017065;5618208,158320870250463;7,137673243000050;50,700803143000002
49333;5220923609108993703;5;3;58;8;2022;9;16;6;3;3;6;0;0;1;1;0;0;0;0;321511,806539518001955;5629506,707303860224783;6,467591489000030;50,789792948000098
49334;5220922300500772046;5;9;11;0;2022;9;13;5;3;0;1;0;0;1;0;0;0;0;0;376648,124999914027285;5702227,763999570161104;7,224498767000060;51,457770314000101
49345;5220911502135591767;5;1;13;0;2022;9;11;1;3;5;3;0;0;1;1;0;0;0;0;366973,610999875993002;5703742,990999500267208;7,084756274000030;51,469196618000097
49347;5220925705000591758;5;5;54;56;2022;9;15;1;3;5;3;0;0;1;1;0;0;0;0;357467,768597166985273;5762573,567759909667075;6,923898806000070;51,995506281000097
49351;5220921513210564068;5;1;62;24;2022;9;8;4;3;5;3;0;1;1;1;0;0;0;0;336926,959462971019093;5670700,533700129948556;6,667623844000050;51,164466440000098
49358;5220930709700538412;5;5;66;92;2022;9;13;6;3;5;2;0;0;1;1;0;0;0;0;422400,860999991011340;5794339,140999689698219;7,862164443000040;52,293918663000099
49359;5220928610111014206;5;3;70;16;2022;9;12;4;3;5;3;0;0;1;0;0;0;0;1;298600,503848917025607;5661925,124940250068903;6,125024162000050;51,073448902000102
49384;5220929607100590906;5;3;82;60;2022;9;14;5;3;5;3;0;0;1;1;0;0;0;0;374969,625880840001628;5627878,845143210142851;7,226139302000040;50,789158946999997
49388;5220923602100845182;5;3;62;8;2022;9;16;6;3;5;3;0;0;1;1;0;0;0;0;335332,949999639997259;5644387,786998890340328;6,656810485000050;50,927593383000001
49393;5220926600350166035;5;3;82;32;2022;9;6;2;3;5;3;1;0;1;1;0;0;0;0;360241,442950042022858;5610476,555055099539459;7,023898805000040;50,629390892000103
49394;5220915702100368386;5;5;15;0;2022;9;18;5;3;3;2;0;0;1;1;0;0;0;0;406325,006999980018009;5758859,043999659828842;7,636284908000050;51,972511139000098