OBJECTID;UIDENTSTLAE;ULAND;UREGBEZ;UKREIS;UGEMEINDE;UJAHR;UMONAT;USTUNDE;UWOCHENTAG;UKATEGORIE;UART;UTYP1;ULICHTVERH;IstStrassenzustand;IstRad;IstPKW;IstFuss;IstKrad;IstGkfz;IstSonstige;LINREFX;LINREFY;XGCSWGS84;YGCSWGS84
49397;5220920315110371277;5;9;70;40;2022;9;20;3;2;0;1;2;1;1;0;0;0;0;0;431486,415939214988612;5638873,614019559696317;8,025736573000071;50,897454653000104
49399;5220924501114773983;5;1;12;0;2022;9;3;7;3;3;2;2;0;1;1;0;0;0;0;346610,597999749996234;5706274,317999189719558;6,790699966000030;51,486787960000100
49400;5220922501134082154;5;1;12;0;2022;9;15;5;3;0;2;0;0;1;1;0;0;0;0;343272,434198973001912;5709778,493274260312319;6,741102604000050;51,517356814000003
49415;5220915502212377752;5;1;13;0;2022;9;16;5;3;0;2;0;0;1;1;0;0;0;0;363988,691784491005819;5699022,329831019975245;7,043622089000050;51,426064553000103
49418;5220919701110895112;5;5;62;32;2022;9;16;2;3;5;3;0;1;1;1;0;0;0;0;373836,472999904013705;5720940,854999559931457;7,177341911000040;51,625327599999999
49421;5220922404302321687;5;7;66;48;2022;9;15;5;3;5;3;0;0;1;0;0;0;0;1;480599,565725679975003;5764142,291291059926152;8,717229036000051;52,027569268000001
49423;5220920701110577685;5;5;62;32;2022;9;18;3;3;6;6;0;0;1;0;1;0;0;0;376380,291050072002690;5718507,282889259979129;7,214930919000040;51,604021236999998
49424;5220917709500020043;5;5;66;76;2022;9;21;7;3;0;1;2;1;1;0;0;0;0;0;394090,956899915996473;5793491,000140460208058;7,447466296000070;52,281568676000099
49432;5220922701610495084;5;5;62;12;2022;9;11;5;3;5;3;0;0;1;1;0;0;0;0;364171,573999863991048;5735151,022999480366707;7,032269770000030;51,750772478999998
49433;5220911606100267760;5;3;78;20;2022;9;20;1;3;0;1;0;0;1;0;0;0;0;0;368470,005999882007018;5653818,091999500058591;7,124631072000060;51,020858738000101
49434;5220928500200173889;5;1;11;0;2022;9;19;4;3;5;3;2;1;1;1;0;0;0;0;347182,225536793004721;5677105,582127899862826;6,811456791000070;51,224851501000003
49437;5220913303100571591;5;9;15;0;2022;9;16;3;3;5;2;0;0;1;1;0;0;0;0;414153,836024385003839;5722499,863113730214536;7,759234439000070;51,646938407999997
49440;5220919602700993915;5;3;62;28;2022;9;5;2;3;5;3;2;1;1;1;0;0;0;0;352313,708999786991626;5636188,065999319776893;6,901576076000030;50,858503110000100
49450;5220914607500095323;5;3;82;56;2022;9;7;4;2;5;2;0;1;1;1;0;0;0;0;372297,242470087017864;5626544,054301030002534;7,188708770000060;50,776578840000099
49451;5220926706200993695;5;5;58;12;2022;9;16;2;3;5;2;0;1;1;0;0;0;0;1;373607,955836624023505;5756436,862388949841261;7,161114012000040;51,944267826999997
49455;5220911601400286402;5;3;15;0;2022;9;23;1;3;5;3;2;0;1;0;0;0;0;0;356432,583528523973655;5647036,574696419760585;6,955792168000070;50,957035104000099
49457;5220925607100085037;5;3;82;60;2022;9;16;1;3;5;3;0;0;1;1;0;0;0;0;378634,872999920975417;5631770,631999550387263;7,276827543000020;50,824920149000000
49460;5220921506100191249;5;1;16;0;2022;9;15;4;3;5;3;0;0;1;0;0;1;0;0;322729,129999495984521;5676275,859998250380158;6,462010874000040;51,210328796000098
49466;5220923601600890350;5;3;15;0;2022;9;18;6;3;0;5;0;0;1;1;0;0;0;0;359422,786183001007885;5644795,119298920035362;6,999205857000050;50,937628156000102
49470;5220914513130781642;5;1;62;22;2022;9;17;4;2;5;3;0;0;1;1;0;0;0;0;339777,767999688978307;5686827,208999009802938;6,701148776000030;51,310168740000101
49478;5220922506100173936;5;1;16;0;2022;9;15;5;3;1;5;0;0;1;1;0;0;0;1;321495,535937949025538;5671239,458312479779124;6,446870882000040;51,164701260000101
49487;5220913516000086724;5;1;58;26;2022;9;7;3;3;5;3;0;0;1;1;0;0;0;0;352357,700999789987691;5665790,843999319709837;6,890168540000050;51,124538100000102
49497;5220917303100993923;5;9;15;0;2022;9;18;7;3;0;7;0;0;1;1;0;0;0;0;416125,284983190998901;5724602,524558929726481;7,787217066000040;51,666137775999999
49500;5220910706000752435;5;5;58;12;2022;9;12;7;3;5;3;0;1;1;1;0;0;0;0;375527,430764275020920;5755463,576665770262480;7,189377654000050;51,935954099000099
49502;5220925505200086042;5;1;14;0;2022;9;11;1;3;3;6;0;0;1;1;0;0;0;0;328593,438727643981110;5689338,185348879545927;6,539623555000050;51,329468245999998
49514;5220913600330864478;5;3;82;48;2022;9;16;3;3;5;3;0;0;1;1;0;0;0;0;357669,883911309996620;5612345,906912219710648;6,986844370000030;50,645569565000102
49528;5220922500100079217;5;1;11;0;2022;9;14;5;3;5;2;0;0;1;1;0;0;0;0;346887,119569338974543;5675332,153552180156112;6,807991023000060;51,208837144000000
49531;5221001405108993579;5;7;54;8;2022;10;15;7;3;5;3;0;1;1;1;0;0;0;0;460030,969987067976035;5748284,533853399567306;8,419288793000019;51,883898248000001
49534;5220914705000020912;5;5;54;20;2022;9;15;4;3;5;3;0;0;1;1;0;0;0;0;366742,267388241016306;5784843,417883249931037;7,050194321000050;52,197917703000002
49539;5220922702100172305;5;5;15;0;2022;9;12;5;3;5;2;0;0;1;1;0;0;0;0;404377,730033982021268;5758887,189027779735625;7,607937675000070;51,972432486999999
49545;5220912608100080750;5;3;34;2;2022;9;19;2;2;5;2;1;0;1;1;0;0;0;0;295154,362290357996244;5629192,797726809978485;6,094284682000020;50,778261400000098
49550;5220930405148490679;5;7;54;48;2022;9;14;6;3;5;3;0;0;1;1;0;0;0;0;444060,067025238997303;5767664,349154059775174;8,184110651000029;52,056750897000001
49552;5220921705000781092;5;5;54;12;2022;9;8;4;3;5;3;0;0;1;1;0;0;0;0;352198,257999793975614;5746041,861999300308526;6,854297600000050;51,845595647000003
49553;5220920601300490348;5;3;15;0;2022;9;16;3;3;8;1;0;0;1;0;0;0;0;0;353736,037999798019882;5646278,004999339580536;6,917728614000050;50,949540021000097
49568;5220919501213074432;5;1;12;0;2022;9;16;2;3;5;3;0;1;1;1;0;0;0;0;337910,247999674000312;5699849,283998940140009;6,668440048000040;51,426636733000102
49569;5220929702100872345;5;5;15;0;2022;9;22;5;3;9;1;2;0;1;0;0;0;0;0;405109,698320660972968;5764324,612697900272906;7,617084937000070;52,021431382999999
49571;5220927701700773595;5;5;62;16;2022;9;20;3;2;5;3;2;1;1;1;0;0;0;0;375188,115496516984422;5734720,006252720020711;7,191930323000070;51,749461840999999
49575;5220930701300995790;5;5;62;14;2022;9;13;6;2;5;3;0;0;1;0;0;0;0;1;359143,670999836002011;5715982,968999420292675;6,967205582000080;51,577290791999999
49578;5220926608416494925;5;3;34;16;2022;9;16;2;3;0;1;0;1;1;0;0;0;0;0;296894,358853410987649;5641206,251229410059750;6,112277340000050;50,886770384000002
49615;5220927508000495143;5;1;19;0;2022;9;21;3;2;1;5;2;1;1;1;0;0;0;0;351507,794999786012340;5709832,226999290287495;6,859683767000040;51,520064450000099
49616;5220915706200993940;5;5;58;8;2022;9;13;5;3;0;1;0;1;1;0;0;0;0;0;383235,743531520012766;5759467,333926640450954;7,300089926000060;51,973606894000099
49619;5220913501136077674;5;1;12;0;2022;9;15;3;3;5;3;0;0;1;1;0;0;0;0;343419,210999723989516;5710591,682999099604785;6,742854978000030;51,524703792000103
49622;5220913705000764191;5;5;54;20;2022;9;18;3;3;6;4;0;0;1;0;1;0;0;0;367021,269999878015369;5785547,693999519571662;7,053997600000060;52,204313313000100
49623;5220926410110587384;5;7;70;24;2022;9;12;2;3;0;1;0;1;1;0;0;0;0;0;492204,472332881996408;5796198,952545899897814;8,885639062000051;52,316064877000002
49625;5220921601100986452;5;3;15;0;2022;9;18;4;3;0;4;0;0;1;0;1;0;0;0;356384,479999814997427;5643170,821999370120466;6,956631576000060;50,922282119000002
49627;5220919513310585979;5;1;62;8;2022;9;15;2;3;4;7;0;1;1;0;0;0;0;0;330949,516787396976724;5665037,143175099976361;6,584868298000060;51,111849854000099
49630;5220930404301968063;5;7;66;44;2022;9;0;6;3;3;6;2;0;1;1;0;0;0;0;494351,625999999989290;5762875,978999669663608;8,917692548000050;52,016494508000100
49639;5220915513210775545;5;1;62;24;2022;9;18;5;3;4;2;0;0;1;1;0;0;0;0;337884,731999668991193;5670807,878998960368335;6,681262085000070;51,165703145000101
49640;5220924600120275834;5;3;82;24;2022;9;21;7;3;0;7;2;1;1;0;0;0;0;0;373107,018320437986404;5617822,053475010208786;7,203191475000040;50,698359119000003
49644;5220917702100035374;5;5;15;0;2022;9;21;7;3;3;6;2;1;1;0;0;0;0;0;410631,107050797028933;5760581,016460579819977;7,698506406000040;51,988698513000003
49651;5220915705000993734;5;5;54;64;2022;9;9;5;3;0;3;0;0;1;1;0;0;0;0;356501,615364549972583;5749255,436921349726617;6,915391385000020;51,875592930000003
49657;5220926407109131636;5;7;62;20;2022;9;22;2;3;0;1;2;1;1;0;0;0;0;0;528825,132581791956909;5738682,911567259579897;9,418006506000040;51,798258015000002
49658;5220912709500279127;5;5;66;76;2022;9;17;2;3;5;2;0;0;1;1;0;0;0;0;393559,133038919011597;5792903,465451399795711;7,439858829000060;52,276185656999999
49664;5220930411128574504;5;7;74;28;2022;9;16;6;3;8;1;0;0;1;0;0;0;0;0;486600,984442087006755;5716345,128571740351617;8,806550819000050;51,597993143000103
49665;5220928500100081926;5;1;11;0;2022;9;16;4;3;5;3;0;0;1;1;0;0;0;0;346694,268237040028907;5676231,282579280436039;6,804847978000050;51,216864596999997
49674;5220915606700178446;5;3;78;16;2022;9;6;5;2;5;2;1;0;1;1;0;0;0;0;360827,815999843005557;5662673,573999430052936;7,012329948000060;51,098643965000100
49675;5220924605104078492;5;3;74;4;2022;9;11;7;2;0;2;0;0;1;1;0;0;0;0;405726,306999978027306;5653017,374999609775841;7,655856278000040;51,020977480000099
49688;5220927709700157409;5;5;66;28;2022;9;17;3;3;0;1;0;1;1;0;0;0;0;0;412163,631942358973902;5792980,857575650326908;7,712448776000030;52,280168781999997
49692;5220930608436493518;5;3;34;36;2022;9;12;6;2;0;7;0;0;1;0;0;0;0;0;301263,550654218008276;5634051,491711099632084;6,178199930000060;50,824027190999999
49693;5220928706000696668;5;5;58;12;2022;9;8;4;3;0;3;0;1;1;1;0;0;0;0;373116,988999901979696;5756316,488999559544027;7,154019322000070;51,943074353000000
49696;5220915307000773363;5;9;62;24;2022;9;7;5;3;5;3;0;0;1;1;0;0;0;0;409023,914781987026799;5694576,377888830378652;7,692320233000030;51,395118089000100
49700;5220925602700285859;5;3;62;12;2022;9;14;1;3;0;1;0;0;1;0;0;0;0;0;348138,441834377008490;5632938,779491869732738;6,843642381000050;50,828222484999998
49708;5220929516700993772;5;1;58;8;2022;9;13;5;2;3;6;0;0;1;1;0;0;0;0;361001,096525719971396;5673097,765129329636693;7,010778931000060;51,192366759999999
49712;5220923316100089340;5;9;74;40;2022;9;16;6;3;5;3;0;0;1;1;0;0;0;0;441816,641147168993484;5709690,525228969752789;8,161121661000040;51,535317986999999
49722;5220930501314476342;5;1;12;0;2022;9;18;6;3;5;2;0;0;1;1;0;0;0;0;346512,371999749972019;5701989,151999190449715;6,791147078000050;51,448258731000102
49725;5220920600370293459;5;3;82;4;2022;9;7;3;3;4;6;0;0;1;0;0;0;0;0;360321,908295753004495;5619159,269075170159340;7,021757915000020;50,707447435000098
49735;5220911411216078162;5;7;74;16;2022;9;12;1;3;0;1;0;1;1;0;0;0;0;0;469204,853599717025645;5711810,537192040123045;8,555796501000030;51,556538567000104
49737;5220926410210395672;5;7;70;20;2022;9;11;2;3;5;2;0;1;1;1;0;0;0;0;472451,501000000978820;5794731,213999689556658;8,595986744000070;52,302233611000098
49746;5220923602400993848;5;3;62;32;2022;9;17;6;3;0;1;0;0;1;0;0;0;0;0;338563,846999669971410;5636160,709998999722302;6,706381173000070;50,854582621000098
49748;5220920501311993891;5;1;12;0;2022;9;16;3;3;3;6;0;0;1;1;0;0;0;0;345324,113353570981417;5700844,082531400024891;6,774560929000070;51,437646956000002
49755;5220911406230068201;5;7;58;20;2022;9;14;1;2;5;3;0;0;1;1;0;0;0;0;475180,925000000977889;5788746,555999680422246;8,636454741000019;52,248559541000098
49757;5220925605152099142;5;3;74;52;2022;9;15;1;3;8;1;0;0;1;0;0;0;0;0;382767,760999933001585;5661220,073999569751322;7,325993505000040;51,090485325000003
49758;5220922502339372140;5;1;13;0;2022;9;19;5;3;0;7;0;0;1;1;0;0;0;0;364444,679889941005968;5706709,574603839777410;7,047229886000030;51,495255759000003
49759;5220912404301396855;5;7;66;44;2022;9;14;2;3;0;3;0;0;1;1;0;0;0;0;493992,212392667017411;5763986,883191240020096;8,912435720000079;52,026478778000097
49760;5220921404301156854;5;7;66;12;2022;9;15;4;3;4;6;0;0;1;0;0;0;0;0;511144,949429258005694;5760549,851737390272319;9,162326971000031;51,995497317999998
49766;5220913609108486514;5;3;58;8;2022;9;16;3;2;0;1;0;0;1;0;0;0;0;0;321590,570999470015522;5630419,398998250253499;6,468264634000040;50,798016845000099
49781;5220921310120386922;5;9;54;32;2022;9;5;4;2;5;2;2;0;1;1;0;0;0;0;387546,315454408002552;5691220,974680899642408;7,384785060000070;51,361108160000100
49784;5220921606100393380;5;3;78;4;2022;9;6;4;3;5;2;2;0;1;1;0;0;0;0;369977,607999889005441;5647221,791999509558082;7,148475707000050;50,961915382000001
49794;5220912503100386941;5;1;24;0;2022;9;21;2;2;0;7;2;0;1;0;0;0;0;0;368681,819999883999117;5682955,861999509856105;7,117018272000050;51,282780887000101
49798;5220929514123085712;5;1;66;20;2022;9;11;5;3;5;3;0;0;1;1;0;0;0;0;305628,330342713976279;5675881,454706310294569;6,217688073000030;51,201223540000100
49804;5220930601500578214;5;3;15;0;2022;9;13;6;2;5;3;0;0;1;0;0;0;1;0;359936,053999834985007;5647697,000999419949949;7,005389965000060;50,963832626000098
49808;5220915315210978636;5;9;70;24;2022;9;15;5;3;5;2;0;1;1;1;0;0;0;0;428630,583999993978068;5646763,852999609895051;7,983588068000070;50,968051370000097
49815;5220912410110087151;5;7;70;24;2022;9;15;2;3;5;3;0;0;1;1;0;0;0;0;492883,227630413020961;5793988,371854940429330;8,895643169000040;52,296199928000100
49816;5220920701400270116;5;5;12;0;2022;9;16;3;3;5;3;0;0;1;1;0;0;0;0;356783,993999822996557;5717302,246999380178750;6,932637009000080;51,588550925000000
49824;5220923300300093800;5;9;11;0;2022;9;17;6;3;0;1;0;0;1;0;0;0;0;0;381328,721215759986080;5706886,122463679872453;7,290272292000050;51,500639094000100
49828;5220914314310186665;5;9;66;20;2022;9;5;4;3;0;6;2;1;1;1;0;0;0;0;432712,121496327978093;5664078,256708440370858;8,038488743000070;51,124219330000102
49830;5220912607300090909;5;3;82;52;2022;9;13;2;3;8;6;0;0;1;0;0;0;1;0;393637,515255183971021;5633154,510001540184021;7,489352590000070;50,840311548999999
49835;5220930501222095876;5;1;12;0;2022;9;16;6;3;2;3;0;0;1;1;0;0;0;0;341360,942068225995172;5703092,502402749843895;6,716579930000020;51,456752383000001
49839;5220917706300074760;5;5;58;24;2022;9;10;7;3;5;2;0;0;1;1;0;0;0;0;391590,825413678016048;5736278,894737520255148;7,428956003000050;51,766887472000100
49846;5220924516500281565;5;1;58;16;2022;9;11;7;2;5;3;0;0;1;1;0;0;0;0;355927,920999813009985;5670020,577999370172620;6,939459466000070;51,163457483000101
49852;5220912502210889548;5;1;13;0;2022;9;20;2;3;0;1;2;0;1;0;0;0;0;0;359017,731584438006394;5701195,312148869968951;6,971302315000060;51,444376637000097
49858;5220927706000676253;5;5;58;16;2022;9;17;3;3;3;2;0;0;1;1;0;0;0;0;381650,153579770994838;5743982,734139620326459;7,282334874000070;51,834110631999998
49862;5220928702100048314;5;5;15;0;2022;9;16;4;3;0;7;0;0;1;1;0;0;0;0;406378,993881709990092;5757332,405453429557383;7,637486834000070;51,958798098000003
49866;5220913411216955575;5;7;74;16;2022;9;18;3;2;2;6;0;0;1;0;0;0;0;0;475287,608067623979878;5712118,299017139710486;8,643513291000030;51,559605107000003
49870;5220924513130878979;5;1;62;22;2022;9;14;7;3;0;1;0;1;1;0;0;0;0;0;340553,896325955982320;5685143,458411839790642;6,713027375000020;51,295258451999999
49877;5220929602100886516;5;3;62;8;2022;9;19;5;3;5;2;2;0;1;1;0;0;0;0;333171,280906504020095;5647071,035293989814818;6,624849695000020;50,951080949000101
49878;5220916500100269311;5;1;11;0;2022;9;16;6;3;0;1;0;0;1;0;0;0;0;0;346888,132999748981092;5675331,801999200135469;6,808005670000060;51,208834256999999
49883;5220930601200099116;5;3;15;0;2022;9;13;6;3;5;2;0;0;1;1;0;0;0;0;354081,184616943006404;5644440,283869469538331;6,923374911000050;50,933112489999999
49887;5220915405244306409;5;7;54;44;2022;9;6;5;3;5;3;2;0;1;1;0;0;0;0;470070,792000001005363;5745168,894999659620225;8,565422442000060;51,856515264000102
49888;5220909709300139552;5;5;66;84;2022;9;8;6;3;5;3;0;0;1;1;0;0;0;0;385722,241999942983966;5779588,876999629661441;7,329537953000060;52,154957068000002
49898;5220921602300573722;5;3;62;36;2022;9;17;4;3;5;2;0;0;1;1;0;0;0;0;346194,799531152995769;5654667,508321600034833;6,806899429000050;51,022964803999997
49912;5220910501319882181;5;1;12;0;2022;9;14;7;2;0;7;0;1;1;0;0;0;0;0;344964,591999735974241;5697278,126999150030315;6,770952350000070;51,405508455000103
49917;5220923705000993849;5;5;54;20;2022;9;16;6;3;0;7;0;0;1;1;0;0;0;0;366236,209999874990899;5787482,683999509550631;7,041751669000060;52,221509976999997
49925;5220915608200573658;5;3;34;2;2022;9;16;5;2;0;1;0;0;1;0;0;0;0;0;301540,517773271014448;5623352,451579090207815;6,187900612000020;50,728023571000101
49927;5220911407201091346;5;7;62;4;2022;9;21;1;3;0;3;2;0;1;1;0;0;0;0;501738,766478436999023;5733908,144348580390215;9,025191096000070;51,756066898000000
49930;5220922601000986452;5;3;15;0;2022;9;15;5;3;6;7;0;0;1;0;1;0;0;0;353998,127999797987286;5644849,824999339878559;6,922029655000070;50,936771887000099
49939;5220930300800065158;5;9;54;36;2022;9;18;6;3;0;3;0;0;1;0;0;0;0;0;383280,719999935012311;5699822,172999589703977;7,320715118000070;51,437555464000098
49960;5220921600110293486;5;3;14;0;2022;9;8;4;3;5;3;0;0;1;1;0;0;0;0;364671,903999862028286;5621815,050999459810555;7,082354693000070;50,732346176000100
49965;5220923600110993532;5;3;14;0;2022;9;17;6;2;2;6;0;0;1;0;0;0;0;0;364292,067999858991243;5618679,523999460041523;7,078128860000050;50,704075850000002
49969;5220914601300599153;5;3;15;0;2022;9;14;4;2;0;1;0;1;1;0;0;0;0;0;347637,823482322972268;5648112,511594319716096;6,830209312000020;50,964445521000101
49979;5220912406110231790;5;7;58;12;2022;9;7;2;3;5;2;0;0;1;1;0;0;0;0;475205,078958306985442;5773928,359742909669876;8,637892178000071;52,115337648999997
49981;5220917706300974760;5;5;58;44;2022;9;9;7;2;5;3;0;0;1;1;0;0;0;0;399192,623861320025753;5742220,387003449723125;7,537352617000070;51,821712052000102
49983;5220919307000894992;5;9;62;40;2022;9;10;2;3;5;3;0;0;1;1;0;0;0;0;418973,160999990010168;5696215,149999639950693;7,834921516000070;51,411358970999999
49987;5220913601300499132;5;3;15;0;2022;9;20;3;3;0;1;2;1;1;0;0;0;0;0;353379,095774053013884;5645731,235820350237191;6,912870782000030;50,944535737000102
50010;5220927500200878171;5;1;11;0;2022;9;19;3;2;0;1;2;1;1;0;0;0;0;0;348804,783370344026480;5677288,171137380413711;6,834598947000070;51,226924272000097
50011;5220916300500993161;5;9;11;0;2022;9;15;6;3;5;3;0;1;1;1;0;0;0;0;376208,103999914019369;5703546,312999559566379;7,217706776000060;51,469524628999999
50015;5220928400100662249;5;7;11;0;2022;9;8;4;3;5;3;0;1;1;1;0;0;0;0;468493,055999999982305;5767644,872999669983983;8,540452753000070;52,058503992000098
50022;5220930303100084998;5;9;15;0;2022;9;16;6;3;6;3;0;0;1;0;1;0;0;0;417240,099666790978517;5725401,976115959696472;7,803143463000030;51,673489762000003
50024;5220930404301979510;5;7;66;44;2022;9;14;6;3;5;3;0;0;1;1;0;0;0;0;488989,668000000005122;5763931,740999669767916;8,839525003000061;52,025906255000102
50025;5220928405108082020;5;7;54;8;2022;9;7;4;3;4;6;0;1;1;0;0;0;0;1;455690,303000001003966;5748185,180999659933150;8,356239963000061;51,882676910000001
50031;5220929405108993147;5;7;54;8;2022;9;6;5;3;4;6;2;0;1;0;0;0;0;0;460649,891218930017203;5748244,178135979920626;8,428285233000050;51,883579451999999
50038;5220913608100271700;5;3;34;2;2022;9;10;3;3;5;3;0;0;1;1;0;0;0;0;293557,994998976006173;5628324,394995239563286;6,072159173000050;50,769896219000003
50044;5220929702100368314;5;5;15;0;2022;9;14;5;3;5;2;0;0;1;1;0;0;0;0;409847,487999983015470;5751858,771999659948051;7,689385473000070;51,910170432000001
50047;5220913700000474464;5;5;13;0;2022;9;15;3;3;6;7;0;0;1;0;1;0;0;0;367817,471281923993956;5713628,601752280257642;7,093191644000060;51,558233705000099
50055;5220910404302096925;5;7;66;8;2022;9;9;7;3;0;6;0;0;1;0;0;0;0;0;482907,982549439009745;5769201,356255060061812;8,750621910000060;52,073130231999997
50061;5220912303100094500;5;9;15;0;2022;9;13;2;2;5;3;0;0;1;1;0;0;0;0;420434,461617927998304;5725105,906425010412931;7,849396872000060;51,671289763000097
50064;5221001516100278721;5;1;58;32;2022;10;15;7;3;0;7;0;1;1;0;0;0;0;0;364318,106442939024419;5689543,632919300347567;7,051978480000060;51,340961348000100
50066;5220929601100799068;5;3;15;0;2022;9;8;5;3;3;2;0;0;1;1;0;0;0;0;356039,829169772972818;5644640,330575549975038;6,951150906000070;50,935402492999998
50067;5220916500100052273;5;1;11;0;2022;9;14;6;3;3;6;0;1;1;1;0;0;0;0;342570,393876633024774;5677840,447025639936328;6,745140784000060;51,230201157000103
50068;5220927606400182434;5;3;78;28;2022;9;18;3;3;0;7;0;1;1;0;1;0;0;0;372178,024206981004681;5640368,765209719538689;7,182196018000070;50,900812281000100
50069;5220913600110795816;5;3;14;0;2022;9;8;3;3;5;3;0;0;1;1;0;0;0;0;364882,795782116008922;5620246,259698360227048;7,085916093000040;50,718295130000101
50070;5220923501126479395;5;1;12;0;2022;9;6;6;3;0;3;2;0;1;1;0;0;0;0;346683,859999749984127;5703936,484999190084636;6,792768869000040;51,465802201000002
50071;5220912502408386876;5;1;17;0;2022;9;7;2;3;2;6;0;0;1;1;0;0;0;0;350272,569999777013436;5698778,161999279633164;6,846576346000060;51,420413146999998
50077;5220923601100074351;5;3;15;0;2022;9;15;6;3;3;6;0;0;1;1;0;0;0;0;356170,056406753021292;5644623,820976699702442;6,953009558000080;50,935286617000003
50079;5220930607200090216;5;3;82;20;2022;9;15;6;3;5;3;0;0;1;0;0;0;0;1;380356,686968246009201;5628284,899986020289361;7,302399046000060;50,793945847000003
50082;5220926601600590270;5;3;15;0;2022;9;12;2;3;0;2;0;1;1;1;0;0;0;0;359616,118999833997805;5644809,538999419659376;7,001950160000040;50,937804846000098
50087;5220925601100393433;5;3;15;0;2022;9;17;1;3;0;1;0;0;1;0;0;0;0;0;355602,747446044988465;5644713,998375640250742;6,944905416000040;50,935955260000100
50090;5220912303100873343;5;9;15;0;2022;9;7;2;3;5;3;0;0;1;1;0;0;0;0;418806,912597911024932;5726303,374323849566281;7,825587599000070;51,681821601000102
50091;5220921500200469085;5;1;11;0;2022;9;12;4;3;5;2;0;0;1;1;0;0;0;0;345096,411999733012635;5680399,281999159604311;6,780184581000070;51,253884444999997
50095;5220929513210993682;5;1;62;24;2022;9;9;5;2;5;3;0;0;1;1;0;0;0;0;337837,068041288002860;5675313,832203219644725;6,678546959000070;51,206174865000001
50096;5220916406220993933;5;7;58;24;2022;9;14;6;3;0;1;0;0;1;1;0;0;0;0;480827,232844698010013;5782895,418915689922869;8,719491238000050;52,196180544000100
50102;5220930600110395258;5;3;14;0;2022;9;14;6;3;0;4;0;0;1;0;1;0;0;0;365994,151136555010453;5622481,274576599709690;7,100838128000020;50,738640724000000
50108;5220919701110477673;5;5;62;32;2022;9;7;2;3;5;3;0;1;1;0;0;0;0;0;375383,463999909989070;5719453,505999559536576;7,200208015000040;51,612305358000100
50115;5220921608436089917;5;3;34;36;2022;9;16;4;3;5;3;0;0;1;1;0;0;0;0;295823,125701582001057;5636586,922750269994140;6,099645012000050;50,844905881000003
50117;5220914702100887866;5;5;15;0;2022;9;14;4;3;0;6;0;1;1;0;0;0;0;0;406747,807015946018510;5757064,911350449547172;7,642925335000030;51,956455703000103
50120;5220915709000042437;5;5;66;8;2022;9;17;5;3;4;6;0;0;1;0;0;0;0;0;400229,804246957995929;5780725,824727649800479;7,541189151000030;52,167987848999999
50132;5220919602300562231;5;3;62;36;2022;9;19;2;3;0;1;0;1;1;0;0;0;0;0;346343,428071610978805;5651591,815171640366316;6,810319385000070;50,995366646999997
50138;5220921709700681941;5;5;66;92;2022;9;14;4;3;0;1;0;0;1;0;0;0;0;0;423494,099999992991798;5796759,229999690316617;7,877641247000040;52,315825603000100
50145;5220915606100226747;5;3;78;4;2022;9;7;5;3;8;6;1;0;1;0;0;0;0;1;371340,673966764006764;5647710,685748750343919;7,167702253000070;50,966615536000099
50148;5220911601300993988;5;3;15;0;2022;9;15;1;3;0;1;0;0;1;0;0;0;0;0;353670,458547681977507;5644844,820452489890158;6,917371402000070;50,936643861999997
50149;5220920405220196999;5;7;54;20;2022;9;13;3;3;5;3;0;0;1;1;0;0;0;0;444763,875999998999760;5750254,624999660067260;8,197177430000069;51,900306262000100
50152;5220922600330763962;5;3;82;48;2022;9;15;5;3;5;3;0;0;1;1;0;0;0;0;354961,019818946020678;5612674,224111270159483;6,948426857000070;50,647852237000102
50154;5220921410140579407;5;7;70;12;2022;9;7;4;2;5;3;0;0;1;1;0;0;0;0;482998,154360170010477;5792761,963369370438159;8,750756287000060;52,284956981999997
50159;5220928300200767229;5;9;11;0;2022;9;18;4;3;0;1;0;0;1;0;0;0;0;0;372932,991999900026713;5702333,121999540366232;7,171014924000080;51,457895471000000
50160;5220913606100181799;5;3;78;4;2022;9;7;3;3;6;4;1;1;1;1;1;0;0;0;369149,652711705013644;5649669,457727610133588;7,135811447000040;50,983727021000000
50161;5220923313110294467;5;9;58;4;2022;9;23;6;2;5;3;2;0;1;1;0;0;0;0;428379,707386135996785;5699297,353616680018604;7,969529342000040;51,440335464000000
50164;5220928702100076680;5;5;15;0;2022;9;17;4;3;5;2;0;0;1;1;0;0;0;0;403992,086999976017978;5756988,022999660111964;7,602856252000040;51,955295655999997
50166;5220926606100695287;5;3;78;4;2022;9;11;2;3;4;2;0;1;1;1;0;0;0;0;367605,968999876000453;5647615,204999489709735;7,114579686000070;50,964911159000103
50174;5220912405140487128;5;7;54;40;2022;9;10;2;3;8;1;0;0;1;0;0;0;0;0;461218,411000001011416;5762323,882999669760466;8,434956249000040;52,010204337000097
50190;5220919606700093607;5;3;78;8;2022;9;11;2;2;0;2;0;0;1;0;0;0;0;1;370093,021353217016440;5661922,527832229621708;7,144849743000070;51,094067985000002
50196;5220920600360071687;5;3;82;12;2022;9;15;3;3;5;3;0;0;1;1;0;0;0;0;356860,008708205015864;5625370,186217759735882;6,970347953000040;50,762424600000003
50205;5220922602800748444;5;3;62;12;2022;9;7;5;3;5;3;1;0;1;0;0;0;0;1;352133,829999784997199;5630246,492999309673905;6,901418738000070;50,805061914000099