OBJECTID;UIDENTSTLAE;ULAND;UREGBEZ;UKREIS;UGEMEINDE;UJAHR;UMONAT;USTUNDE;UWOCHENTAG;UKATEGORIE;UART;UTYP1;ULICHTVERH;IstStrassenzustand;IstRad;IstPKW;IstFuss;IstKrad;IstGkfz;IstSonstige;LINREFX;LINREFY;XGCSWGS84;YGCSWGS84
50206;5220911601300587361;5;3;15;0;2022;9;12;1;3;0;1;0;0;1;0;0;0;0;0;350714,636999776004814;5643540,080999280326068;6,875867755000060;50,924161345000101
50210;5220922601600590353;5;3;15;0;2022;9;10;5;3;0;1;0;0;1;0;0;0;0;0;363924,189097464026418;5638575,211865630000830;7,065552583000060;50,882806531000000
50216;5220930314310685252;5;9;66;20;2022;9;12;6;3;2;6;0;0;1;1;0;0;0;0;443250,494915612973273;5664023,296737760305405;8,189067998000040;51,124866243000000
50217;5220928301301994457;5;9;78;24;2022;9;11;4;3;0;3;0;1;1;1;0;0;0;0;398043,944060518988408;5720934,247593110427260;7,526924846000040;51,630175453000000
50219;5220928514210993789;5;1;66;12;2022;9;14;4;3;0;3;0;0;1;1;0;0;0;0;319592,982886850018986;5693235,387077610008419;6,408593907000070;51,361692311000098
50227;5220930502408087258;5;1;17;0;2022;9;20;6;3;0;7;2;0;1;0;0;0;0;0;351986,476085414004046;5699699,727321729995310;6,870822893000020;51,429144100000002
50228;5220923711312535328;5;5;70;8;2022;9;7;6;3;0;7;0;0;1;0;0;0;0;1;433926,229284733999521;5734852,999517220072448;8,042621370000059;51,760666484000097
50229;5220921702100987860;5;5;15;0;2022;9;11;4;3;5;6;0;0;1;0;0;0;0;0;404674,349646069982555;5760979,693587220273912;7,611673027000050;51,991291597000000
50238;5220915705000696682;5;5;54;56;2022;9;17;5;3;0;7;0;0;1;0;0;0;0;0;365098,336834244022612;5763686,511778339743614;7,034533612000080;52,007412872000003
50240;5220922709800090801;5;5;66;32;2022;9;15;5;3;5;3;0;0;1;1;0;0;0;0;413657,346008882974274;5776743,508589940145612;7,738479436000030;52,134456816000103
50241;5220911406230778179;5;7;58;20;2022;9;16;1;3;5;3;0;0;1;1;0;0;0;0;475306,511463447008282;5785312,576215079985559;8,638545113000021;52,217692264999997
50244;5220926303100038781;5;9;15;0;2022;9;7;2;3;3;6;1;0;1;0;0;0;1;0;414088,878495379001833;5722073,406309110112488;7,758400554000050;51,643094899000097
50245;5220913316300489207;5;9;74;20;2022;9;8;3;3;5;3;0;0;1;1;0;0;0;0;461126,230000000970904;5720598,676999649964273;8,438298225000040;51,635055112000003
50251;5220916602700671666;5;3;62;28;2022;9;15;6;3;5;2;0;1;1;1;0;0;0;0;351653,498999783012550;5638696,730999300256371;6,891184742000060;50,880878515000099
50252;5220930405244896924;5;7;54;44;2022;9;14;6;3;5;2;0;0;1;1;0;0;0;0;469499,199000001011882;5745716,756999660283327;8,557074707000030;51,861410091000003
50262;5220924601600499100;5;3;15;0;2022;9;13;7;3;7;1;0;1;1;0;0;0;0;0;366433,462417401024140;5640480,122418619692326;7,100506680000020;50,900512875000103
50272;5220929515111022313;5;1;54;8;2022;9;16;5;3;5;3;0;0;1;0;0;0;0;1;313597,197704470017925;5747731,414922890253365;6,293603346000050;51,849220176000102
50273;5220916515211596749;5;1;54;56;2022;9;17;6;3;0;3;0;1;1;1;0;0;0;0;308662,401628213003278;5731703,077797310426831;6,230875642000060;51,703604251000101
50275;5220913607400014032;5;3;82;68;2022;9;20;3;3;5;2;2;1;1;0;0;0;0;1;369500,824999885982834;5631219,490999500267208;7,147406010000050;50,817979692000101
50278;5220930608100767482;5;3;34;2;2022;9;11;6;3;6;5;0;0;1;0;1;0;0;0;295223,151701121008955;5628474,971799439750612;6,095658750000040;50,771838692000102
50280;5220914500100667137;5;1;11;0;2022;9;12;4;3;5;2;0;1;1;1;0;0;0;0;345154,531999734987039;5676963,205999160185456;6,782502339000080;51,223025759999999
50284;5220910600380586316;5;3;14;0;2022;9;1;7;3;0;1;2;0;1;0;0;0;0;0;371089,030035056988709;5613858,473691049963236;7,176013978000070;50,662288936000003
50289;5220912400300993739;5;7;11;0;2022;9;7;2;3;0;2;0;0;1;1;0;0;0;0;471245,026146935008001;5754996,703260569833219;8,581652096000029;51,944937568999997
50290;5220921303100594327;5;9;15;0;2022;9;7;4;2;5;2;1;0;1;1;0;0;0;0;421902,426999992982019;5727832,073999649845064;7,870010755000070;51,696003181000002
50295;5220916404301790673;5;7;66;12;2022;9;15;6;2;3;6;0;0;1;0;0;0;0;0;509251,255319879972376;5758576,829255050048232;9,134692049000019;51,977792744000098
50304;5220912610211263494;5;3;70;4;2022;9;7;2;3;0;3;0;0;1;1;0;0;0;0;313492,489038839004934;5662246,898042329587042;6,337185489000030;51,081371950000097
50309;5220930316300882136;5;9;74;28;2022;9;1;6;2;0;1;2;0;1;0;0;0;0;0;454413,344254483992700;5727564,952033850364387;8,340398664000080;51,697184024000101
50310;5220923701500095974;5;5;62;24;2022;9;14;6;3;5;3;0;0;1;1;0;0;0;0;372745,066956010006834;5725513,021148759871721;7,159920140000050;51,666171292999998
50311;5220922301201580496;5;9;13;0;2022;9;13;5;3;0;7;0;0;1;1;0;0;0;0;387517,886999947018921;5707665,901999609544873;7,379153070000030;51,508913457000098
50312;5220920608100089886;5;3;34;2;2022;9;13;3;3;5;2;0;0;1;1;0;0;0;0;292394,411998950992711;5628258,527995039708912;6,055717139000020;50,768889492000000
50339;5220915601200199056;5;3;15;0;2022;9;15;5;3;1;5;0;0;1;1;0;0;0;0;354958,319384780013934;5643386,885795620270073;6,936268161000040;50,923867090999998
50348;5221001411224270343;5;7;74;24;2022;10;15;7;3;5;3;0;1;1;1;0;0;0;0;476628,104999999981374;5741234,910999660380185;8,660899586000030;51,821457793000000
50350;5220929601600499877;5;3;15;0;2022;9;15;5;3;0;2;0;0;1;1;0;0;0;0;362968,184530352009460;5645280,919411719776690;7,049452070000030;50,942847636000103
50351;5220916500100078472;5;1;11;0;2022;9;20;6;3;0;4;2;1;1;0;1;0;0;0;346271,885626291972585;5675846,302296720445156;6,798969771000030;51,213291785000102
50361;5220923600110293532;5;3;14;0;2022;9;14;6;3;3;6;0;0;1;0;0;0;0;1;366108,627565890026744;5622358,917507439851761;7,102504020000030;50,737567387000098
50365;5220914601600993951;5;3;15;0;2022;9;8;4;3;5;2;0;0;1;1;0;0;0;0;364872,983999862975907;5645483,642999470233917;7,076473838000030;50,945119201000097
50367;5220915702100574709;5;5;15;0;2022;9;14;5;3;0;6;0;0;1;0;0;0;0;0;408178,174999980023131;5760497,741999659687281;7,662816636000060;51,987549909999998
50368;5220911300600073294;5;9;16;0;2022;9;21;1;2;0;7;2;1;1;0;0;0;0;0;376282,561328636016697;5711856,640963270328939;7,215862731000070;51,544228830000101
50369;5220920410110787061;5;7;70;24;2022;9;8;3;2;5;3;0;1;1;1;0;0;0;0;491125,026389880978968;5793919,301515550352633;8,869863661000069;52,295553360000000
50370;5220925700000595018;5;5;13;0;2022;9;11;1;3;5;3;0;0;1;1;0;0;0;0;367044,948658882989548;5714625,612208340317011;7,081677169000050;51,567011870000002
50373;5220921317120394320;5;9;78;16;2022;9;11;4;3;0;1;0;0;1;0;0;0;0;0;405046,418079436989501;5705920,242176050320268;7,632121392000040;51,496439176000102
50387;5220910301102289752;5;9;13;0;2022;9;12;7;3;0;7;0;1;1;0;1;0;0;0;396315,342112561978865;5704195,621817120350897;7,506894145000050;51,479403100000098
50392;5220922405140593909;5;7;54;40;2022;9;14;5;3;2;6;0;0;1;0;0;0;0;0;460152,613569817971438;5761262,815035429783165;8,419551964000050;52,000589316999999
50394;5220920702100991770;5;5;15;0;2022;9;14;3;3;5;3;0;0;1;1;0;0;0;0;404287,162536684016231;5759011,550217200070620;7,606584942000040;51,973534698000002
50398;5220929502210080348;5;1;13;0;2022;9;19;5;3;5;7;1;0;1;1;0;0;0;0;360885,226999844016973;5698811,351999440230429;6,999093813000060;51,423415347000102
50403;5220922702100572399;5;5;15;0;2022;9;18;5;2;4;6;0;0;1;0;0;0;0;0;406958,943053913011681;5748846,503029270097613;7,648217878000030;51,882619304000102
50404;5220911606100937453;5;3;78;4;2022;9;16;1;3;5;3;0;0;1;1;0;0;0;0;364763,275511505024042;5652264,550322149880230;7,072390802000030;51,006036546000097
50407;5220926307000666985;5;9;62;48;2022;9;20;2;2;0;1;2;1;1;0;0;0;0;0;414857,685999988985714;5681852,120999629609287;7,779195687000030;51,281633474000003
50408;5220912709800993980;5;5;66;88;2022;9;18;2;3;2;6;0;0;1;1;0;0;0;0;418932,668999989982694;5785992,567999679595232;7,813326168000060;52,218393573000100
50423;5220926709000776730;5;5;66;12;2022;9;12;2;3;5;3;0;1;1;1;0;0;0;0;403995,792999974975828;5772307,733999660238624;7,598612409000050;52,092993503000102
50425;5220924516100081571;5;1;58;32;2022;9;10;7;3;0;2;0;0;1;1;0;0;0;0;364055,752691152971238;5688891,200935370288789;7,048463212000060;51,335035420000096
50432;5220921514215993890;5;1;66;28;2022;9;6;4;3;4;6;2;0;1;0;0;0;0;0;324576,985908927978016;5687560,418524459935725;6,482905110000050;51,312273374000000
50436;5220916501326295915;5;1;12;0;2022;9;7;6;3;0;7;0;0;1;0;0;0;0;0;346067,820491813006811;5690546,517831689678133;6,789717501000040;51,345323995999998
50447;5220920407100697000;5;7;62;20;2022;9;9;3;3;5;3;0;0;1;1;0;0;0;0;525684,895000000018626;5735955,793999659828842;9,372267692000040;51,773891292000002
50451;5220912316300589235;5;9;74;28;2022;9;5;2;3;5;3;2;0;1;1;0;0;0;0;453548,692999998980667;5725355,098999660462141;8,328182958000070;51,677244732000098
50452;5220921315210493716;5;9;70;24;2022;9;17;4;3;8;1;0;0;1;0;0;0;0;0;429806,047524816996884;5643701,248015670105815;8,000916399000060;50,940659326999999
50459;5220913601200081726;5;3;15;0;2022;9;19;3;3;5;3;1;0;1;1;0;0;0;0;353036,005999792017974;5644916,191999330185354;6,908319219000020;50,937123913999997
50462;5220930600370333878;5;3;82;4;2022;9;15;6;3;0;2;0;0;1;1;0;0;0;0;359915,328790707979351;5622366,980201089754701;7,014785076000070;50,736179015000097
50466;5220913404101087045;5;7;66;20;2022;9;14;3;2;5;2;0;0;1;1;0;0;0;0;492297,610193796979729;5755792,666691750288010;8,887920793000029;51,952783984000099
50468;5220910700000485656;5;5;13;0;2022;9;7;7;3;0;1;1;1;1;0;0;0;0;0;365296,788956298027188;5714860,051809670403600;7,056379753000040;51,568703764000098
50472;5220922303100079090;5;9;15;0;2022;9;15;5;3;0;3;0;0;1;1;0;0;0;0;421067,947999991010875;5727254,509999649599195;7,858069983000060;51,690694352000001
50475;5221001406220531910;5;7;58;24;2022;10;15;7;3;5;3;0;1;1;1;0;0;0;0;480948,705622110981494;5785115,212947449646890;8,721143528000029;52,216141893000000
50476;5220921610212085830;5;3;70;40;2022;9;13;4;3;5;3;0;0;1;1;0;0;0;0;309298,333999296010006;5670094,709997160360217;6,273227318000070;51,150483579000102
50480;5220927503400074120;5;1;22;0;2022;9;16;3;3;2;6;0;1;1;1;0;0;0;0;365841,466971023008227;5671716,814470119774342;7,080523079000050;51,181112796999997
50481;5220916300100777608;5;9;11;0;2022;9;18;6;3;5;2;0;1;1;1;0;0;0;0;376051,847999914025422;5704286,521999560296535;7,215198595000060;51,476142980000098
50489;5220912606000699801;5;3;78;12;2022;9;6;2;3;0;1;0;0;1;0;0;0;0;0;374727,054946122982074;5656131,238162280060351;7,212997557000050;51,043046879000002
50492;5220929705000773525;5;5;54;8;2022;9;10;5;3;5;3;0;0;1;1;0;0;0;0;335295,630679023975972;5745856,453877310268581;6,609221836000070;51,839200337000101
50500;5220919705000170577;5;5;54;68;2022;9;5;2;3;0;7;2;1;1;0;0;0;0;0;349230,305080657999497;5768051,268668689765036;6,801593770000070;52,042544529000097
50503;5220924411132680498;5;7;74;32;2022;9;9;7;3;0;2;0;1;1;0;0;0;0;1;482317,842999999993481;5728153,206999650225043;8,744116166000030;51,704046179999999
50505;5220920705000993894;5;5;54;20;2022;9;15;3;3;0;7;0;0;1;1;0;0;0;0;366215,753999873995781;5782750,103999510407448;7,043321491000030;52,178980889000101
50509;5220929503200993681;5;1;24;0;2022;9;10;5;3;5;6;0;0;1;1;0;0;0;0;373030,394999901996925;5681212,701999540440738;7,179957803000040;51,268100099000002
50511;5220918516500595658;5;1;58;16;2022;9;17;1;3;5;3;0;1;1;1;0;0;0;0;355955,297999816015363;5668806,084999370388687;6,940336957000060;51,152550410000103
50514;5220924702100696746;5;5;15;0;2022;9;13;7;3;0;4;0;0;1;0;1;0;0;0;406249,008999979007058;5757416,417999659664929;7,635572750000050;51,959531341000101
50517;5220928400300876390;5;7;11;0;2022;9;12;4;3;5;3;0;1;1;1;0;0;0;0;467494,209182841004804;5755923,531890220008790;8,526996767000069;51,953063902000103
50523;5220919513320995640;5;1;62;4;2022;9;13;2;3;3;3;0;1;1;1;0;0;0;0;348233,907999760005623;5662713,591999240219593;6,832577884000050;51,095808623000003
50524;5220930313220993617;5;9;58;24;2022;9;18;6;3;3;6;1;0;1;1;0;0;0;0;489231,329507481015753;5701966,534297830425203;8,844966237000049;51,468762389000098
50528;5220921706000096538;5;5;58;20;2022;9;14;4;3;0;1;0;0;1;0;0;0;0;0;392434,514165967993904;5756210,583908930420876;7,434973537000080;51,946192934000102
50535;5220915608200075583;5;3;34;2;2022;9;8;5;3;5;3;0;0;1;1;0;0;0;0;297660,348468494019471;5627157,306168080307543;6,130903371000040;50,760859126000099
50538;5220913702100993718;5;5;15;0;2022;9;12;3;3;0;3;0;0;1;0;0;0;0;1;403700,192999976978172;5759585,670999660156667;7,597881321000050;51,978593666999998
50541;5220912506100811604;5;1;16;0;2022;9;12;2;3;6;4;0;0;1;0;1;0;0;0;321606,342164694971871;5674317,518328179605305;6,446926258000080;51,192386941999999
50545;5220916601300677937;5;3;15;0;2022;9;18;6;3;5;3;0;0;1;1;0;0;0;0;351317,258497993985657;5645047,313845650292933;6,883821193000070;50,937861662000003
50560;5220922502136590807;5;1;13;0;2022;9;15;5;3;0;7;0;0;1;1;0;0;0;0;363840,381930021976586;5703149,110752469860017;7,039902513000070;51,463114468000100
50561;5220912406210082071;5;7;58;4;2022;9;6;2;3;5;2;0;0;1;1;0;0;0;0;471765,565000001981389;5781112,040999679826200;8,587065446000050;52,179757580999997
50566;5220929601100386426;5;3;15;0;2022;9;19;5;3;4;6;2;0;1;0;0;0;0;1;355501,951981636986602;5644699,440879859961569;6,943477632000050;50,935799187999997
50567;5220916404101676084;5;7;66;20;2022;9;16;6;2;0;1;0;1;1;0;0;0;0;0;490966,999816464027390;5753727,703758650459349;8,868613088000069;51,934197836000102
50569;5220913600310175813;5;3;14;0;2022;9;7;3;3;5;3;0;0;1;1;0;0;0;0;363310,921999853977468;5615158,724999450147152;7,065544662000040;50,672201612000002
50570;5220923405108993850;5;7;54;8;2022;9;15;6;3;5;2;0;0;1;1;0;0;0;0;460961,261000000988133;5750891,137999660335481;8,432509137000070;51,907399306000102
50581;5220921706000168251;5;5;58;44;2022;9;14;4;3;3;2;0;0;1;1;0;0;0;0;395790,266999965999275;5746275,571999640204012;7,486783300000070;51,857536164000102
50586;5220929501131391495;5;1;12;0;2022;9;10;5;3;5;3;0;0;1;1;0;0;0;0;341809,410999712010380;5711941,761999060399830;6,719062651000060;51,536385052000099
50587;5220914607400136846;5;3;82;68;2022;9;7;4;3;5;2;1;1;1;1;0;0;0;0;369955,065563376992941;5630669,290541440248489;7,154045940000060;50,813136612999998
50591;5220924709500136096;5;5;66;60;2022;9;11;7;3;5;3;0;0;1;1;0;0;0;0;388488,175999951025005;5788729,369999639689922;7,366942741000060;52,237668284999998
50592;5220922702100674698;5;5;15;0;2022;9;14;5;3;5;2;0;0;1;1;0;0;0;0;409072,111999983026180;5752860,083999659866095;7,677852115000060;51,919044880999998
50593;5220911601200499056;5;3;15;0;2022;9;10;1;3;7;1;0;0;1;0;0;0;0;0;353041,885999792022631;5643875,277999330312014;6,908822547000060;50,927771126000003
50596;5220926405104087053;5;7;54;4;2022;9;7;2;3;5;3;0;0;1;1;0;0;0;0;449531,639999999024440;5770758,415999669581652;8,263448987000061;52,085092304000099
50607;5220920516800993892;5;1;58;20;2022;9;14;3;3;5;2;0;1;1;1;0;0;0;0;356411,282464338000864;5665784,032441520132124;6,948057205000050;51,125507296000102
50612;5220927300100975696;5;9;11;0;2022;9;12;3;3;5;3;0;1;1;1;0;0;0;0;375580,501571299973875;5704768,638497429899871;7,208245148000060;51,480372467000102
50614;5220924600380075850;5;3;14;0;2022;9;12;7;3;5;2;0;0;1;1;0;0;0;0;369226,491485595994163;5617138,101806299760938;7,148515354000040;50,691351918000102
50615;5220911400100987428;5;7;11;0;2022;9;4;1;3;0;1;2;0;1;0;0;0;0;0;471590,766000000992790;5766605,009999670088291;8,585719802000030;52,049322465000003
50616;5220920502214676142;5;1;13;0;2022;9;19;3;3;0;5;2;0;1;1;0;0;0;0;362720,372999853978399;5698477,308999460190535;7,025601406000020;51,420860922000003
50628;5220923411216937905;5;7;74;16;2022;9;17;6;2;0;1;0;0;1;0;0;0;0;0;472571,565000000991859;5709301,825999650172889;8,604553770000051;51,534155402000103
50634;5220915400200993732;5;7;11;0;2022;9;15;5;3;5;3;0;0;1;0;0;0;0;1;469337,552000001014676;5763595,750999669544399;8,553132977000081;52,022147247000099
50638;5221013706000195024;5;5;58;32;2022;10;6;5;3;0;1;2;0;1;1;0;0;0;0;389440,390999950002879;5752564,098999629728496;7,392600327000030;51,912833071000101
50643;5221007516300489351;5;1;58;28;2022;10;10;6;2;5;2;0;0;1;1;0;0;0;0;347036,412315403984394;5683775,545800919644535;6,806518874000060;51,284745534000102
50650;5221013608200569729;5;3;34;2;2022;10;16;5;3;0;1;0;1;1;1;0;0;0;0;296705,555652251990978;5628269,953467910178006;6,116768396000050;50,770518679000098
50654;5221007500200076325;5;1;11;0;2022;10;17;6;2;0;1;0;0;1;0;0;0;0;0;343862,440340771980118;5679883,411092029884458;6,762740857000040;51,248912681000000
50656;5221007711214462090;5;5;70;4;2022;10;13;6;3;0;4;0;0;1;0;1;0;0;0;424756,206564187014010;5735117,750144969671965;7,909718981000030;51,761889414999999
50660;5221009513210775545;5;1;62;24;2022;10;14;1;3;5;3;0;0;1;1;0;0;0;0;340454,967999693006277;5674863,158999039791524;6,716191840000020;51,202862756000101
50661;5221013410210795672;5;7;70;20;2022;10;6;5;3;5;2;2;0;1;1;0;0;0;0;474480,728000000002794;5797324,456999690271914;8,625549017000029;52,325645644000097
50663;5221003301101885991;5;9;13;0;2022;10;11;2;3;5;3;0;0;1;1;0;0;0;0;394571,526563751976937;5706708,753276320174336;7,481041168000050;51,501670244000103
50669;5221006608200094924;5;3;34;2;2022;10;10;5;3;5;2;0;0;1;1;0;0;0;0;300818,164999121974688;5626021,205996350385249;6,176236046000040;50,751747094000102
50671;5221011516500081565;5;1;58;16;2022;10;6;3;3;5;3;2;0;1;1;0;0;0;0;353409,979999798000790;5671003,339999330230057;6,903072509000030;51,171649125999998
50673;5221012702100096746;5;5;15;0;2022;10;16;4;3;6;4;0;0;1;0;1;0;0;0;406734,364736496005207;5757664,900238409638405;7,642566871000040;51,961846446999999
50674;5221007518410577721;5;1;70;16;2022;10;9;6;3;5;3;0;0;1;1;0;0;0;0;344742,389999734004959;5717781,730999150313437;6,758738623000060;51,589669968000102
50679;5221006301303993499;5;9;13;0;2022;10;17;5;3;2;2;0;0;1;1;0;0;0;0;400474,969999970984645;5706083,307999630458653;7,566241875000060;51,497118591000103
50683;5221006501328591460;5;1;12;0;2022;10;20;5;3;2;6;2;0;1;1;0;0;0;0;342603,066819376021158;5692711,405044170096517;6,739051150000020;51,363826529999997
50686;5221012601500893425;5;3;15;0;2022;10;14;4;3;0;6;0;0;1;0;0;0;0;1;359662,654999835009221;5647543,829999419860542;7,001558181000060;50,962389534000103
50701;5221014502105590717;5;1;13;0;2022;10;9;6;2;4;2;0;1;1;1;0;0;0;0;362559,356999853975140;5701004,156999460421503;7,022306545000050;51,443529357000003
50706;5221003300400043596;5;9;11;0;2022;10;16;2;3;0;5;0;1;1;0;0;0;0;0;377680,774591043009423;5698951,970673429779708;7,240487027000030;51,428552974000098
50707;5221010515211993471;5;1;54;16;2022;10;9;2;2;4;2;0;0;1;1;0;0;0;0;303058,258588651020546;5728746,337457629851997;6,151544892000060;51,675113369000002
50714;5221011706000993449;5;5;58;20;2022;10;17;3;3;5;3;0;0;1;1;0;0;0;0;391294,955999956000596;5760041,094999640248716;7,417187872000060;51,980398461999997
50719;5221010518120267344;5;1;70;44;2022;10;14;2;3;3;3;0;0;1;1;0;0;0;0;338393,626999681990128;5718704,144998949952424;6,666744831000070;51,596172037000002
50722;5221006606700297153;5;3;78;16;2022;10;15;5;3;8;1;0;0;1;0;0;0;0;0;361471,434060034982394;5662576,520870810374618;7,021553517000030;51,097927611999999
50724;5221011602900071666;5;3;62;40;2022;10;18;3;3;8;1;0;0;1;0;0;0;0;0;357200,778410836006515;5632972,636928509920835;6,972221010000060;50,830833202000100
50729;5221008601600893340;5;3;15;0;2022;10;13;7;3;0;1;0;1;1;1;0;0;0;0;360937,691223212983459;5645048,247075149789453;7,020656608000020;50,940270387000098
50735;5221004316000094277;5;9;74;28;2022;10;9;3;3;5;3;0;0;1;1;0;0;0;0;454396,161000000021886;5725546,905999650247395;8,340413801000070;51,679038696000099
50738;5221007506100374267;5;1;16;0;2022;10;17;6;3;4;6;0;0;1;0;0;0;0;0;322849,513999497983605;5676165,255998260341585;6,463787216000070;51,209372551999998
50739;5221004701400791627;5;5;12;0;2022;10;18;3;3;5;2;0;0;1;1;0;0;0;0;356345,563394548022188;5710242,129511710256338;6,929196778000060;51,524998841000098
50740;5221008300800077933;5;9;54;36;2022;10;17;7;3;6;4;0;0;1;0;1;0;0;0;386574,078056865022518;5703134,357446859590709;7,367014894000020;51,467994869999998
50741;5221001607100595375;5;3;82;60;2022;10;15;7;3;5;3;0;1;1;1;0;0;0;0;373012,088808937987778;5629848,399593980051577;7,197700417000020;50,806436495000099
50744;5221011607500986340;5;3;82;56;2022;10;11;3;3;6;6;0;0;1;0;1;0;0;0;372337,798289726022631;5626597,644623899832368;7,189265087000020;50,777069458000000
50747;5221003701200275470;5;5;62;20;2022;10;17;2;3;5;3;0;0;1;1;0;0;0;0;371767,404999897989910;5718088,876999540254474;7,148510580000050;51,599229600999998
50756;5221012514217993440;5;1;66;36;2022;10;12;4;3;5;3;0;0;1;1;0;0;0;0;328656,011432346014772;5682364,690204129554331;6,543868294000050;51,266838903000099
50758;5221007701200898948;5;5;62;20;2022;10;14;6;3;5;3;0;0;1;1;0;0;0;0;371469,171999896003399;5718888,778999540023506;7,143913805000070;51,606350222000103
50773;5221006515110092788;5;1;54;36;2022;10;11;5;3;0;4;0;0;1;0;1;0;0;0;302005,759342291974463;5740640,533839349634945;6,129579898000030;51,781554646000103
50779;5221011406120244989;5;7;58;16;2022;10;18;3;3;4;6;1;0;1;0;0;0;0;0;477332,105461790983099;5777257,729757250286639;8,668733007000069;52,145362008000099
50780;5221012701110495135;5;5;62;32;2022;10;12;4;3;5;2;0;0;1;1;0;0;0;0;373505,100946476974059;5719083,910985269583762;7,173227598000040;51,608564905000001
50787;5221006513210195784;5;1;62;24;2022;10;8;5;2;8;7;0;0;1;0;0;0;0;0;338580,051934054004960;5677469,354704669676721;6,688203672000040;51,225752339000103
50791;5221004702100574121;5;5;15;0;2022;10;14;3;3;0;1;0;0;1;0;0;0;0;0;407044,504999979981221;5757870,224999659694731;7,647023867000030;51,963743950000001
50796;5221011701110281594;5;5;62;32;2022;10;0;3;2;5;3;0;0;1;1;0;0;0;0;375612,523439073993359;5719709,383307020179927;7,203423674000020;51,614655616999997
50801;5221010518410995959;5;1;70;16;2022;10;16;2;3;5;2;0;1;1;1;0;0;0;0;343079,012999723025132;5726564,244999090209603;6,730811273000030;51,668115552000103
50807;5221011502339295638;5;1;13;0;2022;10;15;3;3;0;1;0;0;1;0;0;0;0;0;364660,719999863998964;5706161,322999480180442;7,050550391000060;51,490380640000097
50808;5221012514110789349;5;1;66;32;2022;10;17;4;3;5;3;0;0;1;1;0;0;0;0;317890,412999432999641;5682202,065997900441289;6,389798285000040;51,262040531000103
50809;5221012702100165854;5;5;15;0;2022;10;14;4;2;5;3;0;0;1;1;0;0;0;0;403991,546019493020140;5761414,329243560321629;7,601610118000050;51,995080614000102
50825;5221013601200093569;5;3;15;0;2022;10;13;5;3;5;3;0;0;1;1;0;0;0;0;356761,263999818998855;5641088,291999380104244;6,962806379000030;50,903660204000097
50826;5221006410120993498;5;7;70;24;2022;10;15;5;3;0;1;0;0;1;0;0;0;0;0;495054,616549635014962;5794227,159294280223548;8,927479802000050;52,298370585000001
50838;5221003317110693737;5;9;78;36;2022;10;11;2;2;0;7;0;0;1;0;0;0;0;0;409114,283999981009401;5709820,071999640204012;7,689699679000060;51,532164805999997
50840;5221007300800796574;5;9;54;36;2022;10;16;6;3;5;3;0;0;1;1;0;0;0;0;381549,877999930991791;5699914,741999589838088;7,295793617000070;51,438028191999997
50843;5221014406210395249;5;7;58;4;2022;10;12;6;3;5;2;0;0;1;1;0;0;0;0;470281,984000001975801;5782959,926999679766595;8,565206399000029;52,196292904000103
50845;5221007406110501085;5;7;58;12;2022;10;15;6;2;5;2;0;0;1;1;0;0;0;0;476161,953521526011173;5769740,168844659812748;8,652159192000060;52,077725198000103
50846;5221004701700285348;5;5;62;16;2022;10;7;3;3;5;2;1;0;1;1;0;0;0;0;375573,584999911021441;5735633,580999569967389;7,197184415000040;51,757757775000101
50855;5221006411240337554;5;7;74;36;2022;10;18;5;3;0;1;0;0;1;0;0;0;0;0;465200,599000000976957;5726362,379999649710953;8,496593810000039;51,687144169000099
50856;5221003601200699148;5;3;15;0;2022;10;16;2;3;4;2;0;0;1;0;0;1;0;0;351454,596320995013230;5641971,273677449673414;6,887027541000070;50,910254241000104
50858;5221006709700076770;5;5;66;28;2022;10;14;5;3;5;3;0;0;1;1;0;0;0;0;409310,465944044990465;5792403,657140039838850;7,670792837000020;52,274517506999999
50860;5221005407140480592;5;7;62;16;2022;10;16;4;2;4;2;0;0;1;1;0;0;0;0;511895,923373114026617;5728257,627116059884429;9,172153570000029;51,705137577000102
50862;5221005709500155963;5;5;66;76;2022;10;2;4;3;0;1;2;0;1;0;0;0;0;0;393136,563663951994386;5793513,219604520127177;7,433474330000020;52,281583642999998
50867;5221012701800680965;5;5;62;4;2022;10;17;4;3;5;3;0;0;1;1;0;0;0;0;382516,614096846024040;5714868,494480090215802;7,304714560000040;51,572630720000099
50878;5221012609128067517;5;3;58;28;2022;10;14;4;3;0;1;0;0;1;0;0;0;0;0;322278,092932972009294;5623677,962296959944069;6,481267127000020;50,737661991000003
50879;5221007515110091715;5;1;54;4;2022;10;16;6;3;5;3;0;0;1;1;0;0;0;0;305931,279999281978235;5738150,733996490016580;6,187806422000050;51,760570017000099
50886;5221013608200073658;5;3;34;2;2022;10;6;5;3;5;2;2;0;1;1;0;0;0;0;296695,457999041012954;5628277,591995749622583;6,116621158000040;50,770583746000099
50893;5221014407314095158;5;7;62;36;2022;10;17;6;3;5;3;0;1;1;1;0;0;0;0;503498,437000002013519;5708612,885999640449882;9,050432094000030;51,528616227999997
50896;5221013502401278096;5;1;17;0;2022;10;16;5;3;0;1;0;1;1;0;0;0;0;0;352589,971999791974667;5698862,335999320261180;6,879846173000030;51,421776874999999
50901;5221004501215191352;5;1;12;0;2022;10;15;3;3;0;6;0;0;1;1;0;0;0;0;337261,198129380994942;5697457,318104119971395;6,660210189000050;51,404960480000099