OBJECTID;UIDENTSTLAE;ULAND;UREGBEZ;UKREIS;UGEMEINDE;UJAHR;UMONAT;USTUNDE;UWOCHENTAG;UKATEGORIE;UART;UTYP1;ULICHTVERH;IstStrassenzustand;IstRad;IstPKW;IstFuss;IstKrad;IstGkfz;IstSonstige;LINREFX;LINREFY;XGCSWGS84;YGCSWGS84
50904;5221005518200692096;5;1;70;24;2022;10;16;4;3;0;7;0;0;1;0;0;0;0;0;335570,413414378010202;5705524,703340609557927;6,632175975000050;51,476951421000102
50905;5221011605108286484;5;3;74;8;2022;10;16;3;3;0;3;0;0;1;1;0;0;0;0;387864,766217241995037;5649855,005192919634283;7,402263054000060;50,989344770999999
50908;5221007600140086324;5;3;14;0;2022;10;5;6;3;5;2;2;0;1;0;0;0;1;0;368976,488067009020597;5623183,463544379919767;7,142830824000040;50,745632659000101
50909;5221004709700993534;5;5;66;28;2022;10;14;3;3;1;7;0;0;1;0;0;0;1;0;409665,547545982000884;5796818,356266089715064;7,674811757000040;52,314255733000003
50914;5221006601100996833;5;3;15;0;2022;10;15;5;3;4;6;0;0;1;0;0;0;0;0;356886,549171989026945;5644570,554871289990842;6,963220709000040;50,934986166000002
50915;5221004316000990686;5;9;74;28;2022;10;6;3;3;5;3;2;0;1;1;0;0;0;0;453390,657000000996049;5725415,677999650128186;8,325889394000059;51,677776294000097
50917;5221012601600893424;5;3;15;0;2022;10;12;4;3;0;2;0;0;1;0;0;0;1;0;366130,844153210986406;5635848,110538669861853;7,097901817000040;50,858811559000102
50922;5221005508000988399;5;1;19;0;2022;10;13;4;3;5;3;0;0;1;1;0;0;0;0;351505,610282995970920;5708981,480630840174854;6,860010712000080;51,512419559000101
50924;5221012501316078952;5;1;12;0;2022;10;14;4;3;5;2;0;0;1;0;0;0;0;0;345629,775999740988482;5698578,108999170362949;6,779942509000020;51,417370372000100
50927;5221004706300496594;5;5;58;28;2022;10;16;3;3;5;3;0;0;1;1;0;0;0;0;402860,222999975027051;5732084,466999650001526;7,593385403000070;51,731254130000103
50930;5221010301301785574;5;9;78;24;2022;10;6;2;3;4;6;2;1;1;0;0;0;0;0;398469,173680871026590;5718633,033618110232055;7,533733360000040;51,609567674000097
50935;5221011501329669485;5;1;12;0;2022;10;12;3;3;0;7;0;0;1;0;0;0;0;0;342645,085999716015067;5692880,522999090142548;6,739579395000020;51,365357684999999
50949;5221007404101590726;5;7;66;20;2022;10;16;6;3;5;3;0;0;1;1;0;0;0;0;491803,265423268021550;5756184,534203889779747;8,880718139000070;51,956300200999998
50950;5221004515211545302;5;1;54;16;2022;10;12;3;3;5;2;0;0;1;1;0;0;0;0;304464,215999252977781;5728309,973996340297163;6,172097338000070;51,671685695000100
50953;5221011705000996008;5;5;54;8;2022;10;15;3;3;5;3;0;0;1;0;0;0;1;0;335412,583744739007670;5743153,473952519707382;6,612202879000050;51,814952850000097
50959;5221004500200001154;5;1;11;0;2022;10;16;3;3;5;3;0;0;1;1;0;0;0;0;344969,959260396019090;5678099,683921789750457;6,779369615000060;51,233187362000102
50961;5221006702100614075;5;5;15;0;2022;10;9;5;3;5;3;1;0;1;1;0;0;0;0;407900,263878871977795;5760299,674432749859989;7,658823857000070;51,985723565999997
50975;5221004607100790878;5;3;82;28;2022;10;8;3;3;5;3;0;0;1;1;0;0;0;0;377673,626934240979608;5631296,264163560234010;7,263344424000020;50,820453921000102
50981;5221009505200576213;5;1;14;0;2022;10;12;1;3;5;2;0;0;1;1;0;0;0;0;331145,680999601026997;5691405,409998680464923;6,575242846000040;51,348803507000099
50986;5221007310220087275;5;9;54;8;2022;10;6;6;3;5;3;2;0;1;1;0;0;0;0;385460,079999940004200;5684227,389999589882791;7,357081278000070;51,297830973000003
50998;5221010608100475510;5;3;34;2;2022;10;10;2;3;5;2;0;0;1;1;0;0;0;0;293322,423998970014509;5626466,644995209760964;6,069865930000050;50,753127722000002
50999;5221007400100993491;5;7;11;0;2022;10;16;6;3;3;2;0;0;1;1;0;0;0;0;469320,016999999992549;5767388,040999669581652;8,552537132000049;52,056241331000102
51004;5221012407349096880;5;7;62;40;2022;10;15;4;2;0;1;0;0;1;0;0;0;0;0;508945,484215961012524;5719422,661040199920535;9,129229796000059;51,625753222000100
51008;5221003501317482159;5;1;12;0;2022;10;11;2;3;5;3;0;0;1;1;0;0;0;0;344481,552098005020525;5699632,872179710306227;6,762980083000060;51,426533601000102
51014;5221011315110080451;5;9;70;40;2022;10;15;3;3;0;7;0;0;1;0;0;0;0;1;433210,339000425010454;5636414,148384870029986;8,050696698000021;50,875542499000098
51016;5221007601500772564;5;3;15;0;2022;10;8;6;3;4;6;0;0;1;0;0;0;0;0;358181,929999826010317;5644798,102999400347471;6,981555621000040;50,937351143000100
51022;5221006505100095990;5;1;14;0;2022;10;10;5;3;4;2;0;0;1;1;0;0;0;0;332049,417999611003324;5689724,051998719573021;6,589001270000040;51,333965966999997
51031;5221011607100790898;5;3;82;56;2022;10;12;3;3;5;2;0;0;1;1;0;0;0;0;373104,274999901012052;5627864,416999519802630;7,199693578000050;50,788623928000000
51041;5221005600310595341;5;3;14;0;2022;10;15;4;2;5;2;0;0;1;1;0;0;0;0;364996,561377056990750;5622351,973389470018446;7,086755802000030;50,737247525000001
51042;5221011515212091268;5;1;54;32;2022;10;18;3;2;5;3;1;0;1;1;0;0;0;0;308157,624455822980963;5716842,466684170067310;6,231723232000040;51,569969042000103
51043;5221012508000989682;5;1;19;0;2022;10;18;4;3;5;3;1;0;1;1;0;0;0;0;351646,914999787986744;5704909,310999300330877;6,863757320000050;51,475866294000099
51045;5221007701110099313;5;5;62;32;2022;10;16;6;3;5;3;0;0;1;1;0;0;0;0;374747,023270567005966;5719092,491179370321333;7,191150045000030;51,608919655000101
51046;5221009410110087061;5;7;70;24;2022;10;16;1;3;5;3;0;0;1;0;0;0;0;1;497015,983000000007451;5791031,738999689929187;8,956269993000030;52,269656251000100
51051;5221006601200486415;5;3;15;0;2022;10;16;5;3;5;2;0;0;1;1;0;0;0;0;352051,145452606026083;5643616,588348070159554;6,894839667000040;50,925193159999999
51057;5221008705000091247;5;5;54;8;2022;10;1;7;3;1;1;2;0;1;1;0;0;0;0;334075,336085398972500;5746053,573630499653518;6,591430850000050;51,840609909000101
51059;5221009607300395368;5;3;82;76;2022;10;13;1;2;5;2;0;0;1;1;0;0;0;0;401076,083568791975267;5629311,493732499890029;7,596002784000060;50,807082185000098
51061;5221007610111093351;5;3;70;16;2022;10;16;6;2;4;2;0;0;1;1;0;0;0;0;295454,702999046014156;5664661,820995329879224;6,078630838000040;51,096913895999997
51069;5221012600140995315;5;3;14;0;2022;10;14;4;3;5;3;0;0;1;1;0;0;0;0;369888,531999888014980;5623832,540999500080943;7,155521950000040;50,751671826000099
51070;5221007516300590699;5;1;58;28;2022;10;11;6;3;7;1;0;0;1;0;0;0;0;1;355400,285591707972344;5684846,166531399823725;6,925935593000080;51,296551018999999
51071;5221005301202363321;5;9;13;0;2022;10;16;4;3;0;7;0;0;1;1;0;0;0;0;393846,341999961005058;5708877,189999620430171;7,469944143000020;51,521025502999997
51073;5221002506100785961;5;1;16;0;2022;10;13;1;3;1;5;0;0;1;1;0;0;0;0;317203,812090402992908;5666755,605942850001156;6,387830359000020;51,123068015999998
51074;5221009711321094426;5;5;70;48;2022;10;12;1;2;0;1;0;0;1;0;0;0;0;0;449449,204692494997289;5734054,322477810084820;8,267635474000031;51,755102475000101
51079;5221010700000376318;5;5;13;0;2022;10;5;2;2;5;3;2;0;1;0;0;0;0;1;365880,278999871981796;5709869,868999489583075;7,066695877000030;51,523998437000003
51082;5221008300000094402;5;9;16;0;2022;10;10;7;3;5;2;0;1;1;1;0;0;0;0;374193,334627722972073;5710403,206894639879465;7,186269395000070;51,530704716999999
51084;5221009601200286397;5;3;15;0;2022;10;17;1;3;6;7;0;0;1;0;1;0;0;0;353347,166999795008451;5644056,882999329827726;6,913090481000040;50,929480835000000
51088;5221013508000993411;5;1;19;0;2022;10;17;5;3;5;3;0;0;1;1;0;0;0;0;351651,739984050975181;5704087,172646639868617;6,864171887000050;51,468480221000000
51097;5221005601200790383;5;3;15;0;2022;10;17;4;3;5;2;0;0;1;1;0;0;0;0;353041,885999792022631;5643875,277999330312014;6,908822547000060;50,927771126000003
51102;5221004709300016765;5;5;66;68;2022;10;11;3;3;0;1;0;0;1;0;0;0;1;0;378549,851999923004769;5784957,220999609678984;7,222825778000070;52,201667995999998
51106;5221014610222185815;5;3;70;36;2022;10;5;6;2;4;2;2;1;1;1;0;0;0;0;302961,751999186992180;5665996,989996439777315;6,184978440000070;51,111534120000002
51114;5221004602500986745;5;3;62;24;2022;10;14;3;3;1;6;0;0;1;0;0;0;0;0;344629,197509802994318;5644601,472244909964502;6,788895280000080;50,932092263000101
51116;5221001608200567567;5;3;34;2;2022;10;11;7;3;5;3;0;1;1;1;0;0;0;0;300803,217026603990234;5626016,554083510302007;6,176026922000060;50,751700182000000
51119;5221012316300972353;5;9;74;28;2022;10;16;4;3;0;1;0;0;1;0;0;0;0;0;455220,731639774981886;5726312,128071280196309;8,352240890000081;51,685985065000096
51124;5221007404302479510;5;7;66;8;2022;10;9;6;3;5;2;0;0;1;1;0;0;0;0;481665,054000000003725;5769247,626999679952860;8,732484899000040;52,073506479999999
51129;5221009602300686892;5;3;62;36;2022;10;12;1;3;2;6;0;0;1;0;0;0;0;0;343831,315999721002299;5648378,285999150015414;6,775929875000030;50,965814491000103
51130;5221013405236072193;5;7;54;36;2022;10;16;5;3;5;3;0;0;1;0;0;0;0;0;476794,748863146000076;5751080,907814829610288;8,662655788000050;51,909990186000101
51132;5221002709800680101;5;5;66;88;2022;10;16;1;3;5;3;0;0;1;1;0;0;0;0;414160,810999987006653;5786584,197999680414796;7,743342694000030;52,222988534000102
51136;5221003702100772452;5;5;15;0;2022;10;16;2;3;5;3;0;0;1;1;0;0;0;0;407097,630999980028719;5760312,853999660350382;7,647135682000060;51,985708377000002
51143;5221005608100089840;5;3;34;2;2022;10;12;4;2;0;1;0;0;1;0;0;0;0;0;294018,263431289989967;5628159,679482029750943;6,078770024000050;50,768580469000000
51145;5221009515110322359;5;1;54;36;2022;10;16;1;2;0;3;0;0;1;1;0;0;0;0;299089,221999178989790;5742599,710995440371335;6,086221588000060;51,798108071000101
51147;5221009405108687640;5;7;54;8;2022;10;14;1;3;8;3;0;0;1;1;0;0;0;0;461786,787325387995224;5753517,007464399561286;8,444217425000030;51,931064849000101
51156;5221011602300046668;5;3;62;36;2022;10;7;3;3;6;6;2;0;1;0;1;0;0;0;342954,972222840995528;5654324,588901990093291;6,760888761000050;51,019007647000102
51162;5221002515111076230;5;1;54;44;2022;10;12;1;3;5;3;0;0;1;1;0;0;0;0;321364,030974276014604;5740027,402698289602995;6,410215819000030;51,782561625000000
51165;5221004502226295096;5;1;13;0;2022;10;17;3;2;8;1;0;0;1;0;0;0;0;0;361199,275561017973814;5696530,760347969830036;7,004500644000070;51,402998029999999
51166;5221013609108389774;5;3;58;8;2022;10;14;5;3;0;3;0;1;1;1;0;0;0;0;323246,308798050973564;5631670,031320470385253;6,491134353000060;50,809760070999999
51167;5221006601300086613;5;3;15;0;2022;10;12;5;3;0;1;0;0;1;0;0;0;0;0;353075,013220839027781;5644890,422532900236547;6,908884389000040;50,936902273999998
51175;5221009602900885803;5;3;62;40;2022;10;17;1;3;0;1;0;0;1;0;0;0;0;0;357285,115999821980949;5632577,739999390207231;6,973571540000020;50,827305010000003
51177;5221011705000993450;5;5;54;12;2022;10;17;3;3;3;2;0;0;1;1;0;0;0;0;352353,385999794001691;5744921,904999310150743;6,857025980000060;51,835573979999999
51179;5221006410240890746;5;7;70;40;2022;10;14;5;3;5;2;0;0;1;1;0;0;0;0;472512,324494194006547;5810085,594638500362635;8,595620068000070;52,440275090999997
51180;5221003700000695153;5;5;13;0;2022;10;14;2;3;0;1;0;0;1;0;0;0;0;0;364624,733050127979368;5715162,086871369741857;7,046572404000070;51,571257020000097
51182;5221007404301090642;5;7;66;28;2022;10;10;6;3;0;7;0;0;1;1;0;0;0;0;508222,262001199007500;5768683,392926990054548;9,119953468000061;52,068676060000001
51188;5221012702100579222;5;5;15;0;2022;10;9;4;3;0;6;0;0;1;0;0;0;0;0;405029,590999978012405;5757573,874999660067260;7,617787673000070;51,960739683000000
51191;5221010602100180761;5;3;62;8;2022;10;15;2;3;6;6;0;0;1;0;1;0;0;0;334089,945190133003052;5647795,385954069904983;6,637586727000040;50,957854332000103
51192;5221004501127696006;5;1;12;0;2022;10;8;3;3;5;3;0;0;1;1;0;0;0;0;346689,438999750011135;5704579,937999189831316;6,792570020000030;51,471585201000003
51202;5221010404103096919;5;7;66;52;2022;10;17;2;3;5;3;0;0;1;1;0;0;0;0;517467,772999999986496;5757376,083999670110643;9,254256931000040;51,966799385999998
51206;5221013608436399213;5;3;34;36;2022;10;15;5;3;0;1;0;0;1;0;0;0;0;0;299820,705288949015085;5633496,190137879922986;6,158043225000030;50,818542667000003
51208;5221006608200379471;5;3;34;2;2022;10;9;5;3;0;1;0;0;1;0;0;0;0;0;296189,542167289997451;5629409,248588380403817;6,108828637000040;50,780570097000101
51212;5221012711321990829;5;5;70;48;2022;10;8;4;3;0;2;0;0;1;1;0;0;0;0;447835,462999999988824;5732458,366999659687281;8,244497649000040;51,740605956000103
51214;5221005316300993530;5;9;74;4;2022;10;10;4;2;8;1;0;0;1;0;0;0;0;0;453225,244999999995343;5709431,469999640248716;8,325629746000059;51,534049498999998
51224;5221007508000178091;5;1;19;0;2022;10;10;6;3;5;2;0;0;1;1;0;0;0;0;351647,725918859010562;5703935,282679939642549;6,864177889000080;51,467114358000103
51228;5221009602600280807;5;3;62;20;2022;10;16;1;3;5;3;0;0;1;1;0;0;0;0;346297,386874607007485;5629847,680206210352480;6,818815201000060;50,799959186000102
51229;5221014518400065301;5;1;70;8;2022;10;8;6;3;3;2;0;1;1;1;0;0;0;0;341891,258999712008517;5715513,188999059610069;6,718636467000070;51,568495531000103
51233;5221003705000581092;5;5;54;64;2022;10;17;2;3;6;7;0;0;1;0;1;0;0;0;356660,481999823998194;5747847,365999380126595;6,918282042000040;51,862981957000002
51235;5221007400100256044;5;7;11;0;2022;10;16;6;3;5;3;0;0;1;1;0;0;0;0;463229,912309446022846;5767448,810484089888632;8,463711203000059;52,056416984000101
51238;5221014410130039404;5;7;70;28;2022;10;13;6;3;3;1;0;0;1;1;0;0;0;0;498359,351247177983169;5798783,866363490000367;8,975918928000061;52,339357331000002
51239;5221005601300572617;5;3;15;0;2022;10;22;4;3;4;2;2;0;1;1;0;0;0;0;354479,755115812004078;5645757,684535030275583;6,928516964000040;50,945052293000103
51242;5221012701500985348;5;5;62;24;2022;10;12;4;3;5;2;0;0;1;1;0;0;0;0;368704,922999884991441;5724729,197999520227313;7,101828966000030;51,658197953000098
51249;5221006705000291776;5;5;54;8;2022;10;20;5;3;5;3;2;0;1;1;0;0;0;0;335277,670942148019094;5745847,062385429628193;6,608965856000050;51,839110673000100
51256;5221009610221285830;5;3;70;20;2022;10;14;1;2;0;1;0;0;1;0;0;0;0;0;307083,409070872003213;5659275,225908629596233;6,247377507000070;51,052561466999997
51269;5221013515210095065;5;1;54;12;2022;10;10;5;3;5;3;0;1;1;1;0;0;0;0;315342,406999406986870;5711116,482997610233724;6,338281044000040;51,520937185999998
51271;5221003518100993557;5;1;70;48;2022;10;14;2;3;4;7;0;0;1;0;0;0;0;0;335756,651999655994587;5725598,545998839661479;6,625474336000020;51,657347444999999
51291;5221004518300096105;5;1;70;20;2022;10;6;3;2;5;3;2;0;1;1;0;0;0;0;330689,692999600025360;5710882,128998639993370;6,559389091000070;51,523640709000098
51296;5221012503200395676;5;1;24;0;2022;10;5;4;2;4;7;2;0;1;0;0;1;0;0;373808,832985322980676;5683987,728591330349445;7,190130138000030;51,293213761000104
51299;5221009500200072113;5;1;11;0;2022;10;12;1;3;5;2;0;0;1;1;0;0;0;0;345095,314009665977210;5680414,010458510369062;6,780162483000030;51,254016487000101
51303;5221013608408969628;5;3;34;8;2022;10;8;5;3;5;3;0;0;1;1;0;0;0;0;301746,708954484027345;5642418,348551779985428;6,180519184000050;50,899342529000101
51305;5221006702100574772;5;5;15;0;2022;10;14;5;3;5;3;0;0;1;1;0;0;0;0;403504,949999974982347;5760699,557999660260975;7,594726177000040;51,988571720000003
51306;5221011500100993437;5;1;11;0;2022;10;7;3;3;0;3;1;0;1;1;0;0;0;0;341069,753999699023552;5680049,200999059714377;6,722685093000050;51,249630957000100
51310;5221008601300085509;5;3;15;0;2022;10;3;7;3;0;1;2;0;1;0;0;0;0;0;355383,385999807971530;5646703,260999360121787;6,940995705000030;50,953777350999999
51326;5221009407230589027;5;7;62;28;2022;10;17;1;2;5;2;0;0;1;1;0;0;0;0;508695,115999999979977;5740170,360999659635127;9,126130842000070;51,812307368000099
51330;5221004601700469795;5;3;16;0;2022;10;16;3;3;5;2;0;0;1;1;0;0;0;0;356489,034313508018386;5657418,914606420323253;6,952490700000060;51,050352749000098
51333;5221005705000993526;5;5;54;8;2022;10;12;4;3;5;3;0;0;1;1;0;0;0;0;333497,396999638993293;5745508,175998729653656;6,583311969000020;51,835538483999997
51336;5221012503100993434;5;1;24;0;2022;10;17;4;3;5;2;0;0;1;1;0;0;0;0;371760,392706180980895;5684408,427110129967332;7,160615809000030;51,296537098999998
51340;5221008701920989503;5;5;62;28;2022;10;10;7;3;5;3;0;1;1;1;0;0;0;0;379515,384999923990108;5722440,546999580226839;7,258826088000030;51,640050492999997
51342;5221010310120430645;5;9;54;32;2022;10;17;2;3;0;4;1;1;1;0;1;0;0;0;387621,746465108997654;5693889,554026399739087;7,385024148000070;51,385109214000103
51345;5221006514110789426;5;1;66;32;2022;10;9;5;3;0;2;0;0;1;1;0;0;0;0;317585,800999427970964;5681124,465997880324721;6,385986494000060;51,252263355000103
51346;5221004404101687357;5;7;66;4;2022;10;6;3;3;5;3;2;0;1;1;0;0;0;0;481686,663000001979526;5751207,898999669589102;8,733763850000059;51,911314296999997
51347;5221007301301672535;5;9;78;24;2022;10;6;6;3;5;3;2;0;1;1;0;0;0;0;397855,079142673988827;5718267,791959620080888;7,524974429000050;51,606173593000101
51348;5221004505200096041;5;1;14;0;2022;10;17;3;3;0;1;1;0;1;0;0;0;0;0;329847,688999589008745;5690026,718998620286584;6,557280613000050;51,336030526000101
51351;5221006607500086343;5;3;82;56;2022;10;19;5;2;5;2;2;0;1;1;0;0;0;0;374548,906999906990677;5623423,198999529704452;7,221692923000030;50,749018392000004
51356;5221007702100939947;5;5;15;0;2022;10;16;6;3;0;7;0;0;1;1;0;0;0;0;407053,636640174023341;5756921,036526289768517;7,647413572000060;51,955213684000100
51359;5221010500100060580;5;1;11;0;2022;10;14;2;3;5;2;0;0;1;1;0;0;0;0;346399,140879994025454;5676014,254248259589076;6,800718403000080;51,214835166000100
51360;5221004410110796631;5;7;70;24;2022;10;7;3;3;5;2;0;0;1;1;0;0;0;0;494303,212999999988824;5794649,041999690234661;8,916453929000060;52,302156238000101
51362;5221006514118586217;5;1;66;16;2022;10;11;5;3;5;3;0;0;1;1;0;0;0;0;310131,301079940982163;5687616,335789299570024;6,275840244000050;51,308139867000101
51366;5221007601400069164;5;3;15;0;2022;10;18;6;3;5;3;0;0;1;1;0;0;0;0;351742,674999785027467;5655292,615999300032854;6,885691947000050;51,030039664000100
51369;5221002405108993563;5;7;54;8;2022;10;14;1;2;5;3;0;1;1;1;0;0;0;0;461106,043579987017438;5750652,472096299752593;8,434640616000021;51,905263669000099
51377;5221004701400490513;5;5;12;0;2022;10;13;3;3;1;5;0;0;1;1;0;0;0;0;358877,730594741995446;5711363,713969879783690;6,965223988000050;51,535715835000097
51382;5221009514121089426;5;1;66;4;2022;10;12;1;3;0;1;0;0;1;1;0;0;0;0;303805,155999210022856;5679983,680996480397880;6,189379512000070;51,237443925000001
51390;5221006606100693608;5;3;78;4;2022;10;11;5;3;1;3;0;0;1;1;0;0;0;0;369551,766999884974211;5650581,852999499998987;7,141209429000070;50,992018686999998
51393;5221012405232081509;5;7;54;32;2022;10;4;4;3;5;3;2;0;1;1;0;0;0;0;457502,086000000999775;5735788,663999659940600;8,384083056000071;51,771364560000102
51394;5221013300800077902;5;9;54;36;2022;10;15;5;3;5;3;0;1;1;1;0;0;0;0;380557,229999927978497;5698409,792999579571187;7,282026241000040;51,424293600000098
51397;5221008601200293357;5;3;15;0;2022;10;11;7;3;3;6;0;0;1;0;0;0;0;1;357854,969999824010301;5641334,996999390423298;6,978255010000050;50,906147660000002
51402;5221013602800085852;5;3;62;12;2022;10;9;5;3;0;1;0;0;1;0;0;0;0;0;351992,925813684007153;5630663,927536100149155;6,899252095000070;50,808777315999997
51403;5221006601200972647;5;3;15;0;2022;10;12;5;3;4;6;0;0;1;0;0;0;0;0;353669,193170537997503;5644239,481474390253425;6,917596459000040;50,931203568000100
51404;5221004316100082008;5;9;74;40;2022;10;15;3;2;0;1;0;0;1;0;0;0;0;0;438328,361780679028016;5712492,947363750077784;8,110343248000049;51,560143025999999
51405;5221011501319473942;5;1;12;0;2022;10;6;3;3;5;2;2;1;1;1;0;0;0;0;344579,470999734010547;5697374,658999140374362;6,765377433000030;51,406270396000103
51406;5221012516100586756;5;1;58;24;2022;10;3;4;3;0;1;2;0;1;0;0;0;0;0;361884,531028051977046;5682021,786950030364096;7,019973369000070;51,272779136000104
51408;5221004602700681945;5;3;62;28;2022;10;17;3;3;3;3;0;0;1;1;0;0;0;0;349091,683999765024055;5639926,547999260015786;6,854286546000030;50,891266735999999
51410;5221001709110274685;5;5;66;64;2022;10;20;7;3;7;1;2;1;1;0;0;0;0;0;395866,306500168982893;5769687,544750169850886;7,480788405000060;52,067974057000100
51411;5221009607400593635;5;3;82;68;2022;10;14;1;3;3;6;0;0;1;0;0;0;0;0;366125,328302983019967;5625786,816243089735508;7,101494240000020;50,768380999999998
51418;5221007404103096919;5;7;66;32;2022;10;14;6;3;5;3;0;0;1;1;0;0;0;0;498099,042999999015592;5749320,702999670058489;8,972374464000040;51,894644167000102
51419;5221004503400095599;5;1;22;0;2022;10;17;3;2;4;2;0;0;1;1;0;0;0;0;365167,194584344979376;5674617,187986959703267;7,069792604000040;51,207020102000101
51427;5221001602500085720;5;3;62;24;2022;10;17;7;3;5;3;0;1;1;1;0;0;0;0;347309,447999748983420;5642432,773999219760299;6,827916769000070;50,913319783000098
51428;5221009607400779338;5;3;82;68;2022;10;11;1;3;3;6;0;0;1;0;0;1;0;0;366230,580035799008328;5628755,535986890085042;7,101905673000030;50,795087841000097
51432;5221006313122589350;5;9;58;8;2022;10;17;5;3;5;3;0;0;1;1;0;0;0;0;454864,815692792995833;5689351,816261899657547;8,351827402000030;51,353642069000003
51433;5221003515110085999;5;1;54;36;2022;10;16;2;3;0;1;0;0;1;0;0;0;0;0;302159,328722536971327;5741689,317689229734242;6,131205406000050;51,791027038999999
51434;5221010610122685813;5;3;70;28;2022;10;18;2;2;0;2;0;0;1;1;0;0;0;0;295772,115025399019942;5645562,454502790234983;6,093906461000070;50,925498215000097
51436;5221004600110276535;5;3;14;0;2022;10;13;3;2;0;1;0;0;1;0;0;0;0;0;365791,826542656985112;5622360,772383649833500;7,098016306000030;50,737510934000099
51442;5221009310110893869;5;9;54;16;2022;10;11;1;2;5;2;0;0;1;1;0;0;0;0;375763,842689245007932;5689147,437763489782810;7,216356805000030;51,340017352000103
51443;5221003508000982182;5;1;19;0;2022;10;10;2;3;5;3;0;0;1;1;0;0;0;0;349694,646999775024597;5704974,045999259687960;6,835639097000070;51,475932667000102
51448;5221011502324977722;5;1;13;0;2022;10;11;3;2;5;3;0;0;1;1;0;0;0;0;361751,676999848976266;5707743,144999450072646;7,008055236000080;51,503891604000003
51451;5221007600310493374;5;3;14;0;2022;10;23;6;3;0;7;2;0;1;0;0;0;0;0;362412,323187969974242;5620105,964398469775915;7,050992853000030;50,716454564000102
51452;5221005303100095830;5;9;15;0;2022;10;13;4;3;1;5;0;0;1;0;0;0;0;1;417574,290999990014825;5724401,868999649770558;7,808211316000040;51,664548418000003
51456;5221013601100372043;5;3;15;0;2022;10;16;5;3;0;1;0;1;1;0;0;0;0;0;356855,344541413011029;5644934,735536630265415;6,962633844000040;50,938251280000003
51466;5221014516100078844;5;1;58;32;2022;10;7;6;3;5;3;2;1;1;1;0;0;0;0;366241,401181560999248;5686136,073632589541376;7,080854047000060;51,310793617000101
51467;5221011705000020977;5;5;54;4;2022;10;5;3;3;8;1;2;1;1;0;0;0;0;0;362484,357022621028591;5773734,795921009965241;6,992429839000070;52,097058993000097
51472;5221010518400090531;5;1;70;8;2022;10;10;2;2;5;2;0;0;1;0;0;0;1;0;344637,179999733984005;5716209,030999139882624;6,757916946000020;51,575510719000100
51479;5221012514111069461;5;1;66;32;2022;10;10;4;3;0;7;0;0;1;0;0;0;0;1;314476,188068461022340;5681401,964712169952691;6,341332613000020;51,253752914000103
51480;5221012702100072452;5;5;15;0;2022;10;13;4;3;3;6;0;0;1;0;0;0;0;0;404950,684344315028284;5758239,753429450094700;7,616455320000060;51,966711374000099
51487;5221006702100896653;5;5;15;0;2022;10;20;5;3;0;1;2;0;1;0;0;0;0;0;406359,176999979012180;5756980,608999660238624;7,637294406000020;51,955632645999998
51496;5221004405108696861;5;7;54;8;2022;10;15;3;3;0;1;0;0;1;0;0;0;0;0;458385,557824694027659;5747710,637541529722512;8,395453174000069;51,878618157000098
51502;5221007508000478922;5;1;19;0;2022;10;8;6;2;5;3;0;0;1;1;0;0;0;0;349808,747999774001073;5708358,979999260045588;6,835840616000040;51,506377704000002
51503;5221004702100870610;5;5;15;0;2022;10;14;3;3;3;2;0;0;1;1;0;0;0;0;407326,356638083991129;5756880,513967080041766;7,651392024000070;51,954894961000001
51505;5221002518200993560;5;1;70;24;2022;10;15;1;3;5;3;0;0;1;1;0;0;0;0;336876,955999663972761;5704292,507998899556696;6,651542191000030;51,466259347000097
51506;5221010501311676268;5;1;12;0;2022;10;16;2;3;3;2;1;0;1;1;0;0;0;0;344464,156999733007979;5700495,385999140329659;6,762351356000070;51,434278491000001
51508;5221005705000068647;5;5;54;4;2022;10;10;4;3;5;3;0;0;1;1;0;0;0;0;357997,655680657015182;5780377,774336200207472;6,924202201000070;52,155612073000000
51514;5221008300100785311;5;9;11;0;2022;10;0;7;3;0;3;2;0;1;1;0;0;0;0;376222,420166147989221;5705304,730557830072939;7,217296634000040;51,485331375999998
51518;5221006300100041916;5;9;11;0;2022;10;11;5;3;5;2;0;0;1;1;0;0;0;0;375923,146113025024533;5707187,633936500176787;7,212326610000050;51,502188123000103
51519;5221011608100580801;5;3;34;2;2022;10;17;3;3;5;2;0;0;1;1;0;0;0;0;293807,915998983022291;5628173,070995279587805;6,075783520000070;50,768626029000103
51521;5221013411232993416;5;7;74;32;2022;10;22;5;3;0;1;2;1;1;0;0;0;0;0;480065,536815876024775;5736494,767892540432513;8,711044755000049;51,778971668000104
51526;5221004600110086274;5;3;14;0;2022;10;19;3;3;5;3;2;0;1;1;0;0;0;0;362147,721297269978095;5622726,892959389835596;7,046267094000030;50,739947958000101
51529;5221005603228694757;5;3;66;28;2022;10;17;4;3;0;1;0;0;1;1;0;0;0;0;335238,168512583011761;5605982,970474050380290;6,672648905000070;50,582483719999999
51533;5221007701110748203;5;5;62;32;2022;10;16;6;3;3;6;0;0;1;1;0;0;0;0;375644,725683794997167;5720388,289895039983094;7,203647595000060;51,620764149000102