OBJECTID;UIDENTSTLAE;ULAND;UREGBEZ;UKREIS;UGEMEINDE;UJAHR;UMONAT;USTUNDE;UWOCHENTAG;UKATEGORIE;UART;UTYP1;ULICHTVERH;IstStrassenzustand;IstRad;IstPKW;IstFuss;IstKrad;IstGkfz;IstSonstige;LINREFX;LINREFY;XGCSWGS84;YGCSWGS84
51539;5221005705000091842;5;5;54;28;2022;10;14;4;1;5;3;0;0;1;1;0;0;0;0;358527,339527425996494;5745115,276241620071232;6,946493497000060;51,838909477000101
51542;5221012515210191268;5;1;54;12;2022;10;17;4;3;5;3;0;0;1;1;0;0;0;0;319083,198816495016217;5711428,780109549872577;6,391981068000060;51,524952812000002
51549;5221013601100993422;5;3;15;0;2022;10;16;5;3;0;1;0;1;1;0;0;0;0;0;356887,054612108971924;5644659,291812379844487;6,963193049000040;50,935783762000000
51560;5221005301204480499;5;9;13;0;2022;10;0;4;3;8;7;2;0;1;0;0;0;0;0;383730,369019148987718;5707235,047028250060976;7,324742364000030;51,504274332000101
51561;5221008601100787327;5;3;15;0;2022;10;19;7;3;9;1;0;0;1;0;0;0;0;0;356467,837999815994408;5646321,221999369561672;6,956575858000060;50,950615121000098
51562;5221002513120091565;5;1;62;20;2022;10;12;1;3;0;7;0;1;1;0;0;0;0;0;328056,522485667024739;5678389,383106370456517;6,537192935000060;51,230945039000098
51563;5221010301204993467;5;9;13;0;2022;10;12;2;3;0;5;0;0;1;1;0;0;0;0;383909,506005351024214;5706894,705772209912539;7,327434269000040;51,501252210000096
51576;5221009601300190175;5;3;15;0;2022;10;13;1;3;0;1;0;0;1;0;0;0;0;0;351198,742999779002275;5645042,486999300308526;6,882137583000030;50,937787716999999
51578;5221006404302596912;5;7;66;48;2022;10;16;5;3;0;3;0;0;1;1;0;0;0;0;479127,730000000970904;5760791,724999669939280;8,695980847000040;51,997391518000001
51579;5221003705000372427;5;5;54;20;2022;10;14;2;3;0;7;0;0;1;0;0;0;0;0;366300,652841766015626;5784007,954107100144029;7,044066394000030;52,190303798000102
51590;5221013405108668069;5;7;54;8;2022;10;17;5;3;5;3;1;1;1;1;0;0;0;0;457598,031000000017229;5749128,837999669834971;8,383838903000029;51,891309321000101
51591;5221007701110285655;5;5;62;32;2022;10;20;6;3;0;1;2;0;1;0;0;0;0;0;374692,023654519987758;5722036,228571820072830;7,189303194000050;51,635362927000102
51596;5221004404102087058;5;7;66;40;2022;10;11;3;3;0;3;0;0;1;1;0;0;0;0;485921,283000000985339;5759224,609999669715762;8,794997178000070;51,983515544000099
51598;5221005702100473308;5;5;15;0;2022;10;15;4;2;0;1;0;0;1;0;0;0;0;0;408580,170999981986824;5761509,455999660305679;7,668399344000020;51,996710049999997
51610;5221013601100496833;5;3;15;0;2022;10;7;5;3;4;6;0;0;1;0;0;0;0;0;356837,788914538978133;5643996,822900660336018;6,962752583000050;50,929817984000103
51613;5221010711141291829;5;5;70;44;2022;10;16;2;3;5;2;0;0;1;1;0;0;0;0;416487,510999988997355;5759289,431999670341611;7,784087116000020;51,977999952000097
51616;5221005500100600325;5;1;11;0;2022;10;7;4;3;5;7;1;0;1;1;0;0;0;0;346683,549078830983490;5676218,485933969728649;6,804700085000040;51,216746733999997
51618;5221012300500077753;5;9;11;0;2022;10;15;4;2;0;1;0;0;1;0;0;0;0;0;375385,131633786018938;5703081,527765479870141;7,206028128000070;51,465166793000002
51619;5221009501311873956;5;1;12;0;2022;10;13;1;3;0;1;0;0;1;0;0;0;0;0;345299,442046619020402;5698899,209335169754922;6,775055556000040;51,420165437999998
51623;5221010601400199190;5;3;15;0;2022;10;17;2;3;5;3;0;0;1;1;0;0;0;0;351221,825999781023711;5651956,506999299861491;6,879637736000060;50,999925774000097
51626;5221006609108165737;5;3;58;8;2022;10;14;5;3;5;2;0;0;1;1;0;0;0;0;320306,426999452000018;5633898,140998169779778;6,448357745000070;50,828872695000001
51627;5221005601600090270;5;3;15;0;2022;10;20;4;2;6;6;2;0;1;0;1;0;0;0;359447,459990301984362;5644789,504044840112329;6,999558969000020;50,937583706000098
51628;5221011516300786807;5;1;58;28;2022;10;16;3;3;5;3;0;0;1;1;0;0;0;0;349338,256999769015238;5685776,559999260120094;6,838657244000050;51,303339426999997
51630;5221013301101364050;5;9;13;0;2022;10;10;5;3;5;3;0;0;1;1;0;0;0;0;394940,586125637986697;5708027,069021370261908;7,485963607000030;51,513588747000000
51635;5221011607400690911;5;3;82;68;2022;10;5;3;2;3;2;2;0;1;1;0;0;0;0;367248,666999875975307;5632668,054999480023980;7,114927841000050;50,830487345999998
51640;5221010515110993473;5;1;54;36;2022;10;7;2;2;5;3;0;0;1;1;0;0;0;0;301692,012999223021325;5744109,211995850317180;6,123054336000050;51,812592074000101
51644;5221014400100489425;5;7;11;0;2022;10;8;6;3;5;3;0;1;1;1;0;0;0;0;470161,211629019002430;5765393,569623899646103;8,564979589000069;52,038355725000002
51645;5221006601300886493;5;3;15;0;2022;10;17;5;2;5;2;0;0;1;1;0;0;0;0;354141,982999800995458;5644821,856999339535832;6,924086827000050;50,936556950000103
51646;5221005518310895899;5;1;70;32;2022;10;12;4;3;5;3;0;0;1;0;0;0;1;0;331522,689999611000530;5713889,864998670294881;6,569945791000070;51,550910035000101
51648;5221012410270495672;5;7;70;16;2022;10;6;4;2;0;7;1;0;1;0;0;0;0;1;478839,239000000001397;5790270,927999679930508;8,689944582000070;52,262417153999998
51653;5221002300600371463;5;9;16;0;2022;10;17;1;3;1;5;0;0;1;1;0;0;0;0;374581,322017935977783;5711758,717319699935615;7,191377012000030;51,542973261000000
51656;5221004503100495500;5;1;24;0;2022;10;21;3;2;0;2;2;0;1;1;0;0;0;0;370412,173296885972377;5678926,008900210261345;7,143276235000030;51,246959424000103
51666;5221009701400479131;5;5;12;0;2022;10;17;1;3;5;2;0;0;1;1;0;0;0;0;357764,235999827971682;5719536,560999399982393;6,945871316000020;51,608876302000098
51669;5221013602900274806;5;3;62;40;2022;10;16;5;3;0;1;0;1;1;0;0;0;0;0;357304,680601704982109;5633313,199763789772987;6,973562881000020;50,833919507000097
51672;5221011300000285659;5;9;16;0;2022;10;14;3;3;5;4;0;0;1;0;1;0;0;0;372201,617383014003281;5712011,669064369983971;7,156987108000070;51,544712694000097
51673;5221007313121587421;5;9;58;32;2022;10;13;6;3;0;6;0;0;1;0;0;0;1;0;449793,361271396977827;5693983,388142869807780;8,278349227000041;51,394859960000097
51679;5221012705000993439;5;5;54;20;2022;10;13;4;3;5;2;0;0;1;1;0;0;0;0;366340,324999874981586;5785820,047999509610236;7,043931473000040;52,206595825000100
51680;5221009500200576325;5;1;11;0;2022;10;13;1;2;0;1;0;0;1;0;0;0;0;0;348618,675290543003939;5678890,272065360099077;6,831258583000020;51,241270929999999
51681;5221003506100079029;5;1;16;0;2022;10;15;2;3;5;2;0;0;1;1;0;0;0;0;323550,822805876028724;5677776,658769729547203;6,473024328000060;51,224065531000100
51682;5221010515210082161;5;1;54;28;2022;10;19;2;1;5;3;2;1;1;1;0;0;0;0;316573,505999421991874;5705117,282997730188072;6,359123879000040;51,467452467000001
51683;5221004405244887132;5;7;54;44;2022;10;16;3;3;0;1;0;0;1;0;0;0;0;0;466321,345000001019798;5748018,386999660171568;8,510703880000049;51,881920874999999
51684;5221014301302993403;5;9;13;0;2022;10;20;6;3;0;7;2;1;1;1;0;0;0;0;393893,033589445985854;5709251,043191430158913;7,470504284000070;51,524394651000101
51686;5221005600110493628;5;3;14;0;2022;10;16;4;3;0;4;0;0;1;0;1;0;0;0;366261,692026613978669;5622352,489509490318596;7,104674300000060;50,737544881000098
51687;5221011405108782150;5;7;54;8;2022;10;14;3;3;5;3;0;0;1;1;0;0;0;0;458230,720059612009209;5750770,358063139952719;8,392833304000019;51,906115360999998
51689;5221007607100693619;5;3;82;28;2022;10;10;6;3;0;1;0;0;1;0;0;0;0;0;376671,250481792027131;5636320,090283920057118;7,247429501000060;50,865398139000000
51691;5221009301102887145;5;9;13;0;2022;10;10;1;3;5;3;0;0;1;1;0;0;0;0;394607,951999961980619;5702899,546999620273709;7,482702767000030;51,467437631000102
51692;5221002601300099163;5;3;15;0;2022;10;17;1;3;0;2;0;0;1;1;0;0;0;0;348795,381826500000898;5642992,479182209819555;6,848806783000040;50,918740647000000
51695;5221006514110596100;5;1;66;32;2022;10;15;5;3;5;3;0;0;1;1;0;0;0;0;318671,442810602020472;5680901,808472150005400;6,401639439000060;51,250609462000099
51697;5221010709300287315;5;5;66;84;2022;10;14;2;3;5;2;0;0;1;1;0;0;0;0;389746,506999952020124;5776166,401999640278518;7,389447335000060;52,125016878000103
51699;5221004602600769648;5;3;62;20;2022;10;7;3;3;5;3;0;0;1;1;0;0;0;0;345649,862999734992627;5632150,588999190367758;6,808664927000050;50,820481508999997
51707;5221014702100076689;5;5;15;0;2022;10;16;6;3;5;2;0;1;1;1;0;0;0;0;405610,652999977988657;5752104,896999659948051;7,627742646000060;51,911680873000101
51714;5221004609108865737;5;3;58;8;2022;10;7;3;3;4;2;0;0;1;1;0;0;0;0;323260,400999491976108;5626813,247998359613121;6,493669802000060;50,766130014000098
51722;5221003515210085907;5;1;54;12;2022;10;16;2;3;0;3;0;0;1;1;0;0;0;0;315127,082688034977764;5711063,145165179856122;6,335208873000060;51,520387680000098
51725;5221004516900895657;5;1;58;26;2022;10;7;3;3;0;6;0;0;1;1;0;0;0;0;352210,677999788022134;5664435,915999310091138;6,888624357000030;51,112324528999999
51726;5221005501128782187;5;1;12;0;2022;10;16;4;3;5;3;0;0;1;1;0;0;0;0;343045,893999720981810;5702821,025999099947512;6,740932891000060;51,454782855000097
51728;5221005601300799189;5;3;15;0;2022;10;14;4;3;5;3;0;0;1;0;0;0;0;1;350180,910609277023468;5645072,393345629796386;6,867649345000070;50,937792930999997
51731;5221013301202777867;5;9;13;0;2022;10;14;5;3;5;3;0;0;1;1;0;0;0;0;393818,036544492002577;5708684,522737120278180;7,469594375000040;51,519288394999997
51732;5221007702100074754;5;5;15;0;2022;10;16;6;3;6;6;0;0;1;0;1;0;0;0;406159,737314098980278;5756693,413401289843023;7,634471389000050;51,953017576000001
51737;5221013609248294795;5;3;58;48;2022;10;10;5;3;0;3;0;0;1;1;0;0;0;0;321848,152633600984700;5639526,953966709785163;6,467488410000040;50,879918101999998
51745;5221009706000395562;5;5;58;32;2022;10;16;1;3;9;1;0;0;1;0;0;0;0;0;392387,088840541022364;5755261,739432070404291;7,434580742000040;51,937655844000098
51746;5221013602100073704;5;3;62;8;2022;10;18;5;3;5;3;0;1;1;1;0;0;0;0;332409,985846382973250;5647977,364988990128040;6,613603866000060;50,959003271000000
51748;5221004300100495496;5;9;11;0;2022;10;6;3;3;2;2;2;0;1;0;0;1;0;0;376527,989981890015770;5706867,460021140053868;7,221148609000070;51,499443053999997
51754;5221009501319072156;5;1;12;0;2022;10;16;1;3;3;2;0;0;1;1;0;0;0;0;345872,138219692977145;5696469,856051140464842;6,784341346000080;51,398493369000100
51757;5221012301306294378;5;9;13;0;2022;10;14;4;3;5;2;0;0;1;0;0;1;0;0;401693,423999973980244;5712724,822999630123377;7,581935425000040;51,557031940999998
51758;5221009513130981521;5;1;62;22;2022;10;17;1;3;1;7;0;0;1;0;0;0;0;1;336164,447426658996847;5684000,650654359720647;6,650648823000040;51,283744900000002
51762;5221010606700090208;5;3;78;32;2022;10;9;2;3;5;3;0;0;1;1;0;0;0;0;373150,405999901995528;5661599,789999529719353;7,188600758000060;51,091851724999998
51764;5221004515212095514;5;1;54;32;2022;10;17;3;3;5;3;0;0;1;1;0;0;0;0;308757,641868999984581;5719510,056891690008342;6,238917931000060;51,594130892000102
51770;5221012317210289242;5;9;78;20;2022;10;19;4;3;0;1;2;1;1;0;0;0;0;0;405027,353972907993011;5713152,040069079957902;7,629896633000040;51,561443425999997
51777;5221006404302196909;5;7;66;48;2022;10;16;5;3;4;2;0;0;1;1;0;0;0;0;478493,492000000027474;5760225,098999669775367;8,686778427000039;51,992272874000001
51779;5221010600380299986;5;3;14;0;2022;10;9;2;3;5;3;0;0;1;1;0;0;0;0;368312,570422952005174;5618497,173466140404344;7,135098861000070;50,703361350000101
51785;5221011502405986876;5;1;17;0;2022;10;12;3;3;0;1;0;0;1;0;0;0;0;0;357108,174999822978862;5700343,492999389767647;6,944187008000030;51,436243627000103
51786;5221012405152287424;5;7;54;52;2022;10;6;4;3;7;3;2;1;1;1;0;0;0;0;460630,513000001024920;5770665,559999669902027;8,425430072000040;52,085158237000002
51787;5221012702100139947;5;5;15;0;2022;10;16;4;3;5;3;0;0;1;1;0;0;0;0;405520,557999978016596;5755518,681999660097063;7,625496054000050;51,942350346000097
51789;5221009313130179575;5;9;58;44;2022;10;15;1;3;5;3;0;0;1;1;0;0;0;0;430582,883774837013334;5686565,919782100245357;8,003711915000050;51,326147263000102
51796;5221012516300295754;5;1;58;28;2022;10;17;4;3;5;2;0;0;1;1;0;0;0;0;349622,051999772025738;5684707,434999260120094;6,843175818000020;51,293807674999996
51797;5221007600130195321;5;3;82;8;2022;10;18;6;3;4;2;0;0;1;1;0;0;0;0;374124,471112542029005;5611388,956964470446110;7,219780026000020;50,640755310000003
51799;5221009301102060925;5;9;13;0;2022;10;20;1;2;4;2;2;0;1;1;0;0;0;0;396219,952862109988928;5704362,190652550198138;7,505472053000060;51,480882843000103
51805;5221004303100075348;5;9;15;0;2022;10;19;3;3;2;6;1;0;1;1;0;0;0;0;418241,050999988976400;5726153,969999649561942;7,817439593000070;51,680396424000001
51809;5221008405112196839;5;7;54;36;2022;10;17;7;2;5;3;1;0;1;0;0;0;0;0;473137,850000001024455;5751352,970999670214951;8,609473982000051;51,912271911000097
51811;5221009506100491315;5;1;16;0;2022;10;15;1;3;5;3;0;0;1;1;0;0;0;0;323588,005999504995998;5671114,010998309589922;6,476829482000030;51,164223381000099
51812;5221014518100473368;5;1;70;48;2022;10;9;6;3;0;7;0;1;1;0;0;0;0;0;334852,532999645976815;5724578,488998809829354;6,612897042000040;51,647918685999997
51819;5221007310110080578;5;9;54;32;2022;10;6;6;3;5;3;2;0;1;1;0;0;0;0;387226,975999945017975;5693636,345999600365758;7,379433782000040;51,382754996000102
51822;5221014411224993415;5;7;74;24;2022;10;5;6;3;5;3;2;1;1;1;0;0;0;0;476162,293999999994412;5741516,506999660283327;8,654121926000069;51,823969962000000
51823;5221006702100879352;5;5;15;0;2022;10;23;5;3;0;1;2;0;1;0;0;0;0;0;406863,482652457023505;5756817,492896090261638;7,644675290000070;51,954251167000102
51824;5221005600120595302;5;3;82;24;2022;10;14;4;2;8;1;0;0;1;0;0;0;0;0;372290,884999895002693;5617957,347999519668519;7,191594340000050;50,699396560000103
51828;5221007518301978902;5;1;70;4;2022;10;14;6;3;0;1;0;0;1;0;0;0;0;0;324626,968825126008596;5716971,487805089913309;6,469049458000030;51,576490882000002
51829;5221005310140086899;5;9;54;28;2022;10;15;4;3;5;3;0;0;1;1;0;0;0;0;378660,701999919023365;5689604,782999569550157;7,257769883000040;51,344753615999998
51830;5221008505100086009;5;1;14;0;2022;10;16;7;3;5;2;0;0;1;1;0;0;0;0;338163,067433522024658;5688558,937205710448325;6,677215504000060;51,325270779999997
51831;5221002406210690662;5;7;58;4;2022;10;1;1;3;0;1;2;1;1;0;0;0;0;0;465093,858200228016358;5783914,270754849538207;8,489205466000040;52,204568653000102
51834;5221013701610047422;5;5;62;12;2022;10;12;5;3;5;3;0;0;1;1;0;0;0;0;360047,204999841982499;5726280,641999430023134;6,976122030000060;51,670050050999997
51835;5221006600140090864;5;3;14;0;2022;10;14;5;3;4;6;0;0;1;0;0;0;0;0;368906,731999881973024;5623906,304999490268528;7,141585341000050;50,752113924000099
51837;5221011400200187040;5;7;11;0;2022;10;19;3;3;0;3;2;0;1;1;0;0;0;0;467506,693279195984360;5763331,691181490197778;8,526476517000050;52,019668965999998
51845;5221012316100480652;5;9;74;40;2022;10;18;4;3;5;2;0;0;1;1;0;0;0;0;439589,239999998011626;5713288,748999649658799;8,128393226000069;51,567434222000003
51848;5221029702100261999;5;5;15;0;2022;10;14;7;3;0;6;0;0;1;0;0;0;0;0;406224,556475971010514;5757694,403343490324914;7,635141089000060;51,962025879000102
51849;5221025606400276806;5;3;78;28;2022;10;19;3;3;5;3;2;0;1;1;0;0;0;0;372161,822999896015972;5640176,155999519862235;7,182033173000040;50,899077499000001
51859;5221026513110535767;5;1;62;16;2022;10;10;4;3;0;7;0;0;1;0;1;0;0;0;332576,306725203990936;5677530,296694589778781;6,602271103000020;51,224570585999999
51868;5221020700000993308;5;5;13;0;2022;10;14;5;3;0;1;0;1;1;0;0;0;0;0;368899,499916641972959;5708607,951794779859483;7,110660927000030;51,513366777999998
51872;5221017501316756582;5;1;12;0;2022;10;19;2;3;0;1;2;0;1;0;0;0;0;0;345458,524964076001197;5698878,570745949633420;6,777350676000030;51,420023389999997
51875;5221019701610878460;5;5;62;12;2022;10;12;4;3;5;3;0;0;1;1;0;0;0;0;359098,416999835986644;5726741,432999419979751;6,962224917000070;51,673953474000001
51880;5221024300600993687;5;9;16;0;2022;10;18;2;3;5;2;1;1;1;1;0;0;0;0;377151,289999916974921;5710954,492999570444226;7,228699140000060;51,536310675999999
51882;5221026702100074714;5;5;15;0;2022;10;7;4;3;5;2;1;0;1;1;0;0;0;0;399375,299999970011413;5756988,795999649912119;7,535693950000050;51,954486393000103
51887;5221017315110071434;5;9;70;40;2022;10;22;2;2;9;7;2;1;1;0;0;0;0;0;432362,065587292017881;5639756,808973570354283;8,038022793000041;50,905499036000002
51888;5221025702100491835;5;5;15;0;2022;10;9;3;3;0;1;0;1;1;0;0;0;0;0;405378,858678590971977;5759119,340319200418890;7,622443458000020;51,974690505000098
51890;5221016609108989916;5;3;58;8;2022;10;13;1;3;8;1;0;0;1;0;0;0;0;0;321460,946788894012570;5629576,689620830118656;6,466836638000070;50,790406011000101
51891;5221018601500544884;5;3;15;0;2022;10;8;3;3;4;6;0;0;1;0;0;0;0;0;357682,374220266006887;5643841,591632849536836;6,974823874000040;50,928631924000101
51893;5221017701200094948;5;5;62;20;2022;10;7;2;3;1;1;1;1;1;1;0;0;0;0;370433,376199415011797;5719138,162891330197453;7,128872495000050;51,608354000000098
51903;5221025516800786640;5;1;58;20;2022;10;14;3;3;0;7;0;0;1;0;0;0;0;0;356651,012999818020035;5662595,164999379776418;6,952747783000060;51,096910329000103
51910;5221018404101976171;5;7;66;20;2022;10;7;3;3;5;3;2;1;1;1;0;0;0;0;489633,338035664986819;5752353,023326099850237;8,849256175000050;51,921814785000002
51911;5221021701500581160;5;5;62;24;2022;10;13;6;2;0;1;0;1;1;0;0;0;0;0;370551,503800482023507;5726035,800761059857905;7,128026063000050;51,670368283000101
51923;5221015705000695049;5;5;54;32;2022;10;16;7;2;0;1;0;0;1;0;0;0;0;0;327863,187999577028677;5746415,904998440295458;6,501165653000040;51,841984461999999
51924;5221020600380993246;5;3;14;0;2022;10;12;5;3;5;2;0;0;1;1;0;0;0;0;369041,769949104986154;5617338,614149609580636;7,145830466000060;50,693112618999997
51931;5221024702100491748;5;5;15;0;2022;10;13;2;3;4;2;0;0;1;1;0;0;0;0;407069,436999979021493;5757446,472999660298228;7,647501301000030;51,959939218999999
51932;5221018705000986931;5;5;54;8;2022;10;12;3;3;5;3;0;0;1;1;0;0;0;0;331614,938487762003206;5746032,288336910307407;6,555760801000080;51,839682295000003
51936;5221015603116578437;5;3;66;16;2022;10;19;7;2;8;6;2;1;1;0;0;0;0;0;347297,646328863978852;5609316,182134379632771;6,841491586000070;50,615716503000002
51944;5221020518120644445;5;1;70;44;2022;10;7;5;3;4;6;1;0;1;0;0;0;0;0;339109,575913348991890;5717396,982938179746270;6,677671667000030;51,584633166000103
51949;5221028605152580530;5;3;74;52;2022;10;17;6;3;0;1;0;0;1;0;0;0;0;0;390920,151999955007341;5661961,017999599687755;7,442133155000020;51,098754241000101
51953;5221024702100579126;5;5;15;0;2022;10;13;2;3;5;2;0;0;1;1;0;0;0;0;406092,273229756974615;5758943,707922830246389;7,632874661000070;51,973232859000099
51955;5221022506100993313;5;1;16;0;2022;10;8;7;3;0;5;0;0;1;1;0;0;0;0;321006,144144673016854;5669522,255956349894404;6,440732777000050;51,149122247000001
51959;5221026608200875525;5;3;34;2;2022;10;7;4;3;5;2;2;1;1;1;0;0;0;0;299413,517222493013833;5626222,577685199677944;6,156239019000050;50,753072166000003
51963;5221028601200993240;5;3;15;0;2022;10;16;6;3;0;1;0;0;1;0;0;0;0;0;353041,885999792022631;5643875,277999330312014;6,908822547000060;50,927771126000003
51964;5221025702000974771;5;5;15;0;2022;10;7;3;3;0;7;1;1;1;0;0;0;0;0;405455,252999979013111;5759121,153999660164118;7,623554810000030;51,974719809000099
51967;5221018601500278508;5;3;15;0;2022;10;10;3;3;5;3;0;1;1;1;0;0;0;0;364650,540068584028631;5647660,733869830146432;7,072499747000050;50,964633577000001
51969;5221017610221685830;5;3;70;20;2022;10;14;2;3;8;1;0;0;1;1;0;0;0;0;303173,422263833985198;5660908,867534790188074;6,190770582000030;51,065907696000103
51972;5221017503100993382;5;1;24;0;2022;10;5;2;3;0;7;2;0;1;0;0;0;0;0;370816,527984915999696;5675623,834396099671721;7,150257250000040;51,217373032000097
51974;5221026518120196014;5;1;70;44;2022;10;15;4;3;5;3;0;0;1;1;0;0;0;0;338734,688999683014117;5719838,386998959816992;6,671143184000070;51,606459960999999
51977;5221029600110093618;5;3;14;0;2022;10;22;7;3;5;3;2;0;1;1;0;0;0;0;364030,656694852979854;5621365,412463320419192;7,073439291000060;50,728155151000102
51981;5221027607400878252;5;3;82;68;2022;10;10;5;3;5;3;0;0;1;0;0;0;0;0;370392,088999887986574;5630292,491999509744346;7,160379028000020;50,809847849999997
51982;5221021405108596803;5;7;54;8;2022;10;13;6;3;5;2;0;1;1;1;0;0;0;0;456813,435450638993643;5752000,837714590132236;8,372078405000019;51,917069979000097
51983;5221018303100572318;5;9;15;0;2022;10;13;3;2;0;1;0;0;1;0;0;0;0;0;416541,580231821979396;5731443,135932859964669;7,791598119000070;51,727692933000100
51986;5221028503100993236;5;1;24;0;2022;10;19;6;3;0;6;1;0;1;1;0;0;0;0;368020,694463832012843;5681611,067706369794905;7,108040539000060;51,270542204999998
51987;5221021702100768281;5;5;15;0;2022;10;1;6;3;0;1;2;1;1;0;0;0;0;0;405164,524999979010317;5756897,740999660454690;7,619937553000060;51,954685343000101
51988;5221029300100477942;5;9;11;0;2022;10;12;7;3;0;7;0;0;1;0;0;0;0;0;375967,661071264010388;5703832,162275680340827;7,214146477000040;51,472041017999999
51990;5221014706100896570;5;5;58;16;2022;10;14;6;3;3;2;0;0;1;1;0;0;0;0;381433,172740907000843;5743457,950420109555125;7,279367055000020;51,829348298000099
51995;5221025406110570296;5;7;58;12;2022;10;17;3;2;0;1;0;1;1;0;0;0;0;0;475886,844453645986505;5774077,744444729760289;8,647837968000029;52,116710863000002
52006;5221026316000076074;5;9;74;40;2022;10;16;4;3;0;1;0;0;1;0;0;0;0;0;434254,695413845009170;5711694,116829260252416;8,051735509000030;51,552501040999999
52014;5221024300600090514;5;9;16;0;2022;10;16;2;3;0;5;0;1;1;0;0;0;0;1;377342,249771096976474;5711007,501189259812236;7,231432622000060;51,536828606000000
52018;5221024700000095153;5;5;13;0;2022;10;7;2;3;0;7;1;1;1;0;0;0;0;0;366668,202999875007663;5715110,492999499663711;7,076060658000070;51,571280320000000
52019;5221020503200068971;5;1;24;0;2022;10;15;5;3;3;6;0;1;1;1;0;0;0;0;373164,604258548002690;5680953,863476210273802;7,181972402000040;51,265803656999999
52020;5221028300600096531;5;9;16;0;2022;10;14;6;3;5;3;0;0;1;1;0;0;0;0;377295,701207668986171;5713294,400336000137031;7,229964211000040;51,557371681000099
52025;5221019516300591166;5;1;58;28;2022;10;12;4;2;0;1;0;0;1;0;0;0;0;0;349193,794057885999791;5686252,033045180141926;6,836385436000060;51,307573589000100
52026;5221020400100993333;5;7;11;0;2022;10;14;5;3;5;2;0;0;1;1;0;0;0;0;469952,933000001008622;5767290,439999680034816;8,561776405000050;52,055398524000097
52028;5221016607200586276;5;3;82;20;2022;10;17;1;3;1;1;0;0;1;1;0;0;0;0;378825,959424615022726;5626354,042349860072136;7,281326755000070;50,776271778000101
52032;5221023601500078386;5;3;15;0;2022;10;3;1;2;2;6;2;0;1;0;0;0;0;0;357872,459021118003875;5643551,876182110048831;6,977639916000040;50,926075116000000
52035;5221026518400689287;5;1;70;8;2022;10;15;4;3;5;2;0;0;1;1;0;0;0;0;341679,451226932986174;5715880,039893279783428;6,715417602000060;51,571732063000098
52038;5221025508000075287;5;1;19;0;2022;10;8;3;3;5;3;0;1;1;1;0;0;0;0;350670,413999781012535;5705245,048999279737473;6,849564675000070;51,478626140000102
52042;5221020709110379617;5;5;66;8;2022;10;16;5;2;0;2;0;1;1;1;0;0;0;0;399297,390999968978576;5779422,374999660067260;7,527947181000060;52,156103436000102
52044;5221018400200868104;5;7;11;0;2022;10;15;3;2;3;6;0;0;1;0;0;0;0;0;469402,073326179990545;5764167,683684860356152;8,554022122000051;52,027292854999999
52048;5221016602250999604;5;3;62;16;2022;10;13;1;3;1;5;0;0;1;1;0;0;0;0;324304,444950492994394;5648036,860138519667089;6,498271335000030;50,957123620000097
52049;5221018506100496083;5;1;16;0;2022;10;17;3;3;5;2;0;1;1;1;0;0;0;0;321517,509999478003010;5671672,731998180039227;6,446969826000040;51,168600347000101
52050;5221022316200094361;5;9;74;48;2022;10;11;7;3;5;3;0;0;1;1;0;0;0;0;427644,279734432988334;5718959,495043840259314;7,954910209000050;51,617008423000101
52054;5221017514122085892;5;1;66;4;2022;10;10;2;3;5;3;0;1;1;1;0;0;0;0;303849,143999213003553;5683704,678996469825506;6,187969393000060;51,270878358000097
52055;5221015506100111597;5;1;16;0;2022;10;17;7;3;6;4;0;1;1;0;1;0;0;0;321679,613999478984624;5670210,097998189739883;6,450011104000050;51,155511576000002
52056;5221026601300787598;5;3;15;0;2022;10;12;4;2;0;6;0;0;1;0;0;0;0;1;354285,720844349008985;5644192,491798230446875;6,926382766000070;50,930937366000101
52062;5221027702100974053;5;5;15;0;2022;10;16;5;3;4;2;0;0;1;0;0;1;0;0;406162,774562760023400;5758189,709834580309689;7,634106815000050;51,966467495000103
52063;5221021317240648244;5;9;78;40;2022;10;12;6;3;5;3;0;1;1;1;0;0;0;0;405681,562208775023464;5725307,079836759716272;7,636059825000070;51,670814925999998
52064;5221016406110731773;5;7;58;12;2022;10;13;1;3;5;3;0;0;1;1;0;0;0;0;473396,707999999984168;5774146,090999679639935;8,611466141000051;52,117211123000097
52068;5221029301301367124;5;9;78;24;2022;10;10;7;3;5;3;0;0;1;1;0;0;0;0;397538,787999965017661;5720808,544999640434980;7,519665683000030;51,628953799000001
52073;5221019700000524635;5;5;13;0;2022;10;6;4;3;5;3;2;0;1;1;0;0;0;0;367129,205557885987218;5714955,763544250279665;7,082767289000060;51,569998662000003
52074;5221029406110582098;5;7;58;12;2022;10;18;7;3;4;3;2;0;1;1;0;0;0;0;474042,192000002018176;5770276,321999670006335;8,621187882000070;52,082450227999999
52081;5221029404102034050;5;7;66;40;2022;10;16;7;3;5;3;0;0;1;1;0;0;0;0;485020,746986107027624;5761022,353985300287604;8,781805859000031;51,999655339000100
52089;5221024608416671708;5;3;34;16;2022;10;14;2;2;5;2;0;0;1;1;0;0;0;0;294289,991541037976276;5634766,887740850448608;6,078918243000030;50,828017068000101