OBJECTID;UIDENTSTLAE;ULAND;UREGBEZ;UKREIS;UGEMEINDE;UJAHR;UMONAT;USTUNDE;UWOCHENTAG;UKATEGORIE;UART;UTYP1;ULICHTVERH;IstStrassenzustand;IstRad;IstPKW;IstFuss;IstKrad;IstGkfz;IstSonstige;LINREFX;LINREFY;XGCSWGS84;YGCSWGS84
52101;5221021505200585886;5;1;14;0;2022;10;12;6;2;4;2;0;1;1;1;0;0;0;0;328264,457999568025116;5689246,843998540192842;6,534950064000040;51,328548423000001
52102;5221028602100989770;5;3;62;8;2022;10;21;6;3;0;1;2;0;1;0;0;0;0;0;342500,701999709999654;5648312,178999110125005;6,757024072000040;50,964858243999998
52103;5221029701110651833;5;5;62;32;2022;10;1;7;2;6;6;2;0;1;0;1;0;0;0;373418,703907057992183;5720004,877911459654570;7,171647979000060;51,616822193000097
52105;5221019502104260527;5;1;13;0;2022;10;21;4;3;5;3;2;0;1;1;0;0;0;0;360905,471999845001847;5702330,823999440297484;6,998002064000050;51,455047456999999
52109;5221018501112591395;5;1;12;0;2022;10;5;3;3;0;1;1;1;1;0;0;0;0;0;343728,168906253005844;5707626,673080979846418;6,748619133000030;51,498149466000001
52112;5221017601400366000;5;3;15;0;2022;10;11;2;3;5;3;0;0;1;1;0;0;0;0;356136,818673915986437;5648880,223504150286317;6,950854669000020;50,973529845000002
52119;5221022711412902810;5;5;70;28;2022;10;19;7;2;1;5;2;0;1;1;0;0;0;0;440560,454508466995321;5741969,116210480220616;8,137516287000039;51,825385742999998
52120;5221027602700586775;5;3;62;28;2022;10;7;5;3;5;3;1;0;1;1;0;0;0;0;350755,618047513009515;5639400,687376069836318;6,878142811000030;50,886973415000099
52125;5221021608100269684;5;3;34;2;2022;10;12;6;3;0;1;0;0;1;0;0;0;0;0;292244,106998949020635;5630256,341994999907911;6,052459915000040;50,786777938999997
52131;5221025501320078920;5;1;12;0;2022;10;14;3;2;0;6;0;0;1;0;0;0;0;0;338490,789805527019780;5692180,983848149888217;6,680272022000050;51,357906573999998
52132;5221018706000596570;5;5;58;16;2022;10;13;3;3;3;2;0;0;1;0;0;0;1;0;384781,319435985991731;5743160,155517820268869;7,328031582000050;51,827372505000000
52136;5221015701110595043;5;5;62;32;2022;10;19;7;3;6;6;2;1;1;0;1;0;0;0;373915,445594968972728;5719328,825707499869168;7,179062263000050;51,610857995000103
52138;5221020508000089724;5;1;19;0;2022;10;15;5;3;0;1;0;1;1;0;0;0;0;0;349808,747999774001073;5708358,979999260045588;6,835840616000040;51,506377704000002
52139;5221028300600389995;5;9;16;0;2022;10;21;6;3;5;2;2;0;1;0;0;0;0;1;376980,834999916027300;5710906,656999570317566;7,226259407000040;51,535843636000003
52144;5221019601300186585;5;3;15;0;2022;10;15;4;2;2;5;0;0;1;1;0;0;0;0;353862,626726021000650;5646174,769813669845462;6,919570942000060;50,948644389999998
52154;5221018709110896499;5;5;66;8;2022;10;18;3;3;4;6;2;0;1;0;0;0;0;0;400648,456425448006485;5782652,228430289775133;7,546744161000050;52,185377494000100
52161;5221020601600690259;5;3;15;0;2022;10;12;5;3;3;2;0;1;1;0;0;0;0;1;362671,819999850995373;5637154,481999450363219;7,048293557000020;50,869741456000000
52163;5221021609108089814;5;3;58;8;2022;10;15;6;3;1;3;0;0;1;1;0;0;0;0;323101,740834778989665;5632053,844342400319874;6,488899451000070;50,813164178000100
52167;5221019606100596620;5;3;78;4;2022;10;15;4;3;0;1;0;0;1;0;0;0;0;0;370920,187281904974952;5647052,796911059878767;7,161950612000060;50,960608413000003
52169;5221016607500064428;5;3;82;56;2022;10;16;1;3;0;1;0;0;1;0;0;0;0;0;369625,591999885975383;5627036,123999499715865;7,150661383000060;50,780407197000002
52170;5221024701110498974;5;5;62;32;2022;10;8;2;3;5;3;0;1;1;1;0;0;0;0;375358,624999910010956;5718694,903999559581280;7,200119173000080;51,605482213000101
52171;5221018516300695483;5;1;58;28;2022;10;11;3;3;0;1;0;1;1;0;0;0;0;0;349775,583953273016959;5684498,413703160360456;6,845464154000070;51,291969999999999
52172;5221022315240171473;5;9;70;24;2022;10;16;7;3;5;2;0;0;1;1;0;0;0;0;429988,606812692014500;5643149,553718109615147;8,003620401000029;50,935721112000103
52175;5221023505200091512;5;1;14;0;2022;10;14;1;3;0;1;0;1;1;0;0;0;0;0;333918,858999632007908;5694007,666998789645731;6,613813273000060;51,372999708000101
52176;5221017608100794789;5;3;34;2;2022;10;16;2;3;5;2;0;0;1;1;0;0;0;0;294677,945684554986656;5628104,619372789748013;6,088143437000040;50,768319776000098
52177;5221015508000995901;5;1;19;0;2022;10;17;7;3;5;3;1;1;1;1;0;0;0;0;353354,435999799985439;5707622,348999329842627;6,887200132000030;51,500689829000102
52178;5221026518400993274;5;1;70;8;2022;10;13;4;3;5;3;0;0;1;1;0;0;0;0;344054,803543228015769;5715618,656367500312626;6,749781526000050;51,570045601000103
52180;5221021513110176837;5;1;62;16;2022;10;7;6;3;5;2;0;1;1;0;0;1;0;0;333079,073308105987962;5677437,359978009946644;6,609507932000040;51,223882846000002
52184;5221019506100096111;5;1;16;0;2022;10;9;4;3;5;3;0;0;1;1;0;0;0;0;321272,840971547004301;5670607,020597210153937;6,444003290000070;51,158950357000002
52187;5221016515210095957;5;1;54;12;2022;10;15;1;3;0;7;0;0;1;0;0;0;0;0;313643,080999381025322;5707452,968997470103204;6,315750555000020;51,487474059000100
52195;5221029515212544821;5;1;54;16;2022;10;11;7;3;5;3;0;0;1;1;0;0;0;0;304409,674195766972844;5727597,836478300392628;6,171708178000070;51,665271359000002
52208;5221019701400385418;5;5;12;0;2022;10;18;4;3;5;2;0;0;1;1;0;0;0;0;356677,616999819991179;5711907,811999379657209;6,933302094000060;51,540050737000101
52212;5221027503400580999;5;1;22;0;2022;10;17;5;3;5;3;0;0;1;1;0;0;0;0;364373,103002144023776;5672613,133894310332835;7,059188877000050;51,188821602000097
52213;5221024410110590652;5;7;70;24;2022;10;17;2;3;0;7;0;0;1;1;0;0;0;0;493689,190724299987778;5794637,904211509972811;8,907449223000070;52,302049391000097
52219;5221028514217091631;5;1;66;36;2022;10;18;6;3;5;2;0;0;1;1;0;0;0;0;328639,078583389986306;5682301,933731839992106;6,543655883000040;51,266270020000000
52222;5221025702100079126;5;5;15;0;2022;10;14;3;3;5;3;0;0;1;1;0;0;0;0;404285,801994158013258;5758225,126952909864485;7,606784403000060;51,966465821000000
52223;5221019601200763927;5;3;15;0;2022;10;15;4;2;0;5;0;0;1;1;0;0;0;0;353288,969047466991469;5644022,352707809768617;6,912276793000050;50,929155725000001
52225;5221018508000091325;5;1;19;0;2022;10;18;3;3;5;3;1;0;1;1;0;0;0;0;351648,475622461992316;5704560,944541470147669;6,863926044000040;51,472736451999999
52229;5221023602800295392;5;3;62;12;2022;10;1;1;3;0;1;2;0;1;0;0;0;0;0;352009,814712263003457;5630572,725230529904366;6,899528407000050;50,807962018000097
52236;5221025503400081489;5;1;22;0;2022;10;14;3;2;0;1;0;1;1;0;0;0;0;0;363260,239499033021275;5668175,417137919925153;7,044961359000070;51,148674696000100
52239;5221027607100993266;5;3;82;60;2022;10;6;5;3;0;6;2;1;1;0;0;0;0;0;375926,711318005982321;5630378,298472800292075;7,238866499000040;50,811831073000100
52261;5221020500200001154;5;1;11;0;2022;10;17;5;3;5;2;0;0;1;1;0;0;0;0;347226,528127184021287;5681260,156118419952691;6,810318089000020;51,262194518000101
52264;5221016601200376826;5;3;15;0;2022;10;9;1;3;0;1;0;0;1;0;0;0;0;0;353135,296701845014468;5641435,447408529929817;6,911133061000040;50,905869026000097
52273;5221025313121796635;5;9;58;32;2022;10;7;3;3;5;3;1;1;1;1;0;0;0;0;453938,868999999016523;5689144,214999630115926;8,338557985000021;51,351701134999999
52275;5221023406230084944;5;7;58;20;2022;10;20;1;3;0;1;2;1;1;0;0;0;0;0;474485,837618050980382;5787901,647027409635484;8,626337273000050;52,240931688000003
52280;5221028500300096899;5;1;11;0;2022;10;11;6;3;5;3;0;0;1;1;0;0;0;0;344243,519999728014227;5674428,418999140150845;6,770567190000070;51,200001962000002
52281;5221021606100993355;5;3;78;4;2022;10;15;6;3;5;3;0;1;1;1;0;0;0;0;370989,219999892986380;5647203,324999510310590;7,162879701000070;50,961976810000102
52285;5221026405116887008;5;7;54;16;2022;10;18;4;3;4;6;2;0;1;0;0;0;0;0;446206,519027666014154;5757185,096338559873402;8,217059590000080;51,962753908000103
52286;5221019701800585634;5;5;62;4;2022;10;6;4;3;1;5;2;0;1;1;0;0;0;0;383301,277123678999487;5711476,913605660200119;7,317157622000020;51,542310993999997
52287;5221024705000220946;5;5;54;20;2022;10;12;2;2;5;2;0;0;1;1;0;0;0;0;366009,656987387978006;5783321,450396509841084;7,040083352000070;52,184064659000100
52295;5221028300100596606;5;9;11;0;2022;10;17;6;3;5;2;0;0;1;1;0;0;0;0;376706,341783216979820;5706423,215457229875028;7,223872015000040;51,495489378000102
52296;5221021503400095510;5;1;22;0;2022;10;14;6;3;5;3;0;1;1;1;0;0;0;0;359766,537243862985633;5669707,294734160415828;6,994445525000060;51,161595974000100
52298;5221029701500955784;5;5;62;24;2022;10;12;7;2;0;1;0;1;1;0;0;0;0;0;374269,455999906000216;5724698,387999559752643;7,182243532000030;51,659193394000098
52300;5221019601300172621;5;3;15;0;2022;10;11;4;3;5;3;0;0;1;1;0;0;0;0;354163,989999802026432;5647069,107999339699745;6,923499908000050;50,956757828000001
52310;5221024516900186640;5;1;58;26;2022;10;20;2;3;0;7;2;0;1;0;0;0;0;0;353363,178999794996344;5664746,366999329999089;6,904951394000020;51,115410380000100
52311;5221021404102234955;5;7;66;40;2022;10;13;6;3;7;1;0;0;1;0;0;0;0;0;483401,652519003022462;5754913,388366330415010;8,758517086000040;51,944684064000100
52315;5221020405220996999;5;7;54;20;2022;10;7;5;3;4;6;2;0;1;0;0;0;0;1;447566,631173453992233;5747978,864744589664042;8,238255731000040;51,880117233000099
52318;5221016514115486025;5;1;66;24;2022;10;13;1;3;9;1;0;1;1;0;0;0;0;0;307253,413546863012016;5680556,830565719865263;6,238407534000030;51,243766936999997
52325;5221026500650693884;5;1;62;24;2022;10;7;4;2;5;3;1;1;1;1;0;0;0;0;336058,251411441015080;5674300,664093310013413;6,653567747000070;51,196564164999998
52337;5221028404301339346;5;7;66;44;2022;10;7;6;3;0;2;1;0;1;1;0;0;0;0;494960,883122006023768;5763943,202863619662821;8,926554850000061;52,026095699000102
52338;5221021602700489822;5;3;62;28;2022;10;14;6;3;0;2;0;1;1;0;0;0;0;1;351741,389228405023459;5637632,851627830415964;6,892864606000050;50,871340410000101
52339;5221028709300112283;5;5;66;84;2022;10;18;6;3;5;3;1;0;1;1;0;0;0;0;386324,619113549008034;5778332,760027159936726;7,338759512000020;52,143792755000000
52340;5221017317110194328;5;9;78;36;2022;10;17;2;3;0;7;2;1;1;0;0;0;0;0;408614,113475862017367;5711251,381971620023251;7,682119147000040;51,544950522000100
52342;5221019606100094451;5;3;78;4;2022;10;12;4;3;5;3;0;0;1;1;0;0;0;0;367569,769999875978101;5646924,867999490350485;7,114315734000060;50,958698309000098
52345;5221022701110993292;5;5;62;32;2022;10;17;7;3;2;6;0;0;1;1;0;0;0;0;377705,138999918999616;5717441,494999569840729;7,234423480000030;51,594731951000000
52351;5221022709800700966;5;5;66;40;2022;10;14;7;2;0;3;0;0;1;1;0;0;0;0;423361,759771156997886;5781253,705726609565318;7,879217983000050;52,176430249000099
52360;5221026406120182038;5;7;58;16;2022;10;14;4;2;5;3;0;0;1;1;0;0;0;0;473961,741211291984655;5780546,602218070067465;8,619227596000030;52,174782049999997
52361;5221019702100792506;5;5;15;0;2022;10;18;4;3;5;2;0;0;1;1;0;0;0;0;406462,400999978999607;5761336,057999660260975;7,637609022000050;51,994798774000103
52362;5221024701500598869;5;5;62;24;2022;10;7;2;3;5;2;1;1;1;1;0;0;0;0;367663,218999879027251;5723838,558999509550631;7,087114832000050;51,649949950000099
52364;5221022600110690879;5;3;14;0;2022;10;11;7;3;0;1;0;1;1;0;0;0;0;0;365901,858999867981765;5623436,211999470368028;7,099183332000050;50,747202345000098
52366;5221024317240984932;5;9;78;40;2022;10;19;2;3;0;3;2;1;1;1;0;0;0;0;405011,430999976990279;5725186,251999639905989;7,626404896000050;51,669615909000100
52373;5221028601100799087;5;3;15;0;2022;10;18;6;3;3;6;1;0;1;0;0;0;0;0;355060,330108736001421;5645345,013977739959955;6,936939925000050;50,941489978000000
52375;5221025606100174256;5;3;78;4;2022;10;17;3;3;0;1;0;0;1;0;0;0;0;0;365692,518733694974799;5652426,005565599538386;7,085568167000080;51,007705326000099
52376;5221019518120876345;5;1;70;44;2022;10;17;4;3;0;7;0;0;1;1;0;0;0;0;337578,603841694013681;5722731,818798590451479;6,653121796000050;51,632122301999999
52386;5221015505200091470;5;1;14;0;2022;10;12;7;3;3;2;0;1;1;1;0;0;0;0;327060,286999554024078;5693547,205998470075428;6,515593629000020;51,366815897000002
52390;5221025516100586795;5;1;58;32;2022;10;16;3;3;1;1;0;0;1;1;0;0;0;0;364749,496000375016592;5689144,149837530218065;7,058319969000020;51,337474073000102
52391;5221019516800471936;5;1;58;20;2022;10;14;4;3;5;3;0;0;1;1;0;0;0;0;356141,159999814990442;5666828,341999369673431;6,943782825000030;51,134824213999998
52400;5221029301202080619;5;9;13;0;2022;10;21;7;3;0;1;2;0;1;0;0;0;0;0;394138,924314783012960;5710223,254403520375490;7,473755133000050;51,533179510000103
52402;5221015300100538683;5;9;11;0;2022;10;22;7;1;0;1;2;1;1;0;0;0;0;0;375821,678513602993917;5704851,881580020301044;7,211687227000030;51,481173603000101
52409;5221022513210086766;5;1;62;24;2022;10;22;7;2;0;1;2;0;1;0;0;0;0;0;338334,491295647982042;5671997,031394570134580;6,687154694000070;51,176514849000100
52414;5221020600110286289;5;3;14;0;2022;10;17;5;3;0;2;0;1;1;1;0;0;0;0;365094,478999864018988;5622316,406999469734728;7,088155667000020;50,736950611000097
52415;5221028400100993249;5;7;11;0;2022;10;8;6;3;0;2;0;0;1;0;1;0;0;0;469078,613776489975862;5766515,324594300240278;8,549095410000060;52,048381667999998
52420;5221019518210996133;5;1;70;28;2022;10;7;4;2;4;6;2;0;1;0;0;1;0;0;329388,005999584973324;5701245,221998590044677;6,545298422000030;51,436676020999997
52424;5221017711311891389;5;5;70;8;2022;10;18;2;3;5;3;2;1;1;1;0;0;0;0;433911,011999995971564;5734788,271999659948051;8,042413222000050;51,760082783000001
52429;5221026601500578214;5;3;15;0;2022;10;11;4;3;5;3;0;0;1;1;0;0;0;0;359953,643999837979209;5647760,424999419599771;7,005615882000030;50,964406900000000
52434;5221025702100391866;5;5;15;0;2022;10;7;3;3;0;1;1;1;1;0;0;0;0;0;408634,071659562003333;5753518,591353490017354;7,671309813000050;51,924892274999998
52436;5221020500200595611;5;1;11;0;2022;10;22;5;3;0;1;2;0;1;0;0;0;0;0;349948,410999774001539;5677807,844999269582331;6,850747841000040;51,231895757000103
52440;5221021700000789618;5;5;13;0;2022;10;6;6;3;5;2;2;0;1;1;0;0;0;0;370297,204999890003819;5709373,071999530307949;7,130510619000060;51,520565452000000
52444;5221026500100991661;5;1;11;0;2022;10;7;4;3;4;6;1;0;1;0;0;0;0;0;345059,249999733990990;5677761,253999159671366;6,780793925000070;51,230170688000001
52447;5221015515110595885;5;1;54;24;2022;10;20;7;3;0;3;2;0;1;1;0;0;0;0;312901,950664567993954;5735015,242598379962146;6,290378862000070;51,734781267000102
52451;5221028316300289207;5;9;74;20;2022;10;11;6;3;5;7;0;0;1;1;0;0;0;0;466205,250000000989530;5720486,567999649792910;8,511694640000030;51,634375220000003
52455;5221026300000689970;5;9;11;0;2022;10;14;4;3;3;2;0;0;1;1;0;0;0;0;375950,865523210028186;5706129,618288160301745;7,213097749000040;51,492685446000102
52456;5221019506100060532;5;1;16;0;2022;10;13;4;3;0;1;0;0;1;0;0;0;0;0;321234,507029445027001;5671405,996648020111024;6,443058626000040;51,166115814000101
52458;5221027709700547179;5;5;66;28;2022;10;7;5;3;0;7;2;1;1;0;0;0;0;0;414627,056999986991286;5792132,150999680161476;7,748764344000050;52,272928413999999
52461;5221022316100080652;5;9;74;24;2022;10;22;7;3;5;3;2;0;1;1;0;0;0;0;434104,288477862020954;5723811,390097689814866;8,047288896000049;51,661421677000099
52462;5221027406130378142;5;7;58;8;2022;10;16;5;2;5;2;0;0;1;1;0;0;0;0;471249,117679357994348;5778766,552660140208900;8,579711254000070;52,158643894000100
52467;5221024513110391141;5;1;62;16;2022;10;18;2;3;4;6;2;1;1;0;0;0;0;0;335233,085624559025746;5676575,686299909837544;6,640723518000070;51,216766888000102
52470;5221018711311776703;5;5;70;8;2022;10;10;3;3;4;6;0;1;1;0;0;0;0;0;434188,889999996987171;5734103,440999659709632;8,046568569000041;51,753958820999998
52476;5221028502210777712;5;1;13;0;2022;10;14;6;3;0;7;0;0;1;0;0;0;0;0;361930,559999851975590;5699883,114999449811876;7,013701516000030;51,433302276000099
52496;5221028705000755916;5;5;54;4;2022;10;15;6;2;5;2;0;0;1;1;0;0;0;0;357995,432029447983950;5770303,954153000377119;6,928370593000070;52,065099279999998
52501;5221018601400286419;5;3;15;0;2022;10;19;3;2;8;7;2;0;1;0;0;0;0;0;356155,075750257004984;5648805,073359440080822;6,951144268000060;50,972859047000000
52502;5221022404301686051;5;7;66;44;2022;10;18;7;2;3;2;0;0;1;1;0;0;0;0;495898,835505956027191;5763972,817018110305071;8,940225146000049;52,026369685000098
52503;5221017702100862434;5;5;15;0;2022;10;10;2;3;5;2;0;1;1;1;0;0;0;0;405394,231217193999328;5755577,986329800449312;7,623642485000060;51,942861933000103
52508;5221026601200675885;5;3;15;0;2022;10;8;4;3;5;3;0;0;1;1;0;0;0;0;353411,230507906002458;5644095,196902289986610;6,913986069000030;50,929841432000003
52510;5221021410210940096;5;7;70;20;2022;10;15;6;3;5;3;0;0;1;1;0;0;0;0;476875,341529257013462;5796713,478778740391135;8,660727123000070;52,320258901000003
52513;5221020500300487489;5;1;11;0;2022;10;13;5;3;0;2;0;1;1;1;0;0;0;0;348118,472662584972568;5675002,582103840075433;6,825745282000070;51,206204487000001
52516;5221018506100482361;5;1;16;0;2022;10;14;3;2;0;1;0;1;1;0;0;0;0;0;314140,207061210006941;5674305,137998860329390;6,340202320000060;51,189896650999998
52536;5221019705000881092;5;5;54;12;2022;10;10;4;2;4;2;0;0;1;1;0;0;0;0;352240,513228754978627;5745890,500723919831216;6,854975244000060;51,844246867000003
52537;5221024709700770497;5;5;66;72;2022;10;5;2;3;0;1;2;1;1;0;0;0;0;0;412751,856354949006345;5802615,241605619899929;7,718569288000030;52,366858393000001
52539;5221022701500148703;5;5;62;24;2022;10;12;7;3;0;1;0;1;1;0;0;0;0;0;370360,193999890005216;5725446,615999530069530;7,125479712000070;51,665029373000003
52540;5221027411112996874;5;7;74;28;2022;10;9;5;2;0;1;0;1;1;0;0;0;0;0;492806,937241995998193;5718430,131371459923685;8,896106668000071;51,616853999000099
52546;5221018709700670575;5;5;66;28;2022;10;18;3;3;5;2;2;0;1;1;0;0;0;0;412213,253702018992044;5791723,308378379791975;7,713503304000030;52,268873519000103
52552;5221028404301787176;5;7;66;44;2022;10;5;6;3;2;6;2;1;1;1;0;0;0;0;491723,907771365018561;5761283,061350540257990;8,879440311000049;52,002139733000000
52553;5221021601300085509;5;3;15;0;2022;10;20;6;3;5;3;2;0;1;1;0;0;0;0;354191,851999801991042;5644842,441999340429902;6,924787849000040;50,936754552000103
52554;5221028702100976731;5;5;15;0;2022;10;13;6;3;0;1;0;0;1;0;0;0;0;0;406087,201999977987725;5758927,320999659597874;7,632805339000070;51,973084708999998
52556;5221015300100096606;5;9;11;0;2022;10;10;7;3;5;2;0;0;1;1;0;0;0;0;374539,962999908020720;5704740,936999560333788;7,193278257000030;51,479893666000102
52558;5221019702100568372;5;5;15;0;2022;10;15;4;3;5;4;0;0;1;0;1;0;0;0;405195,081999978981912;5755299,673999659717083;7,620822832000040;51,940326438000099
52563;5221027508000087348;5;1;19;0;2022;10;15;5;3;5;3;0;0;1;1;0;0;0;0;353193,372999797982629;5704990,499999330379069;6,885975757000040;51,476999235999997
52571;5221016705000681049;5;5;54;20;2022;10;20;1;3;5;7;2;0;1;1;0;0;0;1;364518,031600521993823;5787311,178898219950497;7,016683128000070;52,219549076000099
52573;5221019600350887429;5;3;82;32;2022;10;13;4;3;5;3;0;0;1;1;0;0;0;0;360175,581527788017411;5610401,176906459964812;7,022996578000060;50,628697622000097
52574;5221016701700285375;5;5;62;16;2022;10;18;1;3;0;1;0;0;1;0;0;0;0;0;375573,584999911021441;5735633,580999569967389;7,197184415000040;51,757757775000101
52576;5221022405244296928;5;7;54;44;2022;10;10;7;3;0;3;0;1;1;1;0;0;0;0;465985,624000000010710;5747856,269999659620225;8,505842576000020;51,880442931000097
52583;5221024601700093402;5;3;16;0;2022;10;8;2;2;0;5;0;1;1;1;0;0;0;0;362958,320999855000991;5654975,805999450385571;7,045655182000080;51,029976095000102
52585;5221029609108978390;5;3;58;8;2022;10;0;7;2;0;1;2;0;1;0;0;0;0;0;320630,567411198979244;5631972,633888759650290;6,453897147000020;50,811674670999999
52586;5221025600370986291;5;3;82;4;2022;10;22;3;3;3;1;2;1;1;0;0;0;0;0;360427,158086386974901;5619290,364815699867904;7,023198041000060;50,708650948000098
52587;5221019501000382315;5;1;12;0;2022;10;11;4;3;5;3;0;0;1;1;0;0;0;0;344775,995999736012891;5703520,952999150380492;6,765506872000060;51,461548630000003
52593;5221021701620580956;5;5;62;12;2022;10;11;6;3;5;3;0;0;1;1;0;0;0;0;357469,617999827023596;5735446,301999400369823;6,935124688000030;51,751760757000099
52595;5221017405228087286;5;7;54;28;2022;10;7;2;3;3;2;1;1;1;1;0;0;0;0;452193,343391412985511;5742727,957500999793410;8,306192816000021;51,833324758000103
52600;5221025500200002247;5;1;11;0;2022;10;14;3;3;4;6;0;0;1;0;0;0;0;1;344382,613968375022523;5680285,301847429946065;6,770013497000040;51,252665955000097
52603;5221027513310481535;5;1;62;8;2022;10;6;5;3;5;3;2;0;1;1;0;0;0;0;334411,816999632981606;5667393,675998839549720;6,633204334000030;51,134033213000102
52605;5221015702100091835;5;5;15;0;2022;10;12;7;3;0;7;0;0;1;0;0;0;0;0;406950,150999978999607;5758340,339999659918249;7,645523556000060;51,967953792000102
52607;5221028411224987044;5;7;74;24;2022;10;7;6;3;6;4;2;0;1;0;1;0;0;0;477087,805000000982545;5740127,440999659709632;8,667642467000061;51,811519472000001
52614;5221018706100027034;5;5;58;16;2022;10;19;3;3;1;5;2;0;1;1;0;0;0;0;381523,870591013983358;5743756,103869619779289;7,280580552000060;51,832047096000103
52615;5221022700000877491;5;5;13;0;2022;10;11;7;2;5;3;0;0;1;1;0;0;0;0;365283,321236289979424;5716823,431773610413074;7,055432458000040;51,586344317000098
52617;5221024410110290644;5;7;70;24;2022;10;7;2;3;4;2;2;0;1;1;0;0;0;0;489812,920529043010902;5790698,829707809723914;8,850721257000030;52,266576952000001
52618;5221015516500589307;5;1;58;16;2022;10;11;7;3;5;2;0;1;1;1;0;0;0;0;354900,449999806995038;5670375,823999349959195;6,924631398000030;51,166390158000098
52623;5221028601200667623;5;3;15;0;2022;10;18;6;3;2;7;2;0;1;1;0;0;0;0;354037,105999798979610;5642120,882999340072274;6,923676395000030;50,912257560999997
52624;5221029701400298889;5;5;12;0;2022;10;14;7;2;5;3;0;0;1;1;0;0;0;0;355572,843999813019764;5718648,131999360397458;6,914612156000030;51,600335410000099
52625;5221025610122485739;5;3;70;28;2022;10;14;3;2;0;1;0;0;1;0;0;0;0;0;296677,539999054977670;5647359,427995629608631;6,105770393000060;50,941956817000097
52628;5221016610111979483;5;3;70;16;2022;10;12;1;3;0;1;0;0;1;0;0;0;0;0;294355,154999025980942;5666099,745995130389929;6,062129732000070;51,109433993000003
52630;5221022400200076295;5;7;11;0;2022;10;20;7;3;5;3;2;0;1;1;0;0;0;0;474485,885753578972071;5765984,771292489953339;8,627983433000050;52,043886934000099
52637;5221024518400076345;5;1;70;8;2022;10;15;2;2;4;1;0;1;1;0;0;0;0;0;342038,186740292003378;5715329,508654739707708;6,720837252000020;51,566886431000100
52642;5221027711314884994;5;5;70;8;2022;10;7;5;3;1;3;1;0;1;1;0;0;0;0;433288,989532980020158;5739597,360011179931462;8,032477499000040;51,803242785000101
52644;5221020515210890664;5;1;54;12;2022;10;13;5;3;3;2;0;0;1;1;0;0;0;0;313855,123999385978095;5711070,219997479580343;6,316892449000020;51,520033536000000
52645;5221028300800472787;5;9;54;36;2022;10;9;6;3;6;4;0;0;1;0;1;0;0;0;384923,466695684008300;5700093,544485430233181;7,344251048000050;51,440330663000097
52647;5221028514111993241;5;1;66;32;2022;10;16;6;3;5;3;0;0;1;1;0;0;0;0;315062,620343099988531;5681466,324307809583843;6,349693619000050;51,254521496000102
52648;5221029609112630189;5;3;58;12;2022;10;18;7;3;8;1;0;0;1;0;0;0;0;0;319782,743460763012990;5613270,803644089959562;6,451014383000030;50,643394608999998
52655;5221017700000993360;5;5;13;0;2022;10;22;2;3;9;7;2;0;1;0;0;0;0;0;366985,259999877016526;5712360,043999499641359;7,081673480000060;51,546638051999999
52660;5221026516800891731;5;1;58;20;2022;10;7;4;3;0;3;1;0;1;1;0;0;0;0;358465,258999828016385;5665168,628999410197139;6,977631251000050;51,120488031000001
52662;5221021317110168883;5;9;78;36;2022;10;12;6;3;5;3;0;1;1;1;0;0;0;0;408626,206999981019180;5712822,796999639831483;7,681885246000040;51,559078349000103
52667;5221027607400990883;5;3;82;68;2022;10;17;5;3;0;2;1;0;1;1;0;0;0;0;369423,226802051998675;5631085,321998960338533;7,146352779000040;50,816756280000000
52670;5221016601300081791;5;3;15;0;2022;10;12;1;2;5;3;0;0;1;1;0;0;0;0;349696,825999767985195;5649295,297999270260334;6,859020736000050;50,975615200999997
52673;5221021705000080993;5;5;54;8;2022;10;13;6;2;0;7;0;1;1;0;0;0;0;0;334272,552125171991065;5747463,271115509793162;6,593615330000030;51,853332147000103
52678;5221024502210596603;5;1;13;0;2022;10;7;2;3;8;1;1;1;1;0;0;0;0;0;362484,232065202028025;5700238,578917549923062;7,021523617000070;51,436631290000001
52682;5221023502134873607;5;1;13;0;2022;10;8;1;3;0;7;0;1;1;0;0;0;0;0;366450,202994510007557;5700971,244271250441670;7,078271702000050;51,444164393000101
52689;5221028702100142442;5;5;15;0;2022;10;18;6;3;5;3;1;0;1;1;0;0;0;0;405774,855533982976340;5756899,688668549992144;7,628815898000030;51,954806595999997
52691;5221026404101653782;5;7;66;20;2022;10;6;4;3;5;2;2;0;1;0;0;0;0;1;491037,105452454998158;5753790,470706780441105;8,869631151000020;51,934763309000097
52694;5221018608200473675;5;3;34;2;2022;10;12;3;3;0;1;0;1;1;0;0;0;0;0;297536,833145481999964;5629589,390034919604659;6,127815842000080;50,782659934999998
52695;5221022516100380948;5;1;58;36;2022;10;10;7;3;5;3;0;1;1;1;0;0;0;0;362249,544988528010435;5683170,515408550389111;7,024760045000050;51,283190795000102
52697;5221027410220296985;5;7;70;8;2022;10;14;5;3;5;3;0;0;1;1;0;0;0;0;476244,338000000978354;5798918,512999690137804;8,651313715000070;52,340055839999998
52700;5221015606700893434;5;3;78;20;2022;10;11;7;2;0;1;0;1;1;0;0;0;0;0;368769,852999883005396;5657639,541999500244856;7,127519586000060;51,055273065000101