OBJECTID;UIDENTSTLAE;ULAND;UREGBEZ;UKREIS;UGEMEINDE;UJAHR;UMONAT;USTUNDE;UWOCHENTAG;UKATEGORIE;UART;UTYP1;ULICHTVERH;IstStrassenzustand;IstRad;IstPKW;IstFuss;IstKrad;IstGkfz;IstSonstige;LINREFX;LINREFY;XGCSWGS84;YGCSWGS84
52703;5221020513120962170;5;1;62;20;2022;10;8;5;3;5;3;1;0;1;1;0;0;0;0;329780,787999583000783;5678067,711998630315065;6,562018893000070;51,228572013000097
52704;5221028303100076267;5;9;15;0;2022;10;17;6;2;3;1;0;0;1;0;0;0;0;1;417904,258449559973087;5726792,784603320062160;7,812419106000050;51,686089922000100
52706;5221028518300289620;5;1;70;20;2022;10;7;6;3;5;3;1;0;1;1;0;0;0;0;328689,323999578016810;5707847,347998539917171;6,532056686000030;51,495775015000000
52711;5221027711314385567;5;5;70;8;2022;10;13;5;3;8;1;0;0;1;0;0;0;0;0;432377,362899192026816;5738620,081658580340445;8,019448687000020;51,794347587000097
52712;5221016608332591023;5;3;34;32;2022;10;15;1;3;3;6;0;0;1;0;0;1;0;0;306813,620634966995567;5621733,005023970268667;6,263374424000060;50,715253829000098
52715;5221027317250993252;5;9;78;32;2022;10;18;5;2;0;1;2;0;1;0;0;0;0;0;393232,400797554000746;5729478,190797239542007;7,454822535000060;51,706077618000101
52731;5221029301203268964;5;9;13;0;2022;10;14;7;3;5;3;0;0;1;1;0;0;0;0;393602,092998208012432;5714377,876724819652736;7,464761586000070;51,570422081000103
52741;5221027500200678872;5;1;11;0;2022;10;17;5;3;6;6;0;0;1;0;1;0;0;0;343640,008708275971003;5679694,898337909951806;6,759638641000040;51,247157914000098
52745;5221029410120148370;5;7;70;32;2022;10;16;7;3;5;3;0;0;1;1;0;0;0;0;496345,787000000011176;5786816,624999679625034;8,946494058000040;52,231755927999998
52749;5221028602400786968;5;3;62;32;2022;10;18;6;3;5;3;2;0;1;1;0;0;0;0;339244,462438914983068;5641664,271484759636223;6,713622860000040;50,904224595000102
52750;5221016516300489264;5;1;58;28;2022;10;11;1;2;5;2;0;0;1;1;0;0;0;0;348313,342999761982355;5690833,920999229885638;6,821812840000060;51,348510152000102
52754;5221018301203675365;5;9;13;0;2022;10;17;3;3;5;3;0;0;1;1;0;0;0;0;391322,269999955024105;5715039,602999620139599;7,431673935000050;51,575934995000097
52760;5221020302100571456;5;9;14;0;2022;10;12;5;3;0;3;0;0;1;1;0;0;0;0;393738,515334546973463;5692827,294874279759824;7,473210865000060;51,376739122000103
52762;5221025314110890613;5;9;66;24;2022;10;9;3;3;5;3;0;1;1;1;0;0;0;0;418659,740999991015997;5650649,586999610066414;7,840746981000050;51,001665000999999
52763;5221019500300576148;5;1;11;0;2022;10;16;4;3;2;6;0;0;1;0;1;0;0;0;349242,089404391997959;5674049,505750769749284;6,842218444000030;51,197937992000000
52765;5221027514210785921;5;1;66;12;2022;10;7;5;3;5;3;2;0;1;1;0;0;0;0;323492,080758053984027;5692459,277034710161388;6,464926991000030;51,355945264000098
52768;5221029405108680644;5;7;54;8;2022;10;15;7;2;5;2;0;0;1;1;0;0;0;0;458981,588989312993363;5749811,223524760454893;8,403861598000050;51,897547940999999
52769;5221020601300799092;5;3;15;0;2022;10;7;5;3;5;3;2;0;1;0;0;0;0;1;346830,052047675009817;5645263,727474589832127;6,819913199000040;50,938631999000101
52770;5221028317110625988;5;9;78;36;2022;10;14;6;3;5;3;0;0;1;1;0;0;0;0;408840,802999982028268;5710845,371999640017748;7,685492502000050;51,541337446000099
52771;5221021601400093435;5;3;15;0;2022;10;9;6;1;5;2;0;1;1;0;0;0;1;0;355929,872999812010676;5650054,574999369680882;6,947443586000080;50,984031727999998
52772;5221028610122785739;5;3;70;28;2022;10;10;6;3;5;3;0;0;1;1;0;0;0;0;298757,575668581994250;5644487,988030999898911;6,136924214000030;50,916897001999999
52773;5221017317240389231;5;9;78;40;2022;10;15;2;3;0;1;0;0;1;0;0;0;0;0;406440,858161408978049;5724539,354440489783883;7,647242293000030;51,664040839999998
52774;5221026303100087665;5;9;15;0;2022;10;7;4;3;0;1;2;1;1;0;0;0;0;0;422771,773999992990866;5727150,235999650321901;7,882737640000070;51,689993942999998
52775;5221019601700072276;5;3;16;0;2022;10;9;4;3;5;2;0;0;1;1;0;0;0;0;362926,355999852996320;5654741,366999450139701;7,045288272000050;51,027861519000098
52777;5221018606700590467;5;3;78;32;2022;10;13;3;3;4;2;0;1;1;1;0;0;0;0;372912,612999897974078;5661519,627999530173838;7,185235128000040;51,091078596000003
52778;5221022601100969772;5;3;15;0;2022;10;1;7;3;4;6;2;0;1;0;0;0;0;0;356872,928440438990947;5645476,189262860454619;6,962671218000030;50,943121636000100
52788;5221021506100886951;5;1;16;0;2022;10;10;6;3;0;1;0;1;1;0;0;0;0;0;321529,162447658018209;5671377,964892139658332;6,447282602000030;51,165955999000097
52789;5221028601200091194;5;3;15;0;2022;10;12;6;3;0;1;0;0;1;0;0;0;0;0;359223,748505415976979;5638921,501440660096705;6,998640788000050;50,884792574000102
52794;5221027702100291835;5;5;15;0;2022;10;14;5;3;5;6;0;0;1;0;0;0;0;0;403035,080999974976294;5757933,662999659776688;7,588667144000060;51,963629298999997
52803;5221026600140567656;5;3;14;0;2022;10;16;4;3;5;3;0;0;1;1;0;0;0;0;369886,886203632981051;5623831,658512200228870;7,155498944000040;50,751663524999998
52805;5221029600360367872;5;3;82;12;2022;10;11;7;3;8;1;0;0;1;0;0;0;0;0;353252,267785830015782;5629375,688964360393584;6,917628857000070;50,797520480999999
52806;5221025602800985767;5;3;62;12;2022;10;7;3;3;0;3;2;1;1;1;0;0;0;0;354364,333750204008538;5632961,363891850225627;6,931975125000060;50,830025214999999
52808;5221022709700048420;5;5;66;28;2022;10;18;7;3;5;3;0;1;1;1;0;0;0;0;408642,920983379997779;5795928,203038269653916;7,660056093000040;52,306085797000001
52810;5221020702100568386;5;5;15;0;2022;10;16;5;3;6;4;0;1;1;1;1;0;0;0;405421,711545386002399;5756104,740426730364561;7,623897241000070;51,947601306000102
52815;5221028701910277766;5;5;62;8;2022;10;11;6;3;4;3;0;0;1;1;0;0;0;0;384417,337623741012067;5721473,940027110278606;7,329952358000070;51,632391713000104
52816;5221017411232081973;5;7;74;32;2022;10;20;2;3;5;3;2;1;1;1;0;0;0;0;479292,298000000999309;5731654,960999660193920;8,700124994000021;51,735427874999999
52817;5221014702100791832;5;5;15;0;2022;10;10;6;3;3;2;0;0;1;1;0;0;0;0;406899,475673670996912;5755810,549184310249984;7,645471662000030;51,945206259000003
52822;5221018705000586828;5;5;54;8;2022;10;15;3;3;5;3;0;0;1;1;0;0;0;0;334218,385523187986109;5745996,985372640192509;6,593532502000070;51,840144044000098
52825;5221024301102308951;5;9;13;0;2022;10;7;2;2;6;7;2;0;1;0;1;0;0;0;396242,441999963019043;5704528,095999619923532;7,505747054000040;51,482378242000003
52827;5221026608332041300;5;3;34;32;2022;10;15;4;2;0;1;0;0;1;0;0;0;0;0;303301,225230332987849;5629698,700361849740148;6,209427165000020;50,785625653000103
52828;5221020518100078912;5;1;70;48;2022;10;18;5;2;5;7;0;1;1;1;0;0;0;0;333864,231999638024718;5728189,972998759709299;6,596908511000040;51,680071569000098
52831;5221028515210993248;5;1;54;12;2022;10;10;6;2;0;7;0;0;1;0;0;0;0;0;312242,537654497020412;5711678,012782080098987;6,293352433000050;51,524958867000102
52834;5221019518300867144;5;1;70;20;2022;10;7;4;3;0;3;0;0;1;1;0;0;0;0;329238,625999585026875;5708718,357998560182750;6,539540656000040;51,503765846000100
52835;5221018307000386087;5;9;62;16;2022;10;13;3;3;0;1;0;1;1;0;0;0;0;0;412990,321851185988635;5692080,732718720100820;7,749929460000030;51,373305037000101
52836;5221016701930048826;5;5;62;36;2022;10;14;1;3;6;6;0;0;1;0;1;0;0;0;384269,335310915019363;5719884,026365320198238;7,328340220000030;51,618071614000002
52841;5221017515212121932;5;1;54;64;2022;10;10;2;3;5;3;0;0;1;1;0;0;0;0;306706,448551255976781;5722398,573101479560137;6,207749123000040;51,619372384000002
52845;5221021317110993323;5;9;78;36;2022;10;15;6;3;1;7;0;1;1;1;0;0;0;0;409317,833664543984924;5709892,465416300110519;7,692614789000060;51,532848307000101
52850;5221027705000491584;5;5;54;12;2022;10;22;5;3;6;6;2;0;1;0;1;0;0;0;352332,942842992022634;5745631,466474940069020;6,856426623000060;51,841943921000102
52852;5221016501318796023;5;1;12;0;2022;10;15;1;3;8;1;0;0;1;1;0;0;0;0;343810,607737157028168;5698657,285345899872482;6,753766946000040;51,417583516000001
52856;5221016609152371766;5;3;58;52;2022;10;15;1;3;5;3;0;0;1;1;0;0;0;0;337108,614999656972941;5630426,160998960025609;6,688271393000040;50,802647221000001
52858;5221018600140031254;5;3;14;0;2022;10;17;3;3;5;2;0;1;1;1;0;0;0;0;368686,203999881981872;5622833,647999499924481;7,138843250000040;50,742422883000103
52862;5221023607400841636;5;3;82;68;2022;10;11;1;3;0;7;0;0;1;0;0;0;0;0;364727,931000381999183;5626681,643054069951177;7,081360144000030;50,776099371000001
52864;5221015701610095159;5;5;62;12;2022;10;14;7;3;5;3;0;1;1;1;0;0;0;0;359287,189999838010408;5725825,599999420344830;6,965322049000060;51,665771307000099
52866;5221024600310869589;5;3;14;0;2022;10;14;2;3;5;3;0;0;1;1;0;0;0;0;363309,221389925980475;5615155,958566620014608;7,065521631000020;50,672176348999997
52867;5221021518300049960;5;1;70;20;2022;10;10;6;3;5;2;0;1;1;1;0;0;0;0;328750,278999577974901;5708747,727998539805412;6,532496933000060;51,503881941000003
52870;5221026300500073240;5;9;11;0;2022;10;7;4;3;0;1;1;1;1;0;0;0;0;0;376710,918794944998808;5701590,493611710146070;7,225624273000050;51,452056539000097
52873;5221027608416973660;5;3;34;16;2022;10;16;5;3;5;3;0;0;1;1;0;0;0;0;298335,761972138017882;5642389,018508589826524;6,132090619000050;50,897898167000100
52878;5221017506100085961;5;1;16;0;2022;10;8;2;3;0;1;0;1;1;0;0;0;0;0;321083,492509691976011;5671370,884166019968688;6,440918390000040;51,165753178999999
52880;5221026508000775319;5;1;19;0;2022;10;7;4;3;0;3;2;0;1;1;0;0;0;0;352458,256999792996794;5704814,102999310009181;6,875471516000060;51,475222967000001
52885;5221022706200096587;5;5;58;12;2022;10;13;7;3;1;5;0;1;1;0;0;0;0;0;378193,291999919980299;5756743,870999589562416;7,227682451000020;51,948049656000101
52886;5221027601300399802;5;3;15;0;2022;10;8;5;3;0;7;0;0;1;1;1;0;0;0;353232,602999794995412;5646821,132999329827726;6,910347653000030;50,954292925000097
52891;5221021602100515246;5;3;62;8;2022;10;18;6;3;5;2;1;0;1;1;0;0;0;0;342361,533490333007649;5648557,204086420126259;6,754937600000060;50,967021890000098
52892;5221028608200571694;5;3;34;2;2022;10;18;6;3;0;5;1;0;1;1;0;0;0;0;295374,394112946989480;5628774,585475849919021;6,097634213000050;50,774582977000101
52895;5221026400200296552;5;7;11;0;2022;10;15;4;3;0;1;0;1;1;0;0;0;0;0;473032,890006791974884;5760327,591531359590590;8,607243772000061;51,992956038000003
52896;5221019608416169695;5;3;34;16;2022;10;18;4;3;0;7;2;0;1;0;0;0;0;0;295186,188999016012531;5635488,890995469875634;6,091223370000020;50,834819207000102
52900;5221027506100795568;5;1;16;0;2022;10;16;5;3;6;4;0;0;1;0;1;0;0;0;321365,830999477999285;5673463,193998159840703;6,443912718000040;51,184637210000098
52906;5221021502401281342;5;1;17;0;2022;10;14;6;2;0;7;0;1;1;0;0;0;0;0;352614,059305181028321;5698953,491134930402040;6,880154449000030;51,422602230000102
52908;5221016606400174329;5;3;78;24;2022;10;15;1;3;4;6;0;0;1;0;0;0;0;0;377008,111025187012274;5643719,088978430256248;7,249721981000050;50,931975529000098
52909;5221025610221375603;5;3;70;20;2022;10;7;3;3;5;6;0;1;1;1;0;0;0;0;303054,099281847011298;5662447,531211730092764;6,188231729000050;51,079686367000100
52912;5221018601200378240;5;3;15;0;2022;10;12;3;3;0;6;0;1;1;0;0;0;0;0;354738,080301548005082;5643121,907508660107851;6,933242206000050;50,921430385000100
52918;5221015501112993397;5;1;12;0;2022;10;7;7;3;5;3;1;1;1;1;0;0;0;0;345106,519999738025945;5708120,857999159954488;6,768243554000040;51,502969014000001
52924;5221025513210195509;5;1;62;24;2022;10;17;3;2;5;3;0;0;1;1;0;0;0;0;338055,920305363018997;5675090,237007100135088;6,681778106000020;51,204227991000003
52927;5221027701610895084;5;5;62;12;2022;10;17;5;3;5;3;0;0;1;1;0;0;0;0;361533,622999848972540;5726670,401999450288713;6,997448617000030;51,673920721000101
52934;5221014711311291389;5;5;70;8;2022;10;9;6;2;0;2;0;1;1;0;0;0;0;0;433382,010999996971805;5734259,690999659709632;8,034850828000060;51,755268128000097
52936;5221024506100578898;5;1;16;0;2022;10;13;2;3;5;3;0;0;1;1;0;0;0;0;320219,933999463974033;5675481,125998079776764;6,426523435000040;51,202405344000098
52938;5221025317250384978;5;9;78;32;2022;10;12;3;2;5;1;0;0;1;1;0;0;0;0;394030,789999960979912;5727446,847999629564583;7,466989798000040;51,687970857000003
52945;5221028400200274618;5;7;11;0;2022;10;16;6;2;0;6;0;0;1;0;0;0;0;0;467349,117000000027474;5763106,815999669954181;8,524201700000051;52,017637946999997
52948;5221017300600785388;5;9;16;0;2022;10;10;2;3;5;2;0;0;1;1;0;0;0;0;376466,118999912985601;5711952,797999559901655;7,218474692000030;51,545133233000101
52949;5221026406210490800;5;7;58;4;2022;10;10;4;3;0;6;0;0;1;1;0;0;0;0;467409,597832057974301;5783221,597627759911120;8,523157883000071;52,198483092000103
52952;5221021705000587250;5;5;54;8;2022;10;6;6;3;5;3;1;0;1;1;0;0;0;0;333421,194162034022156;5745481,677110060118139;6,582219748000060;51,835277718999997
52969;5221028608100785691;5;3;34;2;2022;10;18;6;3;3;2;2;0;1;1;0;0;0;0;295257,107413768011611;5628884,336848810315132;6,095911832000070;50,775527302000100
52972;5221019702100796691;5;5;15;0;2022;10;15;4;3;5;2;0;0;1;1;0;0;0;0;406087,201999977987725;5758927,320999659597874;7,632805339000070;51,973084708999998
52980;5221020516100089277;5;1;58;32;2022;10;13;5;3;3;2;0;1;1;0;0;0;0;1;363425,249793901981320;5689627,788074949756265;7,039135249000030;51,341503813000003
52989;5221027300100390144;5;9;11;0;2022;10;12;5;3;3;5;0;0;1;1;0;0;0;1;376067,775853807979729;5704329,370597889646888;7,215412798000050;51,476531567000102
52990;5221023503100395713;5;1;24;0;2022;10;13;1;2;0;1;0;0;1;0;0;0;0;0;365728,355686363007408;5679774,026682700030506;7,075888615000050;51,253497189000001
52992;5221015405108482101;5;7;54;8;2022;10;16;7;3;5;2;0;0;1;1;0;0;0;0;458970,784047223976813;5749818,259945060126483;8,403703737000059;51,897610407999998
53005;5221028502402073561;5;1;17;0;2022;10;7;6;2;5;2;2;0;1;1;0;0;0;0;353208,147999798995443;5700932,398999329656363;6,887872820000040;51,440538308000001
53011;5221024410110717271;5;7;70;24;2022;10;10;2;3;5;3;0;0;1;1;0;0;0;0;491804,745055069972295;5796302,704487609677017;8,879772521000060;52,316991831999999
53018;5221020706100776631;5;5;58;16;2022;10;8;5;3;2;2;0;0;1;1;0;0;0;0;381757,960462616989389;5744191,745489720255136;7,283827341000060;51,836011886000101
53022;5221028406110382144;5;7;58;12;2022;10;9;6;3;0;3;0;0;1;1;0;0;0;0;477701,621722856012639;5773307,714416990056634;8,674391949000039;52,109863974000099
53023;5221021601700099206;5;3;16;0;2022;10;0;6;3;0;1;2;1;1;0;0;0;0;0;363707,608999859017786;5654328,407999459654093;7,056577552000020;51,024335913000101
53024;5221028609132989898;5;3;58;32;2022;10;6;6;3;0;3;2;0;1;1;0;0;0;0;315130,342999374028295;5632684,114997800439596;6,375550613000030;50,816337055000098
53027;5221019608324989895;5;3;34;24;2022;10;12;4;3;5;3;0;0;1;1;0;0;0;0;300943,707329312979709;5614543,432087999768555;6,184198816000050;50,648695967999998
53029;5221018606100581799;5;3;78;4;2022;10;22;3;2;0;1;2;0;1;0;0;0;0;0;367843,809215427027084;5651201,725341550074518;7,116660704000030;50,997200231000100
53032;5221027500100801643;5;1;11;0;2022;10;18;5;3;5;3;2;0;1;1;0;0;0;0;343240,947999719006475;5677978,653999109752476;6,754676719000030;51,231627551000003
53035;5221015516700274202;5;1;58;8;2022;10;11;7;3;0;7;0;1;1;0;0;0;0;0;360086,559337690996472;5673202,862263750284910;6,997658529000030;51,193088063000097
53036;5221026702100399922;5;5;15;0;2022;10;14;4;3;3;6;0;0;1;0;0;0;0;0;405522,791249085974414;5756561,148429419845343;7,625242023000060;51,951720882000103
53040;5221021600110086321;5;3;14;0;2022;10;10;6;3;5;3;0;1;1;1;0;0;0;0;363869,990110668994021;5621292,740397100336850;7,071190997000030;50,727464361000003
53044;5221019516300191341;5;1;58;28;2022;10;11;4;3;0;1;0;0;1;0;0;0;0;0;348896,135999765014276;5687393,034999250434339;6,831634779000070;51,317747198000099
53045;5221020317110355982;5;9;78;36;2022;10;6;5;3;5;3;2;1;1;1;0;0;0;0;407029,820999979972839;5710786,506999639794230;7,659401470000030;51,540512876000001
53049;5221022316300394260;5;9;74;4;2022;10;22;7;3;0;1;2;0;1;0;0;0;0;0;452937,997036991000641;5712433,670485730282962;8,321087051000060;51,561018478000101
53051;5221023706000496594;5;5;58;24;2022;10;11;1;3;8;6;0;1;1;0;0;0;0;0;396862,656494383991230;5733623,851437780074775;7,506113367000070;51,744019223000102
53052;5221024702100365384;5;5;15;0;2022;10;11;2;3;0;1;0;1;1;0;0;0;0;0;405831,869962865021080;5755795,520665029995143;7,629947853000030;51,944891481000099
53055;5221027502134395120;5;1;13;0;2022;10;10;5;3;5;3;0;0;1;1;0;0;0;0;366329,784999873023480;5700914,977999489754438;7,076561234000050;51,443630335000101
53062;5221028518400595731;5;1;70;8;2022;10;11;6;2;0;2;0;0;1;1;0;0;0;0;348885,306999768014066;5718425,357999240048230;6,818220292000030;51,596579321000000
53064;5221019601200874399;5;3;15;0;2022;10;16;4;3;0;7;0;0;1;0;1;0;0;0;354618,088570285995957;5634353,716071019880474;6,935023593000040;50,842601942999998
53065;5221020514110090957;5;1;66;32;2022;10;15;5;3;5;2;0;1;1;0;0;0;0;1;317577,161808139993809;5682308,384801650419831;6,385259202000040;51,262895417999999
53070;5221017706000220577;5;5;58;20;2022;10;10;2;3;5;3;0;1;1;1;0;0;0;0;392112,916920931020286;5756911,132408279925585;7,430076454000070;51,952426948000003
53071;5221027400200066294;5;7;11;0;2022;10;16;5;3;3;3;0;0;1;1;0;0;0;0;468847,618478087009862;5762862,484418359585106;8,546059780000061;52,015527409000100
53072;5221023601700676570;5;3;16;0;2022;10;12;1;3;5;3;0;0;1;1;0;0;0;0;356576,589572440017946;5657945,850175900384784;6,953530238000040;51,055110018999997
53073;5221017513210090868;5;1;62;24;2022;10;7;2;2;6;6;2;1;1;0;1;0;0;0;336472,251742121996358;5672691,529090929776430;6,660220481000070;51,182225197999998
53074;5221015503200993396;5;1;24;0;2022;10;10;7;3;0;1;0;1;1;0;0;0;0;0;373745,036495607986581;5678360,132782409898937;7,191202925000030;51,242621061000101
53075;5221026601200886507;5;3;15;0;2022;10;15;4;3;0;3;0;0;1;0;0;1;0;0;357854,454560065991245;5639921,626987489871681;6,978797878000020;50,893445502000098
53077;5221029508000779371;5;1;19;0;2022;10;16;7;3;5;2;0;0;1;0;0;1;0;0;348789,844999767025001;5714523,686999239958823;6,818522962000030;51,561496886000000
53078;5221025503300993283;5;1;20;0;2022;10;12;3;2;0;1;0;0;1;0;0;0;0;0;378015,027058614010457;5673639,934866540133953;7,253952352000060;51,201125170000097
53081;5221027610111889832;5;3;70;8;2022;10;13;5;3;0;1;0;0;1;0;0;0;0;0;291969,932585222995840;5652616,837101549841464;6,035848123000050;50,987492150000001
53083;5221018303100041177;5;9;15;0;2022;10;21;3;3;4;2;2;0;1;1;0;0;0;0;419665,158134641009383;5723221,721707710064948;7,838707510000060;51,654242155000098
53084;5221016405108993384;5;7;54;8;2022;10;19;1;3;5;2;2;0;1;1;0;0;0;0;455896,679281781020109;5750457,113365040160716;8,358947541000020;51,903119218000001
53085;5221018400100853552;5;7;11;0;2022;10;13;3;3;5;3;0;0;1;1;0;0;0;0;472591,132613767986186;5767592,809631139971316;8,600228089000041;52,058253810000103
53086;5221028502232067476;5;1;13;0;2022;10;16;6;3;2;6;0;0;1;1;0;0;0;0;366153,503999872016720;5696035,580999489873648;7,075869054000070;51,399738692000000
53088;5221029301301094365;5;9;78;24;2022;10;16;7;3;1;3;0;0;1;1;0;0;0;0;397667,186127949971706;5718591,105568190105259;7,522167756000040;51,609045602999998
53096;5221025317210794398;5;9;78;20;2022;10;13;3;3;1;2;0;0;1;1;0;0;0;0;407118,346999979985412;5717080,036999640055001;7,659013962000070;51,597100999000098
53098;5221023405244306409;5;7;54;44;2022;10;15;1;3;0;6;0;0;1;0;0;0;0;0;465945,142000000982080;5748005,111999659799039;8,505239791000060;51,881778670000102
53099;5221027601300093462;5;3;15;0;2022;10;16;5;3;5;2;0;0;1;1;0;0;0;0;351202,817716274003033;5645010,944512640126050;6,882208416000030;50,937505313000003
53102;5221029317110993737;5;9;78;36;2022;10;9;7;3;0;3;0;0;1;1;0;0;0;0;408534,945999982010107;5713083,195999640040100;7,680501383000030;51,561404348000103
53104;5221028400200090676;5;7;11;0;2022;10;11;6;3;2;3;0;0;1;1;0;0;0;0;473388,818000002007466;5761735,731999670155346;8,612318125000060;52,005633453000002
53105;5221021602100669708;5;3;62;8;2022;10;9;6;3;5;3;0;1;1;1;0;0;0;0;333125,106140392017551;5647148,531268870458007;6,624157388000070;50,951763872000100
53113;5221017711313290829;5;5;70;8;2022;10;15;2;3;5;2;0;0;1;1;0;0;0;0;433939,709999996004626;5735296,267999660223722;8,042732389000040;51,764653088000003
53114;5221027405244796870;5;7;54;44;2022;10;15;5;3;5;3;0;0;1;1;0;0;0;0;464418,351351461024024;5748993,964018880389631;8,482957027000049;51,890573858000003
53119;5221025300600761170;5;9;16;0;2022;10;12;3;3;0;2;0;0;1;1;0;0;0;0;377260,502949778980110;5710909,518965680152178;7,230288704000030;51,535930233999999
53122;5221028601100178292;5;3;15;0;2022;10;9;6;3;4;2;0;0;1;1;0;0;0;0;354966,091882366978098;5645431,721443439833820;6,935564954000030;50,942245499000101
53124;5221019502321085350;5;1;13;0;2022;10;6;4;3;0;2;2;0;1;1;0;0;0;0;357448,825999823980965;5703377,214999389834702;6,947862377000040;51,463590576999998
53128;5221016513120286710;5;1;62;20;2022;10;13;1;2;5;3;0;0;1;1;0;0;0;0;327093,670088931976352;5670777,330652049742639;6,527081267000030;51,162268987000097
53130;5221022301102180570;5;9;13;0;2022;10;14;7;3;1;7;0;0;1;1;0;0;0;0;395531,877683520026039;5704369,561014220118523;7,495564620000040;51,480822420999999
53141;5221021301202678328;5;9;13;0;2022;10;14;6;3;0;6;0;1;1;1;0;0;0;0;393991,448903839976992;5709582,150316109880805;7,471822718000060;51,527389286000101
53143;5221020701110163486;5;5;62;32;2022;10;14;5;3;5;3;0;0;1;1;0;0;0;0;374605,416869788023178;5719320,659739759750664;7,189024509000030;51,610938702000098
53145;5221021603116993326;5;3;66;16;2022;10;7;6;3;0;3;2;0;1;1;0;0;0;0;344955,903430686972570;5614581,504660909995437;6,806213084000030;50,662415402000100
53149;5221026406120582144;5;7;58;16;2022;10;14;4;3;5;3;0;0;1;1;0;0;0;0;477114,465967777010519;5779083,862928830087185;8,665429442000059;52,161771009000098
53150;5221019709110074685;5;5;66;12;2022;10;10;4;3;5;3;0;0;1;0;0;0;0;1;403995,792999974975828;5772307,733999660238624;7,598612409000050;52,092993503000102
53155;5221029515211993230;5;1;54;16;2022;10;14;7;3;5;3;0;0;1;1;0;0;0;0;303212,083999231981579;5728609,994996160268784;6,153843587000040;51,673942866000097
53159;5221027515110095875;5;1;54;36;2022;10;10;5;3;5;3;0;0;1;1;0;0;0;0;303467,973836943972856;5742072,493674130178988;6,149938977000030;51,794929221000103
53161;5221016513210595664;5;1;62;24;2022;10;14;1;2;7;1;0;0;1;0;0;0;0;0;337407,157144538010471;5673085,854076540097594;6,673406941000050;51,186034778000099
53162;5221018506100291466;5;1;16;0;2022;10;11;3;3;0;1;0;1;1;0;0;0;0;0;325658,749695573002100;5670116,108961540274322;6,506900056000060;51,155893296999999
53170;5221020301203656182;5;9;13;0;2022;10;10;5;3;4;3;0;0;1;1;0;0;0;0;393545,055296658014413;5714726,466749220155180;7,463833265000060;51,573544574000003
53175;5221022600110373824;5;3;14;0;2022;10;15;7;3;4;6;0;0;1;0;0;0;0;0;366290,650710173998959;5622343,425799190066755;7,105087749000060;50,737470084000101
53179;5221026700000795200;5;5;13;0;2022;10;17;4;3;5;2;0;0;1;1;0;0;0;0;367732,515598041005433;5713726,203736630268395;7,091930125000030;51,559090905000097
53180;5221029503200089981;5;1;24;0;2022;10;17;7;3;0;3;0;0;1;0;0;0;0;0;373251,717831392015796;5682492,438875700347126;7,182674799000040;51,279651063000102
53190;5221018506100992100;5;1;16;0;2022;10;13;3;3;0;1;0;1;1;0;0;0;0;0;314139,178659236000385;5674250,590478889644146;6,340215845000050;51,189406343000002
53194;5221023606100081786;5;3;78;4;2022;10;17;1;3;0;3;0;0;1;1;0;0;0;0;364809,846955412998796;5652359,716996019706130;7,073018761000070;51,006902793999998
53197;5221026601200385838;5;3;15;0;2022;10;16;4;2;0;7;0;1;1;0;0;0;0;0;353135,296701845014468;5641435,447408529929817;6,911133061000040;50,905869026000097
53198;5221024602400069734;5;3;62;32;2022;10;16;2;3;5;3;0;0;1;0;0;0;0;0;337853,303916059026960;5639267,667223759926856;6,694917651000030;50,882301191000103
53199;5221021518200096024;5;1;70;24;2022;10;16;6;3;5;3;0;0;1;0;0;0;0;1;333008,009999624977354;5706271,531998749822378;6,594958390000040;51,482910280000098
53201;5221026300300077963;5;9;11;0;2022;10;16;4;3;4;6;0;1;1;0;0;0;0;0;382427,744025168009102;5704931,106507699936628;7,306749975000060;51,483297466000103
53208;5221021711151791829;5;5;70;32;2022;10;9;6;2;5;3;0;1;1;0;0;0;0;0;420820,694367968011647;5765850,025990519672632;7,845646020000060;52,037608318000103
53209;5221028709800196643;5;5;66;32;2022;10;10;6;3;2;1;0;0;1;0;0;0;1;0;412023,435709400975611;5777775,854480080306530;7,714346244000070;52,143478301000101
53212;5221026506100991331;5;1;16;0;2022;10;17;4;2;5;2;0;0;1;1;0;0;0;0;318880,209999444021378;5673187,087997989729047;6,408523719000070;51,181374873999999
53216;5221019405232087018;5;7;54;32;2022;10;13;4;3;5;3;0;0;1;1;0;0;0;0;461439,283845798985567;5745553,718320550397038;8,440054161000029;51,859445424999997
53234;5221026702100296579;5;5;15;0;2022;10;16;4;3;1;3;0;0;1;0;0;0;0;0;408321,479999981005676;5751418,566999659873545;7,667324318000060;51,905964494999999
53239;5221025702100076731;5;5;15;0;2022;10;8;3;3;0;1;0;1;1;0;0;0;0;0;405220,841173577995505;5759113,437360970303416;7,620145286000020;51,974610519000102
53240;5221019601200581465;5;3;15;0;2022;10;10;4;3;0;1;0;1;1;0;0;0;0;0;358485,789892810978927;5640468,806264449842274;6,987557045000070;50,898518097000100
53241;5221016606400693621;5;3;78;4;2022;10;1;1;2;0;5;2;1;1;1;0;0;0;0;373293,550144230015576;5647727,123805830255151;7,195493485000040;50,967196145000102
53242;5221018514220575561;5;1;66;36;2022;10;8;3;3;5;3;0;1;1;1;0;0;0;0;324535,092398362001404;5681358,604449390433729;6,485350801000040;51,256547194000099