OBJECTID;UIDENTSTLAE;ULAND;UREGBEZ;UKREIS;UGEMEINDE;UJAHR;UMONAT;USTUNDE;UWOCHENTAG;UKATEGORIE;UART;UTYP1;ULICHTVERH;IstStrassenzustand;IstRad;IstPKW;IstFuss;IstKrad;IstGkfz;IstSonstige;LINREFX;LINREFY;XGCSWGS84;YGCSWGS84
53249;5221026600140595321;5;3;14;0;2022;10;17;4;2;8;1;0;0;1;0;0;0;0;0;366740,509748762007803;5625284,404587919823825;7,110395152000020;50,764006982000097
53250;5221024600140790937;5;3;14;0;2022;10;8;2;3;6;4;0;1;1;0;1;0;0;0;367203,085294228978455;5622527,620118140242994;7,117944814000050;50,739334990000003
53262;5221017300800877933;5;9;54;36;2022;10;16;2;3;5;3;0;1;1;1;0;0;0;0;384313,049899470992386;5700687,812487459741533;7,335277960000040;51,445547611000102
53264;5221019606100181261;5;3;78;4;2022;10;11;4;3;5;2;0;0;1;0;0;0;1;0;368816,455999883008189;5651962,328999499790370;7,130238993000030;51,004258876000101
53266;5221018601700686427;5;3;16;0;2022;10;17;3;3;5;2;0;1;1;1;0;0;0;0;360665,655066068982705;5659564,538027489557862;7,011214389000030;51,070663850000102
53267;5221022503100970386;5;1;24;0;2022;10;11;7;3;0;7;0;1;1;0;0;0;0;0;370689,141606976976618;5679020,821195630356669;7,147208135000030;51,247874402999997
53275;5221021404102164052;5;7;66;40;2022;10;13;6;3;5;3;0;1;1;1;0;0;0;0;483415,804000000003725;5759121,729999669827521;8,758519729000060;51,982521411000100
53276;5221029705000265794;5;5;54;52;2022;10;16;7;2;5;2;0;0;1;1;0;0;0;0;379746,137611071986612;5772332,264293190091848;7,244789594000050;52,088476057000001
53278;5221019505200982284;5;1;14;0;2022;10;8;4;2;5;3;0;0;1;1;0;0;0;0;330139,890999590978026;5694966,727998630143702;6,559112461000040;51,380497882999997
53287;5221014702100879100;5;5;15;0;2022;10;19;6;3;5;2;2;1;1;1;0;0;0;0;405435,184999978984706;5755190,813999660313129;7,624344582000050;51,939388813999997
53295;5221021301101780599;5;9;13;0;2022;10;7;6;3;5;3;2;1;1;1;0;0;0;0;393680,424699034017976;5707497,436215889640152;7,467969785000040;51,508592395999997
53298;5221028316400984993;5;9;74;44;2022;10;14;6;2;0;1;0;0;1;0;0;0;0;0;446677,532000000006519;5703037,626999639905989;8,232204117000039;51,475982499000096
53300;5221028701400098889;5;5;12;0;2022;10;18;6;3;5;3;2;0;1;1;0;0;0;0;357499,812579552992247;5719455,980790079571307;6,942087989000070;51,608085371000101
53301;5221016709700076747;5;5;66;20;2022;10;20;1;2;0;1;2;1;1;0;0;0;0;0;406241,886392880987842;5811144,939681779593229;7,620595609000080;52,442445886000002
53302;5221026406220794486;5;7;58;24;2022;10;14;4;3;6;4;0;0;1;0;1;0;0;0;480843,392999999981839;5783114,418999680317938;8,719715283000030;52,198150036000101
53316;5221025700000786124;5;5;13;0;2022;10;13;3;2;0;7;0;0;1;0;0;0;0;0;364944,057973109011073;5718449,484996769577265;7,049912558000070;51,600875428999998
53322;5221018300500353576;5;9;11;0;2022;10;7;3;3;5;3;1;1;1;1;0;0;0;0;377336,247999916027766;5701096,259999570436776;7,234790754000070;51,447750417000101
53323;5221027300600695176;5;9;16;0;2022;10;18;5;2;1;5;1;0;1;0;0;0;0;1;380673,023173681984190;5711562,672058160416782;7,279246258000060;51,542532187000099
53324;5221023518120789684;5;1;70;44;2022;10;16;1;3;0;1;0;1;1;0;0;0;0;0;338285,601999678998254;5718900,423998939804733;6,665096102000060;51,597904429000003
53336;5221018405108696803;5;7;54;8;2022;10;8;3;2;5;2;1;1;1;1;0;0;0;0;457527,022327070997562;5750591,015582350082695;8,382626954000051;51,904449758000098
53341;5221015300200089998;5;9;11;0;2022;10;14;7;3;5;3;0;0;1;1;0;0;0;0;372646,009056126989890;5705510,507722860202193;7,165741230000040;51,486386660000100
53342;5221026410110190741;5;7;70;24;2022;10;11;4;3;5;3;0;0;1;1;0;0;0;0;498255,381999999983236;5791067,814999680034816;8,974432880000050;52,269985924000103
53346;5221025315210093712;5;9;70;24;2022;10;7;3;3;5;7;1;1;1;1;0;0;0;0;429959,248929245979525;5643180,654330030083656;8,003196678000050;50,935997180000101
53350;5221021301301973351;5;9;78;24;2022;10;12;6;3;5;3;0;1;1;1;0;0;0;0;397894,630405951000284;5718470,621236969716847;7,525486296000050;51,608003914000101
53353;5221025601200378523;5;3;15;0;2022;10;10;3;3;3;6;0;1;1;0;0;0;0;0;354531,179478114005178;5643508,895197469741106;6,930146142000070;50,924856020000000
53361;5221028711142751245;5;5;70;44;2022;10;8;6;3;5;3;0;0;1;1;0;0;0;0;417433,955911252007354;5760440,357633429579437;7,797586700000070;51,988487070000097
53363;5221015300800073301;5;9;54;36;2022;10;12;7;3;1;7;0;1;1;1;0;0;0;0;384423,790375332988333;5698250,553419710136950;7,337666263000070;51,423664044000098
53375;5221021607100756076;5;3;82;28;2022;10;12;6;3;5;2;0;1;1;1;0;0;0;0;375476,639999908977188;5635318,944999529980123;7,230802687000050;50,856143342000102
53376;5221028608436585851;5;3;34;36;2022;10;8;6;3;0;1;0;0;1;0;0;0;0;0;299016,692828646977432;5632654,285186559893191;6,147104769000070;50,810702552000102
53378;5221026405108582112;5;7;54;8;2022;10;7;4;3;5;2;1;0;1;1;0;0;0;0;457959,780929788015783;5748599,155187440104783;8,389159886000069;51,886574549000002
53379;5221020307000094340;5;9;62;40;2022;10;15;5;3;0;1;0;1;1;0;0;0;0;0;416244,082999987993389;5698725,038999640382826;7,795096226000060;51,433525942000102
53381;5221018608324073650;5;3;34;24;2022;10;13;3;3;6;7;0;1;1;0;1;0;0;0;303121,950149220996536;5612683,990541960112751;6,215960442000040;50,632733745000102
53382;5221022518320495964;5;1;70;40;2022;10;0;7;3;0;1;2;1;1;0;0;0;0;0;318308,566999451024458;5721033,860997829586267;6,375861341000070;51,610978942000003
53388;5221026608100464212;5;3;34;2;2022;10;16;4;3;5;3;0;0;1;1;0;0;0;0;290977,303998921997845;5628412,754994779825211;6,035560571000080;50,769765807000098
53390;5221020502208463935;5;1;13;0;2022;10;13;5;2;0;7;0;1;1;0;0;0;0;0;358117,237999828997999;5701635,594999399967492;6,958176748000030;51,448108196000099
53392;5221021501212378870;5;1;12;0;2022;10;14;6;3;0;1;0;1;1;0;0;0;0;0;340427,569670253025834;5698475,101974070072174;6,705237378000050;51,415004572999997
53395;5221025608436993281;5;3;34;36;2022;10;7;3;3;5;3;1;0;1;1;0;0;0;0;298028,312999072019011;5634961,467995909973979;6,131823540000030;50,831080809000099
53397;5221020506100691533;5;1;16;0;2022;10;9;5;3;5;3;0;0;1;1;0;0;0;0;320759,053994752001017;5671392,211845209822059;6,436272222000070;51,165843209000101
53399;5221016601700581745;5;3;16;0;2022;10;15;1;3;0;7;0;1;1;0;1;0;0;0;362878,375622652994934;5654214,619614159688354;7,044803714000070;51,023116081000097
53402;5221027316400591188;5;9;74;44;2022;10;22;5;3;0;2;2;0;1;1;0;0;0;0;455209,981916829012334;5700134,586034960113466;8,355422445000039;51,450620616000002
53408;5221029513130982342;5;1;62;22;2022;10;12;7;2;5;3;0;0;1;0;0;0;0;0;339276,769999683019705;5679532,954998999834061;6,697247299000030;51,244490117000097
53411;5221023317140408077;5;9;78;28;2022;10;18;1;3;8;7;1;1;1;0;0;0;0;0;402547,547257693018764;5701310,923968049697578;7,597406243000020;51,454580435000103
53416;5221028503300581513;5;1;20;0;2022;10;14;6;3;1;5;0;0;1;1;0;0;0;0;372056,107919922971632;5671399,406730280257761;7,169502416000060;51,179684709000099
53432;5221029500100295951;5;1;11;0;2022;10;22;7;2;0;1;2;0;1;0;0;0;0;0;343683,930999722972047;5677970,558999129571021;6,761020072000060;51,231676323000002
53436;5221028608200789922;5;3;34;2;2022;10;23;6;3;1;5;2;0;1;1;0;0;0;0;295347,240746012015734;5628776,552411709912121;6,097248509000050;50,774591063999999
53442;5221018601200993622;5;3;15;0;2022;10;9;3;3;0;1;0;1;1;0;0;0;0;0;353479,513999796006829;5643037,641999330371618;6,915382043000020;50,920354897999999
53444;5221017709110006918;5;5;66;8;2022;10;7;2;3;0;7;1;0;1;0;1;0;0;0;397425,976168663008139;5780657,935679810121655;7,500227914000050;52,166863700000100
53449;5221026601100648322;5;3;15;0;2022;10;11;4;3;6;4;0;0;1;1;1;0;0;0;354806,020667575008702;5644682,007133989594877;6,933586829000030;50,935467723999999
53452;5221028601400593422;5;3;15;0;2022;10;15;6;3;5;2;0;0;1;1;0;0;0;0;352524,764999789011199;5651484,367999319918454;6,898385339000070;50,996018343999999
53455;5221020600130086347;5;3;82;8;2022;10;17;5;3;5;3;0;1;1;1;0;0;0;0;374230,989999905985314;5612336,619999519549310;7,220963999000050;50,649296579000101
53456;5221028400100992643;5;7;11;0;2022;10;13;6;3;5;2;0;0;1;1;0;0;0;0;467083,839253283978906;5771887,637420649640262;8,519489875000030;52,096566730000099
53460;5221026313240213801;5;9;58;40;2022;10;16;4;3;5;3;0;0;1;1;0;0;0;0;449045,570882919011638;5666180,911331689916551;8,271564980000051;51,144811439000101
53461;5221019601300587598;5;3;15;0;2022;10;19;4;3;4;7;2;0;1;1;0;0;0;0;352646,284253448015079;5647151,608252160251141;6,901871923000040;50,957113143000100
53462;5221024608100094810;5;3;34;2;2022;10;18;2;3;5;3;0;0;1;1;0;0;0;0;291856,570321045001037;5628750,829046419821680;6,047821689000050;50,773118113000102
53467;5221024400200186996;5;7;11;0;2022;10;15;2;3;0;7;0;0;1;1;0;0;0;0;470688,104319381993264;5765214,341077379882336;8,572676301000060;52,036772450999997
53469;5221015702100079126;5;5;15;0;2022;10;19;7;3;8;1;2;1;1;0;0;0;0;0;406418,117999979003798;5761347,454999660141766;7,636961118000040;51,994893754000003
53471;5221025300800796516;5;9;54;36;2022;10;7;3;3;3;6;1;0;1;1;0;0;0;0;385198,487120875972323;5699796,561491469852626;7,348302644000060;51,437717162000098
53473;5221028300300575641;5;9;11;0;2022;10;8;6;3;5;3;0;0;1;1;0;0;0;0;385005,253999940003268;5702725,128999600186944;7,344571845000080;51,464000077999998
53475;5221028515110554329;5;1;54;36;2022;10;13;6;3;4;6;0;0;1;0;0;1;0;0;301990,181565522972960;5742886,155278289690614;6,128072773000040;51,801714769999997
53479;5221020317120375376;5;9;78;16;2022;10;13;5;2;0;1;0;0;1;0;0;0;0;0;405344,138999978022184;5705528,984999629668891;7,636513932000070;51,492972023000000
53481;5221016608100794786;5;3;34;2;2022;10;5;1;3;0;7;2;1;1;0;0;0;0;0;293690,667998977005482;5628234,327995260246098;6,074088676000030;50,769134508000000
53484;5221027301205784915;5;9;13;0;2022;10;15;5;2;1;5;0;0;1;1;0;0;0;0;387153,393999945023097;5714131,057999609969556;7,371830465000070;51,566949862000101
53489;5221024606400195393;5;3;78;24;2022;10;7;2;3;0;7;0;1;1;0;0;0;0;0;380473,926999926974531;5645699,319999559782445;7,298370108000030;50,950503758000103
53500;5221029300600964543;5;9;16;0;2022;10;1;7;3;0;1;2;0;1;0;0;0;0;0;376160,762690289004240;5709404,841819950379431;7,214969493000070;51,522167045000103
53501;5221017404302096829;5;7;66;48;2022;10;7;2;3;4;6;2;1;1;0;0;0;0;0;479201,559711649024393;5761719,441119220107794;8,696999899000049;52,005735227000102
53503;5221026500200986705;5;1;11;0;2022;10;14;4;3;5;2;0;0;1;1;0;0;0;0;346084,994999743998051;5680260,022999189794064;6,794399875000070;51,252900830000002
53504;5221024502409578788;5;1;17;0;2022;10;14;2;2;0;7;0;1;1;0;0;0;0;0;350904,264162674022373;5699823,124953630380332;6,855214999000050;51,429969200000102
53510;5221027500200172199;5;1;11;0;2022;10;15;5;3;3;6;0;0;1;1;0;0;0;1;346642,290999748976901;5677791,635999199934304;6,803436750000060;51,230871260000100
53518;5221017317140395246;5;9;78;28;2022;10;16;2;3;0;1;0;1;1;0;0;0;0;0;399146,305587165988982;5699836,294807139784098;7,548890456000040;51,440729408000003
53520;5221019608408089896;5;3;34;8;2022;10;16;4;3;5;3;0;0;1;0;0;0;0;1;300480,869951653003227;5646417,744484660215676;6,160353381000050;50,934827523000102
53523;5221022315260580375;5;9;70;32;2022;10;12;7;3;0;3;0;0;1;1;0;0;0;0;437258,549999998009298;5640343,923999610356987;8,107552478000059;50,911331089999997
53525;5221027315110589946;5;9;70;40;2022;10;18;5;3;5;3;1;0;1;0;0;0;0;1;431555,145958107023034;5639114,551504570059478;8,026668599000059;50,899629160000103
53534;5221019506100286189;5;1;16;0;2022;10;6;4;3;4;6;2;0;1;0;0;0;0;0;318126,227890398004092;5676101,596098640002310;6,396271446000070;51,207316302999999
53542;5221017405140087053;5;7;54;40;2022;10;6;2;3;5;3;2;1;1;1;0;0;0;0;459483,427304206008557;5764310,897727360017598;8,409443940000070;52,027944545000103
53543;5221014711113596688;5;5;70;52;2022;10;17;6;3;3;3;1;1;1;1;0;0;0;0;432054,020859892014414;5756802,535048699937761;8,011181597000069;51,957765264999999
53544;5221026505200086035;5;1;14;0;2022;10;15;4;2;5;3;0;0;1;1;0;0;0;0;329027,031999578000978;5689456,528998579829931;6,545784443000060;51,330661925000101
53547;5221025501111682310;5;1;12;0;2022;10;6;3;3;5;3;2;1;1;1;0;0;0;0;346298,218999746022746;5708346,769999179989100;6,785301655000070;51,505324157000103
53548;5221019404103182070;5;7;66;32;2022;10;15;4;3;5;3;0;0;1;1;0;0;0;0;504781,660089522018097;5748728,779330099932849;9,069480937000041;51,889304838999998
53551;5221020706200595002;5;5;58;20;2022;10;13;5;3;5;3;0;1;1;1;0;0;0;0;391725,372638168977574;5758134,990498419851065;7,424053667000070;51,963351208000098
53553;5221119411224577875;5;7;74;24;2022;11;0;7;3;9;1;2;2;1;0;0;0;0;0;476323,676119245996233;5742573,230067360214889;8,656391198000049;51,833477885000001
53556;5221114405148992963;5;7;54;48;2022;11;14;2;1;4;2;0;0;1;1;0;0;0;0;445101,755999998014886;5769314,125999669544399;8,199036876000040;52,071686552000102
53557;5221121301101680584;5;9;13;0;2022;11;7;2;3;5;3;1;0;1;1;0;0;0;0;393263,145094248000532;5708460,748992430046201;7,461667569000040;51,517172428000002
53560;5221107701300586110;5;5;62;14;2022;11;10;2;3;5;2;0;0;1;1;0;0;0;0;360468,037999843014404;5715097,288999440148473;6,986657444000060;51,569661397000097
53563;5221104516800886879;5;1;58;20;2022;11;12;6;3;0;7;0;1;1;0;0;0;0;0;356291,833994367974810;5662022,126008289866149;6,947849696000050;51,091670764000099
53564;5221115505100096021;5;1;14;0;2022;11;7;3;3;0;1;1;1;1;0;0;0;0;0;332915,135999621998053;5689358,572998760268092;6,601588699000050;51,330937501999998
53566;5221113316300594260;5;9;74;16;2022;11;3;1;3;6;6;2;0;1;0;1;0;0;0;458354,731410832027905;5719379,029350380413234;8,398399167000040;51,623890844000101
53572;5221108606100086365;5;3;78;4;2022;11;19;3;3;0;1;2;0;1;0;0;0;0;0;367663,454999877023511;5647675,500999489799142;7,115375935000030;50,965466289000098
53574;5221110502407078788;5;1;17;0;2022;11;6;5;3;1;5;2;0;1;1;0;0;0;0;351280,654302949027624;5693053,161409609951079;6,863462742000020;51,369235806000098
53576;5221113700000992978;5;5;13;0;2022;11;15;1;2;0;1;0;0;1;0;0;0;0;0;369854,351999889011495;5705880,165999529883265;7,125420071000060;51,489073187000002
53577;5221120601100399029;5;3;15;0;2022;11;17;1;3;5;2;2;1;1;1;0;0;0;0;355146,431023722980171;5644660,924493360333145;6,938436602000020;50,935363862000003
53578;5221101411133451315;5;7;74;32;2022;11;18;3;3;2;6;2;0;1;0;0;0;0;0;485453,618862244009506;5734953,179912759922445;8,789210314000060;51,765276874999998
53580;5221107516900186640;5;1;58;26;2022;11;7;2;1;5;3;0;0;1;1;0;0;0;0;352357,700999789987691;5665790,843999319709837;6,890168540000050;51,124538100000102
53585;5221112709700992981;5;5;66;28;2022;11;22;7;2;0;1;2;0;1;0;0;0;0;0;410213,864109470974654;5796091,076746759936213;7,683047177000050;52,307808817000101
53586;5221111300300043598;5;9;11;0;2022;11;12;6;3;0;1;0;0;1;0;0;0;0;0;379095,537377178028692;5708277,641337540000677;7,257637010000050;51,512672170000002
53595;5221106406110993094;5;7;58;12;2022;11;10;1;3;1;5;0;0;1;0;0;0;1;0;478778,244011614995543;5774510,000593690201640;8,690037917000041;52,120715672000102
53596;5221113514111586873;5;1;66;32;2022;11;16;1;3;5;2;0;0;1;1;0;0;0;0;315316,288694138987921;5681425,698662010021508;6,353345700000030;51,254238783000098
53601;5221103709500691846;5;5;66;76;2022;11;18;5;3;5;3;2;1;1;1;0;0;0;0;393199,402979849022813;5793275,281434300355613;7,434470502000070;52,279457466000103
53603;5221112500200579050;5;1;11;0;2022;11;12;7;3;5;3;0;0;1;1;0;0;0;0;343395,226948489027563;5689865,933425029739738;6,751673061000080;51,338478850999998
53610;5221118500200746012;5;1;11;0;2022;11;11;6;3;5;2;0;0;1;0;0;0;0;1;346918,665392605005763;5676561,854786260053515;6,807917421000070;51,219895183000098
53615;5221112310140289314;5;9;54;28;2022;11;10;7;3;5;3;0;0;1;1;0;0;0;0;378416,356999920972157;5686748,258999560028315;7,255238235000040;51,319027497999997
53619;5221113301101696736;5;9;13;0;2022;11;17;1;3;5;3;1;0;1;1;0;0;0;0;392158,383325149014127;5706207,016922700218856;7,446440816000060;51,496705134000102
53621;5221117411232992914;5;7;74;32;2022;11;7;5;3;5;3;0;1;1;1;0;0;0;0;476690,887000000977423;5728938,270999659784138;8,662635622000041;51,710899339999997
53623;5221103303100272318;5;9;15;0;2022;11;11;5;3;5;2;0;0;1;1;0;0;0;0;418902,842142386012711;5726292,812584009952843;7,826977306000060;51,681740517999998
53629;5221102706200993129;5;5;58;12;2022;11;6;4;2;0;3;1;0;1;1;0;0;0;0;373137,119003297004383;5756321,331559830345213;7,154310236000070;51,943122459999998
53630;5221103505100091610;5;1;14;0;2022;11;11;5;3;5;2;0;0;1;1;0;0;0;0;329926,039999588974752;5687831,701998629607260;6,559451873000060;51,316334312000002
53633;5221101701910555843;5;5;62;8;2022;11;15;3;3;5;2;0;0;1;1;0;0;0;0;384599,145025337988045;5722013,545052300207317;7,332400189000050;51,637278850000001
53636;5221116518200891444;5;1;70;24;2022;11;16;4;3;0;3;0;1;1;1;0;0;0;0;336528,183999661006965;5704133,577998889610171;6,646599013000070;51,464730858999999
53638;5221104400300990661;5;7;11;0;2022;11;13;6;3;0;1;0;0;1;0;0;0;0;0;465256,320354697993025;5760313,313127850182354;8,493989412000079;51,992395576000000
53639;5221115317110577793;5;9;78;36;2022;11;14;3;3;5;2;0;0;1;1;0;0;0;0;409966,468999982986134;5712296,394999640062451;7,701348632000080;51,554561888000102
53640;5221105400200576103;5;7;11;0;2022;11;18;7;2;5;3;2;0;1;1;0;0;0;0;470118,409000000974629;5761468,786999669857323;8,564698246000029;52,003067006999999
53642;5221117307000235929;5;9;62;52;2022;11;7;5;3;0;2;1;1;1;1;0;0;0;0;421222,186477314971853;5676394,055448439903557;7,871634663000070;51,233479337000098
53656;5221107600110578264;5;3;14;0;2022;11;9;2;3;0;1;0;0;1;0;0;0;0;0;364507,745675939018838;5623712,829662390053272;7,079332056000060;50,749364849000102
53657;5221116410120287133;5;7;70;32;2022;11;13;4;3;0;3;0;1;1;1;0;0;0;0;491737,067000001028646;5784808,291999679990113;8,879061153000070;52,213649939000000
53662;5221102502321071540;5;1;13;0;2022;11;7;4;3;0;7;0;0;1;1;0;0;0;0;357599,465935226995498;5703454,035172699950635;6,949998523000030;51,464318806000101
53664;5221108405152287128;5;7;54;52;2022;11;13;3;2;0;1;0;1;1;0;0;0;0;0;458730,512000160000753;5768864,879999839700758;8,397920350000049;52,068831099000100
53666;5221116701110789479;5;5;62;32;2022;11;14;4;2;0;7;0;0;1;0;0;0;0;0;380081,543999926012475;5718170,639999589882791;7,268465453000030;51,601796012000101
53669;5221112317250992985;5;9;78;32;2022;11;15;7;3;5;3;0;0;1;1;0;0;0;0;394014,448999959975481;5728274,728999629616737;7,466501998000070;51,695408940000000
53670;5221106516900686724;5;1;58;26;2022;11;12;1;2;0;7;0;1;1;0;0;0;0;0;352880,445224710972980;5663621,154290859587491;6,898518207000050;51,105175180000103
53675;5221115702100270631;5;5;15;0;2022;11;23;3;3;0;1;2;1;1;0;0;0;0;0;405446,183116021973547;5755479,182906090281904;7,624425234000060;51,941982675000098
53679;5221101410110096859;5;7;70;24;2022;11;10;3;3;0;1;0;0;1;0;0;0;0;0;496509,185056181973778;5794279,503184470348060;8,948809363000070;52,298852353000001
53681;5221107608100477574;5;3;34;2;2022;11;9;2;3;3;2;0;0;1;0;0;0;0;1;291881,732865725003649;5628784,780802500434220;6,048158865000060;50,773432057999997
53686;5221110700000596673;5;5;13;0;2022;11;19;5;3;6;7;2;0;1;0;1;0;0;0;367722,345066062989645;5708669,820146890357137;7,093683343000070;51,513648392000100
53689;5221108501327191398;5;1;12;0;2022;11;17;3;3;0;7;2;0;1;1;0;0;0;0;343515,409999724011868;5693368,528999109752476;6,751856525000050;51,369982868000100
53690;5221031315210273287;5;9;70;24;2022;10;8;2;3;0;7;0;0;1;1;0;0;0;0;428639,532511526020244;5646743,242203249596059;7,983719531000080;50,967867163999998
53691;5221116705000981028;5;5;54;12;2022;11;7;4;3;5;3;2;1;1;1;0;0;0;0;351630,323999790009111;5746515,167999289929867;6,845855844000030;51,849697594000098
53693;5221111601400085246;5;3;15;0;2022;11;18;6;3;5;3;0;0;1;1;0;0;0;0;346366,324204962991644;5645466,153719910420477;6,813232676000040;50,940327648000000
53696;5221113602400194820;5;3;62;32;2022;11;15;1;3;0;1;0;0;1;0;0;0;0;0;338606,394999672018457;5638726,133999000303447;6,705853495000040;50,877646101000003
53705;5221121405228992842;5;7;54;28;2022;11;21;2;3;5;3;2;0;1;1;0;0;0;0;451434,158000000985339;5746194,933999669738114;8,294688766000039;51,864429142000098
53721;5221111317110580590;5;9;78;36;2022;11;14;6;3;4;2;0;0;1;1;0;0;0;0;408272,620999981008936;5710101,566999640315771;7,677495540000050;51,534559119999997
53724;5221110410210993022;5;7;70;20;2022;11;13;5;2;3;6;0;0;1;0;0;0;0;1;473416,883447711996268;5795332,625859250314534;8,610096732000040;52,307688050000102
53730;5221118301103080881;5;9;13;0;2022;11;16;6;2;0;7;0;0;1;0;1;0;0;0;391210,591799784975592;5704614,023831429891288;7,433283412000040;51,482205100999998
53734;5221104405108880589;5;7;54;8;2022;11;16;6;3;5;3;1;0;1;1;0;0;0;0;458910,376152281009126;5750558,042933089658618;8,402737656000060;51,904257066000099
53739;5221109607300736283;5;3;82;76;2022;11;10;4;3;5;3;0;0;1;1;0;0;0;0;402040,562808894028421;5629135,324918289668858;7,609734036000020;50,805662302000002
53741;5221030317220675335;5;9;78;4;2022;10;15;1;3;0;1;0;1;1;0;0;0;0;0;404005,278999975998886;5716909,927999639883637;7,614129277000070;51,595049949000000
53744;5221031501126993201;5;1;12;0;2022;10;12;2;3;3;6;0;0;1;1;0;0;0;0;345280,317999739025254;5704503,818999160081148;6,772330642000040;51,470517733000101
53746;5221109709000993050;5;5;66;72;2022;11;13;4;3;0;1;0;0;1;0;0;0;0;0;413958,373375618015416;5799765,708087380044162;7,737015334000030;52,341436913999999
53750;5221101513210190849;5;1;62;24;2022;11;15;3;3;4;6;0;0;1;0;0;0;0;0;343079,822024594002869;5668688,249234939925373;6,756429823000080;51,148106253999998
53756;5221112516500286735;5;1;58;16;2022;11;13;7;3;0;7;0;0;1;0;0;0;0;0;355957,045554004027508;5670577,073288239538670;6,939652833000030;51,168465720000000
53758;5221110701110993025;5;5;62;32;2022;11;9;5;3;5;3;0;0;1;1;0;0;0;0;373245,293999901972711;5719064,466999550350010;7,169484693000070;51,608331735000000
53762;5221118516600386919;5;1;58;4;2022;11;23;6;2;0;7;2;1;1;0;0;0;0;0;352894,692691573989578;5677104,865656389854848;6,893206352000050;51,226345827000003
53768;5221112313231210007;5;9;58;48;2022;11;22;7;3;9;1;2;0;1;0;0;0;0;0;463965,461622653005179;5668113,113798390142620;8,484652301000040;51,163319425000097
53770;5221106404302496925;5;7;66;48;2022;11;9;1;3;5;3;0;0;1;1;0;0;0;0;478493,492000000027474;5760225,098999669775367;8,686778427000039;51,992272874000001
53771;5221113518200579399;5;1;70;24;2022;11;17;1;3;5;3;2;0;1;1;0;0;0;0;336226,401999655994587;5703890,558998879976571;6,642370968000020;51,462460295000000
53776;5221114513210146534;5;1;62;24;2022;11;9;2;3;4;1;0;0;1;0;0;0;0;1;338179,083834081015084;5674975,037375300191343;6,683591585000040;51,203227843999997
53782;5221118500100285417;5;1;11;0;2022;11;8;6;3;5;2;0;0;1;1;0;0;0;0;342777,269999714975711;5678295,811999100260437;6,747901585000020;51,234349725000101
53785;5221116601300069669;5;3;15;0;2022;11;15;4;3;1;5;0;0;1;1;0;0;0;0;353926,244503342022654;5646128,975941279903054;6,920494344000080;50,948248981000098
53787;5221104515110356537;5;1;54;36;2022;11;10;6;3;3;2;0;1;1;1;0;0;0;0;301350,874578004004434;5740043,161460819654167;6,120440394000070;51,775958234000001
53788;5221115503100992950;5;1;24;0;2022;11;15;3;3;0;7;0;0;1;0;0;0;0;0;372795,476999899023212;5678441,959999539889395;7,177577304000070;51,243145533000103
53792;5221109701110499300;5;5;62;32;2022;11;10;4;2;3;6;0;0;1;0;0;0;0;0;374225,649880521988962;5718130,404228949919343;7,183969734000070;51,600157113000101
53794;5221030301101985293;5;9;13;0;2022;10;15;1;3;0;1;0;0;1;0;0;0;0;0;393310,699156084971037;5707674,959010560065508;7,462590503000060;51,510118364999997
53814;5221111610112294916;5;3;70;8;2022;11;18;6;2;3;7;2;0;1;1;0;0;0;0;288859,942062059009913;5653447,416595909744501;5,991117105000060;50,993818771000100
53815;5221104602800582253;5;3;62;12;2022;11;12;6;3;0;3;0;0;1;1;0;0;0;0;351616,525270976999309;5631906,413444460369647;6,893411043000070;50,819846882000000
53816;5221115506100291463;5;1;16;0;2022;11;14;3;3;5;3;0;1;1;1;0;0;0;0;323722,891999508021399;5672929,879998309537768;6,477866414000060;51,180577849000002
53817;5221105702100791748;5;5;15;0;2022;11;8;7;3;5;3;0;0;1;1;0;0;0;0;411978,158999983977992;5754086,112999659962952;7,719782724000030;51,930532420000098
53824;5221110405244993011;5;7;54;44;2022;11;17;5;2;5;2;2;0;1;1;0;0;0;0;463650,422000001010019;5749400,014999669976532;8,471755819000069;51,894175003999997
53826;5221114502111189697;5;1;13;0;2022;11;10;2;3;3;2;0;0;1;1;0;0;0;0;364976,940368816023692;5701167,027882610447705;7,057010378000030;51,445574520999998
53828;5221101601400099126;5;3;15;0;2022;11;14;3;3;0;7;0;0;1;1;0;0;0;0;355672,579795163008384;5650683,642734910361469;6,943530595000030;50,989620542000097
53831;5221116518200191633;5;1;70;24;2022;11;7;4;3;5;3;1;1;1;1;0;0;0;0;335987,018999657011591;5703665,896998870186508;6,639032241000050;51,460372587000101
53839;5221118514118089765;5;1;66;16;2022;11;16;6;1;5;3;1;1;1;1;0;0;0;0;311080,593655348988250;5685959,172200360335410;6,290321087000050;51,293571145000001
53845;5221103307000780383;5;9;62;24;2022;11;16;5;3;4;2;0;0;1;1;0;0;0;0;408718,893999980995432;5692297,265999630093575;7,688522973000030;51,374580910000098
53851;5221116404302272204;5;7;66;40;2022;11;16;4;3;5;3;1;0;1;1;0;0;0;0;483096,094999999972060;5763281,880999670363963;8,753659302000070;52,019915165999997