OBJECTID;UIDENTSTLAE;ULAND;UREGBEZ;UKREIS;UGEMEINDE;UJAHR;UMONAT;USTUNDE;UWOCHENTAG;UKATEGORIE;UART;UTYP1;ULICHTVERH;IstStrassenzustand;IstRad;IstPKW;IstFuss;IstKrad;IstGkfz;IstSonstige;LINREFX;LINREFY;XGCSWGS84;YGCSWGS84
53853;5221115303100566318;5;9;15;0;2022;11;15;3;3;3;2;0;0;1;1;0;0;0;0;416903,966999988013413;5725100,197999649681151;7,798355328000070;51,670727309000000
53855;5221119513210495671;5;1;62;24;2022;11;11;7;3;5;3;0;1;1;1;0;0;0;0;337088,413135686016176;5676027,967295690439641;6,667514764000030;51,212378145000102
53859;5221102608100985809;5;3;34;2;2022;11;11;4;3;0;1;0;1;1;0;0;0;0;0;294399,838784835999832;5628133,438157269731164;6,084188698000050;50,768480125000103
53862;5221030705000320896;5;5;54;20;2022;10;12;1;3;0;7;0;1;1;0;0;0;0;0;367531,041587757994421;5788838,896705710329115;7,060164440000050;52,234009057999998
53865;5221111516300078366;5;1;58;28;2022;11;10;6;3;5;3;0;0;1;1;0;0;0;0;348544,593545650015585;5685248,761500949971378;6,827504372000020;51,298386245000103
53867;5221104702100556496;5;5;15;0;2022;11;12;6;3;5;3;0;0;1;1;0;0;0;0;408812,537999981024768;5754085,600999659858644;7,673754171000040;51,930018193000102
53882;5221108300600395821;5;9;16;0;2022;11;17;3;3;5;3;2;1;1;1;0;0;0;0;373888,168999904009979;5712186,457999560050666;7,181233375000030;51,546662958000098
53890;5221109609256099651;5;3;58;56;2022;11;18;4;3;1;5;2;1;1;1;0;0;0;0;319888,694871418003459;5654211,976103750057518;6,432401846000060;51,011234700999999
53892;5221030300700993822;5;9;16;0;2022;10;10;1;3;5;3;0;0;1;1;0;0;0;0;373795,485999903990887;5712006,510999550111592;7,179961983000060;51,545025032000098
53893;5221118702100470583;5;5;15;0;2022;11;7;6;3;5;3;1;1;1;1;0;0;0;0;403811,034999976982363;5760936,159999660216272;7,599115932000070;51,990751457000002
53909;5221102513330245500;5;1;62;12;2022;11;13;4;3;5;3;0;0;1;1;0;0;0;0;329650,971999579982366;5665146,343998639844358;6,566282995000050;51,112446462999998
53911;5221108516500286640;5;1;58;16;2022;11;12;3;3;0;7;0;0;1;0;0;0;0;0;356936,057999819982797;5670505,757999380119145;6,953675101000040;51,168070564000097
53934;5221111301301594365;5;9;78;24;2022;11;6;6;3;5;3;2;0;1;1;0;0;0;0;397665,712325475993566;5717675,827918959781528;7,522413602000030;51,600818296000099
53938;5221108516800791137;5;1;58;20;2022;11;7;3;3;5;2;0;0;1;1;0;0;0;0;355824,713999812025577;5663866,753999370150268;6,940447141000050;51,108130336999999
53943;5221103316100588323;5;9;74;40;2022;11;11;5;3;5;3;0;0;1;1;0;0;0;0;439589,239999998011626;5713288,748999649658799;8,128393226000069;51,567434222000003
53944;5221114303100518601;5;9;15;0;2022;11;8;2;3;5;3;0;0;1;1;0;0;0;0;422558,724080763000529;5727168,110087529756129;7,879652109000060;51,690125277000000
53958;5221102518210789322;5;1;70;28;2022;11;15;4;3;5;3;0;0;1;1;0;0;0;0;328046,331169389013667;5701393,619461869820952;6,525942111000060;51,437603537000001
53964;5221111518110765788;5;1;70;12;2022;11;12;6;3;5;2;0;0;1;1;0;0;0;0;328244,189106311008800;5734931,097582450136542;6,512376323000070;51,738936279000001
53970;5221101314210358734;5;9;66;4;2022;11;13;3;3;2;6;0;0;1;0;0;0;0;0;419767,165999990014825;5661261,339999619871378;7,854174550000040;51,097226831000100
53975;5221119300500977742;5;9;11;0;2022;11;13;7;3;3;6;0;0;1;1;0;0;0;0;376330,184999914024957;5702943,780999570153654;7,219674340000040;51,464136107999998
53979;5221121301303384956;5;9;13;0;2022;11;10;2;3;5;2;0;1;1;1;0;0;0;0;399982,812999970978126;5705791,306999630294740;7,559237031000070;51,494406959999999
53983;5221116515000595883;5;1;54;36;2022;11;9;4;3;0;3;0;1;1;1;0;0;0;0;301151,693999208975583;5739435,645995790138841;6,117904877000060;51,770432078000098
53989;5221117310210484900;5;9;54;24;2022;11;14;5;3;5;3;0;0;1;1;0;0;0;0;379069,659244283975568;5683200,668537190183997;7,265811071000030;51,287281340000000
53996;5221110502403191520;5;1;17;0;2022;11;9;5;3;5;7;0;0;1;1;0;0;0;0;350411,233999777992722;5701781,118999280035496;6,847300731000080;51,447432769000002
53998;5221114301101994405;5;9;13;0;2022;11;17;2;3;3;1;1;0;1;1;0;0;0;0;394245,241999961028341;5707021,686999619938433;7,476248186000020;51,504422101999999
53999;5221120500300379205;5;1;11;0;2022;11;5;1;3;4;6;2;0;1;0;0;0;0;0;350220,626999775005970;5673487,529999270103872;6,856448042000070;51,193145489000102
54006;5221112404102076171;5;7;66;40;2022;11;10;7;3;5;3;0;0;1;1;0;0;0;0;486659,427000000025146;5759668,767999669536948;8,805728085000061;51,987527155000102
54009;5221118602300781863;5;3;62;36;2022;11;15;6;3;0;7;0;1;1;0;0;0;0;0;343970,925305094977375;5647436,185161000117660;6,778320483000070;50,957386796999998
54012;5221117301301773351;5;9;78;24;2022;11;18;5;2;0;7;2;1;1;0;0;0;0;0;397812,573401540983468;5716183,061195909976959;7,524968110000030;51,587427080000097
54015;5221109709500738473;5;5;66;76;2022;11;9;4;3;3;2;0;0;1;0;0;0;1;0;394339,706097391026560;5792893,143292699940503;7,451298648000030;52,276243464000103
54016;5221106303100390435;5;9;15;0;2022;11;14;1;3;5;3;0;0;1;0;0;1;0;0;420666,389999990991782;5726046,591999650001526;7,852536369000060;51,679779001999997
54021;5221115610221563900;5;3;70;20;2022;11;17;3;3;4;1;2;1;1;0;0;0;0;0;310442,952937243971974;5657188,714146809652448;6,296347322000030;51,034938109999999
54022;5221103605144275877;5;3;74;44;2022;11;16;5;2;5;2;0;0;1;1;0;0;0;0;402505,701030876021832;5637557,627166460268199;7,614091605000060;50,881458220000098
54023;5221114607400067694;5;3;82;68;2022;11;16;2;3;5;3;1;0;1;0;0;0;0;0;370291,264262537995819;5630281,898957620374858;7,158952480000040;50,809730070000100
54030;5221108316500037704;5;9;74;20;2022;11;6;3;3;5;3;2;0;1;1;0;0;0;0;462800,472999999998137;5720945,306999649852514;8,462451977000059;51,638284925999997
54034;5221111709000542371;5;5;66;12;2022;11;6;6;3;5;3;1;0;1;1;0;0;0;0;400000,724999969999772;5770231,908999660052359;7,540924541000040;52,073628658000104
54035;5221104603228834012;5;3;66;28;2022;11;10;6;2;0;1;0;0;1;0;0;0;0;0;331249,177666165982373;5603241,420671289786696;6,617596841000020;50,556710829000103
54036;5221115600110395282;5;3;14;0;2022;11;20;3;3;5;2;2;1;1;1;0;0;0;0;365207,011999865993857;5621691,681999470107257;7,089977960000060;50,731361769000003
54044;5221031600380199954;5;3;14;0;2022;10;13;2;3;5;2;0;0;1;1;0;0;0;0;371075,375839309010189;5614113,388405949808657;7,175732083000070;50,664577204000103
54052;5221116506100992927;5;1;16;0;2022;11;15;4;3;5;2;0;0;1;1;0;0;0;0;322438,336083656991832;5674732,588052329607308;6,458615476000030;51,196374747999997
54053;5221111701300681306;5;5;62;14;2022;11;19;6;3;5;3;2;0;1;1;0;0;0;0;360782,340999844018370;5714999,212999439798295;6,991228456000040;51,568857768000001
54054;5221104411232993110;5;7;74;32;2022;11;7;6;3;5;3;0;0;1;1;0;0;0;0;480310,347999999998137;5733010,297999659553170;8,714790790000050;51,747650732000103
54056;5221105301101180426;5;9;13;0;2022;11;7;7;3;5;3;0;0;1;1;0;0;0;0;392857,456999958027154;5708020,444999620318413;7,455956760000050;51,513137981000099
54060;5221102701110467107;5;5;62;32;2022;11;18;4;2;5;3;2;0;1;1;0;0;0;0;375996,639999912003987;5720912,854999570176005;7,208542733000060;51,625556136000100
54068;5221104601200693575;5;3;15;0;2022;11;10;6;3;0;1;0;1;1;0;0;0;0;0;355039,204999806999695;5643524,441999359987676;6,937363563000080;50,925123608000000
54069;5221115506100789902;5;1;16;0;2022;11;18;3;2;3;3;2;1;1;1;0;0;0;0;320501,656149821006693;5674191,834200309589505;6,431196387000060;51,190912025000003
54075;5221111313220355560;5;9;58;24;2022;11;11;6;3;5;3;0;0;1;1;0;0;0;0;489959,604851482028607;5700832,414302189834416;8,855483206000031;51,458578052000099
54083;5221101701910594974;5;5;62;8;2022;11;10;3;3;5;2;0;0;1;1;0;0;0;0;381951,473999932990409;5726213,384999600239098;7,292740043000040;51,674475450999999
54085;5221107702100599922;5;5;15;0;2022;11;18;2;3;3;3;1;1;1;0;0;0;0;0;405447,992318039003294;5756225,917684449814260;7,624246172000030;51,948694969000002
54087;5221111607500284933;5;3;82;56;2022;11;18;6;3;2;6;2;0;1;0;0;0;0;0;374692,736609373998363;5623356,251462209969759;7,223753483000050;50,748447693999999
54095;5221030411132672320;5;7;74;32;2022;10;15;1;3;8;6;0;0;1;0;0;0;0;0;480850,714953735005111;5731686,155730010010302;8,722690926000039;51,735763770000098
54104;5221101407243096794;5;7;62;24;2022;11;12;3;3;5;3;0;0;1;1;0;0;0;0;511677,819099038024433;5739988,596841029822826;9,169391453000060;51,810618727000097
54106;5221117705000664594;5;5;54;20;2022;11;6;5;3;5;3;2;1;1;1;0;0;0;0;367986,598999882990029;5784390,391999529674649;7,068566428000050;52,194146371000002
54110;5221114700000075467;5;5;13;0;2022;11;6;2;1;5;3;2;0;1;1;0;0;0;0;365479,995114066987298;5714341,694456939585507;7,059219992000070;51,564089302000099
54115;5221108502111687351;5;1;13;0;2022;11;9;3;3;5;2;0;0;1;1;0;0;0;0;367950,153999880014453;5703036,762999510392547;7,099071499000050;51,463078598999999
54116;5221030702100355909;5;5;15;0;2022;10;19;1;3;4;6;2;0;1;0;0;0;0;1;405506,124688534007873;5751876,280422359704971;7,626286169000020;51,909608227000000
54121;5221105705000881928;5;5;54;28;2022;11;9;7;3;5;3;0;0;1;1;0;0;0;0;356870,391999823972583;5742740,348999380134046;6,923441447000070;51,817147822999999
54123;5221101301302038937;5;9;13;0;2022;11;16;3;2;0;1;0;0;1;0;0;0;0;0;399073,922239915002137;5709049,960701970383525;7,545216069000050;51,523536863000103
54127;5221114513310781756;5;1;62;8;2022;11;20;2;2;5;3;2;0;1;1;0;0;0;0;333227,946999620005954;5664094,743998790159822;6,617824173000030;51,104050325999999
54129;5221110513130294874;5;1;62;22;2022;11;8;5;3;0;1;0;1;1;0;0;0;0;0;338951,728999682003632;5680017,684998990036547;6,692376279000030;51,248753655000002
54139;5221104600140971665;5;3;14;0;2022;11;16;6;3;0;1;1;1;1;0;0;0;0;0;367465,881999876000918;5622859,952999480068684;7,121547606000040;50,742382056000103
54144;5221117518100044090;5;1;70;48;2022;11;11;5;3;0;1;0;1;1;0;0;0;0;0;334990,203377622005064;5727034,977235780097544;6,613725656000040;51,670027410000003
54146;5221111307000094340;5;9;62;8;2022;11;15;6;3;7;1;0;0;1;0;0;0;0;1;419356,738999989989679;5686419,595999630168080;7,842658032000030;51,323350720000100
54150;5221103502405689496;5;1;17;0;2022;11;14;5;3;0;3;0;0;1;1;0;0;0;0;356320,969999819004443;5699436,622999380342662;6,933237115000050;51,427895422000098
54156;5221116601100590376;5;3;15;0;2022;11;15;4;3;0;5;0;0;1;1;0;0;0;0;355359,346712375991046;5643937,744290810078382;6,941751723000040;50,928918228000001
54161;5221117406210031882;5;7;58;4;2022;11;17;5;3;5;3;2;1;1;1;0;0;0;0;470522,171438961988315;5783720,747941980138421;8,568654172000040;52,203145882000101
54167;5221031516300586888;5;1;58;28;2022;10;13;2;3;4;6;0;0;1;0;0;0;0;0;348978,914810382993892;5686961,559196230024099;6,833004505000080;51,313892119000101
54169;5221109513210594874;5;1;62;24;2022;11;6;4;3;5;3;2;0;1;1;0;0;0;0;340628,532631542999297;5672831,248542400076985;6,719576046000040;51,184654346000102
54191;5221110706000896610;5;5;58;24;2022;11;18;5;3;5;3;2;0;1;1;0;0;0;0;392214,677999956998974;5736465,305999630130827;7,437935271000070;51,768683382000098
54192;5221030407000990542;5;7;62;32;2022;10;9;1;3;1;5;0;0;1;1;0;0;0;0;503511,048607308010105;5742531,848032520152628;9,050955069000050;51,833596642000003
54193;5221118702100296697;5;5;15;0;2022;11;13;6;3;5;3;0;1;1;1;0;0;0;0;405610,652999977988657;5752104,896999659948051;7,627742646000060;51,911680873000101
54199;5221113706100787304;5;5;58;16;2022;11;15;1;2;6;6;0;0;1;0;1;0;0;0;381815,032024466025177;5742652,187311800196767;7,285180956000030;51,822187665999998
54206;5221114609224471721;5;3;58;24;2022;11;8;2;3;0;1;1;0;1;0;0;0;0;0;314165,632465210976079;5645100,039403970353305;6,355562876000020;50,927562266999999
54208;5221110608332794793;5;3;34;32;2022;11;13;5;3;5;2;0;0;1;1;0;0;0;0;311391,295218291983474;5627638,740086689591408;6,325121398000020;50,769808985000097
54209;5221102513130982342;5;1;62;22;2022;11;10;4;3;2;6;0;0;1;0;0;0;0;0;339307,842634438013192;5679457,101568349637091;6,697726148000070;51,243817339000003
54211;5221108405108993077;5;7;54;8;2022;11;7;3;3;0;2;0;0;1;1;0;0;0;0;457303,954999999026768;5753830,713999659754336;8,378982972000070;51,933559391000102
54215;5221111518100573951;5;1;70;48;2022;11;17;6;3;5;3;1;0;1;1;0;0;0;0;330956,780999607988633;5729932,615998620167375;6,554050240000040;51,694858664000002
54217;5221104705000581002;5;5;54;20;2022;11;7;6;3;3;6;1;0;1;1;0;0;0;0;365569,794998029014096;5781809,566485470160842;7,034252639000040;52,170372773000103
54218;5221106315120985296;5;9;70;16;2022;11;13;1;3;0;6;0;0;1;0;1;0;0;0;420608,567943304020446;5637838,152905900031328;7,871308475000030;50,886751751000098
54221;5221117600310293585;5;3;14;0;2022;11;8;5;3;5;2;0;1;1;1;0;0;0;0;363095,463974147976842;5620568,508304550312459;7,060492357000040;50,720773129000101
54226;5221110601200193575;5;3;15;0;2022;11;13;5;3;0;3;0;0;1;1;0;0;0;0;354515,446999803010840;5643607,490999350324273;6,929883104000060;50,925738107000001
54228;5221121410210795672;5;7;70;20;2022;11;16;2;2;5;3;0;0;1;1;0;0;0;0;474717,029640001012012;5795616,014229820109904;8,629144667000050;52,310297200000001
54231;5221118410120495540;5;7;70;32;2022;11;15;6;3;0;7;0;0;1;0;0;0;0;1;495142,932792929001153;5790757,767565670423210;8,928824884000051;52,267179745000099
54232;5221107702100979192;5;5;15;0;2022;11;10;2;2;0;1;0;0;1;0;0;0;0;0;401713,398999973025639;5752767,832999659702182;7,570912808000060;51,916965443999999
54234;5221116601300599868;5;3;15;0;2022;11;8;4;3;0;3;0;1;1;1;0;0;0;0;352750,882999791996554;5649419,318999320268631;6,902442224000030;50,977518711000101
54238;5221105601500196798;5;3;15;0;2022;11;8;7;3;6;6;0;1;1;0;1;0;0;0;363246,602941164979711;5649737,278976189903915;7,051737703000070;50,982964643000102
54244;5221118709300678428;5;5;66;36;2022;11;7;6;3;5;2;0;1;1;1;0;0;0;0;387349,138999946997501;5768371,289999630302191;7,357018431000030;52,054477925000100
54245;5221031601400599880;5;3;15;0;2022;10;11;2;2;5;3;0;0;1;1;0;0;0;0;357361,876999821979553;5646880,120999390259385;6,969076457000030;50,955859838999999
54246;5221110405228079364;5;7;54;28;2022;11;15;5;2;4;2;0;0;1;1;0;0;0;0;452516,484999999986030;5743574,354999659582973;8,310765953000040;51,840961911000100
54249;5221120705000020880;5;5;54;20;2022;11;19;1;3;0;5;2;1;1;1;0;0;0;0;362289,555212053004652;5786871,776219660416245;6,984261033000050;52,215048482999997
54256;5221105316200294361;5;9;74;52;2022;11;16;7;3;2;7;1;0;1;1;0;0;0;0;424971,848844930005725;5711357,293582100421190;7,917942150000040;51,548314785999999
54261;5221118515110992898;5;1;54;36;2022;11;6;6;3;4;6;2;1;1;0;0;0;0;0;302747,630817994999234;5739728,714736210182309;6,140838672000030;51,773628372000097
54264;5221116702100479181;5;5;15;0;2022;11;17;4;2;0;1;2;0;1;0;0;0;0;0;403998,657936275005341;5761396,214747220277786;7,601718745000030;51,994919025000101
54270;5221101502402077747;5;1;17;0;2022;11;10;3;3;2;1;0;0;1;1;0;0;0;0;352975,454999795998447;5702181,558999319560826;6,884008198000060;51,451702506000103
54273;5221116301301373351;5;9;78;24;2022;11;11;4;3;0;7;0;0;1;0;0;0;0;1;397234,734560757991858;5720054,914768150076270;7,515495515000050;51,622124329000002
54275;5221115302100585268;5;9;14;0;2022;11;14;3;1;0;3;0;0;1;0;0;0;1;0;392363,489999955985695;5690631,461999610066414;7,454126724000050;51,356742496000003
54285;5221108608200977510;5;3;34;2;2022;11;8;3;3;5;3;0;0;1;0;0;0;0;0;297129,088079472014215;5630249,293575249612331;6,121675080000050;50,788444350000098
54289;5221106601400986319;5;3;15;0;2022;11;0;1;3;7;1;2;0;1;0;0;0;0;0;358221,958078789990395;5647308,815450640395284;6,981147388000070;50,959924746000098
54292;5221117600120634669;5;3;82;24;2022;11;13;5;3;5;2;0;1;1;1;0;0;0;0;376060,065939410997089;5618471,538848469965160;7,244767561000060;50,704834036000101
54298;5221110513210993017;5;1;62;24;2022;11;15;5;2;0;1;0;0;1;0;0;0;0;0;340451,198897272988688;5672064,610285069793463;6,717381151000040;51,177716577000098
54299;5221103601200381846;5;3;15;0;2022;11;18;5;3;4;6;2;1;1;1;0;0;0;1;354192,567999802005943;5644492,894999340176582;6,924937890000020;50,933613460000103
54306;5221111701400390525;5;5;12;0;2022;11;15;6;3;5;2;0;0;1;1;0;0;0;0;353895,984256186988205;5709774,086223220452666;6,894105204000030;51,520164792999999
54312;5221109606100381682;5;3;78;4;2022;11;6;4;3;0;3;1;1;1;0;0;1;0;0;368323,092999881017022;5650338,684999500401318;7,123799879000050;50,989553373000000
54314;5221111600110894841;5;3;14;0;2022;11;11;6;3;5;3;0;0;1;0;0;0;0;0;363454,014881127979606;5624741,022451239638031;7,064022669000050;50,758359085000102
54323;5221114603116496628;5;3;66;16;2022;11;22;2;3;0;1;2;0;1;0;0;0;0;0;347952,661697618023027;5614026,552190329879522;6,848811301000070;50,658218412000103
54326;5221103702100056496;5;5;15;0;2022;11;15;5;3;4;2;0;0;1;1;0;0;0;0;404269,352999977010768;5748480,063999660313129;7,609255066000060;51,878870259999999
54330;5221108300400044608;5;9;11;0;2022;11;7;3;3;0;6;0;0;1;0;1;0;0;0;370926,860319695028011;5698985,215087030082941;7,143375955000070;51,427353676999999
54335;5221115515111078984;5;1;54;8;2022;11;8;3;3;5;3;0;1;1;1;0;0;0;0;311686,596999372995924;5747792,214997130446136;6,265863996000060;51,849125088999998
54351;5221107602700848401;5;3;62;28;2022;11;5;2;3;5;3;2;1;1;1;0;0;0;0;350169,292999772005714;5640531,658999280072749;6,869349128000070;50,896985062000098
54357;5221109514124993044;5;1;66;20;2022;11;15;4;3;1;3;0;0;1;1;0;0;0;0;301695,782999171991833;5677504,121996209956706;6,160572672000060;51,214445654000002
54358;5221110709500993019;5;5;66;76;2022;11;14;5;3;0;1;0;0;1;0;0;0;0;0;397361,006999968027230;5787491,724999659694731;7,497207894000040;52,228270744000000
54360;5221118601200181846;5;3;15;0;2022;11;8;6;3;0;1;0;1;1;0;0;0;0;0;351738,755999782995787;5643568,260999299585819;6,890417554000070;50,924678669999999
54364;5221109500100087350;5;1;11;0;2022;11;10;4;3;5;3;0;0;1;1;0;0;0;0;346504,054999745974783;5676075,062999200075865;6,802193369000070;51,215409776999998
54370;5221101505200586182;5;1;14;0;2022;11;16;3;3;5;3;1;0;1;0;0;1;0;0;331086,904999602993485;5691207,897998680360615;6,574493365000020;51,347011614000102
54373;5221115605104214076;5;3;74;4;2022;11;5;3;2;5;3;2;1;1;1;0;0;0;0;404981,517952330992557;5652929,596654869616032;7,645263325000030;51,020065743000004
54374;5221103709110496522;5;5;66;8;2022;11;16;5;2;0;7;1;1;1;0;0;0;0;0;400942,897173452016432;5779515,933959979563951;7,551965218000020;52,157242003000100
54376;5221112410120182043;5;7;70;32;2022;11;18;7;2;0;1;2;0;1;0;0;0;0;0;495110,006568194017746;5787673,839300280436873;8,928387049000040;52,239453201000103
54379;5221103601600593563;5;3;15;0;2022;11;19;5;3;4;2;2;1;1;1;0;0;0;0;365588,716999866010156;5635782,971999470144510;7,090227413000040;50,858100354000001
54380;5221102405108993125;5;7;54;8;2022;11;13;4;3;5;3;0;0;1;1;0;0;0;0;461558,835000001010485;5750064,724999659694731;8,441287576000040;51,900010852999998
54381;5221102518120078904;5;1;70;44;2022;11;12;4;3;0;1;0;1;1;0;0;0;0;0;337697,352144734992180;5722633,569850459694862;6,654881620000030;51,631273903000100
54387;5221111516700986758;5;1;58;8;2022;11;15;6;3;5;3;0;0;1;1;0;0;0;0;359117,380443032016046;5672300,837576920166612;6,984151324000040;51,184743783000002
54389;5221104514114096095;5;1;66;24;2022;11;11;6;3;4;2;0;1;1;1;0;0;0;0;309361,712999302020762;5676715,184997140429914;6,270620635000060;51,209969951000097
54391;5221105502409772145;5;1;17;0;2022;11;17;7;3;5;3;2;0;1;1;0;0;0;0;350208,985290932003409;5699652,585259919986129;6,845292907000040;51,428253462999997
54393;5221031601100599016;5;3;15;0;2022;10;18;2;3;0;3;2;0;1;0;0;0;0;1;355551,882999809982721;5644713,653999360278249;6,944182136000050;50,935939427000100
54396;5221111500300992994;5;1;11;0;2022;11;14;6;3;0;3;0;0;1;0;0;0;0;1;345088,218033258977812;5676456,561563500203192;6,781772352000080;51,218455359000103
54399;5221110601200993027;5;3;15;0;2022;11;10;5;3;5;2;0;0;1;1;0;0;0;0;353081,048139073012862;5643900,102217829786241;6,909369414000030;50,928004187000099
54400;5221103515110591636;5;1;54;36;2022;11;10;5;3;0;1;0;0;1;0;0;0;0;0;302094,595767070015427;5741486,253593959845603;6,130383832000060;51,789180632000097
54405;5221108300500099444;5;9;11;0;2022;11;13;3;3;2;2;0;0;1;1;0;0;0;0;375184,306407421012409;5702836,579127539880574;7,203225033000020;51,462921096000102
54413;5221109602100385726;5;3;62;8;2022;11;9;4;2;0;1;0;1;1;0;0;0;0;0;338362,990931461972650;5644956,251418840140104;6,699637989000050;50,933558176000098
54416;5221118711161996661;5;5;70;24;2022;11;8;6;3;5;2;0;1;1;1;0;0;0;0;420789,100999991002027;5752927,501999669708312;7,848168948000020;51,921441082000101
54419;5221110407101994301;5;7;62;20;2022;11;11;5;3;5;3;0;0;1;1;0;0;0;0;524683,093000001041219;5735947,710999660193920;9,357747669000050;51,773863695000003
54425;5221107601100174370;5;3;15;0;2022;11;14;2;3;3;2;0;0;1;0;0;0;0;0;356683,474999815982301;5643852,294999379664660;6,960614949000050;50,928480805000000
54429;5221112405228082029;5;7;54;28;2022;11;11;7;3;5;3;0;0;1;1;0;0;0;0;449394,828000001027249;5743784,124999660067260;8,265427591000050;51,842573640000097
54432;5221118506100389782;5;1;16;0;2022;11;14;6;3;5;3;0;0;1;1;0;0;0;0;321397,220999475975987;5670839,832998169586062;6,445664599000050;51,161080619000103
54433;5221108513130901528;5;1;62;22;2022;11;17;3;3;5;3;2;1;1;1;0;0;0;0;335326,232135548023507;5682205,932148089632392;6,639466910000070;51,267378680000000
54434;5221030706000265895;5;5;58;32;2022;10;16;1;3;5;3;0;0;1;1;0;0;0;0;386468,727257267979439;5752577,724344779737294;7,349410642000070;51,912357716000002
54441;5221030303100573372;5;9;15;0;2022;10;17;1;2;3;2;2;0;1;1;0;0;0;0;420278,958999991999008;5727156,355999650433660;7,846680386000060;51,689700494000100
54443;5221108608100194821;5;3;34;2;2022;11;18;3;3;6;4;2;0;1;0;1;0;0;0;295233,420782462984789;5628543,188515500165522;6,095766226000020;50,772454990000000
54450;5221117706200992907;5;5;58;12;2022;11;13;5;2;5;3;0;1;1;1;0;0;0;0;374117,755781848973129;5756970,080458610318601;7,168331771000060;51,949175142999998
54454;5221115411224656302;5;7;74;24;2022;11;7;3;3;5;3;2;0;1;1;0;0;0;0;476272,818607721012086;5741476,330871590413153;8,655728327000080;51,823613441000099
54459;5221102702100879192;5;5;15;0;2022;11;16;4;3;0;6;2;0;1;0;0;0;0;0;407778,698748510971200;5754525,789150780066848;7,658604276000060;51,933804535000000
54460;5221118508000089691;5;1;19;0;2022;11;12;6;2;5;3;0;1;1;0;0;0;0;1;350314,456999777990859;5709385,877999270334840;6,842686031000030;51,515738894999998
54463;5221116709500576743;5;5;66;76;2022;11;6;4;3;5;3;2;1;1;1;0;0;0;0;393494,862247570999898;5791928,190093269571662;7,439225109000060;52,267408213000103
54470;5221117601200099867;5;3;15;0;2022;11;9;5;2;5;2;0;0;1;1;0;0;0;0;359355,830999833007809;5638656,130999409593642;7,000619447000080;50,882439806000001
54472;5221115709800487328;5;5;66;40;2022;11;8;3;3;3;2;0;0;1;1;0;0;0;0;424268,704321801022161;5780380,555956950411201;7,892673639000070;52,168706735000100
54481;5221102702100665912;5;5;15;0;2022;11;18;4;3;3;3;2;0;1;0;0;0;0;1;406036,879999979981221;5756775,974999659694731;7,632661589000070;51,953738934999997
54483;5221108406240691348;5;7;58;28;2022;11;16;3;3;5;3;1;0;1;1;0;0;0;0;463188,705082850996405;5783756,753442149609327;8,461345077000029;52,203028577000097
54485;5221116601300199092;5;3;15;0;2022;11;21;4;3;3;6;2;1;1;0;0;0;0;0;350063,132999771973118;5645096,144999270327389;6,865964505000020;50,937975761000096
54488;5221104514110992294;5;1;66;32;2022;11;14;6;3;0;2;0;0;1;1;0;0;0;0;317439,819999428000301;5681726,770997859537601;6,383589636000070;51,257626985000101
54499;5221110518400089303;5;1;70;8;2022;11;19;5;3;5;2;2;0;1;1;0;0;0;0;342427,160999716026708;5716690,752999080345035;6,725834305000030;51,579225389999998
54505;5221108303100396529;5;9;15;0;2022;11;7;3;3;5;2;0;0;1;1;0;0;0;0;419642,699542794027366;5723383,805794339627028;7,838345674000040;51,655696022000001
54507;5221111608100589852;5;3;34;2;2022;11;14;6;2;5;2;0;0;1;1;0;0;0;0;291323,933123130991589;5628401,058814349584281;6,040476226000070;50,769785537000097
54509;5221115500200574188;5;1;11;0;2022;11;18;3;3;0;5;2;1;1;1;0;0;0;0;344925,978999732004013;5678239,330999160185456;6,778679708000030;51,234430193999998
54511;5221112705000395049;5;5;54;8;2022;11;15;7;2;5;2;0;0;1;1;0;0;0;0;334474,302999647974502;5745639,014998770318925;6,597415106000030;51,837004201000099
54526;5221107601100595218;5;3;15;0;2022;11;16;2;3;0;7;0;0;1;1;0;0;0;0;355284,390521619003266;5645321,140909739769995;6,940136462000050;50,941331716000001
54528;5221103705000596008;5;5;54;8;2022;11;17;5;3;3;3;2;1;1;1;0;0;0;0;334473,458565755980089;5745656,879221400246024;6,597394315000030;51,837164430000001
54529;5221114701200077673;5;5;13;0;2022;11;10;2;2;0;1;0;0;1;0;0;0;0;0;369439,130791591014713;5716914,944194329902530;7,115349950000050;51,588144925000101
54531;5221110701910781228;5;5;62;8;2022;11;11;5;3;5;2;0;0;1;1;0;0;0;0;385076,525999940990005;5723897,493999609723687;7,338676539000060;51,654308999000101
54536;5221116709300516765;5;5;66;84;2022;11;13;4;3;5;2;0;0;1;1;0;0;0;0;385794,412054290005472;5778211,845386220142245;7,331055303000030;52,142596739000098
54537;5221109404301187380;5;7;66;44;2022;11;16;4;3;5;3;1;0;1;1;0;0;0;0;489295,558000001008622;5764662,945999669842422;8,843960434000049;52,032486420000097
54544;5221107406110087323;5;7;58;12;2022;11;8;2;3;4;6;1;0;1;0;0;0;0;1;476971,891000001982320;5774172,128999680280685;8,663677907000020;52,117605699000102