OBJECTID;UIDENTSTLAE;ULAND;UREGBEZ;UKREIS;UGEMEINDE;UJAHR;UMONAT;USTUNDE;UWOCHENTAG;UKATEGORIE;UART;UTYP1;ULICHTVERH;IstStrassenzustand;IstRad;IstPKW;IstFuss;IstKrad;IstGkfz;IstSonstige;LINREFX;LINREFY;XGCSWGS84;YGCSWGS84
54549;5221103610211932769;5;3;70;4;2022;11;16;5;3;5;3;0;1;1;1;0;0;0;0;312558,633695153985173;5661397,409652169793844;6,324308588000060;51,073437066000103
54575;5221103602800028722;5;3;62;12;2022;11;17;5;3;5;3;1;1;1;1;0;0;0;0;353155,971661719027907;5634537,025126289576292;6,914197115000040;50,843880083999998
54577;5221102702100038623;5;5;15;0;2022;11;15;4;3;5;3;0;0;1;1;0;0;0;0;405200,425999979022890;5750139,329999660141766;7,622321183000050;51,893943692000100
54587;5221113501112091446;5;1;12;0;2022;11;14;1;3;4;7;0;0;1;0;0;0;0;0;343449,209999724000227;5709152,023999109864235;6,743926541000060;51,511777174000002
54590;5221107300800677902;5;9;54;36;2022;11;21;2;2;0;1;2;0;1;0;0;0;0;0;383501,338999936007895;5700822,075999599881470;7,323558688000050;51,446587971000000
54593;5221031602400073734;5;3;62;32;2022;10;13;2;2;5;3;0;0;1;1;0;0;0;0;337917,317677318991628;5642724,331529470160604;6,694292795000020;50,913378576000099
54604;5221104513130195708;5;1;62;22;2022;11;7;6;3;4;2;0;1;1;1;0;0;0;0;335706,752201603027061;5682127,766533349640667;6,644952478000050;51,266786211000102
54606;5221104709500993109;5;5;66;76;2022;11;8;6;3;5;3;0;0;1;1;0;0;0;0;393115,436947947018780;5791446,628213089890778;7,433819621000050;52,263006711000102
54609;5221109608312189908;5;3;34;12;2022;11;7;4;3;5;3;2;1;1;1;0;0;0;0;307055,829999240988400;5633108,018997049890459;6,260837131000070;50,817511458000098
54610;5221110706300474662;5;5;58;24;2022;11;16;5;3;5;2;2;0;1;1;0;0;0;0;392506,252999958989676;5736032,474999629892409;7,442293134000070;51,764849163000100
54614;5221031502318593573;5;1;13;0;2022;10;17;2;3;0;7;1;0;1;0;0;0;0;0;354824,251869387982879;5704949,796141579747200;6,909460334000070;51,477054349000099
54617;5221103317110918464;5;9;78;36;2022;11;8;5;3;1;5;0;0;1;1;0;0;0;0;409647,471999982022680;5709799,376999639905989;7,697389822000050;51,532064355999999
54632;5221030709700076770;5;5;66;72;2022;10;11;1;3;8;1;0;0;1;0;0;0;0;0;408712,620134864002466;5799238,396831390447915;7,660179624000020;52,335849435999997
54633;5221116705000880892;5;5;54;8;2022;11;13;4;3;5;3;0;0;1;1;0;0;0;0;335249,585094186011702;5745983,636931509710848;6,608493519000040;51,840329288000099
54635;5221111601200260193;5;3;15;0;2022;11;9;6;3;6;4;0;0;1;0;1;0;0;0;355016,539507151988801;5643508,637647869996727;6,937047565000060;50,924975882000098
54652;5221030516100686935;5;1;58;32;2022;10;11;1;3;0;1;0;0;1;0;0;0;0;0;370449,757999891007785;5691959,786999530158937;7,139081476000060;51,364106341000102
54657;5221105701500095170;5;5;62;24;2022;11;21;7;3;4;6;2;0;1;0;0;0;0;1;369047,938447242020629;5724812,807122269645333;7,106753799000050;51,659029334000103
54658;5221113406110078058;5;7;58;12;2022;11;2;1;3;0;1;2;0;1;0;0;0;0;0;477379,852999999013264;5774755,345999680459499;8,669597254000051;52,122866026000104
54663;5221118602800485838;5;3;62;12;2022;11;11;6;3;0;3;0;1;1;1;0;0;0;0;352995,707999791018665;5633003,296999320387840;6,912537551000070;50,830056114999998
54669;5221102300400993671;5;9;11;0;2022;11;16;4;3;0;7;0;0;1;1;0;0;0;0;373315,734999903012067;5702346,049999549984932;7,176516438000020;51,458097442000103
54678;5221110702100992991;5;5;15;0;2022;11;19;5;3;2;7;2;0;1;0;0;0;0;1;403998,657936275005341;5761396,214747220277786;7,601718745000030;51,994919025000101
54686;5221103406110482095;5;7;58;12;2022;11;15;5;2;3;6;0;0;1;0;0;0;0;1;477291,991046737995930;5773115,470845789648592;8,668423319000061;52,108118912000101
54691;5221107501311081935;5;1;12;0;2022;11;10;2;3;0;3;0;0;1;0;0;0;1;0;344628,215999734995421;5699580,620999139733613;6,765110924000060;51,426104350000102
54692;5221116315110363794;5;9;70;40;2022;11;6;4;3;5;3;2;1;1;1;0;0;0;0;431865,285918426990975;5635913,125941249541938;8,031675265000050;50,870880571999997
54696;5221121317110994347;5;9;78;36;2022;11;15;2;3;0;7;0;0;1;1;0;0;0;0;409133,401999981026165;5709828,739999639801681;7,689972989000070;51,532245803000102
54698;5221102706000196664;5;5;58;16;2022;11;16;4;3;0;3;0;0;1;1;0;0;0;0;380662,715342123003211;5742755,447690259665251;7,268433891000030;51,822870769000097
54699;5221118406110570344;5;7;58;12;2022;11;5;6;3;5;3;2;1;1;1;0;0;0;0;477490,142999999981839;5771439,409999679774046;8,671427379000020;52,093058126000102
54701;5221116601000992939;5;3;15;0;2022;11;7;4;3;0;6;0;0;1;1;0;0;0;0;355018,492999806010630;5644254,950999350287020;6,936778542000070;50,931683324000097
54703;5221115500200550578;5;1;11;0;2022;11;6;3;3;5;3;1;1;1;1;0;0;0;0;350020,841849189018831;5677719,332829710096121;6,851821566000070;51,231119443000097
54707;5221111300500077742;5;9;11;0;2022;11;16;6;3;3;6;0;0;1;1;0;0;0;0;378788,601999922015239;5702963,164999569766223;7,255040742000060;51,464842191000102
54710;5221108500200001305;5;1;11;0;2022;11;12;3;3;5;2;0;0;1;0;0;0;0;1;347873,393999758001883;5678397,880999219603837;6,820798838000030;51,236648244000001
54713;5221109405108993037;5;7;54;8;2022;11;20;4;3;5;2;2;0;1;1;0;0;0;0;457278,315052438993007;5750230,021763719618320;8,379056809000080;51,901185197000103
54718;5221101513130282323;5;1;62;22;2022;11;20;3;3;0;1;2;0;1;0;0;0;0;0;338841,998303406988271;5680178,813657100312412;6,690732796000020;51,250170369999999
54721;5221116404302992937;5;7;66;8;2022;11;7;4;3;5;3;1;1;1;1;0;0;0;0;478929,168749361007940;5771219,129840400069952;8,692445876000020;52,091134324999999
54724;5221112405108992987;5;7;54;8;2022;11;9;7;3;5;3;0;0;1;1;0;0;0;0;456057,553000000014435;5751902,090999670326710;8,361101400000051;51,916123056000103
54728;5221102407225090694;5;7;62;32;2022;11;15;4;3;5;3;0;0;1;1;0;0;0;0;502785,449000000022352;5746559,920999660156667;9,040457068000020;51,869817877999999
54729;5221102608324881723;5;3;34;24;2022;11;17;4;3;5;3;2;0;1;1;0;0;0;0;301195,303999120020308;5613980,111996450461447;6,188055524000050;50,643722007000100
54731;5221108405108682050;5;7;54;8;2022;11;16;3;3;5;3;0;0;1;1;0;0;0;0;461114,062000001023989;5754675,924999670125544;8,434302625000040;51,941437638000103
54732;5221030705000087250;5;5;54;48;2022;10;15;1;3;0;1;0;0;1;0;0;0;0;0;341351,736999709974043;5739177,094999039545655;6,700109545000030;51,780946272000101
54741;5221117602400215248;5;3;62;32;2022;11;7;5;3;5;3;2;1;1;1;0;0;0;0;339252,060999678971712;5641642,852999020367861;6,713740271000060;50,904034256000003
54745;5221114513320286843;5;1;62;4;2022;11;12;2;3;3;2;0;0;1;1;0;0;0;0;347824,174999755981844;5662822,663999229669571;6,826684886000070;51,096680145999997
54747;5221110515000076310;5;1;54;36;2022;11;8;5;3;5;2;0;1;1;1;0;0;0;0;301818,163869364012498;5740458,354148370213807;6,126967916000070;51,779852282000000
54750;5221121315110080354;5;9;70;40;2022;11;7;2;3;3;3;0;1;1;1;0;0;0;0;431711,697218779008836;5635840,059494599699974;8,029506453000071;50,870205474999999
54753;5221107702100993088;5;5;15;0;2022;11;12;2;3;0;2;0;0;1;0;0;0;0;1;403038,138227113988250;5758132,105020159855485;7,588655597000070;51,965413486000003
54756;5221111606400886386;5;3;78;28;2022;11;19;6;3;5;2;2;0;1;1;0;0;0;0;371310,663999893993605;5640003,423999509774148;7,169996422000050;50,897335906000102
54768;5221110316300993036;5;9;74;28;2022;11;5;5;3;3;2;2;0;1;0;0;0;1;0;454288,176999998977408;5723612,985999650321901;8,339105187000030;51,661642301000001
54769;5221103400300074730;5;7;11;0;2022;11;17;5;3;4;6;2;0;1;0;0;0;0;0;462652,401788755028974;5758383,229665819555521;8,456277608000050;51,974873993000102
54772;5221101513130878839;5;1;62;22;2022;11;15;3;3;4;2;0;0;1;1;0;0;0;0;339531,428608517977409;5680628,553323600441217;6,700401577000040;51,254405616000000
54773;5221117706300536457;5;5;58;24;2022;11;6;5;3;8;7;2;1;1;1;0;0;0;0;391512,838771720998921;5739794,452832330018282;7,426727363000050;51,798469857000001
54776;5221104500200462215;5;1;11;0;2022;11;17;6;3;0;2;0;1;1;1;0;0;0;0;345496,373427480983082;5678847,004174710251391;6,786581511000070;51,240045115000001
54779;5221112609108186514;5;3;58;8;2022;11;16;7;3;7;1;0;0;1;0;0;0;0;0;323701,123792712984141;5631289,140613189898431;6,497766400000050;50,806476653000097
54783;5221108501325086181;5;1;12;0;2022;11;7;3;3;0;2;0;0;1;1;0;0;0;0;345466,120579537993763;5693507,409277199767530;6,779798381000030;51,371764906000102
54790;5221113603116078437;5;3;66;16;2022;11;12;1;2;0;1;0;0;1;0;0;0;0;0;349780,588307090976741;5610776,460834990255535;6,875971717000030;50,629484634999997
54794;5221115602500314993;5;3;62;24;2022;11;12;3;3;5;3;0;0;1;1;0;0;0;0;345992,977999738999642;5643603,962999190203846;6,808709568000040;50,923494370000100
54796;5221114709110879617;5;5;66;8;2022;11;7;2;2;5;3;0;0;1;1;0;0;0;0;399225,742999969981611;5780589,212999659590423;7,526553856000020;52,166577595000000
54807;5221116601500899874;5;3;15;0;2022;11;13;4;3;3;6;0;0;1;0;0;0;0;0;358224,503281322016846;5645430,227936199866235;6,981915150000020;50,943042525000102
54809;5221111516500273960;5;1;58;16;2022;11;19;6;3;0;7;2;0;1;1;0;0;0;0;354900,449999806995038;5670375,823999349959195;6,924631398000030;51,166390158000098
54813;5221105514211891595;5;1;66;12;2022;11;22;7;2;8;1;2;0;1;0;0;0;0;0;322296,827385812997818;5694757,742822259664536;6,446629829000070;51,376219842000097
54816;5221117502339180940;5;1;13;0;2022;11;10;5;3;5;3;0;1;1;1;0;0;0;0;364535,667025564995129;5706976,268576810136437;7,048437419000040;51,497674217000103
54818;5221111316300386999;5;9;74;28;2022;11;21;6;2;0;7;2;0;1;0;0;0;0;0;451741,717999999003951;5726046,555999649688601;8,301955463000070;51,683309110000003
54819;5221114601300785797;5;3;15;0;2022;11;16;2;3;5;3;0;0;1;1;0;0;0;0;353466,667237561021466;5644860,470264679752290;6,914466711000050;50,936732755000001
54820;5221119410110086692;5;7;70;24;2022;11;15;7;3;5;2;0;0;1;1;0;0;0;0;495694,671478702977765;5793189,839484999887645;8,936878961000049;52,289049949000102
54827;5221112503400175946;5;1;22;0;2022;11;15;7;3;5;3;0;0;1;1;0;0;0;0;365693,304999869025778;5669728,097999479621649;7,079147486000070;51,163205068000103
54829;5221110702100891805;5;5;15;0;2022;11;14;5;3;5;3;0;0;1;1;0;0;0;0;404408,700179620995186;5755360,490649409592152;7,609369641000060;51,940738535999998
54833;5221102601600824817;5;3;15;0;2022;11;6;4;3;5;3;0;0;1;1;0;0;0;0;360503,590909597987775;5644347,291488329879940;7,014750154000070;50,933865906000101
54840;5221112300600060896;5;9;16;0;2022;11;13;7;3;0;1;0;0;1;0;0;0;0;0;377625,549299160018563;5710519,735291150398552;7,235684887000050;51,532506341999998
54843;5221113508000094945;5;1;19;0;2022;11;6;1;3;0;1;2;0;1;0;0;0;0;0;351543,397914458997548;5706473,207974860444665;6,861610396000060;51,489891518000000
54844;5221031702100176106;5;5;15;0;2022;10;16;2;3;6;6;0;0;1;0;1;0;0;0;411472,169998892000876;5751921,087972500361502;7,712982180000040;51,910991174000102
54847;5221115711141902895;5;5;70;44;2022;11;10;3;3;5;2;0;0;1;1;0;0;0;0;416595,274999989022035;5759438,674999670125544;7,785619464000040;51,979357679000003
54848;5221111513130900443;5;1;62;22;2022;11;16;6;3;0;3;0;0;1;0;0;0;0;1;339267,869434077001642;5686544,004888989962637;6,693966765000030;51,307480447000003
54850;5221119410210096911;5;7;70;20;2022;11;16;7;3;5;3;1;0;1;1;0;0;0;0;472341,305824310984462;5795486,342582030221820;8,594308671000020;52,309016878000101
54864;5221117315110787624;5;9;70;40;2022;11;15;5;3;0;1;0;1;1;0;0;0;0;0;432083,535474701027852;5638728,914133019745350;8,034253232000029;50,896224145000097
54867;5221030405244650911;5;7;54;44;2022;10;14;1;3;0;1;0;0;1;0;0;0;0;0;469360,879000001004897;5744637,240999660454690;8,555161843000061;51,851696683000100
54869;5221108606400093621;5;3;78;24;2022;11;6;3;3;5;3;1;0;1;1;0;0;0;0;381312,120999928971287;5646088,680999560281634;7,310170523000070;50,954176805000003
54875;5221101406130287149;5;7;58;8;2022;11;12;3;3;3;6;0;0;1;1;0;0;0;0;471841,877979265002068;5777579,410299739800394;8,588474577000060;52,148001454999999
54878;5221116301101595556;5;9;13;0;2022;11;10;4;2;5;7;0;1;1;0;0;0;0;0;394241,342605218000244;5707040,059866449795663;7,476186514000060;51,504586518000103
54888;5221116701300585418;5;5;62;14;2022;11;13;4;3;5;3;0;0;1;1;0;0;0;0;361852,242306215979625;5711844,088330229744315;7,007895370000030;51,540768329000102
54891;5221110300700993014;5;9;16;0;2022;11;16;5;3;5;3;1;0;1;1;0;0;0;0;373888,168999904009979;5712186,457999560050666;7,181233375000030;51,546662958000098
54896;5221107411132496827;5;7;74;32;2022;11;17;2;2;5;3;2;0;1;1;0;0;0;0;479989,164999998989515;5727984,511999649927020;8,710427283000060;51,702451172000103
54897;5221115706000096587;5;5;58;12;2022;11;11;3;2;5;2;0;0;1;1;0;0;0;0;374149,129451998975128;5755294,945896189659834;7,169401079000070;51,934128724000097
54904;5221102518400187465;5;1;70;8;2022;11;15;4;3;0;7;0;0;1;0;0;0;0;0;342731,595145341998432;5716102,881075889803469;6,730487537000040;51,574028645000098
54906;5221108404102072314;5;7;66;40;2022;11;18;3;3;5;3;2;0;1;1;0;0;0;0;487180,318000000028405;5759509,423999669961631;8,813319465000060;51,986106771000003
54907;5221030608332077555;5;3;34;32;2022;10;19;1;3;0;1;2;0;1;0;0;0;0;0;302224,484432640019804;5628982,585231769829988;6,194556116000060;50,778827228000097
54908;5221116608100794803;5;3;34;2;2022;11;8;4;3;5;2;0;1;1;1;0;0;0;0;294681,691998997994233;5628105,709995429962873;6,088195885000060;50,768330896000101
54909;5221108705000030800;5;5;54;44;2022;11;18;3;3;5;3;2;0;1;1;0;0;0;0;365434,885074256977532;5743468,014552569948137;7,047334057000060;51,825814389000101
54920;5221114501223082299;5;1;12;0;2022;11;14;2;2;4;6;0;0;1;1;0;0;0;0;338982,734999685024377;5702381,171998970210552;6,682702115000040;51,449690105000101
54928;5221118317110251098;5;9;78;36;2022;11;5;6;3;4;7;2;0;1;0;0;0;0;0;409014,627436498994939;5710803,796185269951820;7,688009076000070;51,540991758000096
54930;5221116515211691636;5;1;54;16;2022;11;10;4;3;5;3;0;1;1;1;0;0;0;0;303467,306999237975106;5728473,592996199615300;6,157606735000060;51,672807257000002
54932;5221104513210993107;5;1;62;24;2022;11;11;6;3;6;6;0;1;1;1;1;0;0;0;338203,799368161999155;5671369,469174830242991;6,685569045000020;51,170839309000002
54937;5221109601000993054;5;3;15;0;2022;11;9;4;2;0;1;0;1;1;0;0;0;0;0;354194,472999801975675;5644486,925999339669943;6,924967370000050;50,933560300000103
54941;5221108506100994887;5;1;16;0;2022;11;16;3;3;4;6;0;0;1;0;0;0;0;0;320978,420148408971727;5671440,159376730211079;6,439382645000020;51,166342624000002
54942;5221031502101085490;5;1;13;0;2022;10;19;2;3;5;7;2;0;1;1;0;0;0;0;362145,054999851970933;5703012,268999449908733;7,015566285000030;51,461474377999998
54948;5221101518302065222;5;1;70;40;2022;11;4;3;3;6;7;2;1;1;0;1;0;0;0;320357,590442071028519;5723336,958444070070982;6,404241295000080;51,632323516000000
54951;5221116410110974524;5;7;70;24;2022;11;13;4;3;2;1;0;1;1;1;0;0;0;0;495038,201000000000931;5793235,392999679781497;8,927253690000040;52,289453962000003
54952;5221104400200576281;5;7;11;0;2022;11;7;6;3;0;3;0;0;1;1;0;0;0;0;470392,316000000981148;5762439,395999670028687;8,568604380000069;52,011808130000098
54957;5221102705000696646;5;5;54;24;2022;11;10;4;3;5;3;0;0;1;1;0;0;0;0;371127,890999895986170;5775807,729999549686909;7,117754964000030;52,117766944000003
54959;5221108300700793756;5;9;16;0;2022;11;17;3;3;1;5;2;0;1;1;0;0;0;0;374379,702777738973964;5711745,801779589615762;7,188475698000050;51,542812346000098
54962;5221104410230696561;5;7;70;4;2022;11;15;6;3;0;3;0;0;1;1;0;0;0;0;488214,115000000980217;5786568,246999680064619;8,827437032000031;52,229408852000098
54963;5221115410230770312;5;7;70;4;2022;11;11;3;2;5;3;0;0;1;1;0;0;0;0;485159,760999999998603;5788821,791999679990113;8,782618071000060;52,249595561000000
54967;5221109601400890460;5;3;15;0;2022;11;22;4;3;0;1;2;0;1;0;0;0;0;0;355174,340291831991635;5646542,419907379895449;6,938085426000040;50,952279420000103
54974;5221110502106290717;5;1;13;0;2022;11;12;5;3;2;6;0;0;1;1;0;0;0;0;363416,206999858026393;5702384,208999469876289;7,034095567000070;51,456138484000100
54976;5221113702100491756;5;5;15;0;2022;11;9;1;2;0;1;0;0;1;0;0;0;0;0;406169,452999979024753;5758093,649999660439789;7,634230245000030;51,965605193000002
54978;5221101406150082115;5;7;58;36;2022;11;2;3;3;9;1;2;0;1;0;0;0;0;0;485679,003469865012448;5778500,320258599705994;8,790660450000081;52,156813233999998
54981;5221116301101992715;5;9;13;0;2022;11;7;4;3;3;1;2;0;1;0;0;0;0;1;393903,247677717998158;5707751,272987470030785;7,471102976000050;51,510915893000103
54982;5221103711111993104;5;5;70;52;2022;11;7;5;3;4;6;1;0;1;0;0;0;0;1;430834,494999995979015;5757508,833999670110643;7,993294531000060;51,963964271000101
54985;5221110701110094956;5;5;62;32;2022;11;17;5;3;5;2;2;0;1;1;0;0;0;0;376592,716999913973268;5718227,648999569937587;7,218095152000050;51,601554698000001
54987;5221118601100886548;5;3;15;0;2022;11;9;6;3;6;4;0;0;1;0;1;0;0;0;355562,566480488982052;5644698,110104029998183;6,944340242000070;50,935802412999998
54993;5221109702100496554;5;5;15;0;2022;11;13;4;3;5;3;0;0;1;1;0;0;0;0;405654,596999978995882;5757012,944999660365283;7,627035315000060;51,955804205000000
54997;5221117607300090622;5;3;82;76;2022;11;17;5;3;8;1;2;0;1;0;0;0;0;0;402234,773065707006026;5629410,875174559652805;7,612416062000020;50,808172351000103
55003;5221103602500785536;5;3;62;24;2022;11;15;5;3;5;3;0;1;1;1;0;0;0;0;346746,671999746002257;5643613,751999209634960;6,819421073000060;50,923783024000002
55004;5221121501311079021;5;1;12;0;2022;11;17;2;3;3;3;2;1;1;1;0;0;0;0;344479,897999731998425;5700588,906999140046537;6,762536562000040;51,435123094000097
55007;5221108317250218554;5;9;78;32;2022;11;15;3;3;5;3;0;0;1;1;0;0;0;0;393985,891999960003886;5727821,729999629780650;7,466226630000050;51,691331898999998
55008;5221030516500081919;5;1;58;16;2022;10;10;1;3;5;3;0;0;1;1;0;0;0;0;355927,210999811999500;5669846,295999369584024;6,939519123000030;51,161891131000097
55014;5221105601600686361;5;3;15;0;2022;11;16;7;3;3;2;1;0;1;1;0;0;0;0;365122,845447118976153;5642215,480312460102141;7,081237772000070;50,915804913999999
55021;5221031601200593357;5;3;15;0;2022;10;11;2;3;5;3;0;0;1;1;0;0;0;0;356305,215999813983217;5637998,574999369680882;6,957539862000030;50,875779754000099
55023;5221102709500896541;5;5;66;16;2022;11;7;4;3;0;7;0;1;1;0;0;0;0;0;402026,923559351998847;5794985,574202979914844;7,563324803000060;52,296473317000000
55031;5221104502409486876;5;1;17;0;2022;11;7;6;3;5;3;1;1;1;1;0;0;0;0;350147,203999774996191;5699665,196999269537628;6,844399540000040;51,428350452000103
55032;5221115501328086039;5;1;12;0;2022;11;8;3;2;0;6;0;1;1;0;0;0;0;0;340282,804983429028653;5692613,503887319937348;6,705793905000060;51,362299250000000
55036;5221109606100293394;5;3;78;4;2022;11;8;4;3;5;2;0;1;1;1;0;0;0;0;367077,079067877028137;5649766,241936130449176;7,106265783000030;50,984122083999999
55043;5221109514113993041;5;1;66;32;2022;11;15;4;3;0;7;0;1;1;0;0;0;0;0;317036,275865841016639;5683379,326467799954116;6,376967204000040;51,272341991000097
55044;5221109702100591832;5;5;15;0;2022;11;18;4;3;0;2;2;0;1;1;0;0;0;0;405442,275127188011538;5756200,192891799844801;7,624170088000030;51,948462771999999
55046;5221114300400138324;5;9;11;0;2022;11;15;2;3;4;6;0;0;1;0;0;0;0;0;375385,288831967976876;5697944,433135620318353;7,207838922000060;51,418997652000002
55049;5221117709110980991;5;5;66;12;2022;11;12;5;3;0;3;0;0;1;1;0;0;0;0;404061,426999975985382;5772330,619999660179019;7,599563727000030;52,093210589000101
55054;5221112513210591293;5;1;62;24;2022;11;10;7;2;6;6;0;0;1;0;1;0;0;0;338195,562385674973484;5677518,832870179787278;6,682679644000070;51,226088033000103
55058;5221102515211095887;5;1;54;56;2022;11;18;4;3;0;6;2;0;1;0;1;0;0;0;309055,432585344999097;5727329,201850010082126;6,238948871000050;51,664456381999997
55060;5221108405112993071;5;7;54;12;2022;11;9;3;3;0;1;0;1;1;0;0;0;0;0;449931,739882076974027;5765297,793803829699755;8,270088317000051;52,036036912000000
55066;5221104702100079175;5;5;15;0;2022;11;9;6;3;5;3;0;0;1;1;0;0;0;0;403014,270513784023933;5758684,813035629689693;7,588152173000030;51,970377214000102
55069;5221101307000693867;5;9;62;20;2022;11;12;3;2;5;3;0;0;1;1;0;0;0;0;412715,776599807024468;5670171,290399800054729;7,751337373000070;51,176298570000000
55070;5221117601100381781;5;3;15;0;2022;11;8;5;3;5;3;0;1;1;1;0;0;0;0;356870,520999817992561;5645458,900999389588833;6,962643766000040;50,942965671000103
55073;5221114505200085957;5;1;14;0;2022;11;8;2;3;5;3;0;0;1;1;0;0;0;0;326893,534999553987291;5693500,289998459629714;6,513223378000020;51,366343632000103
55082;5221110701620989699;5;5;62;12;2022;11;19;5;3;5;3;2;0;1;1;0;0;0;0;357625,722393964999355;5735418,771302869543433;6,937395905000070;51,751553075000103
55093;5221101314220299366;5;9;66;12;2022;11;15;3;3;4;1;0;0;1;0;0;1;0;0;429261,348809917981271;5668288,431739520281553;7,988359773000070;51,161656727000000
55097;5221114518400992971;5;1;70;8;2022;11;7;2;3;8;1;0;0;1;0;0;0;0;0;341845,834999711019918;5717797,006999059580266;6,716953181000060;51,589001676000102
55100;5221103602700093623;5;3;62;28;2022;11;15;5;3;0;1;0;1;1;0;0;0;0;0;351405,104199950001203;5638829,538180580362678;6,887602268000020;50,882008171999999
55111;5221105702100664164;5;5;15;0;2022;11;13;7;3;0;1;0;0;1;0;0;0;0;0;404859,971999978006352;5758306,286999659612775;7,615116885000020;51,967293885000103
55119;5221102709300696611;5;5;66;84;2022;11;18;4;3;5;2;2;0;1;1;0;0;0;0;386160,114999943005387;5778968,843999629840255;7,336143456000060;52,149475324999997
55123;5221102300500993776;5;9;11;0;2022;11;16;4;3;5;3;1;0;1;1;0;0;0;0;376203,364999914017972;5703618,646999560296535;7,217613243000070;51,470173688000003
55128;5221115405152987128;5;7;54;52;2022;11;14;3;3;0;3;0;0;1;1;0;0;0;0;460938,884000001009554;5770259,816999680362642;8,429976762000020;52,081532299000102
55129;5221104705000896646;5;5;54;4;2022;11;18;6;3;5;2;1;0;1;1;0;0;0;0;363231,527438391000032;5772370,688178109936416;7,003877741000050;52,084987183000102
55131;5221109702100374771;5;5;15;0;2022;11;8;4;3;0;1;0;1;1;0;0;0;0;0;405019,896999977005180;5757700,723999660462141;7,617611551000040;51,961878196000001
55132;5221110709500996952;5;5;66;16;2022;11;13;5;3;0;7;0;0;1;0;0;0;0;0;405530,955999978992622;5791519,979999680072069;7,615662435000050;52,265938657000000
55134;5221030406110382098;5;7;58;12;2022;10;14;1;3;0;6;0;0;1;0;0;0;0;0;473846,839634316973388;5769756,711113969795406;8,618376942000049;52,077769401000097
55136;5221108601400155654;5;3;15;0;2022;11;14;3;3;0;7;0;0;1;0;0;0;0;0;352685,069398041989189;5656749,240621009841561;6,898529537000060;51,043371768000000
55139;5221109500200069085;5;1;11;0;2022;11;15;4;3;5;3;0;1;1;1;0;0;0;0;344522,099728578003123;5679257,380553510040045;6,772457168000070;51,243467806000098
55141;5221103406110782038;5;7;58;12;2022;11;11;5;3;3;2;0;0;1;1;0;0;0;0;477825,460000001010485;5774623,937999679706991;8,676114494000050;52,121702642000102
55148;5221104301301955635;5;9;78;24;2022;11;7;6;3;5;3;1;1;1;1;0;0;0;0;392705,724999958008993;5717519,985999629832804;7,450872442000050;51,598494463000101
55154;5221102301301509282;5;9;78;24;2022;11;17;4;3;0;5;2;0;1;1;0;0;0;0;397919,407126014993992;5720147,694678519852459;7,525355434000060;51,623082898000099
55160;5221108702100074772;5;5;15;0;2022;11;7;3;3;0;1;0;1;1;0;0;0;0;0;409836,002099914010614;5761047,968376929871738;7,686807648000070;51,992767260000100
55164;5221105711213787237;5;5;70;4;2022;11;15;7;3;5;3;0;0;1;0;0;0;0;1;423850,935999993002042;5734561,417999659664929;7,896726144000070;51,756765798000103
55165;5221113605152895291;5;3;74;52;2022;11;0;1;3;0;1;2;0;1;0;0;0;0;0;386166,370043562026694;5664652,185984809882939;7,373419669000040;51,122020238000097
55167;5221117601200979325;5;3;15;0;2022;11;6;5;3;0;1;2;1;1;0;0;0;0;0;356337,238999816006981;5641118,846999369561672;6,956767809000040;50,903829446000003
55180;5221116501127076275;5;1;12;0;2022;11;9;4;3;5;3;0;0;1;1;0;0;0;0;346220,686999747005757;5704638,251999179832637;6,785800766000020;51,471981956999997
55181;5221111702100992989;5;5;15;0;2022;11;23;6;3;0;7;2;0;1;0;0;0;0;0;412441,830999987025280;5752300,822999659925699;7,726978803000070;51,914557840999997
55185;5221112709700992988;5;5;66;28;2022;11;2;7;2;0;7;2;0;1;0;0;0;0;0;409526,169999981997535;5791480,037999680265784;7,674201143000060;52,266251433000001
55189;5221029709700076770;5;5;66;12;2022;10;17;7;3;0;5;0;0;1;1;0;0;0;0;403325,677922471018974;5773138,747268100269139;7,588598091000050;52,100346054000099
55191;5221108608100471772;5;3;34;2;2022;11;8;3;3;5;2;0;0;1;1;0;0;0;0;294382,621059648983646;5628137,538469789549708;6,083942563000050;50,768510849999998
55199;5221107600360293493;5;3;82;12;2022;11;17;2;3;5;3;2;0;1;1;0;0;0;0;359535,401999833993614;5623853,263999420218170;7,008837744000060;50,749445176000101
55210;5221113300200399513;5;9;11;0;2022;11;15;1;3;5;2;0;0;1;1;0;0;0;0;370926,860319695028011;5698985,215087030082941;7,143375955000070;51,427353676999999
55211;5221117505200086182;5;1;14;0;2022;11;9;5;3;5;3;0;1;1;1;0;0;0;0;333925,409999631985556;5691273,317998800426722;6,615184100000020;51,348435843000097
55216;5221031506100993205;5;1;16;0;2022;10;8;2;3;5;3;0;0;1;1;0;0;0;0;321517,509999478003010;5671672,731998180039227;6,446969826000040;51,168600347000101
55224;5221116518200992924;5;1;70;24;2022;11;15;4;3;5;3;0;0;1;1;0;0;0;0;336226,401999655994587;5703890,558998879976571;6,642370968000020;51,462460295000000
55228;5221112609116394792;5;3;58;16;2022;11;16;7;2;0;1;0;0;1;0;0;0;0;0;313624,086016231973190;5620338,753446510061622;6,360442321000050;50,704952289000097