OBJECTID;UIDENTSTLAE;ULAND;UREGBEZ;UKREIS;UGEMEINDE;UJAHR;UMONAT;USTUNDE;UWOCHENTAG;UKATEGORIE;UART;UTYP1;ULICHTVERH;IstStrassenzustand;IstRad;IstPKW;IstFuss;IstKrad;IstGkfz;IstSonstige;LINREFX;LINREFY;XGCSWGS84;YGCSWGS84
55229;5221109514113096022;5;1;66;32;2022;11;15;4;3;7;1;0;0;1;0;0;0;0;0;317961,090355316002388;5685265,470617899671197;6,389249939000020;51,289580859000097
55230;5221111303100094460;5;9;15;0;2022;11;15;6;3;5;3;0;0;1;1;0;0;0;0;417575,818535410973709;5724406,530578670091927;7,808232298000060;51,664590548000000
55233;5221118602600845380;5;3;62;20;2022;11;19;6;3;5;2;2;1;1;1;0;0;0;0;345854,392999737989157;5630922,819999190047383;6,812082190000070;50,809502985000101
55237;5221109500200001154;5;1;11;0;2022;11;11;4;3;5;2;0;0;1;1;0;0;0;0;348434,799999763024971;5681769,653999240137637;6,827406744000030;51,267095200000000
55240;5221103500300000909;5;1;11;0;2022;11;18;5;3;5;3;2;1;1;1;0;0;0;0;353448,145294245972764;5667292,730281059630215;6,905129161000050;51,138314477000101
55245;5221107502111389565;5;1;13;0;2022;11;6;2;2;0;1;1;0;1;0;0;0;0;0;364000,137999862025026;5703176,972999470308423;7,042190133000080;51,463403262999996
55247;5221104301101181057;5;9;13;0;2022;11;18;6;3;5;2;2;0;1;1;0;0;0;0;394179,052321854978800;5708184,755348060280085;7,474945788000070;51,514863982000101
55255;5221102301204077860;5;9;13;0;2022;11;17;4;3;2;3;2;0;1;1;0;0;0;0;386449,343436131021008;5706267,312251520343125;7,364212507000050;51,496129133000103
55259;5221030508000489573;5;1;19;0;2022;10;11;1;2;5;2;0;0;1;0;0;0;1;0;351494,127266734023578;5709812,293093809857965;6,859495313000020;51,519881742999999
55262;5221111503400295716;5;1;22;0;2022;11;12;6;3;5;2;0;0;1;1;0;0;0;0;366679,747999873012304;5669843,302999489940703;7,093204473000070;51,164471192000100
55265;5221115601100786405;5;3;15;0;2022;11;19;3;3;5;3;2;1;1;1;0;0;0;0;355307,445999810006469;5644748,515999360010028;6,940691812000070;50,936191448000002
55275;5221102711413387228;5;5;70;28;2022;11;13;4;3;0;1;0;0;1;0;0;0;0;0;441936,846414004976396;5747226,444390139542520;8,156602728000051;51,872795007000001
55281;5221108300800005560;5;9;54;36;2022;11;17;3;3;5;2;2;0;1;1;0;0;0;0;386820,946021066978574;5703385,556708100251853;7,370487041000050;51,470302113000102
55298;5221120400100276295;5;7;11;0;2022;11;23;1;3;0;1;2;2;1;0;0;0;0;0;462678,447048039000947;5766716,184667210094631;8,455748555000071;52,049793461000000
55300;5221117702100060729;5;5;15;0;2022;11;6;5;3;0;3;2;1;1;1;0;0;0;1;404690,185731524019502;5758596,928979179821908;7,612565530000040;51,969877195999999
55301;5221107608200169732;5;3;34;2;2022;11;11;2;3;5;3;0;0;1;0;0;0;0;1;295409,704999017005321;5628772,009995539672673;6,098135802000060;50,774572300000003
55302;5221116411224637811;5;7;74;24;2022;11;9;4;3;5;2;0;1;1;0;0;0;0;1;476492,755000000994187;5741012,700999660417438;8,658950930000060;51,819454208000103
55313;5221111601600999007;5;3;15;0;2022;11;15;6;3;2;6;0;0;1;1;0;0;0;0;364895,111735830025282;5639971,700598839670420;7,078830462000040;50,895585484999998
55318;5221117601300745697;5;3;15;0;2022;11;18;5;3;5;3;2;0;1;1;0;0;0;0;354141,982999800995458;5644821,856999339535832;6,924086827000050;50,936556950000103
55322;5221119601300999802;5;3;15;0;2022;11;8;7;3;5;2;0;1;1;1;0;0;0;0;352728,672999790986069;5647104,594999319873750;6,903063215000030;50,956711718000101
55329;5221108400300604063;5;7;11;0;2022;11;11;3;3;5;3;0;0;1;1;0;0;0;0;471148,299836461024825;5756174,473113589920104;8,580146017000059;51,955521646000101
55346;5221105706300196594;5;5;58;36;2022;11;14;7;2;5;3;0;0;1;1;0;0;0;0;385726,103606228018180;5731846,051391810178757;7,345459387000060;51,725880584000002
55347;5221113516300055634;5;1;58;28;2022;11;12;1;3;1;1;0;0;1;1;0;0;0;0;353469,598303068021778;5691036,211596160195768;6,895717674000020;51,351680776000102
55349;5221117601600595396;5;3;15;0;2022;11;8;5;3;0;5;0;0;1;0;0;0;0;1;363524,549029359011911;5638643,115065270103514;7,059849439000060;50,883322552000003
55351;5221115711311053108;5;5;70;8;2022;11;20;3;3;5;3;2;0;1;1;0;0;0;0;434063,445999997027684;5734465,997999650426209;8,044682708000041;51,757203484000101
55353;5221114709500176632;5;5;66;76;2022;11;6;2;3;5;3;2;1;1;1;0;0;0;0;395018,351999963982962;5792303,413999659940600;7,461425468000070;52,271073405999999
55357;5221103610113485739;5;3;70;24;2022;11;20;5;3;5;3;2;1;1;1;0;0;0;0;283325,444803985010367;5656227,693312860094011;5,910708603000050;51,016727475000003
55360;5221102608100356743;5;3;34;2;2022;11;18;4;3;5;2;2;0;1;1;0;0;0;0;294520,104432381980587;5625888,757463919930160;6,087144730000030;50,748362716000003
55366;5221112310110499378;5;9;54;16;2022;11;17;7;2;4;6;2;0;1;0;0;0;0;0;378245,369758270971943;5696467,371795349754393;7,249457847000030;51,406343854000099
55371;5221031602400115083;5;3;62;32;2022;10;14;2;3;0;5;0;0;1;1;0;0;0;0;341983,853905225987546;5636533,750529049895704;6,754769920000060;50,858879174000002
55373;5221106709300287329;5;5;66;36;2022;11;17;1;3;5;3;2;1;1;1;0;0;0;0;386966,575999945984222;5768435,025999640114605;7,351420262000030;52,054972828000103
55374;5221111316300587641;5;9;74;16;2022;11;13;6;3;0;3;0;0;1;1;0;0;0;0;454033,854061356978491;5717646,876992359757423;8,336212000000049;51,607980773000101
55381;5221120701200398908;5;5;62;20;2022;11;19;1;2;5;3;1;1;1;1;0;0;0;0;369726,819315891014412;5718971,051148279570043;7,118736801000070;51,606689185999997
55386;5221111701610789489;5;5;62;12;2022;11;13;6;3;5;2;0;0;1;1;0;0;0;0;359324,451999836019240;5725081,654999420046806;6,966159922000030;51,659095690000100
55396;5221108603144094936;5;3;66;44;2022;11;19;3;3;0;1;2;0;1;0;0;0;0;0;333708,786057231016457;5617812,689475039951503;6,645758291000050;50,688345984000101
55409;5221112515110085999;5;1;54;36;2022;11;13;7;2;5;2;0;0;1;1;0;0;0;0;298843,395408725016750;5748255,793361989781260;6,079376102000030;51,848808813000097
55416;5221109404302376067;5;7;66;8;2022;11;9;4;2;5;3;0;0;1;0;0;0;0;0;483627,579000001016539;5769471,510999679565430;8,761107992000060;52,075580875000099
55419;5221106301201309113;5;9;13;0;2022;11;12;1;3;5;7;0;0;1;1;0;0;0;0;391463,795774535974488;5707953,705389779992402;7,435901098000040;51,512272078000102
55420;5221113602100115333;5;3;62;8;2022;11;13;1;3;0;6;0;0;1;0;0;0;0;0;332362,353635307983495;5650899,331674380227923;6,611579329000050;50,985242491000101
55426;5221119513120500443;5;1;62;20;2022;11;14;7;3;5;3;0;0;1;1;0;0;0;0;327304,761999554000795;5675642,881998510099947;6,527758655000070;51,206044103000103
55428;5221103601600886497;5;3;15;0;2022;11;18;5;3;3;5;2;1;1;1;0;0;0;0;365267,232253947004210;5638370,325924200005829;7,084709289000050;50,881279838000097
55446;5221110410000929584;5;7;70;24;2022;11;7;5;3;5;3;0;0;1;1;0;0;0;0;491324,435417727974709;5793832,117979000322521;8,872789891000020;52,294772723000101
55452;5221107601300599802;5;3;15;0;2022;11;21;2;3;5;3;2;0;1;1;0;0;0;0;352645,882005707011558;5647151,838238020427525;6,901866106000060;50,957115107000000
55457;5221112701700698869;5;5;62;16;2022;11;21;7;3;0;1;2;0;1;0;0;0;0;0;377715,266617639979813;5731420,030715719796717;7,229679987000050;51,720362060000099
55460;5221030315260493716;5;9;70;32;2022;10;11;1;3;0;1;0;1;1;0;0;0;0;0;439805,035999997984618;5637076,189999610185623;8,144308481000049;50,882219976000002
55464;5221117404101096799;5;7;66;20;2022;11;16;5;3;0;7;1;1;1;1;0;0;0;0;489187,645000000018626;5754535,467999669723213;8,842706695000061;51,941428733000102
55469;5221111410110096903;5;7;70;24;2022;11;14;6;3;5;2;0;0;1;0;0;0;0;1;492541,419392001000233;5794065,369102950207889;8,890629367000029;52,296887636000100
55471;5221031600110971624;5;3;14;0;2022;10;10;2;3;5;2;0;0;1;1;0;0;0;0;365972,959999868005980;5622515,498999469913542;7,100525531000070;50,738943441000103
55472;5221110405228087081;5;7;54;28;2022;11;7;5;3;5;2;0;0;1;1;0;0;0;0;453323,380000000004657;5742950,397999660111964;8,322561521000070;51,835420215000099
55473;5221103600110095279;5;3;14;0;2022;11;8;5;3;0;7;0;1;1;0;0;0;0;0;365289,184292030986398;5621036,234333899803460;7,091381118000070;50,725489715999998
55480;5221111608416989920;5;3;34;16;2022;11;22;6;2;0;1;2;0;1;0;0;0;0;0;295562,758229614992160;5635788,667823649942875;6,096396885000050;50,837644677000100
55483;5221104711312587401;5;5;70;8;2022;11;10;6;3;3;2;0;0;1;0;0;0;1;0;433816,722137867996935;5735652,932515350170434;8,040882509000030;51,767844997000097
55490;5221108503100993075;5;1;24;0;2022;11;8;3;3;4;2;0;0;1;1;0;0;0;0;368642,390071375994012;5682979,982918010093272;7,116444341000030;51,282988574999997
55493;5221110300300641261;5;9;11;0;2022;11;13;5;2;5;2;0;0;1;1;0;0;0;0;381037,534999927971512;5704931,450999589636922;7,286737941000070;51,483009852000102
55495;5221114301101010628;5;9;13;0;2022;11;15;2;3;3;6;0;0;1;0;0;0;0;0;395143,153993561980315;5706196,227370980195701;7,489426129000040;51,497169696000100
55506;5221102601300699093;5;3;15;0;2022;11;15;4;3;3;2;0;0;1;0;0;0;0;0;354623,183271182002500;5645936,259816629812121;6,930485959000070;50,946693283000101
55507;5221118515110089888;5;1;54;36;2022;11;18;6;2;3;6;2;1;1;1;0;0;0;0;304521,987214191001840;5744021,135912690311670;6,164105109000050;51,812797793000101
55513;5221112313110684941;5;9;58;4;2022;11;10;7;2;0;1;0;0;1;0;0;0;0;0;426403,237428856024053;5693789,670172049663961;7,942240594000050;51,390566238000098
55514;5221104702100472452;5;5;15;0;2022;11;8;6;3;2;6;0;0;1;0;0;0;0;0;406303,092999978980515;5757680,111999659799039;7,636287701000070;51,961910662999998
55519;5221107405108068087;5;7;54;8;2022;11;17;2;3;5;2;2;0;1;1;0;0;0;0;460411,782000000996049;5748450,885999660007656;8,424802229000020;51,885421039000100
55528;5221107705000887239;5;5;54;56;2022;11;6;2;3;0;1;2;0;1;0;0;0;0;0;355478,934999815013725;5762359,043999359942973;6,895041202000070;51,993064817000104
55530;5221116601400774321;5;3;15;0;2022;11;12;4;3;5;3;0;1;1;1;0;0;0;0;354917,205999805009924;5647910,708999349735677;6,933881623000050;50,964511174000101
55534;5221105701910481228;5;5;62;8;2022;11;4;7;3;0;7;2;0;1;0;0;0;0;0;385059,141999939980451;5723599,699999599717557;7,338523238000050;51,651628959999996
55540;5221118606100378638;5;3;78;4;2022;11;11;6;2;6;4;0;0;1;0;1;0;0;0;367570,525241128983907;5646819,015965879894793;7,114365000000020;50,957747117000103
55542;5221110410110796987;5;7;70;24;2022;11;7;5;3;5;3;0;0;1;1;0;0;0;0;491324,435417727974709;5793832,117979000322521;8,872789891000020;52,294772723000101
55545;5221120706100376658;5;5;58;16;2022;11;16;1;2;0;1;1;0;1;0;0;0;0;0;382545,950342624972109;5744107,627369839698076;7,295287350000020;51,835422171000097
55547;5221118316000094277;5;9;74;28;2022;11;16;6;3;5;3;1;0;1;1;0;0;0;0;454756,419999998994172;5725655,055999649688601;8,345609984000021;51,680040198000000
55551;5221115400100089425;5;7;11;0;2022;11;5;3;3;0;3;2;0;1;1;0;0;0;0;462507,004000001004897;5766667,524999679997563;8,453253903000070;52,049344415000100
55554;5221109503300590038;5;1;20;0;2022;11;6;4;3;5;2;2;1;1;1;0;0;0;0;377975,730999918014277;5671379,330999559722841;7,254158312000070;51,180798414999998
55557;5221102702100991756;5;5;15;0;2022;11;7;4;3;3;3;0;0;1;0;0;0;0;1;406208,938999979000073;5757441,278999660164118;7,634982973000040;51,959748044999998
55561;5221116702100053166;5;5;15;0;2022;11;17;4;3;5;2;2;0;1;1;0;0;0;0;406322,628999979002401;5756457,540999660268426;7,636905299000030;51,950924902000096
55573;5221112502325289597;5;1;13;0;2022;11;13;7;3;5;2;0;0;1;1;0;0;0;0;361781,148999848985113;5706187,952999450266361;7,009088791000070;51,489923394000101
55582;5221030608100233183;5;3;34;2;2022;10;13;1;3;9;1;0;1;1;0;0;0;0;0;296488,362136167008430;5623722,750326179899275;6,116204567000070;50,729601935000098
55586;5221111709110372341;5;5;66;4;2022;11;4;6;2;8;1;2;0;1;0;0;0;0;0;394112,439999961003195;5767036,108999649994075;7,456033036000060;52,043811484000102
55589;5221113605136090217;5;3;74;36;2022;11;9;1;2;2;2;0;0;1;0;0;1;0;0;389468,186440745019354;5672930,053825750015676;7,418036755000060;51,197075158000096
55590;5221101316100079448;5;9;74;40;2022;11;16;3;3;5;3;1;0;1;0;0;0;1;0;440959,805286883027293;5714241,190798999741673;8,148005297000051;51,576142449000002
55591;5221117601600695396;5;3;15;0;2022;11;8;5;3;5;3;0;0;1;1;0;0;0;0;365737,537027113023214;5642909,304258219897747;7,089721771000030;50,922184078999997
55595;5221109706000994955;5;5;58;24;2022;11;8;4;3;6;6;0;0;1;0;1;0;0;0;392746,330999959027395;5737053,408999630250037;7,445455489000040;51,774071358000100
55599;5221101501135396116;5;1;12;0;2022;11;13;3;3;6;7;0;0;1;0;1;0;0;0;344838,376283860008698;5710200,231846340000629;6,763468084000070;51,521578341000101
55601;5221107506100695890;5;1;16;0;2022;11;9;2;2;5;3;0;0;1;0;0;0;0;1;323897,406999511003960;5670982,882998329587281;6,481314364000070;51,163140710000100
55606;5221119601400486360;5;3;15;0;2022;11;9;7;3;0;1;0;0;1;0;0;0;0;0;358300,044999827980064;5647638,019999399781227;6,982130371000040;50,962902508000099
55607;5221110603116396194;5;3;66;16;2022;11;10;5;3;5;2;0;0;1;1;0;0;0;0;344346,892999722971581;5614920,991999169811606;6,797459924000070;50,665303694000002
55608;5221102500100100318;5;1;11;0;2022;11;10;4;3;5;2;0;0;1;1;0;0;0;0;346578,083912343019620;5676148,914289699867368;6,803220910000050;51,216093266000001
55610;5221118514113992883;5;1;66;32;2022;11;15;6;2;0;7;0;0;1;0;0;0;0;0;316192,897790479997639;5686070,522243260405958;6,363505282000060;51,296244380000097
55615;5221111514210046108;5;1;66;12;2022;11;11;6;3;4;6;0;0;1;0;0;0;0;0;320682,363326500984840;5693518,978223999962211;6,424081977000070;51,364584668000099
55620;5221101300700493880;5;9;16;0;2022;11;10;3;3;5;3;0;0;1;1;0;0;0;0;373840,165999904973432;5711995,672999559901655;7,180609865000060;51,544937619999999
55629;5221120606700676569;5;3;78;32;2022;11;17;1;3;0;2;1;1;1;1;0;0;0;0;374514,480234857997857;5662251,217284999787807;7,207842956000040;51,098006816000101
55634;5221116502111387351;5;1;13;0;2022;11;8;4;3;5;3;0;1;1;1;0;0;0;0;363488,114364687004127;5701594,346909269690514;7,035434703000020;51,449057724000099
55637;5221115502409985335;5;1;17;0;2022;11;10;3;3;5;7;0;0;1;1;0;0;0;0;350569,341790336009581;5699951,597595539875329;6,850346487000020;51,431035372000103
55645;5221108608200377516;5;3;34;2;2022;11;7;3;3;7;1;1;0;1;0;1;0;0;0;298420,366912177007180;5626973,474042479880154;6,141766459000050;50,759472478000099
55646;5221031505200575930;5;1;14;0;2022;10;12;2;3;5;2;0;0;1;1;0;0;0;0;330895,704615087015554;5691045,481183369643986;6,571827629000040;51,345495626999998
55649;5221114502406989733;5;1;17;0;2022;11;16;2;3;5;2;1;0;1;1;0;0;0;0;354540,027999804005958;5699181,501999350264668;6,907741995000040;51,425148627000098
55650;5221120314310089300;5;9;66;20;2022;11;13;1;3;5;3;0;0;1;1;0;0;0;0;435604,534234473016113;5662014,634882139973342;8,080182565000030;51,105997459000001
55651;5221101601100898996;5;3;15;0;2022;11;16;3;3;0;7;0;0;1;0;0;0;0;0;356061,926999813993461;5646110,898999369703233;6,950884114000080;50,948623765000001
55658;5221112701500786132;5;5;62;24;2022;11;16;7;3;6;4;1;0;1;0;1;0;0;0;370486,468999891018029;5725511,011999529786408;7,127280661000040;51,665637195999999
55660;5221110706000658249;5;5;58;16;2022;11;20;5;2;2;2;2;0;1;1;0;0;0;0;383442,373229465971235;5748903,467484179884195;7,306674160000060;51,878711391000103
55661;5221102506100091148;5;1;16;0;2022;11;13;4;3;5;3;0;0;1;1;0;0;0;0;320387,025124492996838;5671550,388142369687557;6,430877736000070;51,167147452000101
55662;5221118513120380710;5;1;62;20;2022;11;12;6;3;6;7;0;0;1;0;1;0;0;0;327746,989497389993630;5672732,473644220270216;6,535479163000050;51,180030891999998
55663;5221108501127993079;5;1;12;0;2022;11;7;3;3;5;3;0;0;1;1;0;0;0;0;346639,787999748019502;5703991,628999190405011;6,792110966000050;51,466285735000000
55665;5221116702100470586;5;5;15;0;2022;11;7;4;3;5;2;2;1;1;1;0;0;0;0;408056,939999981026631;5754359,802999660372734;7,662694574000060;51,932358587000103
55666;5221109406210087115;5;7;58;4;2022;11;11;4;2;5;3;0;0;1;1;0;0;0;0;471139,233358894009143;5787267,001229040324688;8,577380788000029;52,235060696000097
55670;5221113502228286771;5;1;13;0;2022;11;13;1;3;2;1;0;0;1;0;0;0;0;0;357421,002972592017613;5697016,668986240401864;6,950023034000030;51,406427319000002
55672;5221117600330096147;5;3;82;64;2022;11;11;5;2;0;1;0;1;1;0;0;0;0;0;353442,889999795006588;5619270,917999329976737;6,924353568000070;50,706757484999997
55673;5221107406220644988;5;7;58;24;2022;11;14;2;3;5;2;0;0;1;1;0;0;0;0;483497,937000001023989;5783049,908999679610133;8,758557265000039;52,197655910999998
55674;5221115606700156087;5;3;78;8;2022;11;9;3;3;0;7;0;1;1;0;0;0;0;1;364642,280209388001822;5659917,237903329543769;7,067807552000030;51,074785296000101
55676;5221115301101584901;5;9;13;0;2022;11;16;3;3;5;2;0;0;1;1;0;0;0;0;394153,981708644016180;5708190,204851429909468;7,474582980000040;51,514908268000099
55681;5221121500200992824;5;1;11;0;2022;11;15;2;3;0;6;0;0;1;1;0;0;0;0;346701,446843473007903;5678504,619881049729884;6,803978284000040;51,237293690000101
55682;5221102405108993121;5;7;54;8;2022;11;18;4;3;5;3;2;0;1;1;0;0;0;0;456808,241542860982008;5751926,989034919999540;8,372012155000050;51,916405636000000
55688;5221108709300942419;5;5;66;84;2022;11;15;3;3;3;2;0;0;1;1;0;0;0;0;390843,701999954995699;5775993,545999649912119;7,405523562000040;52,123681134000002
55689;5221111516600586807;5;1;58;4;2022;11;13;6;3;5;3;0;0;1;1;0;0;0;0;356860,238999821012840;5676998,930999389849603;6,950002380000060;51,226402114000102
55690;5221111709110293606;5;5;66;8;2022;11;6;6;1;5;3;1;0;1;0;0;0;0;1;403509,628999974986073;5779526,373999670147896;7,589470727000050;52,157790394000102
55692;5221115513130295986;5;1;62;22;2022;11;11;3;3;5;2;0;0;1;1;0;0;0;0;338991,145622599986382;5679961,900499369949102;6,692965671000020;51,248263570000098
55695;5221031609236180827;5;3;58;36;2022;10;13;2;3;0;6;0;0;1;0;0;1;0;0;307762,899999262008350;5651480,013997060246766;6,261191908000060;50,982771325000002
55697;5221106702100791794;5;5;15;0;2022;11;16;1;3;1;6;0;0;1;0;0;0;0;0;405435,649140888010152;5759120,822536109946668;7,623269584000070;51,974713494000099
55698;5221111404101672249;5;7;66;20;2022;11;6;6;3;4;2;2;0;1;1;0;0;0;0;491982,575892298016697;5753288,332265649922192;8,883395063000020;51,930262986000102
55702;5221110601700593468;5;3;16;0;2022;11;18;5;3;4;6;2;0;1;0;0;0;0;0;362920,454901302990038;5654670,846248060464859;7,045230841000030;51,027226326000097
55706;5221101706300394281;5;5;58;4;2022;11;16;3;3;0;2;0;0;1;0;0;1;0;0;407369,911855672020465;5733756,013761180453002;7,658222320000050;51,747042830000098
55708;5221107702100479175;5;5;15;0;2022;11;13;2;3;3;2;0;0;1;1;0;0;0;0;404667,343143670004793;5759980,128462050110102;7,611848865000070;51,982305966000098
55709;5221116513110882237;5;1;62;16;2022;11;13;4;2;0;1;0;0;1;0;0;0;0;0;333139,820157865004148;5677574,720168760046363;6,610313141000060;51,225134693000001
55714;5221112709110042542;5;5;66;8;2022;11;10;7;2;5;3;0;0;1;0;0;1;0;0;399993,357999971020035;5781493,042999659664929;7,537506982000020;52,174840631999999
55717;5221110702100976680;5;5;15;0;2022;11;10;5;2;0;2;0;0;1;1;0;0;0;0;406939,769562623987440;5758315,877853079698980;7,645379115000030;51,967732177000102
55730;5221123516800093540;5;1;58;20;2022;11;11;4;3;5;2;0;0;1;1;0;0;0;0;356430,645999815023970;5662925,756999379955232;6,949471284000030;51,099826090000100
55736;5221128516300681324;5;1;58;28;2022;11;8;2;3;5;3;0;1;1;1;0;0;0;0;348592,557999764976557;5689112,150999239645898;6,826551363000020;51,333113648999998
55740;5221201701500365424;5;5;62;24;2022;12;19;5;3;5;2;2;0;1;1;0;0;0;0;370220,797999890986830;5725386,109999530017376;7,123487758000070;51,664453450000103
55746;5221126701930949479;5;5;62;36;2022;11;19;7;2;5;2;2;0;1;1;0;0;0;0;388413,912999948021024;5718313,969999619759619;7,388680002000060;51,604796895000000
55749;5221122500200678689;5;1;11;0;2022;11;15;3;3;0;1;0;0;1;0;0;0;0;0;344842,037296721013263;5680363,734516870230436;6,776557670000050;51,253495882999999
55750;5221128500300896607;5;1;11;0;2022;11;18;2;3;0;7;2;1;1;0;0;0;0;0;350305,245999776001554;5673268,528999280184507;6,857749442000060;51,191199736999998
55751;5221125506100973946;5;1;16;0;2022;11;21;6;2;1;3;2;1;1;1;0;0;0;0;321915,368098196981009;5673616,279063889756799;6,451691846000070;51,186183870999997
55761;5221121702100865384;5;5;15;0;2022;11;14;2;3;4;2;1;1;1;1;0;0;0;0;404389,893999979016371;5759062,468999659642577;7,608065875000020;51,974010057000001
55765;5221124600110093558;5;3;14;0;2022;11;6;5;3;5;2;2;1;1;0;0;0;0;1;364977,508620031992905;5622345,583249510265887;7,086488292000070;50,737185661000098
55766;5221122601500299136;5;3;15;0;2022;11;20;3;3;3;6;2;1;1;1;0;0;0;0;358304,939999826019630;5644793,049999400041997;6,983307182000030;50,937335969999999
55771;5221125709110187292;5;5;66;12;2022;11;7;6;3;0;3;2;1;1;1;0;0;0;0;404923,370999977982137;5769503,735999659635127;7,612929672000060;52,067950767000099
55773;5221129513340573679;5;1;62;28;2022;11;16;3;3;0;3;0;1;1;1;0;0;0;0;338378,997080652974546;5655957,626158629544079;6,694973286000050;51,032412855000103
55777;5221130601300986383;5;3;15;0;2022;11;22;4;3;5;5;2;0;1;0;0;0;0;0;353379,547999795991927;5645782,282999330200255;6,912856665000050;50,944994592999997
55778;5221128601500893547;5;3;15;0;2022;11;7;2;3;5;2;0;0;1;1;0;0;0;0;357754,338999823026825;5645088,259999389760196;6,975360650000030;50,939853463000098
55788;5221129705000591729;5;5;54;12;2022;11;14;3;3;0;1;0;1;1;0;0;0;0;0;349050,442089090007357;5745061,003750439733267;6,809063092000030;51,835940874000102
55799;5221123709700992810;5;5;66;20;2022;11;13;4;3;4;7;0;1;1;0;0;0;0;0;404354,931999975990038;5804407,267999679781497;7,594769288000070;52,381563278000002
55809;5221122709700591773;5;5;66;20;2022;11;17;3;3;5;3;2;1;1;1;0;0;0;0;404985,305734970024787;5804595,671602359972894;7,603974417000070;52,383366317000103
55812;5221126600120895321;5;3;82;24;2022;11;14;7;2;0;1;0;1;1;0;0;0;0;0;375588,606808308977634;5619853,852109399624169;7,237628184000070;50,717158530000098
55815;5221129706000676729;5;5;58;24;2022;11;17;3;3;5;3;2;1;1;1;0;0;0;0;393201,315492824011017;5736377,217240300029516;7,452255418000050;51,768080728000001
55822;5221124505200574017;5;1;14;0;2022;11;8;5;3;4;2;0;1;1;1;0;0;0;0;335434,096845696971286;5692161,788334099575877;6,636417912000070;51,356856974999999
55832;5221128518200452130;5;1;70;24;2022;11;9;2;3;0;3;0;1;1;1;0;0;0;0;336288,776999656984117;5703944,944998879916966;6,643242899000030;51,462966952000002
55834;5221122515110091521;5;1;54;4;2022;11;18;3;3;0;6;2;1;1;0;0;0;0;0;305850,542121728998609;5738269,963569460436702;6,186571392000080;51,761612775000103
55835;5221125501315496023;5;1;12;0;2022;11;14;6;3;4;6;0;0;1;0;0;0;0;1;346784,939978316018824;5700314,882015629671514;6,795791114000050;51,433288961000102
55836;5221201505200791558;5;1;14;0;2022;12;8;5;3;4;2;1;0;1;1;0;0;0;0;329915,687999587971717;5690044,951998620294034;6,558247153000020;51,336214671999997
55841;5221124506100992785;5;1;16;0;2022;11;15;5;3;0;1;0;1;1;0;0;0;0;0;314692,972539214999415;5676475,542495110072196;6,346983360000020;51,209571884000098
55848;5221125400200576173;5;7;11;0;2022;11;12;6;3;3;2;0;1;1;1;0;0;0;0;473223,584167173015885;5760284,725106859579682;8,610024371000071;51,992579864000000
55849;5221201410110196949;5;7;70;24;2022;12;19;5;3;5;2;2;0;1;1;0;0;0;0;493247,290000002016313;5792843,298999690450728;8,901004542000070;52,285909748000101
55850;5221122705000091707;5;5;54;56;2022;11;11;3;3;5;3;0;1;1;1;0;0;0;0;356848,053999822994228;5762252,668999389745295;6,915012579000060;51,992463608000001
55866;5221125709300470597;5;5;66;84;2022;11;18;6;3;0;1;2;0;1;0;0;0;0;0;390733,580790519015864;5774032,073510619811714;7,404545251000060;52,106031051000102
55877;5221201701200491012;5;5;62;20;2022;12;17;5;2;5;3;2;0;1;1;0;0;0;0;371438,285999895015266;5717520,459999539889395;7,143969567000060;51,594046293000098
55879;5221129501323091431;5;1;12;0;2022;11;14;3;3;0;5;0;0;1;1;0;0;0;1;344043,053684198006522;5694290,212764820083976;6,759026225000070;51,378409380000100
55881;5221124701300185344;5;5;62;14;2022;11;12;5;3;5;3;0;0;1;1;0;0;0;0;360452,121460257971194;5715078,641256120055914;6,986435339000020;51,569489889000103
55885;5221124608436575501;5;3;34;36;2022;11;19;5;3;4;2;2;0;1;1;0;0;0;0;297603,732516236021183;5633994,777417399920523;6,126335712000070;50,822250253000000
55890;5221129316300153223;5;9;74;28;2022;11;5;3;3;5;3;2;1;1;1;0;0;0;0;452430,240999999979977;5725733,567999649792910;8,311956658000041;51,680553852000102
55901;5221128702100791863;5;5;15;0;2022;11;8;2;3;0;2;0;1;1;1;0;0;0;0;405899,306999979016837;5758997,535999660380185;7,630051534000070;51,973684048000102
55904;5221123600110685343;5;3;14;0;2022;11;7;4;3;2;2;0;0;1;0;0;0;0;0;365032,491275731008500;5623187,432280169799924;7,086958663000080;50,744764884000098
55908;5221124701500172383;5;5;62;24;2022;11;18;5;3;0;1;2;1;1;0;0;0;0;0;365112,664416499028448;5721265,766879060305655;7,051261710000060;51,626223930000002
55913;5221125601700445445;5;3;16;0;2022;11;7;6;3;4;6;2;1;1;0;0;0;0;0;360879,333815725985914;5657226,642916950397193;7,015161293000060;51,049705012000103
55918;5221130514216786043;5;1;66;28;2022;11;7;4;3;5;2;1;1;1;1;0;0;0;0;320155,049523168010637;5686187,828108370304108;6,420216040000070;51,298563326000099
55921;5221124602100075543;5;3;62;8;2022;11;10;5;1;5;3;0;0;1;1;0;0;0;0;336672,985550533980131;5652778,083619230426848;6,672095372000060;51,003362282000097