OBJECTID;UIDENTSTLAE;ULAND;UREGBEZ;UKREIS;UGEMEINDE;UJAHR;UMONAT;USTUNDE;UWOCHENTAG;UKATEGORIE;UART;UTYP1;ULICHTVERH;IstStrassenzustand;IstRad;IstPKW;IstFuss;IstKrad;IstGkfz;IstSonstige;LINREFX;LINREFY;XGCSWGS84;YGCSWGS84
55928;5221129301101567118;5;9;13;0;2022;11;9;3;3;5;2;0;1;1;1;0;0;0;0;394160,982999960018788;5707121,186999630182981;7,475004755000040;51,505300687000002
55933;5221124602500594798;5;3;62;24;2022;11;15;5;3;5;3;0;0;1;0;0;0;0;1;345837,826665483997203;5642389,065793770365417;6,807017155000040;50,912535830000103
55941;5221201410130887123;5;7;70;28;2022;12;19;5;2;5;3;2;0;1;1;0;0;0;0;500829,525000000023283;5801830,883999690413475;9,012183111000070;52,366753117000002
55960;5221123514217596114;5;1;66;36;2022;11;17;4;3;5;3;2;1;1;1;0;0;0;0;329358,685999578970950;5682576,174998600035906;6,553829993000020;51,268949650000103
55972;5221129502210295191;5;1;13;0;2022;11;21;3;3;0;1;2;1;1;1;0;0;0;0;362187,036046623019502;5700828,480682159774005;7,017020899000040;51,441860184000099
55977;5221124609108089814;5;3;58;8;2022;11;15;5;3;1;1;0;0;1;1;0;0;0;0;321758,133193512971047;5630567,982016540132463;6,470567861000060;50,799403277000103
55982;5221201400300182063;5;7;11;0;2022;12;16;5;3;5;3;1;0;1;1;0;0;0;0;464571,445000001986045;5760868,175999670289457;8,483957900000060;51,997340856000100
55984;5221128706000596664;5;5;58;32;2022;11;15;2;3;5;3;0;1;1;1;0;0;0;0;386801,753999944019597;5754198,115999620407820;7,353717503000040;51,926988555999998
55986;5221124411232992766;5;7;74;32;2022;11;7;5;3;5;2;1;0;1;1;0;0;0;0;480144,385993261006661;5735956,675685860216618;8,712218455000031;51,774136382999998
55993;5221125407102074576;5;7;62;20;2022;11;10;6;3;8;1;0;1;1;0;0;0;0;0;527702,695415257010609;5740585,977433909662068;9,401882101000069;51,815425278000099
55996;5221202307000473385;5;9;62;24;2022;12;4;6;3;5;3;2;0;1;1;0;0;0;0;409594,048999983991962;5692439,403999630361795;7,701057068000070;51,375998711000101
56008;5221129709110979197;5;5;66;12;2022;11;16;3;3;3;3;2;1;1;1;0;0;0;0;403373,580204605008475;5773040,647199359722435;7,589325035000060;52,099472692000099
56011;5221125400200970282;5;7;11;0;2022;11;8;6;3;5;3;1;1;1;1;0;0;0;0;467408,310999999986961;5763055,523999669589102;8,525069144000041;52,017180281000002
56012;5221201301301580643;5;9;78;24;2022;12;0;5;3;0;1;0;1;1;0;0;0;0;0;399334,118585189979058;5720846,007013670168817;7,545584325000050;51,629614623000101
56021;5221130501318096056;5;1;12;0;2022;11;16;4;3;3;2;1;0;1;0;0;0;1;0;344775,903999733971432;5698964,739999149926007;6,767503326000050;51,420611119000100
56027;5221124501122974032;5;1;12;0;2022;11;14;5;3;2;6;0;0;1;1;0;0;0;0;344975,964584629982710;5705836,442915639840066;6,767367347000060;51,482407971999997
56029;5221201513110891372;5;1;62;16;2022;12;16;5;3;4;1;1;1;1;0;0;1;0;0;332897,504699598997831;5677359,297289529815316;6,606946488000060;51,223128388000099
56041;5221201307000580435;5;9;62;40;2022;12;7;5;3;3;6;2;1;1;1;0;0;0;0;415776,745953231991734;5699688,781666940078139;7,788145502000020;51,442120523000000
56055;5221125601700499206;5;3;16;0;2022;11;14;6;3;5;3;0;0;1;1;0;0;0;0;362317,413181319017895;5660307,722708930261433;7,034492749000040;51,077741536000097
56059;5221121601600599882;5;3;15;0;2022;11;12;2;3;0;1;0;1;1;0;0;0;0;0;361297,314999845984858;5645035,103999430313706;7,025777063000020;50,940238888000103
56064;5221124608416077501;5;3;34;16;2022;11;22;5;3;6;4;2;0;1;0;1;0;0;0;294137,015171775012277;5636856,314573789946735;6,075575430000070;50,846727909999998
56067;5221201501311182223;5;1;12;0;2022;12;11;5;3;5;2;0;0;1;0;0;0;1;0;344187,669999730016571;5700676,335999130271375;6,758297273000040;51,435828350000101
56069;5221128709300574741;5;5;66;84;2022;11;7;2;3;5;3;2;1;1;1;0;0;0;0;386081,052999944018666;5778610,628999629989266;7,335108537000050;52,146239768999997
56070;5221123610111089823;5;3;70;16;2022;11;17;4;3;1;3;2;1;1;1;0;0;0;0;300418,779066890012473;5659160,491273390129209;6,152470367000030;51,049254066000103
56079;5221125602500890284;5;3;62;24;2022;11;19;6;3;5;3;2;0;1;1;0;0;0;0;346219,253999740991276;5641730,406999199651182;6,812716328000020;50,906718818999998
56083;5221123701300308415;5;5;62;14;2022;11;13;4;3;5;2;0;0;1;1;0;0;0;0;360534,628999841981567;5716184,721999430097640;6,987185935000070;51,579449611000001
56087;5221122307000540499;5;9;62;32;2022;11;8;3;3;0;1;0;1;1;0;0;0;0;0;405746,695918450015597;5674022,333469550125301;7,650657334000070;51,209811948999999
56090;5221201316100775359;5;9;74;40;2022;12;17;5;3;0;3;2;0;1;1;0;0;0;0;438371,637904467002954;5711924,476731110364199;8,111067102000050;51,555036890000103
56096;5221123601300480845;5;3;15;0;2022;11;9;4;3;5;3;0;0;1;1;0;0;0;0;352564,248507726995740;5647200,104291429743171;6,900685032000070;50,957527970999998
56116;5221125513210085923;5;1;62;24;2022;11;13;6;2;0;1;0;1;1;0;0;0;0;0;337552,682751383981667;5675580,276864279992878;6,674358786000030;51,208488004000102
56117;5221201601300599802;5;3;15;0;2022;12;7;5;3;5;3;1;0;1;1;0;0;0;0;353845,710999797971454;5646187,084999339655042;6,919325354000020;50,948750773000000
56118;5221123303100080583;5;9;15;0;2022;11;12;4;3;5;3;0;0;1;1;0;0;0;0;417702,379999990982469;5727281,628999649547040;7,809384159000050;51,690454831000103
56124;5221130301101771257;5;9;13;0;2022;11;12;4;3;5;2;0;0;1;1;0;0;0;0;394858,460227947973181;5706407,818551979959011;7,485263297000070;51,499018718999999
56130;5221128702100979223;5;5;15;0;2022;11;7;2;3;0;6;2;1;1;0;0;0;0;0;402389,826999973971397;5757574,715999660082161;7,579380538000070;51,960290076000000
56132;5221122600380586271;5;3;14;0;2022;11;7;3;3;5;2;1;0;1;1;0;0;0;0;369206,054631186008919;5617158,810835530050099;7,148218841000070;50,691533462000102
56133;5221125702100574121;5;5;15;0;2022;11;8;6;3;5;3;1;0;1;1;0;0;0;0;405435,184999978984706;5755190,813999660313129;7,624344582000050;51,939388813999997
56135;5221129601100184907;5;3;15;0;2022;11;10;3;3;3;2;0;1;1;1;0;0;0;0;355361,461999810009729;5643988,134999359957874;6,941761810000060;50,929371609000000
56136;5221121701910164261;5;5;62;8;2022;11;16;2;3;0;1;2;1;1;0;0;0;0;0;384857,869494654994924;5722637,757741450332105;7,335931798000050;51,642942120000001
56137;5221130410110072323;5;7;70;24;2022;11;9;4;3;0;1;0;1;1;0;0;0;0;0;495468,156000001006760;5793651,628999689593911;8,933551776000060;52,293199848000000
56138;5221124709700992790;5;5;66;28;2022;11;13;5;2;0;1;0;1;1;0;0;0;0;0;412729,976365250011440;5792928,330322279594839;7,720761894000020;52,279786862000002
56139;5221130608100273658;5;3;34;2;2022;11;7;4;3;0;6;2;0;1;0;0;0;0;1;295663,467264225007966;5626466,230362460017204;6,103010350000030;50,753952716000100
56141;5221122316200873388;5;9;74;52;2022;11;8;3;3;5;6;0;0;1;1;0;0;0;0;425254,170999995025340;5712512,023999650031328;7,921767597000040;51,558733345000100
56151;5221121711142391712;5;5;70;44;2022;11;14;2;3;5;2;0;0;1;1;0;0;0;0;416615,791813938005362;5759605,083669410087168;7,785877674000060;51,980856600999999
56152;5221130410230992690;5;7;70;4;2022;11;7;4;3;4;6;0;1;1;0;0;0;0;0;485936,204353386012372;5784015,217665850184858;8,794191352000039;52,206402204000000
56154;5221130705000996572;5;5;54;4;2022;11;15;4;3;5;3;0;0;1;1;0;0;0;0;362709,675835472997278;5772576,748584959656000;6,996183442000070;52,086709526000000
56157;5221122601600219570;5;3;15;0;2022;11;14;3;3;5;2;0;0;1;1;0;0;0;0;359846,697748538979795;5644860,091008519753814;7,005210358000060;50,938315251000098
56160;5221123506100992802;5;1;16;0;2022;11;17;4;3;0;1;2;1;1;0;0;0;0;0;321332,157965342979878;5674659,806855780072510;6,442836164000030;51,195376152999998
56173;5221129316300594490;5;9;74;28;2022;11;7;3;3;3;3;2;1;1;1;0;0;0;0;454288,176999998977408;5723612,985999650321901;8,339105187000030;51,661642301000001
56174;5221123701500738984;5;5;62;24;2022;11;11;4;2;6;4;0;0;1;0;1;0;0;0;370725,237095850985497;5725463,039942000061274;7,130748928000060;51,665261068000099
56182;5221127608100073714;5;3;34;2;2022;11;22;1;2;4;2;2;1;1;1;0;0;0;0;293614,850304513005540;5628398,334491450339556;6,072922917000030;50,770580505000098
56186;5221128701120485383;5;5;62;32;2022;11;17;2;3;5;3;2;1;1;1;0;0;0;0;376234,075999914028216;5715868,409999569877982;7,213751395000030;51,580273017000103
56187;5221202502105465482;5;1;13;0;2022;12;8;6;3;3;1;0;1;1;0;0;0;0;1;362268,633999851997942;5701679,220999459736049;7,017863159000060;51,449525147000003
56188;5221122600120775602;5;3;82;24;2022;11;8;3;3;0;7;0;0;1;0;1;0;0;0;372295,541767809016164;5614989,060356910340488;7,192685827000050;50,672717112999997
56189;5221126300700190493;5;9;16;0;2022;11;22;7;3;8;1;2;0;1;0;0;0;0;0;373273,996088601008523;5708883,658257570117712;7,173569279000050;51,516842763000099
56191;5221129602500599578;5;3;62;24;2022;11;12;3;3;5;3;0;1;1;1;0;0;0;0;346252,605933684972115;5641889,893304459750652;6,813123157000060;50,908160860000102
56200;5221201600120185758;5;3;14;0;2022;12;14;5;3;5;2;0;0;1;1;0;0;0;0;367404,200124070979655;5622728,003867600113153;7,120721355000060;50,741182008000102
56207;5221124608100015590;5;3;34;2;2022;11;7;5;3;5;3;2;1;1;1;0;0;0;0;294939,279040839988738;5629416,889475990086794;6,091112980000050;50,780198022999997
56211;5221128506100992712;5;1;16;0;2022;11;14;2;3;5;2;0;1;1;1;0;0;0;0;316865,352999414026272;5671565,226997850462794;6,380553271000050;51,166164178000002
56212;5221126709000055917;5;5;66;76;2022;11;19;7;3;5;1;2;0;1;0;0;0;0;0;393969,359999960986897;5793403,905999659560621;7,445711895000040;52,280762498999998
56218;5221121601300772617;5;3;15;0;2022;11;21;2;3;6;7;2;1;1;0;1;0;0;0;353289,441727046971209;5646762,119742530398071;6,911180123000070;50,953777069000097
56222;5221126702100565912;5;5;15;0;2022;11;17;7;2;0;1;2;0;1;0;0;0;0;0;405740,075203353015240;5758035,421918770298362;7,627998265000030;51,965009173000098
56225;5221122316200389431;5;9;74;52;2022;11;15;3;3;5;2;0;0;1;1;0;0;0;0;426542,516701856977306;5709082,335515200160444;7,941064929000050;51,528069293000001
56226;5221128501127269450;5;1;12;0;2022;11;18;2;3;5;2;2;1;1;1;0;0;0;0;346846,711999753024429;5705904,584999199956656;6,794258416000050;51,483529869999998
56227;5221125501311028102;5;1;12;0;2022;11;14;6;3;5;2;0;0;1;0;0;0;0;1;345387,099999740021303;5700338,880999159999192;6,775687005000070;51,433124890000002
56230;5221128706000993451;5;5;58;20;2022;11;16;2;2;5;3;1;0;1;1;0;0;0;0;390464,371196280990262;5759653,672245780006051;7,405222767000050;51,976753375000001
56232;5221202508000471186;5;1;19;0;2022;12;21;6;3;1;5;2;1;1;1;0;0;0;0;349618,399172852979973;5709656,164090660400689;6,832546616000060;51,517982636000099
56235;5221127502111087462;5;1;13;0;2022;11;15;1;3;0;7;0;1;1;0;0;0;0;0;361611,712368823005818;5701691,661272319965065;7,008410445000040;51,449476779000101
56241;5221201301202678328;5;9;13;0;2022;12;17;5;3;3;6;2;0;1;1;0;0;0;0;393500,454553486022633;5709326,467713500373065;7,464824770000060;51,524998703000101
56243;5221128702100074754;5;5;15;0;2022;11;7;2;3;5;2;2;1;1;1;0;0;0;0;404194,053999976022169;5754225,316999659873545;7,606564204000050;51,930498227000001
56246;5221126301101273304;5;9;13;0;2022;11;7;7;3;5;3;1;0;1;1;0;0;0;0;392579,590196200006176;5708059,556557930074632;7,451942041000050;51,513436765999998
56248;5221129601300599058;5;3;15;0;2022;11;11;3;3;6;7;0;1;1;0;1;0;0;0;349316,504316346021369;5645107,221257350407541;6,855341178000060;50,937880684000000
56249;5221121514217091099;5;1;66;36;2022;11;7;2;3;5;3;1;1;1;1;0;0;0;0;328649,457553824991919;5682334,117957419715822;6,543789090000080;51,266562276999998
56254;5221126607100991663;5;3;82;28;2022;11;19;7;2;7;1;2;1;1;0;0;0;0;1;378036,623151606007013;5632470,449476730078459;7,268104775000040;50,831084845000099
56260;5221123701400171188;5;5;12;0;2022;11;22;4;3;0;7;2;1;1;0;0;0;0;0;355585,423999815015122;5712416,904999369755387;6,917355008000070;51,544346926000102
56267;5221201301301852377;5;9;78;24;2022;12;9;5;3;5;2;0;0;1;1;0;0;0;0;391606,636999954993371;5717230,767999620176852;7,435099383000020;51,595684464999998
56269;5221129301101992277;5;9;13;0;2022;11;13;3;3;5;3;0;1;1;1;0;0;0;0;392198,765035341028124;5706218,594562860205770;7,447018785000070;51,496816901000003
56271;5221124406110396964;5;7;58;12;2022;11;7;5;3;5;2;1;1;1;1;0;0;0;0;478095,118000001006294;5774517,654999679885805;8,680059945000041;52,120757843000000
56293;5221130709110065802;5;5;66;8;2022;11;14;4;3;5;3;0;0;1;1;0;0;0;0;399090,051634974020999;5781315,148963869549334;7,524354708000030;52,173077308000103
56294;5221128608100380785;5;3;34;2;2022;11;6;2;3;2;6;2;1;1;1;0;0;0;0;293006,684137222007848;5627253,713712289929390;6,064953386000070;50,760083951000098
56299;5221202303100596128;5;9;15;0;2022;12;5;6;3;5;3;2;0;1;1;0;0;0;0;413619,930739242001437;5721828,920792319811881;7,751685343000080;51,640825286999998
56300;5221123514216989522;5;1;66;28;2022;11;17;4;3;0;4;1;1;1;0;1;0;0;0;320956,310748573974706;5686334,119713369756937;6,431623919000060;51,300129988999998
56306;5221128516300589327;5;1;58;28;2022;11;7;2;3;5;2;1;1;1;1;0;0;0;0;348515,297491903998889;5684150,887403960339725;6,827550294000050;51,288513420000100
56313;5221123711211389299;5;5;70;4;2022;11;12;4;3;5;2;0;0;1;1;0;0;0;0;422956,455999991972931;5736142,049999659880996;7,883418730000070;51,770852732000002
56314;5221124405108206497;5;7;54;8;2022;11;7;5;2;5;2;1;1;1;1;0;0;0;0;460503,638994553009979;5751435,962308050133288;8,425794757000061;51,912265368000099
56315;5221126600110099997;5;3;14;0;2022;11;13;7;3;5;2;0;0;1;1;0;0;0;0;364637,024999863002449;5623582,216999460011721;7,081211560000040;50,748221082999997
56325;5221125702100576692;5;5;15;0;2022;11;7;6;3;5;2;1;1;1;1;0;0;0;0;406885,447999977972358;5756849,232999660074711;7,644986233000050;51,954540141000102
56328;5221121706300696612;5;5;58;24;2022;11;10;2;3;5;3;0;1;1;1;0;0;0;0;393202,314999960013665;5736376,945999629795551;7,452269981000030;51,768078481000003
56329;5221130502319081590;5;1;13;0;2022;11;19;4;3;0;7;2;1;1;0;0;0;0;0;356921,563999821024481;5705848,390999379567802;6,939276565000060;51,485663396000099
56331;5221130709500992681;5;5;66;76;2022;11;13;4;3;0;2;0;1;1;1;0;0;0;0;394368,320783241011668;5794387,967411899939179;7,451249474000060;52,289683303000103
56335;5221125601000282130;5;3;15;0;2022;11;17;6;3;0;1;2;1;1;0;0;0;0;0;353193,830377364007290;5655421,819023369811475;6,906319780000050;51,031573215999998
56336;5221201701700695097;5;5;62;16;2022;12;7;5;3;5;3;0;0;1;1;0;0;0;0;374225,809999906981830;5734284,498999560251832;7,178155093000040;51,745332813000097
56342;5221128405228992670;5;7;54;28;2022;11;20;2;3;6;6;2;0;1;0;1;0;0;0;451498,406287265010178;5745114,824800560250878;8,295773387000050;51,854724015999999
56343;5221126601300074413;5;3;15;0;2022;11;4;7;3;0;1;2;0;1;0;0;0;0;0;354245,918641001975629;5645167,478411610238254;6,925426787000050;50,939689223000101
56348;5221201702100091866;5;5;15;0;2022;12;14;5;3;5;2;0;0;1;1;0;0;0;0;406307,362999979988672;5751066,836999660357833;7,638150773000060;51,902467846000000
56353;5221123514119189769;5;1;66;16;2022;11;8;4;3;5;2;0;1;1;1;0;0;0;0;308015,561999284022022;5686150,742996959947050;6,246310258000050;51,294266773000103
56355;5221121602700090356;5;3;62;28;2022;11;16;2;3;5;2;0;0;1;1;0;0;0;0;351293,859999781008810;5640652,405999300070107;6,885280056000060;50,898360829000097
56365;5221129316300991306;5;9;74;28;2022;11;8;3;3;5;3;0;0;1;1;0;0;0;0;454341,661999999021646;5725522,956999650225043;8,339628749000040;51,678818946000000
56370;5221129709500576678;5;5;66;76;2022;11;8;3;3;0;3;0;1;1;1;0;0;0;0;393651,217999960994348;5794099,024999660439789;7,440830852000030;52,286948205999998
56372;5221128301202992709;5;9;13;0;2022;11;17;2;3;5;3;2;1;1;1;0;0;0;0;393216,984615619992837;5709788,390627309679985;7,460600137000030;51,529097137000100
56375;5221122702100554101;5;5;15;0;2022;11;16;3;3;5;2;0;0;1;0;0;0;0;1;405019,896999977005180;5757700,723999660462141;7,617611551000040;51,961878196000001
56380;5221123601100086450;5;3;15;0;2022;11;19;4;3;3;2;2;1;1;0;0;1;0;0;355650,557815173990093;5645864,199241720139980;6,945129635000060;50,946303859000103
56383;5221130405108096861;5;7;54;8;2022;11;12;4;3;5;3;0;1;1;0;0;0;1;0;461114,062000001023989;5754675,924999670125544;8,434302625000040;51,941437638000103
56406;5221124515111078984;5;1;54;8;2022;11;16;5;3;5;3;0;0;1;1;0;0;0;0;309282,247999336977955;5746597,608996869996190;6,231657441000040;51,837580604000003
56420;5221128709700992711;5;5;66;28;2022;11;17;2;3;5;2;2;1;1;1;0;0;0;0;411241,696729970979504;5793447,549766180105507;7,698815448000060;52,284215410999998
56431;5221128608100385805;5;3;34;2;2022;11;7;2;3;5;3;2;1;1;1;0;0;0;0;291855,751581665012054;5628819,895408759824932;6,047771013000040;50,773738098000102
56432;5221202400200055572;5;7;11;0;2022;12;11;6;3;5;3;0;0;1;1;0;0;0;0;472904,441521656000987;5764360,380946760065854;8,605053979000051;52,029207498000098
56433;5221122601100573829;5;3;15;0;2022;11;19;3;3;3;2;2;0;1;1;0;0;0;0;355183,231499026995152;5645258,177546200342476;6,938722603000030;50,940740480999999
56434;5221125702100070513;5;5;15;0;2022;11;12;6;3;5;3;0;1;1;1;0;0;0;0;403941,045736020023469;5758253,336286690086126;7,601759853000030;51,966659907000100
56435;5221123516800279320;5;1;58;20;2022;11;7;4;3;4;7;2;1;1;0;0;0;0;0;355706,110999810975045;5664074,621999369934201;6,938670935000060;51,109968498999997
56436;5221129513210594867;5;1;62;24;2022;11;19;3;3;5;1;2;0;1;0;0;0;0;0;340566,166396694025025;5671863,742446590214968;6,719113661000050;51,175943828000101
56444;5221125600110599997;5;3;14;0;2022;11;18;6;2;6;4;2;1;1;0;1;0;0;0;365279,520895862020552;5619925,239538400433958;7,091650024000050;50,715501922000001
56445;5221201606400078566;5;3;78;28;2022;12;16;5;3;5;3;1;0;1;1;0;0;0;0;373416,882999902009033;5641836,628999530337751;7,199295856000050;50,914278660000001
56446;5221123502249365993;5;1;13;0;2022;11;16;4;3;3;6;2;1;1;0;0;0;0;1;356096,928999816998839;5693217,286999369971454;6,932538843000030;51,371951524000103
56454;5221122500200295567;5;1;11;0;2022;11;6;3;3;0;1;2;1;1;0;0;0;0;0;350739,311614741978701;5679920,496871300041676;6,861187153000060;51,251087155000100
56457;5221201600120195302;5;3;82;24;2022;12;11;5;3;5;3;0;1;1;1;0;0;0;0;371596,518313201027922;5616910,504179390147328;7,182130984000030;50,689834162000103
56466;5221121702100535374;5;5;15;0;2022;11;10;2;2;5;2;0;1;1;1;0;0;0;0;404599,123999977018684;5755714,818999660201371;7,612040675000060;51,943956066000098
56475;5221125709700992758;5;5;66;48;2022;11;17;6;3;5;2;2;1;1;1;0;0;0;0;428466,419505700003356;5796043,247625060379505;7,950724773000050;52,310060120999999
56483;5221126700000081313;5;5;13;0;2022;11;16;7;3;4;2;1;0;1;1;0;0;0;0;368373,097999883000739;5708856,258999509736896;7,102986493000060;51,515475863000098
56485;5221125516500395663;5;1;58;16;2022;11;4;6;3;5;3;2;0;1;1;0;0;0;0;354900,449999806995038;5670375,823999349959195;6,924631398000030;51,166390158000098
56487;5221123405108087003;5;7;54;8;2022;11;18;4;3;0;1;2;0;1;0;0;0;0;1;456398,662132919998839;5751531,660244530066848;8,366107506000050;51,912819497999998
56492;5221123503400992808;5;1;22;0;2022;11;15;4;2;6;4;0;0;1;0;1;0;0;0;360604,069062412017956;5670287,347376240417361;7,006190916000040;51,167013476000101
56499;5221126711213490739;5;5;70;4;2022;11;11;7;3;5;3;0;1;1;1;0;0;0;0;423850,935999993002042;5734561,417999659664929;7,896726144000070;51,756765798000103
56500;5221122506100182250;5;1;16;0;2022;11;14;3;3;1;5;0;0;1;1;0;0;0;0;321397,220999475975987;5670839,832998169586062;6,445664599000050;51,161080619000103
56503;5221123317220494383;5;9;78;4;2022;11;7;4;3;5;3;1;1;1;1;0;0;0;0;405093,438999978010543;5719476,519999640062451;7,629139352000040;51,618305404000097
56504;5221129503100992693;5;1;24;0;2022;11;17;3;3;2;3;2;1;1;1;0;0;0;0;370833,706999890971929;5680266,520999520085752;7,148828672000040;51,259102779000003
56508;5221126601100093570;5;3;15;0;2022;11;3;7;3;0;1;2;0;1;0;0;0;0;0;355264,058442579000257;5644344,386857779696584;6,940235235000050;50,932548738999998
56511;5221122316500053252;5;9;74;20;2022;11;15;3;3;5;3;0;0;1;1;0;0;0;0;462415,246999999973923;5722511,981999649666250;8,456717242000019;51,652345443999998
56515;5221122705000495195;5;5;54;8;2022;11;5;3;3;5;2;2;1;1;1;0;0;0;0;338730,597999688005075;5745641,412998939864337;6,659137195000030;51,838270932999997
56518;5221127601600595408;5;3;15;0;2022;11;4;1;3;0;1;2;0;1;0;0;0;0;0;360895,790621516993269;5645047,147750129923224;7,020061016000060;50,940250401000100
56530;5221201602250073704;5;3;62;16;2022;12;12;5;3;5;3;0;1;1;1;0;0;0;0;334267,413999627984595;5642648,728998850099742;6,642451893000040;50,911662819000099
56535;5221130602100056555;5;3;62;8;2022;11;18;4;3;2;6;2;1;1;1;0;0;0;0;337686,956263786996715;5644853,755714770406485;6,690070884000020;50,932447372000098
56536;5221128513210971996;5;1;62;24;2022;11;13;2;3;4;6;0;0;1;1;0;0;0;0;340589,057561399007682;5668609,933329139836133;6,720882686000040;51,146714326999998
56538;5221124608416179490;5;3;34;16;2022;11;10;5;3;0;1;0;0;1;0;0;0;0;0;295195,772799746016972;5640460,921488179825246;6,088577869000060;50,879476965000002
56540;5221125514110582333;5;1;66;32;2022;11;6;6;3;5;3;2;1;1;1;0;0;0;0;318136,067941163026262;5680710,568020129576325;6,394073408000050;51,248721127000103
56544;5221123608408471693;5;3;34;8;2022;11;11;4;3;5;2;0;0;1;1;0;0;0;0;301241,573999140004162;5643580,553996319882572;6,172712008000080;50,909607481000101
56545;5221202516100291125;5;1;58;32;2022;12;7;6;3;0;3;2;1;1;1;0;0;0;0;362966,167999854020309;5688604,496999460272491;7,032941925000050;51,332197345000097
56552;5221125410270590716;5;7;70;16;2022;11;10;6;3;5;3;0;0;1;1;0;0;0;0;477288,029000001028180;5792215,386999679729342;8,667085141000030;52,279836730000099
56556;5221202501315079021;5;1;12;0;2022;12;12;6;3;5;2;0;0;1;1;0;0;0;0;346555,088999749976210;5698276,815999190323055;6,793369561000080;51,414914397000103
56560;5221129705000589749;5;5;54;56;2022;11;7;3;3;5;3;1;1;1;1;0;0;0;0;356437,371999823022634;5761612,792999380268157;6,909303223000050;51,986608332000102
56568;5221124406210992798;5;7;58;4;2022;11;5;5;3;5;3;2;1;1;1;0;0;0;0;472173,883992244023830;5782596,303014989942312;8,592915189000051;52,193122506000101
56569;5221125709800992757;5;5;66;32;2022;11;17;6;3;5;3;2;0;1;1;0;0;0;0;413376,742850079026539;5778011,594966839998960;7,734057564000070;52,145811150999997
56572;5221121701610598916;5;5;62;12;2022;11;21;2;3;5;3;2;0;1;1;0;0;0;0;360409,937999845016748;5726937,341999440453947;6,981101609000060;51,676041314000003
56575;5221130608100172071;5;3;34;2;2022;11;9;4;3;2;6;0;1;1;1;0;0;0;0;295093,481564612011425;5627318,612582409754395;6,094466047000030;50,761407315000000
56579;5221122601400951150;5;3;15;0;2022;11;12;3;3;5;5;0;0;1;1;0;0;0;0;356308,501438169972971;5647889,270321140065789;6,953689894000040;50,964667201000097
56584;5221121516800992846;5;1;58;20;2022;11;17;2;3;0;5;2;0;1;1;0;0;0;1;356656,621596763026901;5661322,728020190261304;6,953332824000030;51,085476830000097
56586;5221130506100796090;5;1;16;0;2022;11;17;4;3;0;1;2;0;1;0;0;0;0;0;321068,318739291979000;5674707,583430870436132;6,439040226000030;51,195722789999998
56588;5221128513120090231;5;1;62;20;2022;11;6;2;3;5;2;2;1;1;1;0;0;0;0;325676,760240432980936;5674230,356087500229478;6,505162300000050;51,192859967000103
56592;5221125513310594902;5;1;62;8;2022;11;6;6;3;3;3;0;0;1;1;0;0;0;0;334288,014131898991764;5667307,727090509608388;6,631475934000040;51,133225186000097
56596;5221123705000992816;5;5;54;4;2022;11;7;4;3;5;3;1;0;1;1;0;0;0;0;362159,736999853979796;5772904,834999459795654;6,988029540000070;52,089520802999999
56604;5221201317110594485;5;9;78;36;2022;12;11;5;3;0;7;0;1;1;1;0;0;0;0;408386,666252647992224;5710097,777939819730818;7,679140334000070;51,534543579000101
56615;5221130709500512449;5;5;66;76;2022;11;7;4;3;0;3;1;0;1;1;0;0;0;0;394520,524999961024150;5792894,272999660111964;7,453947575000030;52,276288339000097
56617;5221127300100190972;5;9;11;0;2022;11;13;1;3;1;5;0;0;1;1;0;0;0;0;374304,735303781984840;5706654,030362440273166;7,189211445000070;51,497034896999999
56626;5221129514113992699;5;1;66;32;2022;11;13;3;3;3;2;0;1;1;1;0;0;0;0;316725,489241132978350;5684766,579020650126040;6,371805225000060;51,284703272000101
56630;5221130702100679115;5;5;15;0;2022;11;6;4;3;5;3;2;1;1;1;0;0;0;0;407900,575999981025234;5760301,455999660305679;7,658827922000060;51,985739631999998
56631;5221128601200393561;5;3;15;0;2022;11;17;2;3;5;3;2;1;1;1;0;0;0;0;357731,660999824001919;5641375,927999390289187;6,976486388000070;50,906485134000000
56633;5221125516500586883;5;1;58;16;2022;11;14;6;3;5;2;0;0;1;1;0;0;0;0;354564,749967343988828;5670253,066571029834449;6,919882887000030;51,165201766999999
56639;5221130601300981661;5;3;15;0;2022;11;9;4;3;0;7;0;0;1;0;1;0;0;0;354627,142693576985039;5646894,918923839926720;6,930159513000040;50,955309467000099
56647;5221201500100001997;5;1;11;0;2022;12;19;5;3;5;2;2;0;1;1;0;0;0;0;340060,166999690001830;5678848,689999019727111;6,708767340000070;51,238562231000103
56650;5221124300600294402;5;9;16;0;2022;11;14;5;2;5;2;0;1;1;1;0;0;0;0;376020,962999915005639;5710531,974999560043216;7,212558732000050;51,532266266000100
56651;5221202516300478874;5;1;58;28;2022;12;19;6;3;5;2;2;1;1;1;0;0;0;0;349370,906999768980313;5684331,244999259710312;6,839735171000030;51,290360984000102
56653;5221124406110096853;5;7;58;12;2022;11;7;5;3;5;2;1;1;1;1;0;0;0;0;477490,464169185026549;5771436,426835360005498;8,671432263000041;52,093031318000001