OBJECTID;UIDENTSTLAE;ULAND;UREGBEZ;UKREIS;UGEMEINDE;UJAHR;UMONAT;USTUNDE;UWOCHENTAG;UKATEGORIE;UART;UTYP1;ULICHTVERH;IstStrassenzustand;IstRad;IstPKW;IstFuss;IstKrad;IstGkfz;IstSonstige;LINREFX;LINREFY;XGCSWGS84;YGCSWGS84
56661;5221201302100785192;5;9;14;0;2022;12;19;5;2;6;4;2;0;1;0;1;0;0;0;394081,260264141019434;5693244,936086360365152;7,478009111000060;51,380557242000101
56665;5221124506100571643;5;1;16;0;2022;11;8;5;3;0;3;0;0;1;0;0;0;0;1;321144,606999473995529;5671302,639998150058091;6,441825525000070;51,165159233000097
56671;5221130505200895970;5;1;14;0;2022;11;18;4;2;5;2;2;0;1;1;0;0;0;0;329217,945999581017531;5689509,463998589664698;6,548496831000020;51,331194842999999
56673;5221130705000666228;5;5;54;40;2022;11;23;4;3;1;7;2;0;1;1;0;0;0;0;350750,619863192026969;5737512,759944350458682;6,836970462000070;51,768578017000003
56675;5221127300800289968;5;9;54;36;2022;11;21;1;2;0;1;2;0;1;0;0;0;0;0;384293,659416497976054;5698719,552667980082333;7,335642268000070;51,427852878000103
56677;5221125607400678184;5;3;82;44;2022;11;11;6;3;0;3;0;1;1;1;0;0;0;0;361000,380673657986335;5632652,804020370356739;7,026262767000050;50,828883623000102
56681;5221123702100976651;5;5;15;0;2022;11;19;4;3;5;2;2;1;1;1;0;0;0;0;404650,300999977975152;5760135,902999660000205;7,611557492000030;51,983703197000096
56687;5221122316100589286;5;9;74;40;2022;11;12;3;3;0;1;0;1;1;0;0;0;0;0;439224,567021079012193;5709869,049908770248294;8,123723332000051;51,536649904000100
56688;5221128406220190738;5;7;58;24;2022;11;12;2;2;0;1;0;1;1;0;0;0;0;0;483559,224190587992780;5783708,779802329838276;8,759421970000060;52,203581368000101
56696;5221123601500590254;5;3;15;0;2022;11;20;4;3;0;5;2;1;1;1;0;0;0;0;363086,518488006026018;5651517,980904329568148;7,048787304000030;50,998930292000097
56698;5221121701300708415;5;5;62;14;2022;11;7;2;3;5;2;0;0;1;1;0;0;0;0;360409,828416957985610;5717462,171329460106790;6,984878033000030;51,590897918000103
56706;5221125502324295613;5;1;13;0;2022;11;14;6;3;0;1;0;0;1;0;0;0;0;0;361706,390540247026365;5708599,609807229600847;7,007067275000050;51,511576951000102
56719;5221125317210218495;5;9;78;20;2022;11;7;6;3;0;7;0;0;1;0;0;0;0;0;407431,613999981025700;5716223,070999640040100;7,663761539000060;51,589449186000103
56724;5221122608100685753;5;3;34;2;2022;11;12;3;3;5;3;0;0;1;1;0;0;0;0;291821,404145391017664;5628324,796607219614089;6,047564690000060;50,769279339000001
56730;5221124702100991783;5;5;15;0;2022;11;15;5;3;0;2;0;1;1;1;0;0;0;0;406253,743999978993088;5751179,841999660246074;7,637340904000040;51,903474578999997
56736;5221201505100274034;5;1;14;0;2022;12;7;5;3;5;3;2;0;1;1;0;0;0;0;332070,643583292025141;5689221,835121899843216;6,589542413000060;51,329460308000101
56749;5221122702100039947;5;5;15;0;2022;11;17;3;3;0;3;2;0;1;1;0;0;0;0;404269,352999977010768;5748480,063999660313129;7,609255066000060;51,878870259999999
56754;5221123602800014915;5;3;62;12;2022;11;15;4;3;5;3;0;1;1;1;0;0;0;0;352033,095999785000458;5630401,069999310187995;6,899927800000060;50,806425342000097
56758;5221125500200255547;5;1;11;0;2022;11;17;6;3;5;2;2;0;1;1;0;0;0;0;344518,958999730995856;5688025,535999150015414;6,768596121000030;51,322251010999999
56763;5221125606400586386;5;3;78;24;2022;11;17;6;3;5;2;2;0;1;1;0;0;0;0;381593,008999929996207;5646450,282999560236931;7,314050200000050;50,957484907999998
56771;5221126601100325696;5;3;15;0;2022;11;16;7;3;5;3;1;0;1;1;0;0;0;0;355367,349999808007851;5645605,926999360322952;6,941203405000070;50,943911841000002
56774;5221130709110374197;5;5;66;12;2022;11;18;4;3;3;3;2;1;1;1;0;0;0;0;406354,999994374986272;5772357,761012360453606;7,633025616000050;52,093847431000000
56775;5221128608200575610;5;3;34;2;2022;11;11;2;3;5;2;0;1;1;0;0;0;0;1;297412,990127834025770;5627755,016177980229259;6,127071638000070;50,766141201000003
56791;5221123316300094382;5;9;74;28;2022;11;9;4;3;0;1;0;1;1;0;0;0;0;0;454413,344254483992700;5727564,952033850364387;8,340398664000080;51,697184024000101
56794;5221124405108587099;5;7;54;8;2022;11;15;5;2;5;3;0;1;1;1;0;0;0;0;459183,135000000998843;5750501,298999669961631;8,406708861000030;51,903766953999998
56797;5221129702100080977;5;5;15;0;2022;11;17;3;3;0;1;2;1;1;0;0;0;0;0;405463,260141653998289;5754997,042020980268717;7,624806133000050;51,937651873000000
56799;5221128301201173416;5;9;13;0;2022;11;17;2;3;5;3;2;1;1;1;0;0;0;0;387259,949184370983858;5708450,756367050111294;7,375186837000060;51,515916393000097
56809;5221130503400992683;5;1;22;0;2022;11;15;4;3;5;3;0;1;1;1;0;0;0;0;365092,895603058976121;5670781,039129409939051;7,070170620000060;51,172526715000103
56817;5221123501212696119;5;1;12;0;2022;11;17;4;3;3;2;2;1;1;0;0;0;0;1;340888,685999698995147;5698446,112999039702117;6,711875871000070;51,414873704000101
56820;5221124609224146957;5;3;58;24;2022;11;16;5;2;5;3;0;0;1;1;0;0;0;0;315049,798999377002474;5644228,265997770242393;6,368572522000020;50,920015139000000
56825;5221124600380595310;5;3;14;0;2022;11;10;5;3;0;1;0;0;1;0;0;0;0;0;368454,377766254008748;5618224,815892869606614;7,137202965000030;50,700945444000098
56828;5221201600370293864;5;3;82;4;2022;12;13;5;3;0;7;0;1;1;0;0;0;0;0;360372,981942786020227;5619225,875981340184808;7,022455612000040;50,708058338999997
56834;5221127516800991731;5;1;58;20;2022;11;8;1;3;5;3;0;0;1;1;0;0;0;0;356128,950999815016985;5664493,351999370381236;6,944540309000050;51,113837728000100
56843;5221123500100191305;5;1;11;0;2022;11;18;4;3;1;5;2;1;1;1;0;0;0;0;344881,430999732983764;5678334,415999160148203;6,778000932000050;51,235272459999997
56844;5221128706000065766;5;5;58;44;2022;11;14;2;3;5;7;0;1;1;0;0;0;0;0;395535,973083216988016;5746256,599338839761913;7,483097861000030;51,857318093000103
56845;5221123701500372329;5;5;62;24;2022;11;13;4;3;5;2;0;0;1;1;0;0;0;0;368704,922999884991441;5724729,197999520227313;7,101828966000030;51,658197953000098
56852;5221127711151051183;5;5;70;32;2022;11;18;1;3;0;1;2;1;1;0;0;0;0;0;420131,989143302023876;5767813,863270370289683;7,835148697000020;52,055162529000000
56856;5221128608312285772;5;3;34;12;2022;11;18;2;3;5;3;2;1;1;1;0;0;0;0;308252,837372325011529;5632196,020274960435927;6,278286595000050;50,809716825000102
56858;5221125711413554394;5;5;70;28;2022;11;6;6;3;5;3;2;1;1;1;0;0;0;0;441109,104999999981374;5743001,477999660186470;8,145300721000069;51,834725005000102
56859;5221123601100399020;5;3;15;0;2022;11;11;4;3;0;7;0;0;1;0;0;0;0;0;355018,492999806010630;5644254,950999350287020;6,936778542000070;50,931683324000097
56864;5221130702100069258;5;5;15;0;2022;11;11;4;3;0;7;0;0;1;1;0;0;0;0;405568,563999978010543;5756770,384999659843743;7,625850368000040;51,953609367000098
56868;5221125603116795369;5;3;66;16;2022;11;16;6;2;5;3;0;0;1;1;0;0;0;0;344424,941999720991589;5611646,486999169923365;6,799938912000070;50,635898537000102
56873;5221124609108577567;5;3;58;8;2022;11;19;5;3;4;2;2;0;1;1;0;0;0;0;322916,444999488012400;5630587,130998330190778;6,486979308000060;50,799930404000101
56877;5221124605136342237;5;3;74;36;2022;11;8;5;3;0;5;0;1;1;0;0;0;0;1;381885,565999930026010;5675811,991999579593539;7,308612257000050;51,221461558000001
56894;5221122706300538857;5;5;58;24;2022;11;11;3;2;8;1;0;0;1;0;0;0;0;0;392931,619033406022936;5736363,280881790444255;7,448352771000030;51,767903954000097
56895;5221128702100291832;5;5;15;0;2022;11;17;2;3;9;1;2;1;1;0;0;0;0;0;406044,556887207028922;5757306,127806279808283;7,632628289000020;51,958505490999997
56897;5221122516800095557;5;1;58;20;2022;11;6;3;3;5;2;2;1;1;1;0;0;0;0;357007,811999819998164;5662054,680999389849603;6,958053991000040;51,092142282000097
56899;5221123505100078938;5;1;14;0;2022;11;9;4;3;0;1;0;1;1;0;0;0;0;0;331206,435617997020017;5689296,223049280233681;6,577114210000050;51,329872776000101
56903;5221125301301992768;5;9;78;24;2022;11;12;6;3;0;5;0;0;1;1;0;0;0;0;392077,742957478971221;5717217,362709130160511;7,441902261000050;51,595654432000103
56911;5221211600110992513;5;3;14;0;2022;12;15;1;2;5;2;0;0;1;1;0;0;0;0;364993,930343097017612;5622352,847049860283732;7,086718218000040;50,737254765000003
56913;5221205301301094365;5;9;78;24;2022;12;5;2;3;8;6;2;1;1;1;0;0;0;0;401790,302035209024325;5716858,171740819700062;7,582176681000020;51,594202902000099
56918;5221209405108676255;5;7;54;8;2022;12;8;6;3;0;3;0;1;1;1;0;0;0;0;456978,029820395982824;5748745,267236899584532;8,374877825000061;51,887813278000102
56920;5221219301303480666;5;9;13;0;2022;12;7;2;3;3;7;2;1;1;1;0;0;0;0;401970,114188177976757;5706225,112892939709127;7,587734438000040;51,498654545000100
56925;5221221301202574722;5;9;13;0;2022;12;0;4;3;3;7;2;1;1;0;0;0;0;0;394222,069085084018297;5709351,881884439848363;7,475215129000050;51,525362766999997
56928;5221209601600519570;5;3;15;0;2022;12;11;6;3;1;5;0;0;1;1;0;0;0;0;364887,882893212023191;5645485,827271619811654;7,076684985000040;50,945142325000099
56929;5221210600110778264;5;3;14;0;2022;12;12;7;3;5;2;0;0;1;1;0;0;0;0;364968,096999862988014;5622360,557999460026622;7,086349505000040;50,737318065000103
56934;5221208608312589892;5;3;34;12;2022;12;13;5;3;0;2;0;0;1;1;0;0;0;0;307093,635915527003817;5633190,673597189597785;6,261329738000030;50,818266495000003
56938;5221205601500574375;5;3;15;0;2022;12;16;2;3;0;1;2;1;1;0;0;0;0;0;360778,556677446991671;5647682,924282769672573;7,017385483000060;50,963910326000097
56959;5221221601500086595;5;3;15;0;2022;12;7;4;3;5;3;1;1;1;1;0;0;0;0;357928,458999825990759;5644777,149999399669468;6,977958631000040;50,937100448000102
56960;5221209411132992547;5;7;74;32;2022;12;6;6;3;0;7;2;2;1;0;0;0;0;0;479081,876000000978820;5729281,514999650418758;8,697220438000040;51,714079800000000
56961;5221213705000179154;5;5;54;8;2022;12;10;3;2;5;3;0;1;1;1;0;0;0;0;335824,536938094010111;5746822,813028019852936;6,616433334000020;51,848037269000002
56971;5221205400300974730;5;7;11;0;2022;12;8;2;3;5;3;0;1;1;0;0;0;0;1;463494,613000000012107;5760376,617999670095742;8,468326147000029;51,992851710000103
56983;5221220706200991665;5;5;58;12;2022;12;17;3;3;5;3;1;1;1;1;0;0;0;0;372967,631999903009273;5756280,828999560326338;7,151860769000050;51,942719818000100
57021;5221206502210774718;5;1;13;0;2022;12;18;3;2;2;1;2;1;1;1;0;0;0;0;358428,357999828993343;5699326,606999410316348;6,963574244000030;51,427437177999998
57032;5221211709700091161;5;5;66;56;2022;12;3;1;3;8;1;2;2;1;0;0;0;0;0;416673,339314652024768;5797366,018710600212216;7,777452544000030;52,320286744999997
57033;5221214513130055786;5;1;62;22;2022;12;18;4;3;5;3;2;0;1;1;0;0;0;0;339580,768039026006591;5678801,066815329715610;6,701926912000030;51,237999756000100
57048;5221208300100185311;5;9;11;0;2022;12;16;5;3;5;7;2;1;1;1;0;0;0;0;375972,480466403998435;5705900,105485309846699;7,213489595000060;51,490627473000103
57054;5221219702100361999;5;5;15;0;2022;12;6;2;3;0;1;2;2;1;0;0;0;0;0;403290,389002083975356;5758102,200016429647803;7,592334498000070;51,965188632000000
57076;5221214702100070586;5;5;15;0;2022;12;7;4;3;0;2;2;1;1;1;0;0;0;0;405520,487999978009611;5751865,032999659888446;7,626497996000070;51,909509566000096
57079;5221205702100191787;5;5;15;0;2022;12;8;2;3;5;3;1;1;1;1;0;0;0;0;403942,872999976971187;5754801,951999650336802;7,602751110000040;51,935637953000104
57080;5221220601500378214;5;3;15;0;2022;12;17;3;3;5;2;2;1;1;1;0;0;0;0;364169,466999860014766;5648423,798999460414052;7,065368036000050;50,971378339000097
57084;5221209601100481671;5;3;15;0;2022;12;9;6;3;0;5;0;1;1;1;0;0;0;0;355060,148940152022988;5645345,177589390426874;6,936937283000020;50,941491403000001
57088;5221212706300796581;5;5;58;36;2022;12;15;2;3;0;3;0;0;1;1;0;0;0;0;387578,192138526996132;5729250,254265160299838;7,373101046000040;51,702924578000101
57097;5221221514110579534;5;1;66;32;2022;12;7;4;3;5;3;2;1;1;1;0;0;0;0;317543,366988987021614;5680679,222513340413570;6,385606047000070;51,248250274000000
57105;5221220705000020847;5;5;54;20;2022;12;10;3;2;5;2;0;0;1;1;0;0;0;0;366739,143999878026079;5782527,009999520145357;7,051059242000060;52,177102951000101
57110;5221214601200799187;5;3;15;0;2022;12;17;4;3;5;3;2;0;1;1;0;0;0;0;354704,070312878990080;5643055,343262010253966;6,932785174000060;50,920823624999997
57118;5221213709110576669;5;5;66;12;2022;12;7;3;3;5;3;2;2;1;1;0;0;0;0;407967,238708215008955;5775447,174364089965820;7,655718145000040;52,121886555000103
57124;5221207709110272341;5;5;66;12;2022;12;17;4;3;4;6;2;0;1;0;0;0;0;0;404219,946673600992654;5772386,766066290438175;7,601861149000060;52,093742697000003
57140;5221220701400594973;5;5;12;0;2022;12;15;3;3;1;5;0;1;1;1;0;0;0;0;356225,181106344971340;5709559,814254010096192;6,927741079000040;51,518837054000102
57145;5221207601300899092;5;3;15;0;2022;12;6;4;3;5;3;0;1;1;1;0;0;0;0;354792,143999804975465;5646143,463999349623919;6,932806905000060;50,948597952999997
57151;5221211701930974428;5;5;62;36;2022;12;14;1;2;3;6;0;0;1;0;0;0;0;0;391753,564574385003652;5718822,721872990019619;7,436728374000040;51,610021551000003
57180;5221207702100387860;5;5;15;0;2022;12;7;4;3;5;2;2;1;1;1;0;0;0;0;405900,996999980008695;5760101,257999660447240;7,629773442000040;51,983605050000101
57184;5221209605112393471;5;3;74;12;2022;12;12;6;2;0;2;0;0;1;1;0;0;0;0;403629,323999974993058;5651716,770999610424042;7,626312377000030;51,008937506000102
57189;5221216701110685428;5;5;62;32;2022;12;13;6;3;5;3;0;0;1;1;0;0;0;0;375321,812999911024235;5720113,102999559603631;7,199083421000070;51,618219576000101
57203;5221213506100091148;5;1;16;0;2022;12;8;3;2;6;4;0;1;1;1;1;0;0;0;321511,382999478024431;5667812,499998180195689;6,448796318000060;51,133920668000002
57206;5221219701500095064;5;5;62;24;2022;12;7;2;3;5;2;2;1;1;1;0;0;0;0;369312,695999888994265;5724919,442999520339072;7,110539433000040;51,660049250000000
57210;5221208607100493492;5;3;82;60;2022;12;11;5;3;5;3;0;1;1;1;0;0;0;0;375048,829999907989986;5627950,113999529741704;7,227238195000040;50,789816626000103
57214;5221214608200251905;5;3;34;2;2022;12;18;4;3;0;3;2;0;1;1;0;0;0;0;299532,128837876021862;5626134,326933619566262;6,157966432000020;50,752320484999998
57215;5221205515212072358;5;1;54;32;2022;12;10;2;3;5;3;0;1;1;1;0;0;0;0;311514,727813297009561;5719818,654695830307901;6,278509196000070;51,597831622999998
57219;5221203702100479115;5;5;15;0;2022;12;3;7;3;5;3;2;0;1;1;0;0;0;0;405877,064999977999832;5757933,717999660409987;7,630019481000030;51,964118225000000
57233;5221205503100977953;5;1;24;0;2022;12;10;2;3;0;2;0;1;1;1;0;0;0;0;370447,669999892008491;5680471,707999520003796;7,143224906000060;51,260859277000101
57237;5221203317210575398;5;9;78;20;2022;12;13;7;3;5;3;0;0;1;1;0;0;0;0;407269,747765525011346;5715984,791771439835429;7,661488618000020;51,587280644000003
57238;5221221702100970560;5;5;15;0;2022;12;7;4;2;0;7;2;1;1;0;0;0;0;0;407533,878445869020652;5751457,367275419645011;7,655868403000060;51,906183084000098
57239;5221209600110195282;5;3;14;0;2022;12;7;6;3;5;3;0;1;1;1;0;0;0;0;364423,860667669971008;5623795,455787979997694;7,078113241000040;50,750087893000099
57249;5221219702100173308;5;5;15;0;2022;12;6;2;3;4;2;2;1;1;1;0;0;0;0;407028,152999980025925;5760011,474999659694731;7,646205922000040;51,982987815999998
57252;5221221502212817355;5;1;13;0;2022;12;12;4;3;5;3;0;0;1;1;0;0;0;0;364035,764999862003606;5699043,393999470397830;7,044290679000030;51,426265144000098
57256;5221212513110586924;5;1;62;16;2022;12;12;2;2;5;2;0;0;1;1;0;0;0;0;332912,601999618986156;5677096,264998770318925;6,607285082000030;51,220769642999997
57263;5221209608332181723;5;3;34;32;2022;12;7;6;3;6;4;2;0;1;0;1;0;0;0;304703,440716391021851;5627379,110148729756474;6,230527214000060;50,765264297000002
57266;5221213606100093394;5;3;78;4;2022;12;7;3;3;5;3;1;2;1;1;0;0;0;0;370394,816999890026636;5650293,339999520219862;7,153318508000040;50,989616044000101
57271;5221212508000791325;5;1;19;0;2022;12;17;2;3;5;2;2;0;1;1;0;0;0;0;351646,914999787986744;5704909,310999300330877;6,863757320000050;51,475866294000099
57275;5221220515110022284;5;1;54;36;2022;12;17;3;3;4;6;2;1;1;0;0;0;0;0;302887,187707460019737;5739592,270058980211616;6,142936261000050;51,772452234000099
57277;5221221702100976692;5;5;15;0;2022;12;14;4;3;2;6;0;1;1;1;0;0;0;0;405641,778999976988416;5756986,567999660037458;7,626856082000070;51,955564942000102
57294;5221221601300599180;5;3;15;0;2022;12;19;4;3;3;2;2;0;1;1;0;0;0;0;353855,925850159022957;5646179,629609369672835;6,919473664000070;50,948686364000103
57299;5221218608436389871;5;3;34;36;2022;12;19;1;3;5;3;2;2;1;1;0;0;0;0;299005,294999090023339;5632055,996996070258319;6,147270746000060;50,805324988000102
57305;5221205400100696886;5;7;11;0;2022;12;16;2;3;0;3;1;1;1;1;0;0;0;0;467121,679999999993015;5766877,875999669544399;8,520524998000040;52,051528572999999
57313;5221206518200992569;5;1;70;24;2022;12;17;3;3;4;6;2;0;1;0;0;0;0;0;335542,326431278022937;5705249,558894939720631;6,631899959000070;51,474471338000100
57314;5221205501114691588;5;1;12;0;2022;12;12;2;3;0;3;0;1;1;1;0;0;0;0;348483,854001498024445;5707616,369995250366628;6,817083558000040;51,499351558000100
57316;5221220317110992389;5;9;78;36;2022;12;7;3;2;8;1;1;1;1;0;0;0;0;0;409855,305203869997058;5709651,262706499546766;7,700423236000060;51,530766126000103
57323;5221221317110794295;5;9;78;36;2022;12;17;4;3;0;1;0;0;1;0;0;0;0;0;408617,992608650005423;5711216,794946360401809;7,682184055000050;51,544640238000099
57324;5221219301301073373;5;9;78;24;2022;12;8;2;3;2;6;2;1;1;1;0;0;0;0;397862,920106502017006;5720851,860498939640820;7,524334354000080;51,629402078000098
57327;5221208400300586620;5;7;11;0;2022;12;11;5;2;0;3;0;1;1;1;0;0;0;0;470835,166977719985880;5755785,142606169916689;8,575622445000020;51,952004924000100
57331;5221220303100073343;5;9;15;0;2022;12;14;3;3;5;3;0;1;1;1;0;0;0;0;412275,455999984988011;5721587,622999650426209;7,732321349000070;51,638448068999999
57336;5221212513210476161;5;1;62;24;2022;12;7;2;3;5;3;2;0;1;1;0;0;0;0;341516,101999701990280;5666544,481999079696834;6,735034298000070;51,128413144000000
57339;5221208303100079090;5;9;15;0;2022;12;9;5;3;5;3;0;1;1;1;0;0;0;0;418489,166046567028388;5725877,585110129788518;7,821092033000070;51,677947916999997
57340;5221220701110195982;5;5;62;32;2022;12;9;3;3;5;3;0;0;1;1;0;0;0;0;374368,905999906011857;5719217,425999560393393;7,185647609000060;51,609958209000098
57341;5221206610111030277;5;3;70;16;2022;12;15;3;3;5;2;0;0;1;1;0;0;0;0;296147,598999057023320;5660391,832995469681919;6,090921016000040;51,058812824000000
57342;5221204702100150182;5;5;15;0;2022;12;10;1;3;8;3;0;0;1;1;0;0;0;0;406152,246999980008695;5757433,611999659799039;7,634160236000070;51,959669565000098
57346;5221219605144374400;5;3;74;44;2022;12;17;2;3;5;3;2;1;1;1;0;0;0;0;403938,081999976013321;5637864,749999609775841;7,634366343000070;50,884459225999997
57348;5221215705000095869;5;5;54;4;2022;12;11;5;3;2;6;0;2;1;1;0;0;0;0;361697,525999851990491;5770511,505999459885061;6,982257683000060;52,067900829000102
57354;5221205600330264478;5;3;82;48;2022;12;7;2;3;4;1;1;2;1;1;0;0;0;0;354637,700817773002200;5609205,271668870002031;6,945216726000070;50,616595220000100
57358;5221203601500885766;5;3;15;0;2022;12;16;7;3;0;3;1;0;1;1;0;0;0;0;360342,979543271008879;5648381,558175950311124;7,010918309000030;50,970083615000100
57366;5221208400200374595;5;7;11;0;2022;12;6;5;2;3;2;2;1;1;1;0;0;0;0;467276,830072965996806;5763025,199656729586422;8,523156155000040;52,016899907000003
57376;5221214303100218741;5;9;15;0;2022;12;7;4;3;5;2;1;0;1;1;0;0;0;0;418212,176156785979401;5725232,839946240186691;7,817237793000060;51,672111686000100
57379;5221219301101589312;5;9;13;0;2022;12;14;2;3;3;2;0;1;1;1;0;0;0;0;391986,118579178000800;5706063,986307079903781;7,444003948000050;51,495386625000002
57383;5221221411132582000;5;7;74;32;2022;12;9;4;3;5;3;0;1;1;1;0;0;0;0;483987,977000000013504;5731784,678999650292099;8,768118000000070;51,736748036000101
57388;5221215706100076631;5;5;58;16;2022;12;18;5;3;5;3;2;1;1;1;0;0;0;0;381202,067630505014677;5743183,955915070138872;7,276108946000020;51,826836770000099
57398;5221220709800987280;5;5;66;80;2022;12;23;3;3;0;1;2;1;1;0;0;0;0;0;406472,867999978014268;5781414,181999670341611;7,632254555000030;52,175268223000003
57406;5221215608100494783;5;3;34;2;2022;12;17;5;3;1;7;2;0;1;1;0;0;0;0;294986,220727537001949;5629370,055813609622419;6,091804067000060;50,779793993000098
57409;5221212316300582140;5;9;74;28;2022;12;4;2;3;0;2;2;1;1;1;0;0;0;0;453548,692999998980667;5725355,098999660462141;8,328182958000070;51,677244732000098
57423;5221209608200433490;5;3;34;2;2022;12;16;6;3;5;3;1;0;1;1;0;0;0;0;295796,579324723978061;5629286,918042300269008;6,103329758000030;50,779333180999998
57442;5221219317240107883;5;9;78;40;2022;12;5;2;3;0;1;2;2;1;0;0;0;0;0;406019,136435859021731;5723013,088996269740164;7,641556844000040;51,650250933000102
57444;5221215607500034468;5;3;82;56;2022;12;9;5;3;2;6;0;1;1;1;0;0;0;0;375538,415646178007592;5627204,155121919699013;7,234433364000040;50,783216860000003
57447;5221214600330090932;5;3;82;48;2022;12;7;4;3;5;3;1;2;1;1;0;0;0;0;355671,483999809017405;5611123,400999370031059;6,959073553000050;50,634090892000103
57448;5221206700000580912;5;5;13;0;2022;12;12;3;2;8;1;0;0;1;0;0;0;0;1;368448,955303277005441;5707848,822217569686472;7,104455005000030;51,506439915000001
57450;5221220411232992374;5;7;74;32;2022;12;17;3;3;5;3;2;1;1;1;0;0;0;0;479635,526364795980044;5737374,428459170274436;8,704760108000070;51,786865364000100
57457;5221221303100994460;5;9;15;0;2022;12;10;4;3;3;2;0;1;1;1;0;0;0;0;416908,222918283019681;5725103,158815540373325;7,798416154000050;51,670754553999998
57461;5221207702100196579;5;5;15;0;2022;12;13;4;3;5;3;0;1;1;1;0;0;0;0;406198,686411553993821;5750968,803603709675372;7,636598291000040;51,901568381000097
57462;5221221301301266959;5;9;78;24;2022;12;13;4;3;0;3;0;0;1;1;0;0;0;0;396942,506432584021240;5720707,587189629673958;7,511083591000040;51,627937434000003
57479;5221222400100774598;5;7;11;0;2022;12;11;5;3;3;2;0;1;1;1;0;0;0;0;467328,150999999023043;5763798,199999669566751;8,523830190000069;52,023852681000101
57480;5221209601500464178;5;3;15;0;2022;12;8;6;3;0;1;0;2;1;0;0;0;0;0;358001,834805436024908;5645067,817642400041223;6,978888979000030;50,939730748999999
57481;5221214500200576325;5;1;11;0;2022;12;19;4;2;5;3;2;0;1;1;0;0;0;0;345349,565999737998936;5679130,454999170266092;6,784357622000070;51,242552257000099
57495;5221203317250089231;5;9;78;32;2022;12;16;7;3;5;3;1;0;1;1;0;0;0;0;394126,700524198997300;5727137,547402899712324;7,468470591000030;51,685208887999998
57514;5221216518120170153;5;1;70;44;2022;12;8;6;2;5;7;0;1;1;0;0;0;1;0;336912,222999666992109;5722185,378998889587820;6,643756284000060;51,627020366000103
57517;5221209508000994945;5;1;19;0;2022;12;9;6;3;0;7;0;2;1;0;0;0;0;0;353099,572999796015210;5709532,565999319776893;6,882735079000040;51,517788042000099
57525;5221214513210995733;5;1;62;24;2022;12;16;4;3;5;3;1;0;1;1;0;0;0;0;344212,965424667985644;5669709,715013380162418;6,772175670000020;51,157594124000099
57526;5221205404302887366;5;7;66;8;2022;12;15;2;3;0;3;0;1;1;1;0;0;0;0;480955,097268958983477;5771341,623723589815199;8,722009498000030;52,092309065999999
57532;5221213702100093599;5;5;15;0;2022;12;20;3;3;0;3;2;1;1;1;0;0;0;0;403596,573999974993058;5758620,981999659910798;7,596644092000080;51,969904786000001
57541;5221210705000280992;5;5;54;20;2022;12;22;7;3;0;1;2;1;1;0;0;0;0;0;365552,101671368000098;5786835,657617780379951;7,032000064000040;52,215529699999998
57544;5221215701500338984;5;5;62;24;2022;12;9;5;3;5;2;0;0;1;1;0;0;0;0;370139,737999889999628;5725315,198999529704452;7,122342718000030;51,663797472000098
57551;5221205516600391986;5;1;58;4;2022;12;7;2;3;5;3;2;1;1;1;0;0;0;0;357813,601660960004665;5675795,548486829735339;6,964124105000050;51,215826234000097
57575;5221213706100196581;5;5;58;16;2022;12;16;3;3;3;6;2;0;1;1;0;0;0;0;381431,517214668972883;5743525,840042100287974;7,279319785000040;51,829958082000097
57577;5221219410120786692;5;7;70;32;2022;12;5;2;3;0;1;2;2;1;0;0;0;0;0;493458,469044981990010;5789425,622989569790661;8,904166726000030;52,255185580000003
57586;5221202607200879301;5;3;82;20;2022;12;10;6;2;0;7;0;0;1;0;0;0;0;0;376211,632902064011432;5622559,428962799720466;7,245540962000060;50,741611192999997
57593;5221220608332133031;5;3;34;32;2022;12;6;3;2;8;6;2;1;1;0;0;0;0;1;303020,950326339981984;5628349,277950470335782;6,206178797000060;50,773409812000097
57598;5221219516100085440;5;1;58;32;2022;12;19;2;3;0;7;2;1;1;0;0;0;0;0;362391,071999853011221;5690647,568999449722469;7,023902286000070;51,350418779000101
57599;5221213601300190323;5;3;15;0;2022;12;16;3;3;0;2;1;0;1;1;0;0;0;0;347547,304999752028380;5647583,334999220445752;6,829142942000030;50,959666343000002
57600;5221215705000992444;5;5;54;12;2022;12;16;5;3;5;3;2;0;1;1;0;0;0;0;352816,182999799028039;5746392,520999319851398;6,863112282000030;51,848909528000000
57611;5221215405108680644;5;7;54;8;2022;12;11;5;3;5;2;0;1;1;1;0;0;0;0;460506,531000000017229;5751301,926999660208821;8,425852168000061;51,911060509000002
57616;5221222404101974621;5;7;66;20;2022;12;15;5;3;5;7;0;1;1;1;0;0;0;0;493114,456999999994878;5752279,304999670013785;8,899877232000049;51,921205917000101
57618;5221210608100569684;5;3;34;2;2022;12;11;7;3;0;3;0;0;1;1;0;0;0;0;292335,181998957006726;5634736,172994979657233;6,051216418000020;50,827043430000103
57623;5221208701110181332;5;5;62;32;2022;12;16;5;3;5;3;0;1;1;1;0;0;0;0;376014,853464593004901;5720940,045499320141971;7,208796096000070;51,625804514000002
57629;5221206513130795516;5;1;62;22;2022;12;10;3;3;5;2;0;0;1;1;0;0;0;0;338659,712219525012188;5680447,066151119768620;6,688002132000070;51,252529023000100