OBJECTID;UIDENTSTLAE;ULAND;UREGBEZ;UKREIS;UGEMEINDE;UJAHR;UMONAT;USTUNDE;UWOCHENTAG;UKATEGORIE;UART;UTYP1;ULICHTVERH;IstStrassenzustand;IstRad;IstPKW;IstFuss;IstKrad;IstGkfz;IstSonstige;LINREFX;LINREFY;XGCSWGS84;YGCSWGS84
57632;5221221705000581028;5;5;54;12;2022;12;6;4;3;5;3;2;1;1;0;0;0;1;0;353734,772999804001302;5747275,503999340347946;6,876065287000070;51,857084555000000
57633;5221209513210195733;5;1;62;24;2022;12;7;6;3;5;2;0;0;1;1;0;0;0;0;337114,288999661977869;5674381,951998930424452;6,668632049000050;51,197596523000101
57639;5221208601100199182;5;3;15;0;2022;12;8;5;3;0;3;0;1;1;0;0;0;0;1;355637,289999810978770;5644695,268999369814992;6,945404115000030;50,935795591000002
57647;5221216514214060576;5;1;66;8;2022;12;8;6;3;5;3;1;1;1;1;0;0;0;0;316556,061999417026527;5691202,830997769720852;6,366067795000050;51,342462486999999
57655;5221213316300681974;5;9;74;28;2022;12;11;3;3;0;2;0;0;1;1;0;0;0;0;455229,043999999004882;5726408,843999659642577;8,352348717000041;51,686855288000103
57662;5221216303100894279;5;9;15;0;2022;12;18;6;3;5;2;2;2;1;1;0;0;0;0;416726,479203065973707;5724962,436215659603477;7,795822144000060;51,669462619999997
57663;5221202601600493340;5;3;15;0;2022;12;13;6;3;0;2;0;1;1;1;0;0;0;0;361598,101245241996367;5645029,491772370412946;7,030057724000070;50,940260725000002
57666;5221212608200585778;5;3;34;2;2022;12;12;2;3;5;3;0;0;1;1;0;0;0;0;297703,758142306993250;5627517,954811889678240;6,131319868000050;50,764113456000103
57669;5221207601600686481;5;3;15;0;2022;12;18;4;3;1;5;2;1;1;1;0;0;0;0;365120,897094164974988;5638272,569545679725707;7,082666380000030;50,880367098000100
57670;5221220700000372393;5;5;13;0;2022;12;10;3;3;5;3;0;1;1;1;0;0;0;0;366051,616042406007182;5715513,204227389767766;7,067015376000030;51,574753133000101
57678;5221216702100091805;5;5;15;0;2022;12;14;6;3;6;4;0;0;1;0;1;0;0;0;406647,938999979989603;5756707,592999660409987;7,641569503000030;51,953227191000103
57682;5221214608312080753;5;3;34;12;2022;12;21;4;2;5;3;2;1;1;1;0;0;0;0;308422,763536100974306;5633197,076151779852808;6,280173091000050;50,818765173000003
57683;5221205406230079415;5;7;58;20;2022;12;9;2;3;5;3;1;1;1;1;0;0;0;0;476013,585528556024656;5783554,971254980191588;8,649019353000030;52,201921816000002
57686;5221216505200478949;5;1;14;0;2022;12;13;6;3;5;7;0;0;1;1;0;0;0;0;334147,121999634022359;5690954,106998809613287;6,618513647000040;51,345632733000102
57689;5221209516100992548;5;1;58;32;2022;12;6;6;3;5;3;2;1;1;1;0;0;0;0;363510,942763681989163;5688515,435291679576039;7,040791124000070;51,331527995999998
57696;5221212405108992502;5;7;54;8;2022;12;9;2;3;0;2;1;0;1;0;0;0;1;0;459104,688000001013279;5750512,628999670036137;8,405567321000040;51,903863064000099
57699;5221205405108872189;5;7;54;8;2022;12;13;2;3;0;5;0;2;1;1;0;0;0;1;457204,472202420991380;5751695,514632339589298;8,377801559000030;51,914355145000101
57708;5221219301101400615;5;9;13;0;2022;12;7;2;2;5;2;2;1;1;1;0;0;0;0;392163,865252458024770;5706214,937688830308616;7,446517336000060;51,496777375000100
57714;5221214503200579028;5;1;24;0;2022;12;11;4;3;3;2;0;0;1;1;0;0;0;0;374911,789999909000471;5681713,500999550335109;7,206737087000020;51,273017162000002
57716;5221219501115096118;5;1;12;0;2022;12;15;2;3;0;3;0;0;1;1;0;0;0;0;345499,382653573993593;5707062,442362530156970;6,774362898000050;51,493566739000102
57718;5221215514220089367;5;1;66;36;2022;12;8;5;3;5;3;0;2;1;1;0;0;0;0;322164,817374753009062;5682183,519451860338449;6,451007305000080;51,263223283999999
57727;5221216601200681755;5;3;15;0;2022;12;7;6;3;5;3;0;1;1;1;0;0;0;0;358628,521999828983098;5640081,869999400340021;6,989735252000060;50,895075615000103
57729;5221221601300325012;5;3;15;0;2022;12;12;4;3;5;2;0;1;1;1;0;0;0;0;353611,138999796996359;5646413,500999339856207;6,915897284000040;50,950725966000000
57730;5221209406140731913;5;7;58;32;2022;12;13;6;3;5;3;0;0;1;1;0;0;0;0;466324,494394164008554;5780274,281657990068197;8,507574747000040;52,171920493000101
57735;5221213300700685228;5;9;16;0;2022;12;10;3;3;5;2;0;0;1;1;0;0;0;0;373692,634999902977142;5711321,544999550096691;7,178725371000040;51,538846153000101
57736;5221215506100589782;5;1;16;0;2022;12;18;5;3;5;2;2;0;1;1;0;0;0;0;321037,090999473992269;5675066,630998140200973;6,438414785000020;51,198938408000103
57737;5221208301303580494;5;9;13;0;2022;12;14;5;3;5;2;0;1;1;1;0;0;0;0;400143,246748908015434;5705876,058463299646974;7,561523337000040;51,495197142999999
57750;5221215317110394317;5;9;78;36;2022;12;7;5;3;5;3;2;1;1;1;0;0;0;0;410484,120999983977526;5713113,421999639831483;7,708605219000050;51,561988814000102
57763;5221217602800782253;5;3;62;12;2022;12;16;7;3;5;3;1;1;1;1;0;0;0;0;352033,095999785000458;5630401,069999310187995;6,899927800000060;50,806425342000097
57765;5221214711311382312;5;5;70;8;2022;12;18;4;3;5;3;2;0;1;1;0;0;0;0;433103,159434019995388;5733899,201335970312357;8,030880873000060;51,751994070000102
57768;5221205705000081000;5;5;54;16;2022;12;6;2;2;5;3;2;1;1;1;0;0;0;0;361722,485999851021916;5757768,737999450415373;6,987766048000030;51,953408468000099
57771;5221203501327385990;5;1;12;0;2022;12;18;7;3;3;3;2;0;1;1;0;0;0;0;342922,740999718022067;5691742,750999099574983;6,744067109000070;51,355211695999998
57777;5221212706000468251;5;5;58;8;2022;12;18;2;3;5;3;2;1;1;1;0;0;0;0;390956,811896739003714;5763714,170510269701481;7,411097828000040;52,013343989000099
57787;5221209301302992543;5;9;13;0;2022;12;8;6;3;5;2;0;0;1;1;0;0;0;0;399190,760358898027334;5709048,086226839572191;7,546900168000040;51,523540882000098
57802;5221208701300895209;5;5;62;14;2022;12;16;5;3;0;1;2;1;1;0;0;0;0;0;357549,840082145004999;5713655,732004540041089;6,945163040000070;51,555978111999998
57816;5221221410110096890;5;7;70;24;2022;12;13;4;3;5;2;0;1;1;1;0;0;0;0;493087,184999999997672;5793910,554999689571559;8,898635491000050;52,295502921000001
57821;5221219701910775334;5;5;62;8;2022;12;14;2;3;5;3;0;1;1;1;0;0;0;0;385068,917091041977983;5723642,490080679766834;7,338650410000070;51,652015543000097
57822;5221215701800954186;5;5;62;4;2022;12;9;5;2;5;2;0;2;1;0;0;0;0;1;382523,097999933001120;5715635,438999599777162;7,304551561000040;51,579525116000099
57824;5221202702100974469;5;5;15;0;2022;12;11;6;3;5;2;0;0;1;1;0;0;0;0;405973,714940238976851;5751708,280451619997621;7,633127563000070;51,908177281000100
57828;5221215411216296851;5;7;74;36;2022;12;20;5;3;5;3;2;0;1;1;0;0;0;0;475246,824000000022352;5729052,979999659582973;8,641727260000041;51,711868848999998
57831;5221207608200069719;5;3;34;2;2022;12;19;4;3;3;7;2;1;1;1;0;0;0;0;299237,603680261003319;5626355,025976289995015;6,153676129000080;50,754200979000103
57841;5221208501212476338;5;1;12;0;2022;12;17;5;3;7;7;2;0;1;0;0;0;0;0;339934,306964071001858;5698562,003873329609632;6,698110826000060;51,415646315000103
57851;5221221608312077555;5;3;34;12;2022;12;16;4;3;3;6;1;1;1;1;0;0;0;1;307520,186592790007126;5633342,821754910051823;6,267298246000050;50,819775086000000
57858;5221208316100880475;5;9;74;40;2022;12;20;5;3;5;3;2;1;1;1;0;0;0;0;438371,637904467002954;5711924,476731110364199;8,111067102000050;51,555036890000103
57860;5221210706000196668;5;5;58;12;2022;12;14;7;3;2;1;0;0;1;1;0;0;0;0;374496,618999909027480;5756785,257999570108950;7,173908926000020;51,947599852000103
57863;5221220410110890644;5;7;70;24;2022;12;15;3;3;5;3;0;0;1;1;0;0;0;0;492390,925999998988118;5791479,731999680399895;8,888480954000039;52,273639391000103
57866;5221221600110790256;5;3;14;0;2022;12;19;4;3;5;2;2;1;1;1;0;0;0;0;364961,036062882980332;5623255,010035670362413;7,085921681000060;50,745355648999997
57874;5221207705000081000;5;5;54;68;2022;12;7;4;3;5;3;2;1;1;1;0;0;0;0;348122,534086589992512;5771839,009966430254281;6,783769847000030;52,076271783999999
57882;5221215702100664311;5;5;15;0;2022;12;22;5;3;0;1;2;0;1;0;0;0;0;0;403827,724632020981517;5755816,031523969955742;7,600793103000060;51,944732983999998
57884;5221208701300191627;5;5;62;14;2022;12;7;5;3;5;2;2;1;1;1;0;0;0;0;361017,964999845018610;5714964,523999439552426;6,994639752000070;51,568604175000097
57886;5221212405228782479;5;7;54;28;2022;12;12;2;2;3;2;0;1;1;1;0;0;0;0;451208,275007486983668;5745191,479440250433981;8,291550303000070;51,855387888000102
57903;5221214506100095882;5;1;16;0;2022;12;17;4;3;5;2;2;0;1;1;0;0;0;0;321567,891999481013045;5675070,168998169712722;6,446002541000040;51,199136194000097
57910;5221209404301921651;5;7;66;44;2022;12;22;6;1;5;3;2;0;1;1;0;0;0;0;489639,316908807028085;5762154,184168029576540;8,849047364000061;52,009936934999999
57911;5221214301203467765;5;9;13;0;2022;12;8;4;3;5;3;0;0;1;1;0;0;0;0;393224,887979331018869;5711583,647040070034564;7,460169488000080;51,545235153000100
57932;5221213702100994894;5;5;15;0;2022;12;18;3;3;5;3;2;2;1;1;0;0;0;0;404929,431999978027306;5762776,010999660007656;7,614888568000030;52,007481216000002
57939;5221217400200890794;5;7;11;0;2022;12;11;7;3;5;3;0;2;1;1;0;0;0;0;472438,665105748979840;5762563,577627900056541;8,598409676000070;52,013030018000102
57942;5221216406210087115;5;7;58;4;2022;12;13;6;2;5;2;0;1;1;1;0;0;0;0;471494,219999998982530;5784077,564999680034816;8,582847598000059;52,206404943999999
57943;5221202606100780066;5;3;78;4;2022;12;18;6;3;4;6;2;0;1;0;0;0;0;0;367567,656076536979526;5647118,163212699815631;7,114215307000050;50,960435099999998
57944;5221221508000595895;5;1;19;0;2022;12;13;4;3;2;2;0;0;1;1;0;0;0;0;350771,366999780992046;5705007,951999279670417;6,851117516000040;51,476522361000001
57951;5221207701110195112;5;5;62;32;2022;12;7;4;3;5;3;0;0;1;1;0;0;0;0;374064,103999904997181;5717455,448999550193548;7,181880765000070;51,594055161000000
57962;5221218505100217751;5;1;14;0;2022;12;16;1;3;5;2;0;0;1;1;0;0;0;0;332055,308999611996114;5689263,956998719833791;6,589302655000040;51,329834204000100
57966;5221206405244806734;5;7;54;44;2022;12;16;3;3;5;3;2;1;1;1;0;0;0;0;466219,624000001000240;5748610,285999669693410;8,509168139000050;51,887236369999997
57967;5221220601100992388;5;3;15;0;2022;12;7;3;3;0;6;2;1;1;0;0;0;0;0;356848,903120407019742;5643759,005254860036075;6,963004021000070;50,927683494000100
57972;5221207404101887045;5;7;66;4;2022;12;6;4;3;5;3;2;1;1;0;0;0;0;1;481686,663000001979526;5751207,898999669589102;8,733763850000059;51,911314296999997
57982;5221205709500992588;5;5;66;76;2022;12;11;2;3;5;3;0;1;1;1;0;0;0;0;392632,741491985972971;5793213,227211729623377;7,426187282000060;52,278789388000099
57987;5221209410110995679;5;7;70;24;2022;12;9;6;3;3;2;0;1;1;1;0;0;0;0;493920,923664083005860;5794411,959156280383468;8,910851762000050;52,300020648999997
57993;5221213315230396609;5;9;70;28;2022;12;9;3;3;1;3;0;0;1;1;0;0;0;0;458851,477000000013504;5642009,334999619983137;8,414485238000051;50,928250320000103
57997;5221205400300291388;5;7;11;0;2022;12;7;2;3;0;6;2;1;1;1;0;0;0;0;466700,425754081981722;5759808,675712809897959;8,515069693000040;51,987947029000097
57999;5221219709300639236;5;5;66;36;2022;12;10;2;3;0;1;0;2;1;0;0;0;0;0;386031,197698629985098;5767534,060474139638245;7,338084566000020;52,046684179000103
58004;5221217705000596008;5;5;54;48;2022;12;9;7;3;0;7;0;1;1;0;0;0;0;0;341367,826999711978715;5745019,047999029979110;6,697668865000030;51,833434926999999
58008;5221207601100186925;5;3;15;0;2022;12;13;4;3;0;1;0;1;1;0;0;0;0;0;355301,953999807999935;5644192,984999359585345;6,940834266000020;50,931197630000000
58009;5221220711216289244;5;5;70;4;2022;12;18;3;3;5;2;2;1;1;1;0;0;0;0;423799,354999993985984;5736183,357999649830163;7,895623221000050;51,771339455000003
58011;5221222302100089989;5;9;14;0;2022;12;7;5;3;6;7;2;1;1;0;1;0;0;0;392701,293066674028523;5692055,625781349837780;7,458546587000060;51,369607754000100
58017;5221216701110795135;5;5;62;32;2022;12;5;6;3;5;2;2;0;1;1;0;0;0;0;373888,042999904020689;5719392,965999560430646;7,178643649000040;51,611428287000102
58022;5221219705000691694;5;5;54;4;2022;12;15;2;3;5;2;0;1;1;1;0;0;0;0;363028,977109742991161;5772358,450822929851711;7,000928400000020;52,084827146000102
58031;5221220702100470560;5;5;15;0;2022;12;8;3;3;0;2;1;1;1;1;0;0;0;0;404194,053999976022169;5754225,316999659873545;7,606564204000050;51,930498227000001
58035;5221210702100042539;5;5;15;0;2022;12;23;7;3;4;7;2;1;1;0;0;0;0;1;406305,052999979001470;5756676,909999660216272;7,636589821000030;51,952893736000100
58037;5221213602800190912;5;3;62;12;2022;12;12;3;3;4;2;0;0;1;1;0;0;0;0;352793,157999788993038;5630904,258999329991639;6,910505765000040;50,811141028000101
58040;5221208513320474095;5;1;62;4;2022;12;19;5;3;3;7;2;0;1;1;0;0;0;0;344251,543999727000482;5664760,609999150037766;6,774866399000080;51,113134459000001
58041;5221217610211289924;5;3;70;4;2022;12;2;7;3;0;1;2;1;1;0;0;0;0;0;311486,555999327974860;5662013,914997399784625;6,308701441000040;51,078623685000103
58044;5221205601300874413;5;3;15;0;2022;12;8;2;3;5;2;0;1;1;1;0;0;0;0;352716,894859605003148;5644933,362171329557896;6,903773742000060;50,937196803000099
58049;5221209501314582175;5;1;12;0;2022;12;20;6;3;3;2;2;0;1;1;0;0;0;0;345965,122955859987997;5700257,504445260390639;6,784031331000050;51,432551144000101
58061;5221216601100587327;5;3;15;0;2022;12;19;6;3;5;3;2;1;1;1;0;0;0;0;355459,312999811023474;5644699,135999360121787;6,942871325000060;50,935785763000098
58076;5221211601200190617;5;3;15;0;2022;12;11;1;3;1;5;0;1;1;1;0;0;0;0;354518,235522337025031;5642803,001558709889650;6,930243681000040;50,918509067999999
58077;5221219702100118365;5;5;15;0;2022;12;7;2;3;4;2;2;1;1;1;0;0;0;0;403993,189596457988955;5757003,876960240304470;7,602867862000040;51,955438346999998
58081;5221208602600886742;5;3;62;20;2022;12;17;5;3;5;3;2;1;1;1;0;0;0;0;342575,519999708980322;5630841,448999119922519;6,765614688000030;50,807890053999998
58085;5221205515210895940;5;1;54;12;2022;12;7;2;2;5;3;2;1;1;1;0;0;0;0;313332,738888870982919;5710931,882752699777484;6,309444934000060;51,518618651000097
58089;5221203502406177762;5;1;17;0;2022;12;18;7;3;8;1;2;0;1;1;0;0;0;0;353631,167627535003703;5698637,729404379613698;6,894903234000030;51,420028425000098
58100;5221214607400678252;5;3;82;68;2022;12;8;4;3;5;2;1;0;1;1;0;0;0;0;368288,651999878988136;5630077,140999490395188;7,130617501000070;50,807437822000097
58106;5221203406110790708;5;7;58;12;2022;12;11;7;3;0;3;0;0;1;1;0;0;0;0;477833,343000000983011;5774155,009999680332839;8,676260178000060;52,117486999999997
58128;5221209601100375598;5;3;15;0;2022;12;19;6;3;1;5;2;0;1;1;0;0;0;0;355301,440067793009803;5645412,366054420359433;6,940342739000070;50,942155815000000
58141;5221203303100094306;5;9;15;0;2022;12;20;7;3;8;1;2;0;1;0;0;0;0;0;418420,088886515004560;5726010,904458420351148;7,820062033000060;51,679136368000101
58142;5221221505200082273;5;1;14;0;2022;12;7;4;3;5;2;0;1;1;0;0;1;0;0;328380,456999570014887;5692193,527998549863696;6,535193117000060;51,355055412000098
58149;5221215505200079065;5;1;14;0;2022;12;10;5;2;0;3;0;1;1;1;0;0;0;0;336288,179490996000823;5692510,385113419964910;6,648513132000060;51,360235632000098
58150;5221207706000079112;5;5;58;8;2022;12;17;4;3;5;1;2;1;1;1;0;0;0;0;382717,417938923987094;5760690,701376260258257;7,292129357000020;51,984492149000097
58151;5221206706000296570;5;5;58;16;2022;12;5;3;3;5;3;2;1;1;1;0;0;0;0;382189,855328185018152;5744660,729273879900575;7,289933163000060;51,840318009000001
58160;5221208702100374469;5;5;15;0;2022;12;8;5;3;3;2;1;0;1;1;0;0;0;0;408260,784155554021709;5754121,900838679634035;7,665722035000040;51,930253811999997
58161;5221207301101194487;5;9;13;0;2022;12;19;4;3;4;2;2;1;1;1;0;0;0;0;393616,023483282013331;5706712,384397069923580;7,467278954000050;51,501523837000001
58165;5221205600140586328;5;3;14;0;2022;12;17;2;3;5;3;2;1;1;1;0;0;0;0;367871,951999878976494;5622606,941999490372837;7,127390423000070;50,740200514000001
58169;5221203610221085830;5;3;70;20;2022;12;10;7;3;5;3;0;0;1;1;0;0;0;0;303544,075999193999451;5659910,206996539607644;6,196596187000070;51,057065047000002
58171;5221209601500599203;5;3;15;0;2022;12;10;6;3;1;2;0;0;1;1;0;0;0;0;358224,503281322016846;5645430,227936199866235;6,981915150000020;50,943042525000102
58175;5221213501212992479;5;1;12;0;2022;12;14;3;3;5;3;0;0;1;1;0;0;0;0;342179,412999711988959;5698013,337999080307782;6,730614277000030;51,411346046000098
58190;5221207404302996925;5;7;66;8;2022;12;16;4;3;5;3;1;0;1;1;0;0;0;0;483321,559110266971402;5770112,196007680147886;8,756611535000051;52,081331984000002
58193;5221215503100495592;5;1;24;0;2022;12;17;5;3;6;7;1;2;1;0;1;0;0;0;369640,406999885977712;5679758,947999509982765;7,131921321000050;51,254269448999999
58205;5221209706000196615;5;5;58;16;2022;12;14;6;3;0;1;0;0;1;0;0;0;0;0;384937,828326219983865;5749241,804075470194221;7,328276975000050;51,882062700000098
58217;5221213601300992477;5;3;15;0;2022;12;16;3;3;5;3;1;0;1;1;0;0;0;0;354792,143999804975465;5646143,463999349623919;6,932806905000060;50,948597952999997
58223;5221202602500977557;5;3;62;24;2022;12;15;6;2;6;6;2;1;1;0;1;0;0;0;343857,744397222006228;5645186,215995459817350;6,777674894000030;50,937138350000097
58234;5221210705000520966;5;5;54;20;2022;12;10;7;3;0;3;0;0;1;1;0;0;0;0;364740,216853977006394;5786999,156582989729941;7,020058306000070;52,216800073000101
58235;5221219705000020717;5;5;54;20;2022;12;11;2;3;5;3;0;1;1;1;0;0;0;0;365546,708259309991263;5786692,438855670392513;7,031978062000060;52,214241518000101
58240;5221207300700089972;5;9;16;0;2022;12;21;4;2;0;1;2;1;1;0;0;0;0;0;375378,498824218986556;5710443,154976789839566;7,203332462000050;51,531326573000101
58242;5221212406110496853;5;7;58;12;2022;12;13;2;3;5;3;0;0;1;1;0;0;0;0;474804,559775419009384;5775044,796811910346150;8,631960415000041;52,125356968000098
58243;5221214607400690942;5;3;82;68;2022;12;16;4;2;0;7;2;2;1;0;0;0;0;0;369218,461876352026593;5631358,938749630004168;7,143350053000060;50,819169357000099
58244;5221205601700386544;5;3;16;0;2022;12;12;2;3;5;3;0;1;1;1;0;0;0;0;358952,066999831993598;5655550,201999410055578;6,988335782000040;51,034168987999998
58249;5221222303100580583;5;9;15;0;2022;12;15;5;3;5;2;0;0;1;1;0;0;0;0;418216,036749758000951;5725912,731451230123639;7,817134381000070;51,678224160000099
58252;5221207601700086475;5;3;16;0;2022;12;7;4;3;5;3;1;1;1;1;0;0;0;0;363537,541033694986254;5655779,846951750107110;7,053607508000030;51,037340028000102
58253;5221219700000789519;5;5;13;0;2022;12;21;2;3;2;6;2;0;1;1;0;0;0;0;367147,932491893996485;5710279,760223699733615;7,084803183000080;51,527981611000001
58254;5221213518300485973;5;1;70;20;2022;12;20;3;3;5;2;2;0;1;1;0;0;0;0;329629,856999589013867;5709130,507998580113053;6,544973155000040;51,507586439000100
58262;5221205500300074104;5;1;11;0;2022;12;22;2;3;3;5;2;1;1;1;0;0;0;0;345248,134686426026747;5676223,878394549712539;6,784160824000030;51,216407966000098
58263;5221205702100255909;5;5;15;0;2022;12;7;2;3;5;3;2;0;1;1;0;0;0;0;404321,742999977024738;5756263,405999659560621;7,607853742000030;51,948839341999999
58264;5221220501213579020;5;1;12;0;2022;12;16;3;3;5;7;2;1;1;1;0;0;0;0;339615,017999688978307;5698037,932998999953270;6,693760203000070;51,410847535000102
58269;5221213701200581147;5;5;62;20;2022;12;11;3;3;0;1;0;0;1;0;0;0;0;0;371520,654747619992122;5719330,451818049885333;7,144494978000070;51,610331215000002
58279;5221220301201085056;5;9;13;0;2022;12;17;3;3;5;2;2;1;1;1;0;0;0;0;389144,713999949977733;5709656,912999610416591;7,401959177000040;51,527130573000100
58280;5221216405228596965;5;7;54;28;2022;12;8;6;3;5;3;0;0;1;1;0;0;0;0;452039,462999999988824;5742892,132999660447240;8,303937005000019;51,834787593000001
58286;5221205701300995005;5;5;62;14;2022;12;16;2;3;5;2;2;1;1;1;0;0;0;0;361478,002373668015935;5713542,506617699749768;7,001833590000050;51,555938904000101
58287;5221207700000095200;5;5;13;0;2022;12;20;4;3;0;7;2;1;1;0;0;0;0;0;364987,944999866012949;5718240,533999480307102;7,050626279000030;51,599008241000000
58297;5221208501319086181;5;1;12;0;2022;12;20;5;2;0;7;2;1;1;0;1;0;0;0;344469,016999732994009;5697140,714999140240252;6,763893203000070;51,404138126000099
58301;5221205602800195339;5;3;62;12;2022;12;20;2;3;0;4;2;0;1;0;1;0;0;0;352052,701999783981591;5630388,163999309763312;6,900211067000040;50,806314366000002
58305;5221221602500076581;5;3;62;24;2022;12;7;4;3;5;3;1;1;1;1;0;0;0;0;346301,088435322977602;5641231,932785400189459;6,814089253000020;50,902261274000097
58321;5221212500200087374;5;1;11;0;2022;12;10;2;3;0;1;0;0;1;0;0;0;0;0;350894,405999779992271;5676819,854999289847910;6,864698663000070;51,223265732000101
58330;5221207502200056287;5;1;13;0;2022;12;17;4;3;5;2;2;0;1;1;0;0;0;0;362558,442999854974914;5700268,840999449603260;7,022578879000040;51,436921247999997
58337;5221214506100795947;5;1;16;0;2022;12;7;4;3;5;2;1;0;1;1;0;0;0;0;321542,014999478997197;5672201,866998179815710;6,447057359000040;51,173361372000002
58338;5221206518120491620;5;1;70;44;2022;12;10;3;3;5;2;0;1;1;1;0;0;0;0;340853,944999702973291;5716815,693999029695988;6,703091833000030;51,579905938000103
58352;5221208406220064185;5;7;58;4;2022;12;7;5;3;3;2;2;1;1;0;0;0;1;0;471485,676306942012161;5784071,467301690019667;8,582723087000030;52,206349681000098
58355;5221222410110076071;5;7;70;24;2022;12;0;5;3;0;1;2;1;1;0;0;0;0;0;493322,363516795972828;5793604,264118649996817;8,902090045000021;52,292752123000099
58356;5221211518302992509;5;1;70;40;2022;12;15;1;3;5;3;0;0;1;1;0;0;0;0;316723,809275668987539;5720339,708784270100296;6,353361947000050;51,604230514999998
58375;5221208513210586953;5;1;62;24;2022;12;17;5;2;5;3;2;0;1;0;0;0;0;1;338438,327164263988379;5677497,141320380382240;6,686163191000050;51,225961901000097
58378;5221214711114193885;5;5;70;52;2022;12;16;4;3;5;2;1;0;1;1;0;0;0;0;429322,420644578989595;5753360,691030710004270;7,972142859000030;51,926483965999999
58384;5221221607100490878;5;3;82;60;2022;12;8;4;3;3;6;0;1;1;0;0;0;1;0;372958,346529641014058;5629891,430177959613502;7,196923180000060;50,806811486000100
58396;5221220410110096917;5;7;70;24;2022;12;8;3;3;4;7;0;0;1;0;0;0;0;1;494483,617696746019647;5793014,739244099706411;8,919126412000031;52,287464885000098
58398;5221203400100090747;5;7;11;0;2022;12;11;7;1;1;5;0;0;1;1;0;0;0;1;471268,914667156001087;5769141,685838590376079;8,580813073000060;52,072112173000100
58407;5221207709300378428;5;5;66;68;2022;12;10;4;3;0;1;0;1;1;0;0;0;0;0;377404,225918144977186;5785389,024984910152853;7,205914440000070;52,205294696000102
58411;5221210711212794319;5;5;70;4;2022;12;17;7;3;5;3;2;0;1;0;0;0;0;1;424907,710797681007534;5735430,845804629847407;7,911846175000050;51,764724389000001
58413;5221215702100060729;5;5;15;0;2022;12;15;5;3;2;6;0;0;1;1;0;0;0;0;407835,238999981025700;5759158,580999660305679;7,658183771000040;51,975456041000001
58433;5221216709110747851;5;5;66;8;2022;12;13;6;3;3;7;0;0;1;0;0;0;0;0;398261,285000136005692;5781108,319999749772251;7,512301760000070;52,171066215000103
58436;5221219702100496504;5;5;15;0;2022;12;7;2;3;5;3;1;1;1;1;0;0;0;0;408145,238999981025700;5761316,038999659940600;7,662117916000060;51,994899743000097
58441;5221218300800460727;5;9;54;36;2022;12;5;1;2;0;1;2;1;1;0;0;0;0;0;384739,556892873020843;5700275,263326340354979;7,341546930000050;51,441926567000102
58444;5221205600110795279;5;3;14;0;2022;12;17;2;3;6;7;2;1;1;0;1;0;0;0;365540,418999866000377;5621415,803999469615519;7,094800172000020;50,728959465000102
58446;5221220702100276642;5;5;15;0;2022;12;20;3;3;5;3;2;1;1;1;0;0;0;0;405555,250999978976324;5750683,700999650172889;7,627326967000040;51,898897032000001
58447;5221204601600090298;5;3;15;0;2022;12;1;1;3;7;1;2;0;1;0;0;0;0;1;359762,817466560984030;5645834,350792869925499;7,003642187000030;50,947050654000101
58460;5221205410120870312;5;7;70;32;2022;12;15;2;2;4;6;0;0;1;1;0;0;0;0;495071,370162857987452;5789112,216116099618375;8,927800240000071;52,252384690000000
58467;5221214410110539349;5;7;70;24;2022;12;16;4;3;6;6;2;1;1;0;1;0;0;0;491853,855175679025706;5796692,689032070338726;8,880483538000020;52,320498698999998
58485;5221212518200992505;5;1;70;24;2022;12;10;2;3;5;3;0;0;1;1;0;0;0;0;334993,088497886026744;5703250,703755309805274;6,624931495000060;51,456353622999998
58487;5221207610211632873;5;3;70;4;2022;12;11;4;2;3;6;0;1;1;1;0;0;0;0;306893,311444282997400;5663961,293208629824221;6,242165918000070;51,094587705999999
58489;5221204601600293424;5;3;15;0;2022;12;23;1;3;0;1;2;1;1;0;0;0;0;0;363133,151966066972818;5638240,140105360187590;7,054439605000030;50,879608231000098
58495;5221208701920249479;5;5;62;28;2022;12;15;5;2;5;3;0;0;1;1;0;0;0;0;378777,997110561002046;5723637,614368730224669;7,247760339000020;51,650650442000000
58496;5221217706000095038;5;5;58;32;2022;12;13;7;3;0;3;0;0;1;1;0;0;0;0;386577,364380838000216;5754536,805698120035231;7,350343957000060;51,929986800999998
58508;5221207515210096224;5;1;54;52;2022;12;15;4;2;3;6;1;0;1;1;0;0;0;0;309821,196209434012417;5700287,569651540368795;6,264619666000040;51,421845634000100
58513;5221217601300093850;5;3;15;0;2022;12;15;7;3;1;5;0;0;1;1;0;0;0;1;353736,037999798019882;5646278,004999339580536;6,917728614000050;50,949540021000097
58515;5221214515210081472;5;1;54;12;2022;12;8;4;3;5;2;1;1;1;1;0;0;0;0;314801,123018997022882;5710982,886686130426824;6,330558088000030;51,519560037000097
58517;5221205508000286018;5;1;19;0;2022;12;16;2;3;5;3;2;1;1;1;0;0;0;0;349796,338999773026444;5711161,990999259985983;6,834467289000030;51,531560227999996
58518;5221205706100894991;5;5;58;16;2022;12;8;2;3;5;2;0;1;1;1;0;0;0;0;387928,679999948013574;5747422,144999629817903;7,372302195000030;51,866317662000000