OBJECTID;UIDENTSTLAE;ULAND;UREGBEZ;UKREIS;UGEMEINDE;UJAHR;UMONAT;USTUNDE;UWOCHENTAG;UKATEGORIE;UART;UTYP1;ULICHTVERH;IstStrassenzustand;IstRad;IstPKW;IstFuss;IstKrad;IstGkfz;IstSonstige;LINREFX;LINREFY;XGCSWGS84;YGCSWGS84
58524;5221214301101385521;5;9;13;0;2022;12;13;4;3;5;3;0;0;1;0;0;0;0;1;393465,470994633971713;5708537,468310739845037;7,464559247000070;51,517900213000097
58528;5221204316400089253;5;9;74;44;2022;12;23;1;3;0;7;2;1;1;1;0;0;0;0;456188,092077623994555;5700528,949523850344121;8,369448751000050;51,454242974000103
58533;5221219601200099021;5;3;15;0;2022;12;8;2;3;0;1;0;2;1;0;0;0;0;0;354164,825466373004019;5644843,441897699609399;6,924403064000050;50,936756704000103
58539;5221214607500090871;5;3;82;56;2022;12;13;4;3;0;1;0;2;1;0;0;0;0;0;370881,317782938014716;5627494,596024829894304;7,168302831000060;50,784809026000097
58543;5221220516400085362;5;1;58;24;2022;12;10;3;3;5;3;0;1;1;1;0;0;0;0;360508,090884624980390;5679460,095190379768610;7,001252552000040;51,249422915000103
58556;5221205404101992582;5;7;66;20;2022;12;18;2;3;0;7;2;2;1;0;0;0;0;0;489390,651444739021827;5752622,169746760278940;8,845718936000029;51,924230121000100
58557;5221220410110096977;5;7;70;24;2022;12;13;3;3;0;2;0;1;1;1;0;0;0;0;497360,560999999986961;5791983,954999679699540;8,961312242000080;52,278218946000003
58564;5221218608200394745;5;3;34;2;2022;12;11;1;3;5;3;0;0;1;1;0;0;0;0;296004,517626482003834;5629370,817371379584074;6,106228847000070;50,780159883000103
58568;5221207702100542442;5;5;15;0;2022;12;22;4;2;7;1;2;1;1;0;0;0;0;0;402089,606687511026394;5761132,337500779889524;7,573997565000070;51,992213938000098
58575;5221215705000992428;5;5;54;20;2022;12;7;5;3;0;5;2;0;1;1;0;0;0;0;365951,913543539994862;5787211,868584670126438;7,037699618000030;52,219007501000100
58577;5221206406220233613;5;7;58;24;2022;12;21;3;3;4;6;2;0;1;0;0;0;0;0;481911,272000001976267;5783378,698999679647386;8,735325366000041;52,200562136000002
58578;5221208701300981435;5;5;62;14;2022;12;13;5;3;5;3;0;1;1;1;0;0;0;0;361262,629999845987186;5714318,881999439559877;6,998422545000040;51,562862600000102
58583;5221206513130882342;5;1;62;22;2022;12;5;3;3;5;3;2;1;1;1;0;0;0;0;334548,947999636991881;5683065,204998830333352;6,627937395000060;51,274873610999997
58584;5221207508000682214;5;1;19;0;2022;12;21;4;3;5;3;2;0;1;1;0;0;0;0;350547,080999779980630;5705353,675999280065298;6,847743993000050;51,479569628000000
58585;5221220602300489899;5;3;62;36;2022;12;15;3;3;5;2;0;1;1;0;0;0;0;1;345745,610999736003578;5652030,159999189898372;6,801620697000030;50,999145634999998
58591;5221219601500195655;5;3;15;0;2022;12;13;2;3;0;2;0;0;1;1;0;0;0;0;360498,016999841027427;5646490,400999420322478;7,013850080000050;50,953125073000102
58593;5221215518110450321;5;1;70;12;2022;12;14;5;3;5;3;0;0;1;1;0;0;0;0;334718,433999646978918;5734864,015998790040612;6,606087873000040;51,740280244000097
58597;5221214606700086599;5;3;78;32;2022;12;15;4;2;0;3;0;1;1;1;0;0;0;0;374437,996148661011830;5662200,152336220256984;7,206768959000040;51,097531103000101
58598;5221206515212143540;5;1;54;32;2022;12;15;3;3;5;3;0;0;1;1;0;0;0;0;309681,666999328997917;5718653,367997019551694;6,252706590000060;51,586749639000097
58602;5221216500100773888;5;1;11;0;2022;12;14;6;2;5;3;0;1;1;1;0;0;0;0;339325,995999685022980;5677779,236999000422657;6,698738616000070;51,228747052000102
58617;5221202610221685854;5;3;70;20;2022;12;17;6;3;0;3;2;0;1;1;0;0;0;0;309302,800999290018808;5657210,564997210167348;6,280093386000030;51,034757221000099
58618;5221208709500451486;5;5;66;76;2022;12;7;5;3;5;3;2;1;1;1;0;0;0;0;394539,254999962984584;5792910,528999660164118;7,454216916000060;52,276438030000101
58623;5221220705000992372;5;5;54;12;2022;12;21;3;3;3;3;2;1;1;1;0;0;0;0;352819,148999797005672;5746067,192999320104718;6,863293785000050;51,845987258999997
58671;5221231609248794921;5;3;58;48;2022;12;16;7;3;8;7;0;0;1;0;0;0;0;0;322136,892790868005250;5638924,874843239784241;6,471881578000020;50,874598007000003
58679;5221226300600696531;5;9;16;0;2022;12;6;2;3;0;1;2;1;1;0;0;0;0;0;374110,140999905008357;5711840,211999550461769;7,184556770000030;51,543600760000103
58701;5221230513120581505;5;1;62;20;2022;12;0;6;3;1;5;2;0;1;1;0;0;0;0;326750,793170673015993;5673597,928498289547861;6,520822972000080;51,187504973999999
58709;5221231609128077519;5;3;58;28;2022;12;2;7;2;8;1;2;1;1;0;0;0;0;0;322848,069999485975131;5625573,074998339638114;6,488425415000050;50,754862281000001
58734;5221230303100856681;5;9;15;0;2022;12;18;6;2;9;1;2;1;1;0;0;0;0;0;423974,798999992024619;5722029,457999650388956;7,901252659000020;51,644123313000101
58749;5221229600140895333;5;3;14;0;2022;12;10;5;3;5;3;0;1;1;1;0;0;0;0;370289,986671027028933;5623326,596153950318694;7,161388090000060;50,747214114000002
58758;5221226506100691331;5;1;16;0;2022;12;23;2;3;1;5;2;0;1;1;0;0;0;0;321652,331350595981348;5669235,869354289956391;6,450104048000070;51,146751235000103
58762;5221223516800086310;5;1;58;20;2022;12;17;6;3;5;3;2;1;1;1;0;0;0;0;355512,471999811008573;5664434,019999359734356;6,935762660000020;51,113149442000100
58767;5221222503400995584;5;1;22;0;2022;12;6;5;3;0;2;1;1;1;1;0;0;0;0;359698,982403884001542;5669084,802802849560976;6,993722768000050;51,155985241000103
58776;5221223303100594306;5;9;15;0;2022;12;17;6;3;5;3;2;1;1;1;0;0;0;0;418508,416371333994903;5725716,857744139619172;7,821407903000020;51,676505844000097
58810;5221230600380286429;5;3;14;0;2022;12;9;6;3;5;3;0;0;1;1;0;0;0;0;368737,757676250999793;5617786,324974340386689;7,141369447000050;50,697068223000002
58840;5220819601520955223;5;3;15;0;2022;8;15;6;2;0;1;0;0;1;0;0;0;0;0;360626,686078479979187;5648955,561219479888678;7,014736433000050;50,975310979000000
58854;5221231709700591793;5;5;66;56;2022;12;12;7;3;6;6;0;1;1;0;1;0;0;0;417531,883115392993204;5796521,772369979880750;7,790252773000080;52,312827932000097
58859;5221229502405277690;5;1;17;0;2022;12;16;5;3;5;2;2;0;1;1;0;0;0;0;355930,320999816001859;5699799,074999369680882;6,927474328000070;51,431053221000099
58871;5221223701610089935;5;5;62;12;2022;12;19;6;3;5;3;2;1;1;1;0;0;0;0;359308,925999837985728;5725794,448999419808388;6,965648676000060;51,665496833000098
58905;5221228514213495997;5;1;66;8;2022;12;9;4;3;3;2;0;1;1;1;0;0;0;0;316587,993847934994847;5691138,288143440149724;6,366559007000030;51,341893036000002
58912;5221019601110179224;5;3;15;0;2022;10;17;4;3;3;5;0;0;1;1;0;0;0;0;355303,171666463022120;5645421,017478180117905;6,940363933000070;50,942233998000098
58926;5221227518400475297;5;1;70;44;2022;12;10;3;3;0;7;0;0;1;1;0;0;0;0;340990,756101419974584;5716651,909994930028915;6,705138835000070;51,578473049000102
58934;5221222711112351245;5;5;70;52;2022;12;6;5;3;0;1;2;1;1;0;0;0;0;0;428988,148177227005363;5756264,379682299681008;7,966682826000070;51,952544391000103
58963;5220414516610503225;5;1;58;4;2022;4;17;5;2;5;2;0;0;1;1;0;0;0;0;354170,375255765975453;5676858,072402560152113;6,911563596000060;51,224455449000097
58969;5221230300700141900;5;9;16;0;2022;12;14;6;3;5;3;0;1;1;1;0;0;0;0;373732,709171912982129;5712016,467769919894636;7,179053577000050;51,545100472000101
58971;5221222608200277526;5;3;34;2;2022;12;8;5;3;5;2;1;1;1;1;0;0;0;0;296876,855999046994839;5630543,752995760180056;6,117938503000060;50,791000711999999
58976;5221227501127472117;5;1;12;0;2022;12;11;3;3;5;2;0;0;1;1;0;0;0;0;346542,853999750979710;5705207,949999189935625;6,790188359000070;51,477188200000100
58979;5221227601300381467;5;3;15;0;2022;12;13;3;2;0;1;0;0;1;0;0;0;0;0;352519,951999787997920;5647227,083999319933355;6,900043821000050;50,957759090000103
59020;5221223502402485453;5;1;17;0;2022;12;8;6;3;0;6;2;1;1;1;0;0;0;0;353210,938447843014728;5700390,947567000053823;6,888137418000040;51,435673706000003
59025;5221222500200676643;5;1;11;0;2022;12;7;5;1;5;2;2;1;1;0;0;0;1;0;346084,994999743998051;5680260,022999189794064;6,794399875000070;51,252900830000002
59060;5221223601500695407;5;3;15;0;2022;12;6;6;3;0;2;2;0;1;0;0;0;0;1;359010,390816779981833;5646003,318077920004725;6,992872546000060;50,948385639000001
59064;5221222516500086969;5;1;58;16;2022;12;18;5;3;1;5;2;1;1;1;0;0;0;0;355755,614266430027783;5669933,671535500325263;6,937031670000070;51,162633085000003
59080;5220414601210631223;5;3;15;0;2022;4;10;5;3;5;2;0;0;1;1;0;0;0;0;354365,881797284993809;5643973,394109020009637;6,927610248000060;50,928988640999997
59085;5221230301304011051;5;9;13;0;2022;12;11;6;3;3;6;0;0;1;0;0;0;0;1;399458,322914559976198;5709096,537903290241957;7,550741752000020;51,524024103000002
59099;5221222505100163665;5;1;14;0;2022;12;20;5;3;5;2;2;1;1;1;0;0;0;0;332049,417999611003324;5689724,051998719573021;6,589001270000040;51,333965966999997
59118;5221224316200580978;5;9;74;48;2022;12;10;7;3;5;3;0;1;1;1;0;0;0;0;427661,007736533996649;5718958,120194409973919;7,955152066000040;51,616998213000002
59119;5221230501211679001;5;1;12;0;2022;12;16;6;3;5;7;2;1;1;1;0;0;0;0;341403,107999706000555;5697516,581999059766531;6,719682988000050;51,406666238000099
59129;5221230705000830800;5;5;54;4;2022;12;18;6;3;9;1;2;1;1;0;0;0;0;0;358594,184676594974007;5776231,151509550400078;6,934640716000050;52,118508179000102
59157;5221230301301366168;5;9;78;24;2022;12;21;6;3;5;3;2;1;1;1;0;0;0;0;391962,274310362990946;5716897,630988379940391;7,440334331000030;51,592758469000003
59180;5221230711151093885;5;5;70;32;2022;12;13;6;3;5;3;0;0;1;1;0;0;0;0;421599,319636996020563;5765745,596702880226076;7,857019075000040;52,036780237000102
59185;5221228702100772452;5;5;15;0;2022;12;7;4;3;5;2;2;1;1;1;0;0;0;0;401172,597999972000252;5761889,685999659821391;7,560428108000050;51,998858659000099
59192;5221222709500576614;5;5;66;60;2022;12;18;5;2;9;7;2;1;1;0;0;0;0;0;387821,337620977021288;5788103,332171400077641;7,357389177000070;52,231906670999997
59202;5221223705000320896;5;5;54;20;2022;12;15;6;3;0;7;0;1;1;0;0;0;0;0;365724,561285255011171;5782493,039854709990323;7,036243816000020;52,176551737000104
59213;5221230601200763733;5;3;15;0;2022;12;19;6;2;0;1;2;1;1;0;0;0;0;0;358241,844999825989362;5640755,103999399580061;6,983979105000060;50,901031245000098
59223;5220314701400394220;5;5;12;0;2022;3;8;2;3;0;1;0;1;1;0;0;0;0;0;353526,158999799983576;5711700,715999330393970;6,887977345000020;51,537380882999997
59239;5220128500200958225;5;1;11;0;2022;1;15;6;3;5;3;0;0;1;1;0;0;0;0;349170,269939868012443;5677354,750144650228322;6,839801390000050;51,227619232000102
59266;5221224602100515298;5;3;62;8;2022;12;10;7;2;0;1;0;1;1;0;0;0;0;0;341379,572999698983040;5651499,126999080181122;6,739680493000040;50,993187091999999
59272;5221227410210033655;5;7;70;20;2022;12;11;3;3;5;2;0;0;1;0;0;0;0;1;475815,885276000015438;5795654,057620369829237;8,645259810000031;52,310688723000098
59277;5221228601600519581;5;3;15;0;2022;12;13;4;3;6;4;0;0;1;0;1;0;0;0;359371,644999834010378;5644789,268999409861863;6,998480712000060;50,937563109999999
59279;5221224404102590592;5;7;66;56;2022;12;12;7;3;4;2;0;1;1;1;0;0;0;0;477019,398999999975786;5756668,093999669887125;8,665548278000070;51,960233361000100
59280;5221222514210296114;5;1;66;12;2022;12;14;5;3;5;3;0;0;1;1;0;0;0;0;321229,525213735993020;5693107,304058560170233;6,432140470000040;51,361059103999999
59305;5221222702100579229;5;5;15;0;2022;12;6;5;3;0;7;2;1;1;0;0;0;0;0;405037,162999974971171;5757841,947999659925699;7,617823722000030;51,963150523000103
59314;5221231705000270528;5;5;54;20;2022;12;18;7;3;5;3;2;1;1;1;0;0;0;0;367243,882662478019483;5785457,844022819772363;7,057288490000080;52,203559628000100
59318;5221223701910885435;5;5;62;8;2022;12;18;6;3;5;3;2;1;1;1;0;0;0;0;385077,670999941008631;5723733,062999609857798;7,338747126000040;51,652831376000101
59321;5221225709300687307;5;5;66;68;2022;12;12;1;2;7;2;0;1;1;1;0;0;0;0;370513,546999892976601;5785602,070999549701810;7,105051879000030;52,205633390999999
59322;5221222601300680845;5;3;15;0;2022;12;18;5;3;3;5;2;1;1;1;0;0;0;0;354026,096567421976943;5646058,922332590445876;6,921942919000060;50,947644727000103
59333;5221228705000511647;5;5;54;56;2022;12;10;4;3;5;2;0;1;1;1;0;0;0;0;356836,322999824013095;5762419,263999390415847;6,914772279000030;51,993957442000102
59370;5221223706300995161;5;5;58;4;2022;12;14;6;3;3;7;0;1;1;1;0;0;0;0;404870,024359390023164;5738820,383978740312159;7,620634635000040;51,792146075000097
59373;5221226302000075382;5;9;14;0;2022;12;20;2;3;5;2;2;0;1;0;0;0;0;1;394159,390192897000816;5693679,223021180368960;7,479001950000050;51,384475506999998
59389;5220121500200727229;5;1;11;0;2022;1;7;6;3;5;2;2;1;1;1;0;0;0;0;345493,223872827016748;5678810,005050119943917;6,786552389000060;51,239711808999999
59394;5221229600340590932;5;3;82;64;2022;12;11;5;3;6;4;0;0;1;0;1;0;0;0;350323,055151163018309;5612991,443001450039446;6,882741772000030;50,649530017000103
59409;5221229300100289632;5;9;11;0;2022;12;12;5;3;0;1;0;0;1;0;0;0;0;0;375918,429139601008501;5707679,465610230341554;7,212085654000020;51,506607345000099
59414;5220421701920455220;5;5;62;28;2022;4;8;5;3;6;6;0;0;1;0;1;0;0;0;378897,008639361010864;5723410,246833929792047;7,249558489000040;51,648632671000001
59433;5221229501213875915;5;1;12;0;2022;12;12;5;3;2;6;0;0;1;1;0;0;0;0;339630,859999689972028;5698018,178999000228941;6,693996736000030;51,410674534000101
59445;5221224300300593666;5;9;11;0;2022;12;11;7;3;0;1;0;1;1;0;0;0;0;0;385005,253999940003268;5702725,128999600186944;7,344571845000080;51,464000077999998
59457;5221223502350977713;5;1;13;0;2022;12;6;6;3;3;6;2;1;1;0;0;0;0;1;359703,488999839988537;5705503,167999420315027;6,979454046000060;51,483258141000100
59465;5220225500300154229;5;1;11;0;2022;2;15;6;3;4;2;0;1;1;1;0;0;0;0;345608,726944069028832;5675868,533736419863999;6,789472868000080;51,213312641000101
59467;5221228503400895599;5;1;22;0;2022;12;13;4;3;3;2;0;1;1;0;0;0;0;1;361363,176999846007675;5669793,697999440133572;7,017231894000080;51,162761616000097
59475;5221227610111894888;5;3;70;16;2022;12;13;3;3;0;3;0;0;1;0;0;0;0;1;300891,083892602007836;5658756,085339769721031;6,159422457000060;51,045785841000097
59507;5221222702100518365;5;5;15;0;2022;12;17;5;3;6;4;2;1;1;0;1;0;0;0;407390,308113105013035;5756874,194288260303438;7,652324086000020;51,954848810000001
59511;5221227702100139947;5;5;15;0;2022;12;22;3;2;5;2;2;0;1;1;0;0;0;0;405512,333062021993101;5751885,089224009774625;7,626373979000050;51,909688458000097
59528;5221224702100776765;5;5;15;0;2022;12;7;7;3;4;6;2;1;1;0;0;0;0;0;405933,542260700021870;5756172,521301910281181;7,631323466000030;51,948297343000000
59529;5221230518100696110;5;1;70;48;2022;12;23;6;2;0;7;2;1;1;0;0;0;0;0;335763,306999656022526;5725792,906998840160668;6,625479155000050;51,659095481000101
59558;5221223601300487294;5;3;15;0;2022;12;0;6;3;0;1;2;1;1;0;0;0;0;0;353634,312184667971451;5644847,565753949806094;6,916856212000030;50,936659360000100
59600;5221224700000089259;5;5;13;0;2022;12;11;7;3;5;3;0;1;1;0;0;0;0;0;364960,057684192026500;5715401,449538320302963;7,051316025000060;51,573488445000102
59610;5220218301101501227;5;9;13;0;2022;2;7;6;3;5;2;2;1;1;1;0;0;0;0;393041,309232774015982;5707054,077811280265450;7,458898387000030;51,504486667000002
59627;5221231601200481465;5;3;15;0;2022;12;17;7;2;3;6;0;0;1;0;0;0;0;0;357940,242226299014874;5635229,182662630453706;6,981839617000050;50,851295101000098
59631;5221223701500475302;5;5;62;24;2022;12;12;6;3;0;1;0;1;1;1;0;0;0;0;373597,185999903012998;5725672,156999549828470;7,172177256000050;51,667793765000098
59632;5221229601500081806;5;3;15;0;2022;12;8;5;3;5;2;1;1;1;1;0;0;0;0;365165,152999865997117;5649539,641999470070004;7,079127173000070;50,981640910000102
59649;5221222500200078872;5;1;11;0;2022;12;15;5;3;0;7;0;1;1;1;0;0;0;0;345191,516094144026283;5679121,909156760200858;6,782098789000030;51,242432602000100
59706;5221229600110095310;5;3;14;0;2022;12;22;5;3;6;4;2;0;1;0;1;0;0;0;365244,833978770009708;5622279,813780469819903;7,090298573000040;50,736656621000101
59731;5221230500200001717;5;1;11;0;2022;12;16;6;3;0;5;0;1;1;1;0;0;0;0;345032,323493907984812;5679030,750847630202770;6,779859364000060;51,241570289000002
59745;5221229501317396073;5;1;12;0;2022;12;18;5;2;0;1;2;1;1;0;0;0;0;0;344727,794999735022429;5699143,637999149970710;6,766733590000060;51,422205344000098
59747;5221222711111296688;5;5;70;52;2022;12;12;5;3;0;6;0;1;1;0;0;0;0;0;427572,772811201983131;5761495,318231440149248;7,944986940000040;51,999385238000102
59783;5221222600120795389;5;3;82;24;2022;12;13;5;3;0;1;0;1;1;0;0;0;0;0;372191,328942326013930;5615215,850529160350561;7,191133389000070;50,674732748000103
59796;5221228301304438937;5;9;13;0;2022;12;10;4;2;0;1;0;1;1;0;0;0;0;0;403874,210284347995184;5709975,028105380013585;7,614134308000080;51,532689830999999
59820;5221229605136090381;5;3;74;36;2022;12;12;5;3;5;3;0;0;1;1;0;0;0;0;387166,225117260997649;5673009,676910109817982;7,385079281000060;51,197340887999999
59822;5221222701800980500;5;5;62;4;2022;12;13;5;3;0;1;0;0;1;0;0;0;0;0;384602,363751196011435;5716525,487226010300219;7,334253583000020;51,587954237000098
59833;5221223702100396748;5;5;15;0;2022;12;11;6;3;0;2;0;1;1;1;0;0;0;0;407431,470999980985653;5758068,622999659739435;7,652601026000070;51,965591824000100
59843;5221225602400477500;5;3;62;32;2022;12;12;1;3;5;3;0;1;1;1;0;0;0;0;338157,839699157979339;5642862,924555160105228;6,697649912000030;50,914691377000104
59846;5221223405108382150;5;7;54;8;2022;12;16;6;3;5;3;0;1;1;1;0;0;0;0;458206,543000000994653;5751522,610999659635127;8,392390618000039;51,912876746000101
59876;5221229702100574469;5;5;15;0;2022;12;6;5;3;5;2;2;1;1;1;0;0;0;0;404599,123999977018684;5755714,818999660201371;7,612040675000060;51,943956066000098
59881;5221227709110606884;5;5;66;8;2022;12;16;3;3;3;2;2;0;1;1;0;0;0;0;399225,847999971010722;5780803,726999660022557;7,526491692000040;52,168505607000000
59883;5221227500100795951;5;1;11;0;2022;12;12;3;2;0;1;0;0;1;0;0;0;0;0;344687,424607403983828;5677954,804758950136602;6,775388699000080;51,231808746000098
59898;5221227702100096666;5;5;15;0;2022;12;13;3;3;5;3;0;0;1;1;0;0;0;0;408600,865999982983340;5756449,564999659545720;7,670048161000070;51,951232264000097
59915;5221224709300176628;5;5;66;84;2022;12;13;7;3;5;3;0;1;1;1;0;0;0;0;386000,802999945008196;5779275,090999630279839;7,333713286000030;52,152194680999997
59916;5221230514110096022;5;1;66;32;2022;12;21;6;3;5;3;2;1;1;1;0;0;0;0;318718,201500846014824;5681341,987879429943860;6,402085770000040;51,254578396000099
59933;5221222701300663432;5;5;62;14;2022;12;6;5;3;5;3;2;1;1;0;0;0;0;0;359210,243020260997582;5715954,769670199602842;6,968176982000050;51,577054025000102
59940;5221227601300374413;5;3;15;0;2022;12;15;3;3;5;2;0;0;1;1;0;0;0;0;352477,496997503971215;5644949,120005750097334;6,900362545000060;50,937277220000098
59969;5221223601500086595;5;3;15;0;2022;12;12;6;3;0;1;0;1;1;0;0;0;0;0;357308,889976138016209;5644119,173139389604330;6,969404110000030;50,931034271000001
60018;5221230709700776747;5;5;66;28;2022;12;18;6;3;5;3;2;1;1;1;0;0;0;0;412361,321377796004526;5792051,220207160338759;7,715587422000060;52,271844502000100
60025;5221222601300693354;5;3;15;0;2022;12;15;5;3;0;1;0;0;1;0;0;0;0;1;354171,449294483987615;5645956,603773199953139;6,924051653000050;50,946762012000100
60067;5221230602800985397;5;3;62;12;2022;12;17;6;3;5;3;2;0;1;1;0;0;0;0;352056,426999785006046;5630405,280999310314655;6,900256999000020;50,806469143000101
60090;5221230709500374669;5;5;66;76;2022;12;18;6;3;5;2;2;1;1;1;0;0;0;0;393651,217999960994348;5794099,024999660439789;7,440830852000030;52,286948205999998
60114;5220720602500982222;5;3;62;24;2022;7;17;4;3;5;2;0;0;1;1;0;0;0;0;347281,423413797980174;5642561,908739140257239;6,827464364000040;50,914472794000098
60116;5221228317110769014;5;9;78;36;2022;12;13;4;3;5;3;0;0;1;0;0;0;0;1;409300,012999982980546;5710057,177999639883637;7,692315505000070;51,534326100000001
60132;5221223608332794793;5;3;34;32;2022;12;21;6;2;0;1;2;1;1;0;0;0;0;0;306239,803862483997364;5622586,075286280363798;6,254807863000050;50,722725641000103
60137;5221229701120165420;5;5;62;32;2022;12;15;5;3;0;7;0;0;1;0;0;0;0;1;376000,718196026980877;5714389,704179850406945;7,210907187000030;51,566932263000098
60139;5221223307000093926;5;9;62;4;2022;12;13;6;3;0;7;0;1;1;0;0;0;0;0;408012,228312837018166;5683564,165298120118678;7,680628637000040;51,295959842000102
60151;5221229600140675846;5;3;14;0;2022;12;17;5;3;5;2;2;1;1;1;0;0;0;0;368250,425999880011659;5621809,443999489769340;7,133036464000040;50,733118493000099
60174;5221230503200090157;5;1;24;0;2022;12;15;6;3;4;2;0;1;1;1;0;0;0;0;376487,690393324010074;5683296,023582579568028;7,228770427000030;51,287584278000097
60181;5221222508000789497;5;1;19;0;2022;12;17;5;3;6;7;2;1;1;0;1;0;0;0;349725,434617818973493;5703688,336189050227404;6,836628786000060;51,464388284999998
60205;5221229501112591309;5;1;12;0;2022;12;16;5;3;5;3;1;1;1;1;0;0;0;0;344975,349999736004975;5708521,516999149695039;6,766179060000070;51,506532925999998
166151;5220106701300695069;5;5;62;14;2022;1;12;5;3;5;3;0;1;1;1;0;0;0;0;361249,048999846971128;5713214,307999449782073;6,998662609000060;51,552933395000103
166154;5220106602500486892;5;3;62;24;2022;1;21;5;3;0;1;2;1;1;0;0;0;0;0;345276,170469257980585;5641018,019034639932215;6,799614933000040;50,900065309000098
166159;5220108709110579617;5;5;66;8;2022;1;12;7;3;0;7;0;1;1;0;0;0;0;0;399958,655501988017932;5780686,563911479897797;7,537237464000040;52,167585897999999
166174;5220108601600181749;5;3;15;0;2022;1;14;7;3;0;5;0;0;1;1;0;0;0;0;362380,428706985025201;5644138,443968879990280;7,041522525000060;50,932439829000003
166183;5220110501317582162;5;1;12;0;2022;1;19;2;3;0;1;2;1;1;1;0;0;0;0;344995,784503136994317;5700216,845257320441306;6,770115393000030;51,431921484999997
166198;5220105400200390815;5;7;11;0;2022;1;12;4;3;5;2;0;1;1;1;0;0;0;0;467816,745999999984633;5763106,068999670445919;8,531015949000050;52,017658554000000
166204;5220111307000032164;5;9;62;40;2022;1;14;3;3;5;3;0;0;1;1;0;0;0;0;415245,258999985991977;5698897,322999640367925;7,780689490000040;51,434926194000099
166214;5220108601300493510;5;3;15;0;2022;1;8;7;2;0;1;0;2;1;0;0;0;0;0;352495,677999789011665;5644637,012999310158193;6,900747458000070;50,934477103000098
166221;5220110601400478473;5;3;15;0;2022;1;8;2;2;0;7;0;2;1;0;0;0;0;0;354610,081999804999214;5653510,632999350316823;6,927269810000040;51,014758211000100
166238;5220106300600275714;5;9;16;0;2022;1;8;5;3;0;1;0;2;1;0;0;0;0;0;377814,699999919976108;5714473,488999580033123;7,237037206000020;51,568081248000098
166252;5220110506100591423;5;1;16;0;2022;1;10;2;3;0;1;0;2;1;0;0;0;0;0;314556,816999380011111;5675271,582997649908066;6,345658377000060;51,198713100000099
166272;5220111303100264130;5;9;15;0;2022;1;13;3;2;0;7;0;1;1;1;0;0;0;0;418505,805373020004481;5730482,814000800251961;7,820256466000050;51,719349109000099
166281;5220102313110775338;5;9;58;4;2022;1;18;1;3;0;1;2;0;1;0;0;0;0;0;435036,332542527990881;5695754,230652879923582;8,065939968000070;51,409283131999999
166282;5220108601300075550;5;3;15;0;2022;1;9;7;3;0;1;0;2;1;0;0;0;0;0;348944,537525489984546;5646231,154967890121043;6,849584922000080;50,947883318999999
166291;5220110601400390400;5;3;15;0;2022;1;5;2;3;0;1;2;2;1;0;0;0;0;0;353000,909999793977477;5654543,879999320022762;6,903926426000060;51,023634366000103
166297;5220107705000674659;5;5;54;48;2022;1;21;6;3;4;6;2;1;1;0;0;0;0;0;341459,860593982972205;5744572,607033560052514;6,699207940000060;51,829450247000104
166303;5220104607400086629;5;3;82;68;2022;1;21;3;3;0;1;2;1;1;0;0;0;0;0;370683,684540858026594;5630909,964818609878421;7,164297991000070;50,815462971999999
166304;5220110514215695938;5;1;66;28;2022;1;11;2;3;0;1;0;2;1;0;0;0;0;0;326276,178999543015379;5688102,122998439706862;6,506997558000020;51,317661020000102
166310;5220106701800510778;5;5;62;4;2022;1;9;5;3;0;1;0;2;1;0;0;0;0;0;385014,901999939000234;5714598,794999600388110;7,340836681000040;51,570721792000001
166322;5220105317120389449;5;9;78;16;2022;1;17;4;3;0;5;2;1;1;0;1;0;0;0;404012,072018794016913;5706293,356767590157688;7,617123980000030;51,499618451000103
166323;5220110513210981042;5;1;62;24;2022;1;9;2;3;0;1;0;2;1;0;0;0;0;0;342527,211999711988028;5667734,732999100349844;6,748952355000030;51,139386832000099
166328;5220111610221471751;5;3;70;20;2022;1;10;3;3;3;6;0;1;1;0;0;0;0;0;304706,746999213006347;5658909,291996690444648;6,213706239000030;51,048471599999999
166330;5220106610212285813;5;3;70;28;2022;1;22;5;3;0;2;2;0;1;1;0;0;0;0;297466,852999068971258;5644876,119995770044625;6,118370377000080;50,919931442000099
166336;5220103602700890703;5;3;62;28;2022;1;17;2;3;4;6;2;1;1;0;0;0;0;0;351122,165999779012054;5638756,159999299794436;6,883612886000040;50,881275922999997
166346;5220106506100091500;5;1;16;0;2022;1;8;5;2;0;1;0;2;1;0;0;0;0;0;323175,858778928988613;5673466,054950140416622;6,469783898000060;51,185225631999998
166350;5220103310220916858;5;9;54;8;2022;1;17;2;3;5;3;2;1;1;1;0;0;0;0;382836,014999934006482;5683653,364999580197036;7,319648236000030;51,292137551000103
166351;5220108705000996572;5;5;54;64;2022;1;2;7;2;0;7;2;2;1;0;0;0;0;0;361349,663149071973749;5750885,605420639738441;6,985116356000050;51,891467225000000
166357;5220105601200581775;5;3;15;0;2022;1;19;4;3;2;2;2;1;1;1;0;0;0;0;356611,791499172977637;5641875,174937579780817;6,960372842000030;50,910694772000099
166358;5220110701910716782;5;5;62;8;2022;1;7;2;3;5;5;2;2;1;1;0;0;0;0;384648,168999938003253;5722728,094999610446393;7,332872741000070;51,643711068000101