OBJECTID;UIDENTSTLAE;ULAND;UREGBEZ;UKREIS;UGEMEINDE;UJAHR;UMONAT;USTUNDE;UWOCHENTAG;UKATEGORIE;UART;UTYP1;ULICHTVERH;IstStrassenzustand;IstRad;IstPKW;IstFuss;IstKrad;IstGkfz;IstSonstige;LINREFX;LINREFY;XGCSWGS84;YGCSWGS84
167701;5220113606100881203;5;3;78;4;2022;1;9;5;3;0;7;0;1;1;0;0;0;0;0;369092,435999885026831;5650979,448999499902129;7,134524699000050;50,995487883000102
167706;5220131300700289972;5;9;16;0;2022;1;20;2;3;6;6;2;0;1;0;1;0;0;0;371875,048680201987736;5708504,978339379653335;7,153555884000070;51,513123994000097
167709;5220117600110685831;5;3;14;0;2022;1;16;2;3;5;3;0;1;1;1;0;0;0;0;366596,161031547992025;5620057,170229779556394;7,110241994000030;50,716991422000000
167710;5220204518300995975;5;1;70;20;2022;2;17;6;3;5;3;1;1;1;1;0;0;0;0;330092,551999592978973;5708265,182998609729111;6,552050816000080;51,499952082999997
167715;5220203513210067197;5;1;62;24;2022;2;9;5;3;5;2;0;1;1;1;0;0;0;0;338149,034999670984689;5670969,915998970158398;6,684966185000060;51,167233872000097
167716;5220125508000382214;5;1;19;0;2022;1;11;3;3;5;3;0;0;1;1;0;0;0;0;350765,802999780979007;5704181,520999279804528;6,851386482000070;51,469095046000099
167725;5220207505100348646;5;1;14;0;2022;2;13;2;3;5;7;0;0;1;1;0;0;0;0;332825,520364118972793;5689153,212635040283203;6,600399883000020;51,329066189000102
167726;5220128500200501717;5;1;11;0;2022;1;10;6;2;5;2;0;0;1;0;0;0;1;0;347944,476999756996520;5676726,034999229945242;6,822525714000050;51,221644578000102
167728;5220202705000290507;5;5;54;4;2022;2;13;4;2;7;1;0;0;1;0;0;0;0;0;357075,597567728022113;5770752,418382570147514;6,914773450000040;52,068892134000102
167729;5220125706100336378;5;5;58;16;2022;1;13;3;3;5;3;0;0;1;0;0;0;0;0;383606,721675375010818;5742345,970025589689612;7,311268336000070;51,819811678000100
167731;5220119405228587286;5;7;54;28;2022;1;18;4;3;4;6;2;1;1;1;0;0;0;0;453186,686733621987514;5742633,461609410122037;8,320620662000071;51,832559330999999
167732;5220208609128885864;5;3;58;28;2022;2;7;3;3;6;7;1;0;1;0;1;0;0;0;322065,959105522022583;5623318,154608130455017;6,478437488000050;50,734364460000101
167735;5220114600110595274;5;3;14;0;2022;1;16;6;3;5;3;0;0;1;1;0;0;0;0;366962,593476682028268;5619155,246354649774730;7,115754898000030;50,708968857999999
167736;5220115608100271772;5;3;34;2;2022;1;18;7;3;0;1;2;1;1;0;0;0;0;0;294851,133999001991469;5628428,242995459586382;6,090415751000020;50,771287579999999
167737;5220202600330522894;5;3;82;48;2022;2;13;4;3;5;3;0;0;1;0;0;0;0;1;354123,984415100014303;5609946,734674789942801;6,937668511000030;50,623130683000099
167738;5220124601500886851;5;3;15;0;2022;1;7;2;3;5;2;1;0;1;1;0;0;0;0;356636,589634443982504;5645948,720786070451140;6,959123353000050;50,947309498999999
167740;5220128505100376285;5;1;14;0;2022;1;14;6;3;5;6;0;0;1;0;0;0;0;0;329044,861999578017276;5688378,352998579852283;6,546557329000050;51,320981228000100
167741;5220208513320981423;5;1;62;4;2022;2;7;3;3;3;5;1;0;1;1;0;0;0;0;342960,944638324028347;5662727,027003699913621;6,757327841000060;51,094509627000001
167748;5220129313121289350;5;9;58;32;2022;1;14;7;3;5;3;0;1;1;1;0;0;0;0;449347,520459831983317;5689161,574211520142853;8,272628780000050;51,351466446000103
167751;5220130513120676595;5;1;62;20;2022;1;12;1;3;0;1;0;0;1;0;0;0;0;0;328125,746865773980971;5670981,282199369743466;6,541730051000060;51,164412261000102
167756;5220112601200981744;5;3;15;0;2022;1;15;4;3;0;1;1;1;1;0;0;0;0;0;353927,536999797972385;5643235,254999339580536;6,921672646000050;50,922244378000102
167757;5220209601300884966;5;3;15;0;2022;2;7;4;3;1;5;1;0;1;1;0;0;0;0;354844,500561187975109;5646556,744540300220251;6,933386977000050;50,952325176999999
167758;5220201406110990708;5;7;58;12;2022;2;11;3;3;0;1;0;1;1;0;0;0;0;0;477475,794038308027666;5774125,277535320259631;8,671040304000030;52,117205233999996
167759;5220121705000291737;5;5;54;40;2022;1;7;6;3;5;3;2;2;1;1;0;0;0;0;349663,744999776012264;5737404,825999259948730;6,821277638000030;51,767317466000101
167761;5220117513310181906;5;1;62;8;2022;1;18;2;3;5;3;2;1;1;1;0;0;0;0;332269,131436445983127;5662103,138171800412238;6,605066242000020;51,085877052000100
167764;5220125607400790911;5;3;82;68;2022;1;6;3;3;5;2;2;0;1;1;0;0;0;0;367079,534999873023480;5633440,465999480336905;7,112247432000060;50,837390864000000
167765;5220205513130875912;5;1;62;22;2022;2;10;7;3;5;3;0;0;1;1;0;0;0;0;338929,071999679028522;5679698,375998989678919;6,692195585000040;51,245878324000003
167767;5220128515110591521;5;1;54;36;2022;1;7;6;3;0;1;1;2;1;0;0;0;0;0;300651,642127843981143;5740468,721196250058711;6,110074092000050;51,779531141000099
167771;5220114314210089300;5;9;66;4;2022;1;21;6;3;8;7;2;0;1;0;0;0;0;0;423012,650291514990386;5664465,477897039614618;7,899830929000070;51,126479161000098
167773;5220202602700194798;5;3;62;28;2022;2;8;4;3;5;3;0;0;1;1;0;0;0;0;350303,998999773000833;5638508,522999280132353;6,872092107000070;50,878839157000101
167774;5220124500100778384;5;1;11;0;2022;1;20;2;3;2;6;2;0;1;0;0;0;0;0;341402,004276257008314;5679076,092977370135486;6,727872967000050;51,240980028000102
167775;5220207705000096519;5;5;54;12;2022;2;8;2;3;5;3;0;1;1;1;0;0;0;0;352040,881692437978927;5746638,561850340105593;6,851759297000060;51,850915234000098
167779;5220117701500548689;5;5;62;24;2022;1;18;2;3;0;1;2;1;1;0;0;0;0;0;370083,268999889027327;5728144,472999529913068;7,120474134000060;51,689210020000097
167781;5220113500300074082;5;1;11;0;2022;1;16;5;3;5;3;0;0;1;1;0;0;0;0;349008,602999766007997;5675947,159999250434339;6,838080577000030;51,214928235000102
167782;5220201601700293402;5;3;16;0;2022;2;18;3;2;5;3;2;1;1;1;0;0;0;0;358746,209016997017898;5655467,645940939895809;6,985433901000020;51,033376505000000
167785;5220124500300301076;5;1;11;0;2022;1;11;2;3;5;3;0;0;1;1;0;0;0;0;343955,074999726028182;5674574,394999139942229;6,766378408000040;51,201234900000003
167786;5220128505200696045;5;1;14;0;2022;1;15;6;2;0;7;0;0;1;0;0;0;0;0;330236,530570262984838;5689492,200823189690709;6,563112161000050;51,331344725000100
167791;5220118709110942542;5;5;66;8;2022;1;12;3;3;1;5;0;1;1;1;0;0;0;0;399132,373010180017445;5781787,843388100154698;7,524832810000020;52,177333485000098
167792;5220113601500647896;5;3;15;0;2022;1;17;5;3;5;2;1;0;1;1;0;0;0;0;359333,906999833008740;5647417,325999409891665;6,996928682000030;50,961172466000100
167793;5220201600110776586;5;3;14;0;2022;2;19;3;3;5;3;2;1;1;1;0;0;0;0;366502,059471016982570;5619320,171062209643424;7,109176363000070;50,710345635000103
167794;5220122600110533878;5;3;14;0;2022;1;13;7;3;1;5;0;0;1;1;0;0;0;0;364561,133784258970991;5620768,942230350337923;7,081170215000040;50,722918065000002
167814;5220114400200650092;5;7;11;0;2022;1;15;6;3;5;3;0;0;1;1;0;0;0;0;468423,323060875991359;5764120,484892389737070;8,539761264000051;52,026813649000097
167817;5220124601200574399;5;3;15;0;2022;1;7;2;2;0;3;1;0;1;1;0;0;0;0;360597,672335128008854;5637776,365472580306232;7,018597444000020;50,874834040000103
167818;5220207601300580369;5;3;15;0;2022;2;23;2;3;0;1;2;0;1;1;0;0;0;0;354734,855138926010113;5646886,716325369663537;6,931695343000060;50,955262913000098
167822;5220117709110779088;5;5;66;12;2022;1;15;2;3;5;3;0;0;1;1;0;0;0;0;404565,982502433995251;5772455,114053140394390;7,606891612000030;52,094416807000101
167827;5220126608436377502;5;3;34;36;2022;1;14;4;3;5;3;0;0;1;0;0;0;0;0;298648,408771720016375;5633545,536291300319135;6,141395039000030;50,818579522999997
167829;5220127705000496621;5;5;54;68;2022;1;12;5;3;5;3;0;1;1;1;0;0;0;0;352357,799999796028715;5767584,136999309994280;6,847362990000020;52,039189235999999
167830;5220114608416389917;5;3;34;16;2022;1;9;6;3;0;2;0;0;1;1;0;0;0;0;295546,802709997980855;5639278,465255520306528;6,094222111000020;50,868981472000002
167831;5220117506100191073;5;1;16;0;2022;1;17;2;3;0;1;1;1;1;0;0;0;0;0;316961,712164529017173;5671526,127562129870057;6,381949889000050;51,165843793000100
167833;5220125502405662163;5;1;17;0;2022;1;17;3;3;5;2;1;0;1;1;0;0;0;0;356240,838844368001446;5700741,776096870191395;6,931555472000070;51,439603161999997
167836;5220209502230786115;5;1;13;0;2022;2;15;4;3;6;7;0;0;1;0;1;0;0;0;361923,051999851013534;5694045,761999449692667;7,015865994000020;51,380843257999999
167839;5220114317240384932;5;9;78;40;2022;1;8;6;3;4;7;1;1;1;1;0;0;0;0;403423,197999975993298;5724078,511999639682472;7,603751484000040;51,659387874000103
167844;5220125709700638468;5;5;66;28;2022;1;14;3;3;0;7;0;0;1;0;0;0;0;1;413020,673103872977663;5794436,767731170170009;7,724632578000070;52,293391210999999
167849;5220203711142090988;5;5;70;44;2022;2;17;5;2;4;6;2;1;1;0;0;0;0;0;415511,059999988006894;5759670,116999669931829;7,769780106000040;51,981274280000001
167852;5220209518200091605;5;1;70;24;2022;2;9;4;3;3;6;0;0;1;1;0;0;0;0;338367,541271304013208;5703011,636598570272326;6,673568278000060;51,455179186000102
167857;5220203515211848294;5;1;54;16;2022;2;16;5;3;0;1;0;0;1;0;1;0;0;0;302948,614805005025119;5729189,481268820352852;6,149711162000070;51,679054497999999
167859;5220125601300054227;5;3;15;0;2022;1;11;3;3;5;3;0;0;1;0;0;0;0;1;353878,915999800025020;5649994,492999340407550;6,918268399000060;50,982974906000003
167861;5220119601300093353;5;3;15;0;2022;1;19;4;3;7;1;2;0;1;0;0;0;0;0;354100,346610039996449;5646635,382489929907024;6,922768194000070;50,952843977000001
167862;5220128600360095259;5;3;82;12;2022;1;11;6;3;5;3;0;0;1;1;0;0;0;0;362332,517999851028435;5626149,185999440029263;7,047604833000040;50,770750192000001
167864;5220131607400536931;5;3;82;68;2022;1;18;2;3;1;5;2;1;1;1;0;0;0;0;368988,667224274016917;5630785,004154229536653;7,140294540000070;50,813958865000103
167868;5220124316200641387;5;9;74;52;2022;1;11;2;3;0;6;0;0;1;0;0;0;0;1;424215,776871491980273;5712561,396083960309625;7,906780703000040;51,559038630000003
167869;5220208316000578048;5;9;74;28;2022;2;14;3;3;0;3;0;1;1;0;0;0;0;0;455340,459999998973217;5723545,793999649584293;8,354326474000059;51,661122800000001
167872;5220119705000820819;5;5;54;68;2022;1;7;4;3;4;2;2;0;1;1;0;0;0;0;350176,264999783015810;5767409,105999260209501;6,815657510000050;52,037031544999998
167873;5220117601100687224;5;3;15;0;2022;1;7;2;3;3;7;1;1;1;1;0;0;0;0;356044,677940608002245;5646188,397481540217996;6,950608085000060;50,949315921999997
167877;5220122705000377675;5;5;54;8;2022;1;10;7;3;5;2;0;1;1;1;0;0;0;0;335882,709008705976885;5745827,009187310002744;6,617749616000030;51,839108649000103
167878;5220126610211085854;5;3;70;4;2022;1;10;4;3;0;3;0;0;1;1;0;0;0;0;311908,366999334015418;5661735,186997449956834;6,314861327000070;51,076258423000098
167880;5220128500300486933;5;1;11;0;2022;1;16;6;3;4;2;0;0;1;1;0;0;0;0;344249,711999726016074;5675992,371999139897525;6,769976865000050;51,214056339000102
167885;5220206609108980618;5;3;58;8;2022;2;17;1;3;5;2;0;1;1;1;0;0;0;0;323037,502999487973284;5632338,017998339608312;6,487851482000050;50,815697612000100
167887;5220208701610047422;5;5;62;12;2022;2;21;3;3;5;3;2;1;1;1;0;0;0;0;359233,489999837998766;5725535,155999420210719;6,964663079000050;51,663147987000102
167889;5220120601200066018;5;3;15;0;2022;1;16;5;2;0;7;0;0;1;0;0;0;0;0;360148,494206398027018;5638525,548793730325997;7,011930544000050;50,881458635000101
167894;5220118705000374659;5;5;54;8;2022;1;7;3;3;2;2;2;0;1;1;0;0;0;0;335890,360999660973903;5746263,356998830102384;6,617653580000020;51,843030795000097
167895;5220128600320891248;5;3;82;72;2022;1;9;6;3;0;1;0;2;1;0;0;0;0;0;370683,333699197974056;5611311,620574709959328;7,171166109000070;50,639306709000003
167906;5220127705000065800;5;5;54;68;2022;1;13;5;3;5;3;0;0;1;1;0;0;0;0;351553,959911011974327;5767154,775323850102723;6,835838315000050;52,035117028000101
167907;5220115505200078947;5;1;14;0;2022;1;16;7;3;0;1;1;1;1;0;0;0;0;0;330479,367999594018329;5689476,159998649731278;6,566602251000060;51,331273055000104
167908;5220117709300170597;5;5;66;68;2022;1;12;2;2;5;3;0;0;1;1;0;0;0;0;376795,330999916011933;5785605,039999590255320;7,196929950000030;52,207100078000103
167909;5220118601100090463;5;3;15;0;2022;1;10;3;3;6;4;0;0;1;0;1;0;0;0;356514,808474041987211;5643528,707159129902720;6,958343814000050;50,925530824000099
167915;5220113608404733440;5;3;34;4;2022;1;15;5;3;1;5;0;0;1;1;0;0;0;0;300210,669005914998706;5639413,665778289549053;6,160345184000050;50,871826296000101
167921;5220120513210973709;5;1;62;24;2022;1;11;5;2;0;1;0;1;1;0;0;0;0;0;338572,684835558000486;5674289,929075440391898;6,689529032000050;51,197183590000101
167923;5220203610211211825;5;3;70;4;2022;2;14;5;3;5;3;0;0;1;1;0;0;0;0;311871,172366457001772;5661181,773756409995258;6,314618906000020;51,071275196999999
167925;5220201608100133018;5;3;34;2;2022;2;18;3;3;5;2;2;1;1;1;0;0;0;0;294393,457655043981504;5629292,446226090192795;6,083450508000060;50,778887139000098
167926;5220121518200178573;5;1;70;24;2022;1;20;6;3;5;2;2;1;1;1;0;0;0;0;333607,805999631993473;5702564,842998780310154;6,605333310000050;51,449786465999999
167928;5220207500200700428;5;1;11;0;2022;2;16;2;3;0;6;0;0;1;0;0;0;0;1;350398,486804509011563;5674365,196565340273082;6,858625822000020;51,201078711000001
167930;5220114709500516765;5;5;66;76;2022;1;15;6;3;0;3;0;0;1;0;0;0;0;1;393418,262044442002662;5792939,607246560044587;7,437783442000070;52,276483177999999
167931;5220203601200381775;5;3;15;0;2022;2;12;5;3;1;1;0;0;1;1;0;0;0;0;355245,652999806974549;5642067,142999360337853;6,940877390000030;50,912078973000099
167936;5220131700000691624;5;5;13;0;2022;1;15;2;3;5;3;0;1;1;1;0;0;0;0;366795,783999875013251;5707085,670999499969184;7,080936608000060;51,499194472000099
167937;5220120602700794786;5;3;62;28;2022;1;7;5;2;0;7;2;1;1;0;0;0;0;0;352635,277999788988382;5639059,694999320432544;6,904984853000030;50,884391571000002
167940;5220202609108175502;5;3;58;8;2022;2;7;4;3;0;7;1;0;1;1;0;0;0;0;323003,947992198984139;5629773,572866410017014;6,488611797000030;50,792647992000099
167943;5220128506100742174;5;1;16;0;2022;1;8;6;2;0;1;0;2;1;0;0;0;0;0;319488,141999450977892;5671148,283998039551079;6,418236173000030;51,163252366000101
167948;5220118608408689757;5;3;34;8;2022;1;8;3;3;4;5;1;1;1;1;0;0;0;0;301285,676999140996486;5643695,266996320337057;6,173276092000040;50,910652979000098
167955;5220115601400386562;5;3;15;0;2022;1;21;7;3;0;2;2;0;1;1;0;0;0;0;358023,092999825021252;5648462,132999390363693;6,977867425000060;50,970240586000003
167956;5220117700000977988;5;5;13;0;2022;1;11;2;3;5;3;0;1;1;1;0;0;0;0;368025,521999881020747;5708305,684999509714544;7,098186291000050;51,510446902000098
167957;5220204518200391601;5;1;70;24;2022;2;13;6;3;5;3;0;0;1;1;0;0;0;0;336765,030999662994873;5702182,216998900286853;6,650906198000030;51,447267742000101
167958;5220113400200176377;5;7;11;0;2022;1;13;5;3;5;3;0;1;1;1;0;0;0;0;468423,623000000021420;5764214,817999670282006;8,539756929000021;52,027661780000102
167960;5220131609248694803;5;3;58;4;2022;1;14;2;2;5;3;0;1;1;1;0;0;0;0;309143,227999278984498;5640966,110997250303626;6,286339743000040;50,888789534000097
167962;5220114608416033066;5;3;34;16;2022;1;16;6;3;4;2;0;0;1;1;0;0;0;0;295546,748999026021920;5639280,322995499707758;6,094220310000030;50,868998137000098
167965;5220125513210786656;5;1;62;24;2022;1;11;3;3;5;7;0;0;1;1;0;0;0;0;338624,085999677015934;5675202,434998990036547;6,689853816000040;51,205396860000100
167968;5220208702100597729;5;5;15;0;2022;2;6;3;3;5;3;2;1;1;1;0;0;0;0;404258,494999976013787;5757634,262999660335481;7,606551776000060;51,961150224999997
167969;5220204513210776322;5;1;62;24;2022;2;12;6;3;6;7;0;0;1;0;1;0;0;0;338908,529685267014429;5674251,709878019988537;6,694348872000030;51,196934976000101
167970;5220112600380095378;5;3;14;0;2022;1;19;4;3;0;7;2;0;1;0;1;0;0;0;369476,252780459995847;5617612,705060199834406;7,151881827000070;50,695673887000098
167971;5220209601400590558;5;3;15;0;2022;2;12;4;2;0;7;0;0;1;0;1;0;0;0;353320,912223129009362;5653222,143862959928811;6,909020625000040;51,011838347000001
167973;5220121705000374716;5;5;54;48;2022;1;10;6;3;5;3;0;0;1;1;0;0;0;0;341300,481999712006655;5745463,549999030306935;6,696488438000070;51,837409178000001
167975;5220203405108087003;5;7;54;8;2022;2;12;5;3;5;3;0;1;1;1;0;0;0;0;456044,320290878007654;5750511,574965420179069;8,361086448000041;51,903620526000097
167976;5220125609108877524;5;3;58;8;2022;1;17;3;3;0;1;2;1;1;0;0;0;0;0;321710,349771598994266;5629902,714424800127745;6,470213359000070;50,793411788000100
167977;5220205702100176723;5;5;15;0;2022;2;15;7;3;3;6;0;0;1;0;0;0;0;0;407127,400848201999906;5756668,073780209757388;7,648555062000070;51,952952246000102
167983;5220115606100881250;5;3;78;4;2022;1;12;7;2;9;1;0;1;1;0;0;0;0;0;370556,039999890024774;5648159,883999509736896;7,156374213000050;50,970477101000000
167987;5220208502105071183;5;1;13;0;2022;2;7;3;3;2;6;1;1;1;1;0;0;0;0;362371,698999852000270;5700785,807999449782073;7,019692882000070;51,441521608000102
167990;5220120300700707954;5;9;16;0;2022;1;8;5;3;0;7;2;0;1;1;0;0;0;0;372114,921313493978232;5711371,389028330333531;7,155970199000020;51,538938857000097
167991;5220118601400225408;5;3;15;0;2022;1;13;3;3;6;7;0;0;1;0;1;0;0;0;357089,194778389995918;5648920,545218209736049;6,964395002000060;50,974129322000103
167996;5220126702100276680;5;5;15;0;2022;1;12;4;3;1;5;0;0;1;1;0;0;0;0;405749,689922742021736;5758422,396125580184162;7,628031946000020;51,968489094000098
167997;5220207513210178763;5;1;62;24;2022;2;16;2;3;6;4;0;0;1;0;1;0;0;0;338838,141999677987769;5674121,907998990267515;6,693400576000040;51,195748870000003
168001;5220203610111985808;5;3;70;16;2022;2;16;5;3;5;3;0;0;1;1;0;0;0;0;297994,636999092996120;5660309,523995759896934;6,117289266000060;51,058726278999998
168002;5220113316100794419;5;9;74;40;2022;1;11;5;3;5;2;0;0;1;1;0;0;0;0;437628,708959225972649;5713375,898084860295057;8,100094901000030;51,568004268999999
168003;5220209601300372624;5;3;15;0;2022;2;8;4;3;0;4;0;0;1;0;1;0;0;0;353430,729999796021730;5646759,633999329991639;6,913191315000060;50,953790680000097
168005;5220121701110081809;5;5;62;32;2022;1;15;6;3;5;2;0;1;1;1;0;0;0;0;379756,910999924002681;5719209,219999589957297;7,263424134000050;51,611060961000099
168006;5220113705000864132;5;5;54;8;2022;1;13;5;3;0;1;0;0;1;0;0;0;0;0;335462,714999657007866;5745377,797998810186982;6,611872500000060;51,834949633000100
168007;5220116501132687464;5;1;12;0;2022;1;11;1;2;5;3;0;0;1;1;0;0;0;0;342465,419999716978054;5712728,081999080255628;6,728161664000030;51,543633255000003
168008;5220202705000981024;5;5;54;8;2022;2;7;4;3;5;2;2;1;1;1;0;0;0;0;337160,874999672989361;5746424,483998879790306;6,636004503000040;51,844850226000098
168009;5220125601600176797;5;3;15;0;2022;1;20;3;3;8;6;2;0;1;1;0;0;0;0;360568,679427322000265;5643637,217753600329161;7,015947488000050;50,927500064000100
168011;5220119518300686005;5;1;70;20;2022;1;14;4;2;0;6;0;1;1;0;0;0;0;0;329034,188999067991972;5709502,568999480456114;6,536217743000070;51,510748925000001
168015;5220120514118441738;5;1;66;16;2022;1;12;5;3;5;3;0;0;1;1;0;0;0;0;310876,040538233006373;5687679,681110610254109;6,286478998000060;51,308956768000002
168017;5220202600380095378;5;3;14;0;2022;2;17;4;2;5;2;1;0;1;1;0;0;0;0;369554,888751308026258;5616101,933106509968638;7,153527912000070;50,682112248000102
168018;5220124405232076383;5;7;54;32;2022;1;5;2;3;5;7;2;0;1;1;0;0;0;0;461547,001928740995936;5741528,087393609806895;8,442065857000051;51,823259316000097
168019;5220207610211985762;5;3;70;4;2022;2;8;2;3;0;3;0;1;1;1;0;0;0;0;312310,423423214990180;5662065,344762809574604;6,320422818000050;51,079355708000001
168020;5220127601300093556;5;3;15;0;2022;1;16;5;3;3;2;0;1;1;0;0;0;0;1;352356,090069786994718;5649658,949157720431685;6,896725136000040;50,979571054000097
168021;5220130608100377551;5;3;34;2;2022;1;15;1;3;3;5;0;0;1;1;0;0;0;0;293639,975943993020337;5627640,975872729904950;6,073703480000060;50,763787513000104
168023;5220117610211111650;5;3;70;4;2022;1;8;2;3;0;4;0;1;1;0;1;0;0;0;312108,819999338011257;5662220,639997470192611;6,317467249000060;51,080684674000103
168024;5220205301301285574;5;9;78;24;2022;2;13;7;2;5;3;0;0;1;1;0;0;0;0;399556,837999971990939;5716490,726999630220234;7,550049019000030;51,590506238000003
168027;5220114405140106705;5;7;54;40;2022;1;8;6;3;5;3;0;1;1;1;0;0;0;0;458789,572000000975095;5762795,268999669700861;8,399513626000040;52,014267265999997
168031;5220208503200597309;5;1;24;0;2022;2;22;3;3;0;6;2;0;1;1;0;0;0;0;376366,297342122998089;5683055,876423399895430;7,227113614000070;51,285399556000101
168033;5220131410110890643;5;7;70;24;2022;1;13;2;3;4;1;0;1;1;1;0;0;0;0;492913,295473843987565;5794331,024094619788229;8,896076858000070;52,299280926999998
168039;5220122702100770512;5;5;15;0;2022;1;10;7;3;0;1;0;1;1;0;0;0;0;0;404977,039058704976924;5755755,441455489955842;7,617525890000020;51,944385876000098
168044;5220203705000587378;5;5;54;56;2022;2;20;5;3;0;3;2;0;1;1;0;0;0;0;356787,397999839973636;5761570,954648599959910;6,914414451000030;51,986322759000103
168056;5220128601600290259;5;3;15;0;2022;1;19;6;3;3;3;2;0;1;1;0;0;0;0;363645,119999859016389;5638841,428999450057745;7,061488451000060;50,885133371999999
168058;5220131513130078839;5;1;62;22;2022;1;14;2;3;5;3;0;1;1;1;0;0;0;0;338947,151999679976143;5679450,255998989567161;6,692566018000040;51,243654114999998
168059;5220120701500361481;5;5;62;24;2022;1;7;5;2;5;3;2;1;1;1;0;0;0;0;369631,371923097001854;5725068,859770770184696;7,115088390000040;51,661466011000101
168061;5220202500100081219;5;1;11;0;2022;2;12;4;3;3;6;0;0;1;1;0;0;0;0;344760,793016084004194;5676714,257899349555373;6,776976062000070;51,220681931000101
168072;5220207508000087483;5;1;19;0;2022;2;14;2;2;3;2;0;0;1;1;0;0;0;0;351158,522999783977866;5704260,983999289572239;6,857002983000030;51,469912490000098
168078;5220205702100469524;5;5;15;0;2022;2;8;7;3;2;2;0;0;1;0;0;0;0;0;404902,170991978025995;5758234,195954279974103;7,615750918000060;51,966653124000104
168083;5220113307000590029;5;9;62;52;2022;1;14;5;3;0;3;0;0;1;1;0;0;0;0;421290,960958658019081;5674178,511145110242069;7,873106086000060;51,213570171000100
168084;5220202316100582042;5;9;74;40;2022;2;19;4;3;5;3;2;0;1;0;0;0;0;1;437961,788999999000225;5713824,853999650105834;8,104820734000040;51,572077364999998
168085;5220123705000490507;5;5;54;4;2022;1;13;1;1;0;1;0;0;1;0;0;0;0;0;364546,817193528986536;5771128,793787109665573;7,023554953000030;52,074151567000101
168088;5220128500300595519;5;1;11;0;2022;1;22;6;3;5;2;2;0;1;1;0;0;0;0;348687,949999762990046;5671319,816999250091612;6,835442907000070;51,173263110999997
168091;5220204600110071691;5;3;14;0;2022;2;13;6;3;5;3;0;0;1;1;0;0;0;0;365018,609102857008111;5624454,071055180393159;7,086297747000060;50,756146038000097
168092;5220125513120701660;5;1;62;20;2022;1;10;3;3;0;3;0;0;1;0;0;0;0;1;328087,389999563980382;5674645,952998549677432;6,539428852000070;51,197323871000002
168099;5220114301101980584;5;9;13;0;2022;1;10;6;3;1;5;0;0;1;0;0;0;0;1;393738,057999959972221;5706898,423999619670212;7,468980438000070;51,503219012999999
168108;5220120606400767760;5;3;78;28;2022;1;11;5;3;0;5;0;1;1;1;0;0;0;0;373401,290141267003492;5642102,048120359890163;7,198982051000030;50,916660876000002
168110;5220113600110073861;5;3;14;0;2022;1;9;5;3;5;2;0;0;1;1;0;0;0;0;363645,162999854015652;5620968,085999449715018;7,068127421000040;50,724493705000000
168111;5220202601600086461;5;3;15;0;2022;2;16;4;3;0;3;0;0;1;0;0;0;0;0;358777,602999829978216;5641666,091999400407076;6,991240967000070;50,909349684000098
168114;5220127310110893852;5;9;54;16;2022;1;9;5;2;0;5;0;0;1;1;0;0;0;0;373788,389593474974390;5695290,736375539563596;7,185829522000060;51,394794636000000
168117;5220115500200381013;5;1;11;0;2022;1;19;7;3;0;5;2;0;1;1;0;0;0;0;345741,951767596998252;5679107,178835540078580;6,789984781000040;51,242449348999997
168119;5220204400200504067;5;7;11;0;2022;2;18;6;2;4;6;2;1;1;0;0;0;0;0;468423,280312763992697;5764481,637556729838252;8,539727307000019;52,030060634999998
168121;5220209601200978671;5;3;15;0;2022;2;17;4;3;4;6;1;0;1;0;0;0;0;0;357051,264730460999999;5642316,234921740368009;6,966447126000050;50,914767568000102
168122;5220201705000087239;5;5;54;68;2022;2;9;3;3;5;3;0;1;1;1;0;0;0;0;350574,348999785026535;5766884,701999270357192;6,821685892000060;52,032427499000100
168124;5220207405108680417;5;7;54;8;2022;2;12;2;3;5;3;0;0;1;1;0;0;0;0;457374,083000000973698;5751011,336999660357833;8,380352019000039;51,908217008000101
168133;5220114405140857258;5;7;54;40;2022;1;8;6;3;2;7;0;1;1;1;0;0;0;0;458764,670248539012391;5762825,731203169561923;8,399147130000070;52,014539285000097
168136;5220124602100086763;5;3;62;8;2022;1;7;2;3;0;7;1;0;1;0;0;0;0;0;336784,511999655980617;5645296,156998939812183;6,677041039000070;50,936167781999998
168137;5220128505200379036;5;1;14;0;2022;1;15;6;3;8;1;1;1;1;0;0;0;0;1;329021,106999579002149;5692844,935998580418527;6,544071962000030;51,361100587000102
168141;5220119610111273703;5;3;70;16;2022;1;18;4;3;5;3;2;1;1;1;0;0;0;0;296724,240999067027587;5661199,407995560206473;6,098684998000070;51,066269945999998
168145;5220116411108508479;5;7;74;8;2022;1;15;1;3;0;3;0;1;1;0;0;0;0;1;488614,988000001001637;5738537,314999659545720;8,834903485000041;51,797575970000103
168152;5220127411132078071;5;7;74;32;2022;1;21;5;2;8;1;2;1;1;0;0;0;0;0;482144,447688317974098;5729748,035729710012674;8,741525218000049;51,718380289999999
168154;5220120500100557529;5;1;11;0;2022;1;8;5;3;1;7;0;0;1;1;0;0;0;0;343289,634722611983307;5678300,284615330398083;6,755232820000060;51,234530849000102