OBJECTID;UIDENTSTLAE;ULAND;UREGBEZ;UKREIS;UGEMEINDE;UJAHR;UMONAT;USTUNDE;UWOCHENTAG;UKATEGORIE;UART;UTYP1;ULICHTVERH;IstStrassenzustand;IstRad;IstPKW;IstFuss;IstKrad;IstGkfz;IstSonstige;LINREFX;LINREFY;XGCSWGS84;YGCSWGS84
168155;5220118400100496975;5;7;11;0;2022;1;7;3;3;5;3;2;1;1;1;0;0;0;0;467372,944000001007225;5764514,213999669998884;8,524414712000070;52,030292718000098
168157;5220202301302509260;5;9;13;0;2022;2;5;4;3;5;3;2;1;1;1;0;0;0;0;397882,031999966013245;5709576,256999629549682;7,527889234000040;51,528053328000098
168159;5220122601100093493;5;3;15;0;2022;1;20;7;3;1;5;2;1;1;1;0;0;0;1;356491,380037850001827;5642999,928453709930182;6,958218768000050;50,920772914000104
168160;5220126411132770286;5;7;74;32;2022;1;18;4;3;1;5;2;1;1;1;0;0;0;0;484267,342756028985605;5730904,029805179685354;8,772203478000050;51,728837769000101
168166;5220112602500653771;5;3;62;24;2022;1;21;4;3;0;1;2;1;1;0;0;0;0;0;347982,053705768019427;5642888,596420019865036;6,837287618000060;50,917593449000002
168168;5220201411132578146;5;7;74;32;2022;2;8;3;3;5;3;0;0;1;1;0;0;0;0;481053,015000000013970;5729453,918999649584293;8,725741959000061;51,715699987000100
168169;5220121518400044472;5;1;70;8;2022;1;5;6;3;0;5;2;1;1;1;0;0;0;0;343295,706189472984988;5715264,097029319964349;6,738995355000040;51,566649573000099
168170;5220114601100085530;5;3;15;0;2022;1;20;6;3;1;5;2;0;1;0;0;0;0;1;354749,953619931009598;5644849,246546120382845;6,932722771000040;50,936956543000100
168171;5220203506100991414;5;1;16;0;2022;2;10;5;3;0;7;0;1;1;1;0;0;0;0;321921,767040701000951;5675311,833198759704828;6,450942484000050;51,201417530000100
168172;5220125518400045150;5;1;70;8;2022;1;7;3;3;4;2;1;0;1;1;0;0;0;0;342603,711565752979368;5714933,980028820224106;6,729167172000070;51,563490905000002
168174;5220119500200001155;5;1;11;0;2022;1;10;4;3;1;5;0;0;1;1;0;0;0;1;347555,904956788988784;5677839,035015090368688;6,816492178000030;51,231541941000003
168179;5220114406110087172;5;7;58;12;2022;1;19;6;3;0;1;2;1;1;0;0;0;0;0;479483,045435438980348;5774049,138893109746277;8,700359781000030;52,116598833000097
168180;5220116518100673951;5;1;70;48;2022;1;16;1;3;5;3;0;0;1;1;0;0;0;0;335520,438999654026702;5726397,045998830348253;6,621686761000030;51,664451885000098
168183;5220208316300377855;5;9;74;28;2022;2;7;3;3;5;3;1;0;1;0;0;0;0;0;454153,048999999009538;5724941,253999649547040;8,336977352000080;51,673573573000098
168184;5220127601600586470;5;3;15;0;2022;1;21;5;3;0;3;2;1;1;1;0;0;0;0;359990,820837152015883;5645191,463109949603677;7,007132973000070;50,941328353000102
168185;5220129701300262806;5;5;62;14;2022;1;6;7;3;0;1;2;1;1;0;0;0;0;0;358415,849114365002606;5716487,641897640191019;6,956505593000030;51,581643388000003
168188;5220204701700195097;5;5;62;16;2022;2;15;6;3;5;3;0;1;1;1;0;0;0;0;375034,072999909985811;5734012,401999560184777;7,189954252000060;51,743068363000098
168189;5220113502350871540;5;1;13;0;2022;1;22;5;3;0;1;2;0;1;0;0;0;0;0;359790,380999837012496;5706123,899999420158565;6,980458132000020;51,488857684999999
168191;5220123301102777790;5;9;13;0;2022;1;18;1;3;8;7;0;0;1;1;0;0;0;0;397408,183958415000234;5701939,284875749610364;7,523280930000060;51,459320646999998
168195;5220117500200670419;5;1;11;0;2022;1;15;2;3;0;1;0;1;1;0;0;0;0;0;345680,865999741014093;5678630,176999179646373;6,789315867000030;51,238146762000000
168196;5220204405228587107;5;7;54;28;2022;2;15;6;3;5;3;0;1;1;0;0;0;0;0;450063,279999998980202;5744796,911999669857323;8,274983551000050;51,851739262000102
168198;5220209608100985691;5;3;34;2;2022;2;16;4;3;0;7;0;0;1;1;0;0;0;0;293969,783112674020231;5627533,419389110058546;6,078434036000030;50,762938714000001
168208;5220117601300593510;5;3;15;0;2022;1;8;2;3;2;6;1;1;1;1;0;0;0;0;352217,291999786975794;5644646,108999310061336;6,896784686000050;50,934487578000102
168211;5220209709110942391;5;5;66;8;2022;2;13;4;3;5;3;0;0;1;1;0;0;0;0;399633,281999969971366;5781453,065999659709632;7,532254942000070;52,174415947000099
168213;5220121701110570161;5;5;62;32;2022;1;7;6;3;0;1;2;2;1;0;0;0;0;0;379867,741257235000376;5718401,004320739768445;7,265300908000030;51,603820833999997
168215;5220203301103594319;5;9;13;0;2022;2;7;5;3;5;2;1;1;1;1;0;0;0;0;390353,649999952991493;5705341,130999609827995;7,420721495000070;51,488575099000101
168217;5220206600110681293;5;3;14;0;2022;2;22;1;3;5;2;2;1;1;1;0;0;0;0;365453,201999865006655;5620412,760999470017850;7,093931021000060;50,719923976000103
168219;5220128610111045494;5;3;70;16;2022;1;10;6;3;0;1;0;1;1;0;0;0;0;1;297466,812999081972521;5659971,100995680317283;6,109956586000070;51,055501010999997
168220;5220208601200886468;5;3;15;0;2022;2;19;3;3;4;2;2;0;1;0;0;0;0;1;356761,463999818020966;5641892,789999379776418;6,962493506000040;50,910890239000103
168221;5220131518300036449;5;1;70;20;2022;1;7;2;3;5;2;2;1;1;1;0;0;0;0;329258,864627808972728;5708847,329065389931202;6,539769553000040;51,504930561999998
168229;5220127500300501791;5;1;11;0;2022;1;17;5;2;6;4;1;1;1;0;1;0;0;0;344248,153999729023781;5675810,901999140158296;6,770033377000060;51,212425340999999
168231;5220120405108996841;5;7;54;8;2022;1;19;5;3;5;3;2;1;1;1;0;0;0;0;457222,777999999001622;5753233,752999669872224;8,377876543000070;51,928186159000099
168243;5220119602300073680;5;3;62;36;2022;1;15;4;3;5;3;0;0;1;1;0;0;0;0;346083,319999740982894;5651818,538999189622700;6,806519530000060;50,997334459999998
168244;5220209514210585972;5;1;66;12;2022;2;7;4;3;0;1;1;0;1;0;0;0;0;0;319760,837652559974231;5694075,205207919701934;6,410576669000020;51,369289463000001
168246;5220121501327086181;5;1;12;0;2022;1;7;6;3;0;7;0;0;1;0;0;0;0;1;344170,423999727994669;5692654,459999140352011;6,761572066000040;51,363747025000102
168248;5220115711422074654;5;5;70;20;2022;1;14;7;3;5;3;0;0;1;1;0;0;0;0;436225,405685741978232;5746872,003240589983761;8,073717757000050;51,868984742000102
168252;5220205400100596917;5;7;11;0;2022;2;10;7;3;1;7;0;0;1;1;0;0;0;0;468877,298262885014992;5767097,338311919942498;8,546106851000051;52,053603050000000
168253;5220118600130504884;5;3;82;8;2022;1;9;3;3;5;2;0;0;1;1;0;0;0;0;374741,683999906992540;5610046,328999520279467;7,228958316000050;50,628819739999997
168256;5220120515110091521;5;1;54;36;2022;1;12;5;3;3;2;0;1;1;1;0;0;0;0;301566,661923638021108;5739840,804362149909139;6,123679753000030;51,774217604999997
168259;5220202513210071841;5;1;62;24;2022;2;13;4;3;5;2;0;0;1;0;0;0;0;1;338664,837999676004983;5669590,265998990274966;6,692956262000050;51,154983497000003
168261;5220114516800278613;5;1;58;20;2022;1;16;6;3;3;2;0;0;1;1;0;0;0;0;356204,275075247976929;5666267,668826829642057;6,944908070000050;51,129801574000098
168262;5220115705000091732;5;5;54;8;2022;1;10;7;3;5;2;0;0;1;1;0;0;0;0;335553,478006456978619;5745360,141217100434005;6,613197010000020;51,834817743000002
168263;5220203516800991531;5;1;58;20;2022;2;7;5;3;5;3;2;1;1;1;0;0;0;0;356852,225999818998389;5663598,298999380320311;6,955221658000030;51,105975372000003
168273;5220124315110585257;5;9;70;40;2022;1;11;2;3;0;6;0;1;1;1;0;0;0;0;429434,287764073989820;5635265,807459659874439;7,997256565000040;50,864768620000099
168277;5220120300200671214;5;9;11;0;2022;1;12;5;3;1;7;0;1;1;0;0;0;0;1;372079,924824404006358;5702657,238891540095210;7,158625538000020;51,460616229000003
168278;5220117601200293523;5;3;15;0;2022;1;10;2;3;0;1;0;0;1;0;0;0;0;0;353747,348999798996374;5643139,528999339789152;6,919149115000040;50,921338472000102
168280;5220112709500560909;5;5;66;76;2022;1;8;4;3;5;3;2;1;1;1;0;0;0;0;393554,487999960023444;5793283,940999659709632;7,439670662000030;52,279604166000098
168289;5220125301302094312;5;9;13;0;2022;1;13;3;2;5;7;0;0;1;0;0;1;0;0;398293,500087769003585;5707575,919580670073628;7,534396125000060;51,510147055000097
168291;5220119505200582273;5;1;14;0;2022;1;19;4;3;1;5;2;1;1;1;0;0;0;0;330078,915080706006847;5689749,096243680454791;6,560729318000030;51,333605558000002
168292;5220209601300086438;5;3;15;0;2022;2;19;4;3;0;3;2;0;1;1;0;0;0;0;353737,925999797007535;5646985,784999339841306;6,917471116000060;50,955901056000101
168293;5220131701500386129;5;5;62;24;2022;1;7;2;3;5;2;2;1;1;1;0;0;0;0;368865,168999883986544;5725925,521999520249665;7,103695419000080;51,668986185000101
168300;5220118515210565215;5;1;54;20;2022;1;15;3;3;5;3;0;0;1;1;0;0;0;0;321235,869999488000758;5707771,268998090177774;6,424833155000040;51,492784225999998
168305;5220120513210586774;5;1;62;24;2022;1;16;5;3;2;3;0;0;1;1;0;0;0;0;341680,249085057992488;5670823,692001320421696;6,735496493000030;51,166908300000003
168306;5220118602100594917;5;3;62;8;2022;1;14;3;2;0;5;0;1;1;1;0;0;0;0;335995,595999647979625;5650757,860998909920454;6,663361309000040;50,985017846000098
168307;5220129600110086243;5;3;14;0;2022;1;15;7;3;0;1;0;0;1;0;0;0;0;0;365946,717349613027181;5621879,524808299727738;7,100385145000080;50,733221272000002
168308;5220113606100574329;5;3;78;4;2022;1;10;5;3;5;2;0;0;1;1;0;0;0;0;367144,487999873992521;5651180,740999490022659;7,106708259000070;50,996850598999998
168310;5220122515212044821;5;1;54;32;2022;1;22;7;3;4;7;2;1;1;1;0;0;0;0;309830,821188040019479;5718546,641801149584353;6,254914816000050;51,585841451000100
168313;5220128301302009548;5;9;13;0;2022;1;18;6;2;5;3;2;0;1;1;0;0;0;0;396508,357999966014177;5707824,756999620236456;7,508608242000040;51,512059610999998
168314;5220115513210286766;5;1;62;24;2022;1;18;7;2;0;1;2;0;1;0;0;0;0;0;337262,770999662985560;5676054,629998940043151;6,669996820000050;51,212667413000098
168318;5220209705000920966;5;5;54;20;2022;2;16;4;3;5;3;0;0;1;1;0;0;0;0;366454,945995674002916;5786237,000445010140538;7,045443401000060;52,210370095000002
168321;5220114702100555885;5;5;15;0;2022;1;7;6;3;5;2;1;1;1;1;0;0;0;0;403648,381999976991210;5754924,047999650239944;7,598434619000050;51,936684485999997
168323;5220129301301810425;5;9;78;24;2022;1;1;7;2;0;1;2;0;1;0;0;0;0;0;398007,882290016976185;5715757,746936090290546;7,527909882000070;51,583639477000098
168324;5220208405228387142;5;7;54;28;2022;2;10;3;3;4;6;0;1;1;0;0;0;0;1;452671,310995568986982;5742964,233649830333889;8,313096591000029;51,835489724000098
168325;5220127600110671624;5;3;14;0;2022;1;17;5;3;3;2;2;1;1;0;0;0;0;1;365435,976999864971731;5621872,502999469637871;7,093154481000060;50,733040062000001
168327;5220120505100591603;5;1;14;0;2022;1;14;5;3;5;3;0;1;1;1;0;0;0;0;329690,991999585006852;5688645,545998609624803;6,555693451000020;51,323575434000098
168328;5220118317210418740;5;9;78;20;2022;1;13;3;3;4;6;0;0;1;0;0;0;0;0;407393,035059191985056;5715824,697890860028565;7,663309920000070;51,585861813000101
168330;5220112607000941636;5;3;82;68;2022;1;9;4;3;1;5;0;0;1;1;0;0;0;0;371490,246707573998719;5630595,690187250263989;7,175851349000030;50,812817735000102
168332;5220121606100332473;5;3;78;4;2022;1;18;6;3;5;3;2;0;1;1;0;0;0;0;369005,671984551008791;5650490,470017730258405;7,133465344000060;50,991073325999999
168333;5220207501215191476;5;1;12;0;2022;2;17;2;3;0;3;0;0;1;1;0;0;0;0;336696,256999661971349;5696974,445998899638653;6,652317269000040;51,400459830000003
168334;5220128410110296949;5;7;70;24;2022;1;14;6;2;5;3;0;0;1;0;0;0;1;0;496375,745000000984874;5795163,971999679692090;8,946843027000060;52,306803297000002
168336;5220117406220537955;5;7;58;24;2022;1;7;2;3;5;7;2;1;1;1;0;0;0;0;482398,322223350987770;5784568,581194549798965;8,742389958000050;52,211275602000100
168338;5220125515111022052;5;1;54;44;2022;1;10;3;2;4;6;0;0;1;1;0;0;0;0;324399,018662268994376;5739295,360662329941988;6,454538734000040;51,776946662000100
168341;5220208515210873974;5;1;54;28;2022;2;20;3;3;1;7;2;0;1;1;0;0;0;0;317744,806982139998581;5703708,285038700327277;6,376694759000030;51,455174749999998
168342;5220131702100991748;5;5;15;0;2022;1;19;2;3;5;2;2;1;1;1;0;0;0;0;407925,166999981971458;5758290,443999660201371;7,659725499000050;51,967667665000100
168343;5220121313110785058;5;9;58;4;2022;1;7;6;3;6;6;1;2;1;0;1;0;0;0;427670,211518638010602;5700845,537709949538112;7,959006460000070;51,454163981000100
168344;5220114518200444790;5;1;70;24;2022;1;11;6;3;6;7;0;0;1;0;1;0;0;0;335196,765770552970935;5702644,394717819988728;6,628142926000070;51,450965814000000
168345;5220116600140178334;5;3;14;0;2022;1;14;1;3;0;5;0;1;1;1;0;0;0;0;367702,779999875987414;5621238,789999489672482;7,125485216000070;50,727864919000098
168346;5220202601200681353;5;3;15;0;2022;2;17;4;3;3;2;1;0;1;0;0;0;0;1;355539,068999808980152;5641232,861999359913170;6,945378561000040;50,904654924000099
168348;5220118406230679095;5;7;58;20;2022;1;5;3;2;5;3;2;1;1;1;0;0;0;0;475692,658924459014088;5782418,267247689887881;8,644405061000040;52,191688237999998
168349;5220208513320374609;5;1;62;4;2022;2;12;3;3;0;1;0;0;1;0;0;0;0;0;345702,025999739009421;5665290,298999180085957;6,795345915000040;51,118286420000103
168350;5220127405108680589;5;7;54;8;2022;1;17;5;3;5;3;2;1;1;1;0;0;0;0;457049,408999999985099;5751404,088999659754336;8,375583603000051;51,911723128000098
168354;5220113513320786898;5;1;62;4;2022;1;18;5;3;0;1;2;1;1;0;0;0;0;0;348279,333516774000600;5662510,014396970160306;6,833311657000020;51,093991311000103
168355;5220201515211160533;5;1;54;16;2022;2;7;3;3;0;3;2;0;1;0;0;0;0;0;303784,017159609007649;5728618,376044269651175;6,162099838000070;51,674218161000098
168358;5220126300600780493;5;9;16;0;2022;1;16;4;3;5;3;0;0;1;1;0;0;0;0;376382,393999913998414;5710467,359999559819698;7,217789553000050;51,531764803000002
168359;5220130607400873847;5;3;82;68;2022;1;5;1;3;0;1;2;0;1;0;0;0;0;0;369498,640104804013390;5629554,459252430126071;7,147967070000050;50,803013745000001
168366;5220121702100765384;5;5;15;0;2022;1;12;6;3;5;3;0;1;1;1;0;0;0;0;405880,195153255015612;5758846,143252680078149;7,629814897000070;51,972320029000102
168373;5220128514218086026;5;1;66;36;2022;1;15;6;3;5;2;0;0;1;1;0;0;0;0;321938,412999488005880;5684342,464998180046678;6,446690205000040;51,282546736000000
168376;5220120518400189197;5;1;70;8;2022;1;7;5;3;5;3;2;0;1;1;0;0;0;0;342597,170999719004612;5715479,103999080136418;6,728828761000050;51,568386777000100
168377;5220114500100100297;5;1;11;0;2022;1;12;6;3;5;3;0;1;1;1;0;0;0;0;343773,724788915016688;5677804,234005250036716;6,762377691000040;51,230206434000102
168378;5220117300100452449;5;9;11;0;2022;1;8;2;3;4;5;0;1;1;1;0;0;0;0;375981,215412759978790;5708015,139209340326488;7,212871821000020;51,509637940000097
168382;5220202700000491804;5;5;13;0;2022;2;8;4;2;5;3;0;0;1;1;0;0;0;0;366637,857999873987865;5708390,022999499924481;7,078169543000060;51,510879000999999
168388;5220120518400289297;5;1;70;8;2022;1;15;5;3;0;3;0;1;1;1;0;0;0;0;343905,189999728987459;5714915,540999120101333;6,747936747000040;51,563686943000100
168389;5220114313110585005;5;9;58;4;2022;1;5;6;2;0;1;2;2;1;0;0;0;0;0;429572,183948524005245;5698396,113194010220468;7,986863026000040;51,432382470000100
168393;5220128600380090961;5;3;14;0;2022;1;13;6;3;5;3;0;0;1;1;0;0;0;0;368992,172698393987957;5617287,043311240151525;7,145146923000030;50,692637918000102
168395;5220127502210451954;5;1;13;0;2022;1;7;5;3;5;3;2;0;1;1;0;0;0;0;360501,528999842004851;5699899,144999429583549;6,993150321000030;51,433096297000098
168398;5220118601500682421;5;3;15;0;2022;1;17;3;3;1;5;2;0;1;1;0;0;0;0;360548,843922001018655;5646633,669253399595618;7,014518377000060;50,954424949000000
168400;5220201705000887233;5;5;54;68;2022;2;8;3;3;5;2;0;1;1;0;0;0;0;0;350978,388999787974171;5767781,138999279588461;6,827180763000060;52,040590184999999
168401;5220129303100271295;5;9;15;0;2022;1;0;7;3;0;1;2;0;1;0;0;0;0;0;418082,013999990012962;5726113,886999649927020;7,815149219000030;51,680012920000102
168404;5220207514119142281;5;1;66;16;2022;2;11;2;3;9;1;0;0;1;1;0;0;0;0;308005,303999283991288;5686405,908996960148215;6,246026088000060;51,296555126000001
168407;5220117601300284966;5;3;15;0;2022;1;14;2;3;5;3;0;1;1;1;0;0;0;0;353154,448170817981008;5647189,544855260290205;6,909087058000070;50,957583778000100
168408;5220204500200687335;5;1;11;0;2022;2;17;6;3;5;3;2;1;1;1;0;0;0;0;345269,494693849002942;5679408,500881070271134;6,783091221000060;51,245028895000097
168409;5220129506100496082;5;1;16;0;2022;1;11;7;3;5;3;0;1;1;1;0;0;0;0;322188,509947395999916;5671360,982587289996445;6,456711849000040;51,166008763000001
168411;5220209701110095166;5;5;62;32;2022;2;15;4;3;5;3;0;0;1;1;0;0;0;0;376021,519136142975185;5716600,245630259625614;7,210426853000060;51,586803461999999
168413;5220121702100070512;5;5;15;0;2022;1;7;6;3;0;7;2;2;1;0;0;0;0;1;406145,364820331975352;5755926,507219140417874;7,634471728000050;51,946121830000003
168414;5220114610111889823;5;3;70;16;2022;1;6;6;2;5;2;2;1;1;1;0;0;0;0;298360,908094923011959;5661100,454137730412185;6,122068305000030;51,065958383000101
168415;5220203501213091538;5;1;12;0;2022;2;16;5;3;0;3;0;0;1;1;0;0;0;0;338153,284999675001018;5698976,286998949944973;6,672331569000050;51,418862816999997
168416;5220125502403591520;5;1;17;0;2022;1;11;3;3;8;1;0;0;1;0;0;0;0;0;350653,689896086987574;5701919,899327199906111;6,850728648000030;51,448743766000099
168418;5220119317250777739;5;9;78;32;2022;1;16;4;3;5;7;1;1;1;1;0;0;0;0;393980,660801031976007;5728347,308016610331833;7,465991247000030;51,696054914000101
168421;5220131608100589878;5;3;34;2;2022;1;7;2;3;5;3;2;1;1;1;0;0;0;0;293990,568998984002974;5627539,403995320200920;6,078725028000060;50,762999842000099
168424;5220202600380434452;5;3;14;0;2022;2;6;4;2;7;7;2;1;1;0;0;0;0;0;368286,011373911984265;5617525,837237279862165;7,135069353000060;50,694624772000097
168425;5220129316300776134;5;9;74;28;2022;1;17;7;3;5;3;2;1;1;1;0;0;0;0;455608,858999999996740;5723949,926999649964273;8,358155300000019;51,664777591000103
168427;5220207709500391793;5;5;66;76;2022;2;6;2;3;5;3;2;1;1;1;0;0;0;0;392975,724771274020895;5792662,854684179648757;7,431387431000080;52,273909984000099
168428;5220127605112990900;5;3;74;12;2022;1;16;5;3;2;6;0;1;1;1;0;0;0;0;399889,349056479986757;5653768,592494499869645;7,572452988000070;51,026743918000101
168431;5220117513310881592;5;1;62;8;2022;1;11;2;3;5;3;0;1;1;1;0;0;0;0;330819,442999591992702;5662540,502998700365424;6,584181773000070;51,089380808999998
168434;5220201601700387562;5;3;16;0;2022;2;15;3;3;0;3;0;1;1;1;0;0;0;0;358434,221257342025638;5655619,435449969954789;6,980927975000040;51,034663850000101
168436;5220126610111180789;5;3;70;16;2022;1;23;4;3;0;1;2;0;1;0;0;0;0;0;299921,085259572020732;5660376,295975670218468;6,144706946000040;51,060000382000098
168438;5220127709500306918;5;5;66;76;2022;1;14;5;3;0;7;0;0;1;1;0;0;0;0;395128,056011147971731;5792502,936998999677598;7,462970591000040;52,272887513999997
168439;5220114711111387231;5;5;70;52;2022;1;16;6;3;5;3;1;1;1;1;0;0;0;0;430344,145450168987736;5755183,516251860186458;7,986630062000070;51,942999319000101
168441;5220203701620795121;5;5;62;12;2022;2;7;5;3;5;2;1;0;1;0;0;0;1;0;363490,905999862006865;5732006,737999469973147;7,023648707000060;51,722352469999997
168447;5220117702100955964;5;5;15;0;2022;1;11;2;3;5;2;0;1;1;1;0;0;0;0;405474,683017140021548;5758478,278999409638345;7,624014629000040;51,968944692999997
168448;5220204607500278225;5;3;82;56;2022;2;11;6;3;0;1;0;0;1;0;0;0;0;0;370732,550246256985702;5624645,431968930177391;7,167194892000050;50,759166890000103
168449;5220113601400786384;5;3;15;0;2022;1;12;5;3;5;3;0;0;1;1;0;0;0;0;357614,390999822993763;5647509,531999389640987;6,972423160000060;50,961578755000097
168451;5220122500300595432;5;1;11;0;2022;1;13;7;3;0;2;0;1;1;0;0;0;0;0;344714,369176196982153;5675786,275776020251215;6,776713646000080;51,212331026000101
168455;5220203609108524256;5;3;58;8;2022;2;20;5;3;0;1;2;0;1;0;0;0;0;0;323486,839999495015945;5630674,353998369537294;6,495023680000030;50,800888045000100
168457;5220125709300874736;5;5;66;84;2022;1;7;3;3;0;3;1;0;1;1;0;0;0;0;385820,048999943013769;5777765,388999629765749;7,331579746000050;52,138589766999999
168458;5220112702100461625;5;5;15;0;2022;1;17;4;2;7;1;2;1;1;0;0;0;0;0;404529,567808079998940;5757706,674771529622376;7,610475661000070;51,961847702000100
168459;5220209601100864384;5;3;15;0;2022;2;14;4;3;0;1;0;0;1;0;0;0;0;0;356381,598003050021362;5645294,442038609646261;6,955753830000050;50,941366118000097
168460;5220201404301778081;5;7;66;44;2022;2;11;3;3;5;2;0;1;1;1;0;0;0;0;492488,145184068998788;5763741,428002409636974;8,890519174000080;52,024253583000103
168464;5220203513110086953;5;1;62;16;2022;2;20;5;3;5;3;2;1;1;1;0;0;0;0;334553,115999635017943;5676930,699998830445111;6,630832226000050;51,219759886000098
168465;5220129405228537514;5;7;54;28;2022;1;8;7;1;0;7;0;0;1;0;0;0;0;0;450808,688961156993173;5745320,049133679829538;8,285730547000069;51,856508712000000
168468;5220119600360934096;5;3;82;12;2022;1;14;4;3;0;3;0;0;1;1;0;0;0;0;357392,424999820999801;5624912,033999389968812;6,978069832000070;50,758438159999997
168472;5220120706000323116;5;5;58;16;2022;1;17;5;3;5;3;2;1;1;1;0;0;0;0;381211,478999930026475;5743856,440999600104988;7,276014649000050;51,832882494000003
168475;5220129317000010587;5;9;78;36;2022;1;13;7;3;1;3;0;1;1;0;0;0;0;1;408875,005519332014956;5710273,193879269994795;7,686133693000040;51,536199486999998
168476;5220124301101809015;5;9;13;0;2022;1;7;2;2;5;2;2;0;1;1;0;0;0;0;392293,089999957010150;5708271,501999620348215;7,447750092000040;51,515287269000098
168477;5220208503100589698;5;1;24;0;2022;2;16;3;2;0;4;0;0;1;0;1;0;0;0;371018,519346525019500;5681087,175196689553559;7,151179896000030;51,266520176000000
168482;5220205310120980460;5;9;54;32;2022;2;10;7;3;6;4;0;0;1;0;1;0;0;0;386912,034985611971933;5690500,985200580209494;7,375907490000030;51,354510731000097
168483;5220112516900586310;5;1;58;26;2022;1;7;4;3;2;2;2;0;1;1;0;0;0;0;353148,177999794017524;5663285,470999330282211;6,902476383000020;51,102227275000097
168485;5220201601400780795;5;3;15;0;2022;2;7;3;2;0;7;1;1;1;0;0;0;0;0;356004,305341705970932;5646921,678929260000587;6,949743685000040;50,955895701000003
168490;5220114601300785530;5;3;15;0;2022;1;15;6;3;6;4;0;0;1;0;0;0;0;1;352852,701535332016647;5647285,378868900239468;6,904754853000040;50,958368022999998
168494;5220205706000523552;5;5;58;16;2022;2;14;7;3;5;7;0;0;1;0;0;0;0;0;380693,534434013999999;5743723,566984809935093;7,268547191000040;51,831577950000103
168495;5220119500300465293;5;1;11;0;2022;1;16;4;2;5;3;1;1;1;0;0;0;0;1;345364,683999737026170;5676495,499999170191586;6,785711184000040;51,218880181000003
168499;5220113702100872348;5;5;15;0;2022;1;18;5;3;5;3;2;0;1;0;0;1;0;0;405206,140786159026902;5757580,893606870435178;7,620354460000040;51,960832898000000
168500;5220116602800690943;5;3;62;12;2022;1;22;1;3;5;3;2;0;1;1;0;0;0;0;352394,645999785978347;5633460,580999320372939;6,903824419000050;50,834012653999999
168505;5220207601300381467;5;3;15;0;2022;2;11;2;3;1;5;0;0;1;1;0;0;0;0;354906,473098178976215;5645254,727154100313783;6,934787416000060;50,940639896999997
168506;5220127411220337811;5;7;74;20;2022;1;15;5;3;5;3;0;1;1;1;0;0;0;0;470485,271000000997446;5735299,956999659538269;8,572281363000060;51,767805759000098
168509;5220118600310086320;5;3;14;0;2022;1;20;3;3;5;2;2;0;1;1;0;0;0;0;362730,003313741006423;5619685,694017659872770;7,055646539000070;50,712752394000098
168510;5220119601100281813;5;3;15;0;2022;1;9;4;3;1;5;0;0;1;1;0;0;0;0;356548,175568384991493;5643278,536880009807646;6,958916692000060;50,923290866000102
168517;5220124701120977986;5;5;62;32;2022;1;12;2;3;6;4;0;0;1;0;1;0;0;0;376258,083172696002293;5715418,683522569946945;7,214256155000040;51,576236491000003
168518;5220205515110022284;5;1;54;36;2022;2;14;7;3;0;2;0;0;1;1;0;0;0;0;301517,906962683016900;5740329,113306939601898;6,122694904000070;51,778585315000001
168522;5220131601300293556;5;3;15;0;2022;1;15;2;3;0;3;0;1;1;1;0;0;0;0;352504,574920227983966;5644628,460384960286319;6,900877448000070;50,934402519999999
168523;5220120605124074295;5;3;74;24;2022;1;11;5;3;3;6;0;1;1;1;0;0;0;0;398333,805009379982948;5660249,921928440220654;7,548458133000050;51,084734988999998
168525;5220113608100073639;5;3;34;2;2022;1;15;5;3;0;1;0;1;1;0;0;0;0;0;294559,069877677015029;5628912,423941750079393;6,086008772000070;50,775532763999998
168527;5220123518100027929;5;1;70;48;2022;1;8;1;3;0;3;0;0;1;1;0;0;0;0;334679,820999647025019;5727709,589998800307512;6,608922020000020;51,675996640999998
168528;5220207705000030800;5;5;54;56;2022;2;17;2;3;3;6;1;0;1;1;0;0;0;0;356743,634632000990678;5762346,417398310266435;6,913453647000040;51,993279014000102
168531;5220120316300082001;5;9;74;28;2022;1;19;5;3;5;3;2;0;1;1;0;0;0;0;454871,584470365021843;5724631,429426530376077;8,347407863000059;51,670846167999997
168533;5220118317110407742;5;9;78;36;2022;1;17;3;3;0;7;2;0;1;0;0;0;0;0;409830,387146284978371;5710636,579947429709136;7,699811735000030;51,539619514999998
168534;5220204518400044472;5;1;70;8;2022;2;8;6;3;5;3;0;1;1;1;0;0;0;0;343157,103999725019094;5715228,753999100066721;6,737012987000070;51,566293498999997
168539;5220207411132337875;5;7;74;32;2022;2;13;2;3;0;7;0;0;1;0;0;0;0;0;481058,731120938027743;5731794,689218680374324;8,725697353000040;51,736746692000096
168540;5220128405116579612;5;7;54;16;2022;1;17;6;3;5;3;0;0;1;1;0;0;0;0;447468,521999999997206;5756671,972999669611454;8,235504178000040;51,958261501000003
168541;5220115301103075388;5;9;13;0;2022;1;10;7;3;0;6;0;1;1;0;0;0;0;0;393401,799039430974517;5703137,984161339700222;7,465272893000080;51,469354908000099
168543;5220125610211332873;5;3;70;4;2022;1;7;3;2;5;3;2;1;1;1;0;0;0;0;311870,463657591026276;5660584,590998089872301;6,314919418000040;51,065910765000098
168548;5220120518300078237;5;1;70;20;2022;1;20;5;3;5;2;2;1;1;1;0;0;0;0;327660,462670665001497;5707716,979995399713516;6,517313240000020;51,494291204000000