OBJECTID;UIDENTSTLAE;ULAND;UREGBEZ;UKREIS;UGEMEINDE;UJAHR;UMONAT;USTUNDE;UWOCHENTAG;UKATEGORIE;UART;UTYP1;ULICHTVERH;IstStrassenzustand;IstRad;IstPKW;IstFuss;IstKrad;IstGkfz;IstSonstige;LINREFX;LINREFY;XGCSWGS84;YGCSWGS84
168558;5220119711211079615;5;5;70;4;2022;1;7;4;3;1;5;2;0;1;1;0;0;0;0;423411,524208021000959;5736529,132461469620466;7,889927255000030;51,774394905000101
168559;5220118502339191146;5;1;13;0;2022;1;10;3;3;4;2;0;1;1;1;0;0;0;0;365725,945999870018568;5706128,885999489575624;7,065896984000060;51,490343102000097
168560;5220113502100698120;5;1;13;0;2022;1;16;5;3;0;7;0;0;1;0;0;0;0;0;362608,424999854993075;5702291,741999460384250;7,022512183000060;51,455112075999999
168563;5220126711216891769;5;5;70;4;2022;1;10;4;3;4;6;0;0;1;0;0;0;0;1;423507,771749772015028;5734993,790805329568684;7,891660095000080;51,760605910999999
168568;5220204506100791592;5;1;16;0;2022;2;15;6;3;2;3;0;1;1;1;0;0;0;0;321305,573999475978781;5672171,288998159579933;6,443693741000060;51,173012855000103
168571;5220113601200478523;5;3;15;0;2022;1;9;5;2;0;5;0;0;1;1;0;0;0;0;355522,268999808991794;5642450,918999359942973;6,944657561000040;50,915597214000101
168574;5220126601100081248;5;3;15;0;2022;1;12;4;3;3;2;0;0;1;1;0;0;0;0;355504,382999809982721;5643362,278999360278249;6,944042244000060;50,923782974000098
168578;5220117706100865809;5;5;58;16;2022;1;7;2;3;8;1;2;1;1;0;0;0;0;0;382481,513597120996565;5746501,314729290083051;7,293539059000070;51,856921176000100
168583;5220121702100060729;5;5;15;0;2022;1;17;6;3;5;3;2;1;1;1;0;0;0;0;407610,380233909003437;5751437,016978019848466;7,656985596000030;51,906012856000103
168584;5220114601500776465;5;3;15;0;2022;1;10;6;3;5;3;0;0;1;1;0;0;0;0;357679,775680276972707;5644751,989457470364869;6,974431421000080;50,936813010000002
168586;5220202702100891700;5;5;15;0;2022;2;8;4;3;5;3;0;0;1;1;0;0;0;0;405760,889999979001004;5756891,033999660052359;7,628615105000050;51,954726438000101
168591;5220208705000501295;5;5;54;12;2022;2;7;3;3;5;3;1;1;1;1;0;0;0;0;352590,783999798004515;5746066,101999309845269;6,859981443000040;51,845917211000000
168597;5220124300700394247;5;9;16;0;2022;1;8;2;3;6;7;0;0;1;0;1;0;0;0;372514,248559793981258;5711038,189949329942465;7,161845744000060;51,536034716000103
168603;5220204702100591740;5;5;15;0;2022;2;14;6;3;1;5;0;1;1;1;0;0;0;0;405188,631673485971987;5758812,258440840058029;7,619759703000060;51,971897910999999
168604;5220113505100076382;5;1;14;0;2022;1;16;5;3;0;1;0;1;1;0;0;0;0;0;331279,447999603988137;5689450,724998690187931;6,578088068000060;51,331282477999999
168606;5220123315110790903;5;9;70;40;2022;1;15;1;3;0;1;0;0;1;0;0;0;0;0;430542,653563848987687;5641551,390530389733613;8,011808689000080;50,921418597000098
168608;5220207514116086020;5;1;66;16;2022;2;7;2;3;3;2;2;0;1;0;0;0;1;0;304505,664999226981308;5688652,379996529780328;6,194660391000070;51,315540557000098
168609;5220128400200264275;5;7;11;0;2022;1;16;6;3;1;7;1;0;1;1;0;0;0;0;468406,270555154012982;5764430,750493369996548;8,539484075000081;52,029602160000103
168611;5220117501114462111;5;1;12;0;2022;1;14;2;2;5;3;0;1;1;1;0;0;0;0;347560,573533563991077;5708255,636168260127306;6,803515950000080;51,504847210999998
168612;5220203705000686007;5;5;54;8;2022;2;16;5;3;4;2;0;1;1;1;0;0;0;0;336672,192999667022377;5744280,243998860009015;6,629928716000050;51,825444698000098
168613;5220112709110287267;5;5;66;80;2022;1;12;4;1;5;3;0;1;1;1;0;0;0;0;406222,188999979000073;5781255,514999669976532;7,628633611000050;52,173799556000098
168615;5220209610211085854;5;3;70;4;2022;2;19;4;3;0;2;1;0;1;1;0;0;0;0;305403,520999228989240;5664339,557996749877930;6,220712499000060;51,097481660000000
168616;5220201502101385668;5;1;13;0;2022;2;17;3;3;5;3;2;1;1;1;0;0;0;0;362100,321999850973953;5702252,430999450385571;7,015219051000030;51,454635279999998
168619;5220116602700094798;5;3;62;28;2022;1;12;1;3;2;6;0;0;1;1;0;0;0;0;351734,038447269995231;5639710,885846019722521;6,891917376000040;50,890012976000001
168625;5220208601100874357;5;3;15;0;2022;2;15;3;3;1;6;0;0;1;1;0;0;0;0;356115,557517440000083;5645423,413762330077589;6,951918685000070;50,942458838999997
168629;5220122300400543597;5;9;11;0;2022;1;14;7;3;0;7;0;1;1;1;0;0;0;0;375177,770750617026351;5701080,704890949651599;7,203750651000060;51,447138957999996
168633;5220125500100995429;5;1;11;0;2022;1;7;3;3;4;2;1;0;1;1;0;0;0;0;344757,935563954990357;5677714,862942339852452;6,776501798000030;51,229671966000097
168634;5220205500200081085;5;1;11;0;2022;2;16;7;2;5;3;0;0;1;1;0;0;0;0;344835,115999733970966;5678207,518999150022864;6,777392991000060;51,234119652000103
168635;5220119601300590405;5;3;15;0;2022;1;22;4;3;5;3;2;1;1;1;0;0;0;0;355260,877834093989804;5646985,399085889570415;6,939140493000020;50,956282101000099
168636;5220128505100786009;5;1;14;0;2022;1;14;6;3;8;7;0;0;1;0;0;0;0;0;330155,555999588978011;5687882,456998639740050;6,562718032000020;51,316858844000102
168638;5220131503200869115;5;1;24;0;2022;1;11;2;3;6;2;0;1;1;0;1;0;0;0;375691,950999910011888;5682086,422999549657106;7,217785929000060;51,276539612000100
168639;5220121500200873889;5;1;11;0;2022;1;19;6;3;0;6;2;1;1;1;0;0;0;0;345507,611081745999400;5678487,302438340149820;6,786897531000020;51,236816088000097
168644;5220208307000073572;5;9;62;24;2022;2;18;3;3;0;7;1;1;1;1;0;0;0;0;408313,372213982976973;5692157,580631880089641;7,682734351000020;51,373259857000100
168645;5220127405112157258;5;7;54;12;2022;1;15;5;3;5;2;0;1;1;1;0;0;0;0;455992,596999999019317;5767472,896999670192599;8,358159009000079;52,056105965000000
168646;5220131406210074534;5;7;58;4;2022;1;10;2;3;5;3;0;1;1;1;0;0;0;0;470682,021000000997446;5783373,745999679900706;8,571023201000060;52,200034723000002
168649;5220204608312685733;5;3;34;12;2022;2;17;6;3;3;6;0;1;1;1;0;0;0;0;310842,487561677990016;5632866,397400610148907;6,314655906000040;50,816590072000103
168650;5220113608100075583;5;3;34;2;2022;1;9;5;2;0;1;0;0;1;0;0;0;0;0;294596,340124276001006;5628024,157955479808152;6,087032626000050;50,767568251000100
168652;5220122411132151315;5;7;74;32;2022;1;11;7;3;3;6;0;1;1;0;0;0;0;1;482580,996000000974163;5731705,695999659597874;8,747746621000029;51,735995912000099
168653;5220126608100777530;5;3;34;2;2022;1;16;4;3;5;2;0;0;1;1;0;0;0;0;294654,160561768978368;5629218,228852519765496;6,087184944000060;50,778312933000102
168655;5220128500300969152;5;1;11;0;2022;1;7;6;2;0;7;0;1;1;1;0;0;0;0;343935,221825611020904;5674714,752582330256701;6,766033430000050;51,202490638000000
168658;5220203701110661481;5;5;62;32;2022;2;9;5;3;5;3;0;0;1;1;0;0;0;0;374661,852999906986952;5719898,979999559931457;7,189632317000080;51,616148668000100
168660;5220112711112902956;5;5;70;52;2022;1;14;4;3;7;5;0;0;1;1;0;0;0;0;430177,711999996972736;5756466,108999669551849;7,983948609000040;51,954508480000101
168661;5220209516300871919;5;1;58;28;2022;2;13;4;3;3;6;0;0;1;0;0;1;0;0;350122,038605417008512;5684715,929169160313904;6,850337979000070;51,294015821000102
168666;5220202711422996595;5;5;70;20;2022;2;15;4;3;0;1;0;0;1;0;0;0;0;0;433282,488252436975017;5743635,531201199628413;8,031605145000070;51,839544960000097
168667;5220124501318541233;5;1;12;0;2022;1;14;2;3;1;5;0;0;1;0;0;0;1;0;343227,720924945024308;5699492,948777910321951;6,745021493000020;51,424930969000101
168669;5220118601300566163;5;3;15;0;2022;1;17;3;2;5;3;1;0;1;1;0;0;0;0;349089,648999764991459;5645953,969999260269105;6,851764025000020;50,945430470000098
168670;5220128515210962166;5;1;54;52;2022;1;10;6;2;0;1;0;2;1;0;0;0;0;0;310556,252332550007850;5700368,567311800085008;6,275135961000050;51,422819241000099
168671;5220209411236090782;5;7;74;36;2022;2;11;4;3;3;2;0;0;1;0;0;0;0;1;472364,699891025025863;5724158,850873799994588;8,600400635000030;51,667730083000002
168672;5220131602400585859;5;3;62;32;2022;1;20;2;3;0;1;2;1;1;0;0;0;0;0;336468,873999651987106;5642824,075998930260539;6,673661331000060;50,913866241999997
168673;5220121300400064289;5;9;11;0;2022;1;6;6;3;0;1;2;2;1;0;0;0;0;0;371538,358486321987584;5699232,335081010125577;7,152077372000060;51,429713530000100
168683;5220112702100579100;5;5;15;0;2022;1;8;4;3;5;3;1;1;1;1;0;0;0;0;402275,594999975000974;5758735,956999659538269;7,577388081000040;51,970707521000101
168684;5220201701200573555;5;5;62;20;2022;2;8;3;3;1;5;0;0;1;1;0;0;0;0;367415,331000318983570;5718909,860890139825642;7,085399838000060;51,605599795000003
168685;5220223602700179482;5;3;62;28;2022;2;7;4;3;5;2;0;1;1;1;0;0;0;0;350805,216999777010642;5638431,268999289721251;6,879243153000060;50,878274534000099
168687;5220304303100071598;5;9;15;0;2022;3;7;6;3;5;3;0;0;1;1;0;0;0;0;413926,544999987003393;5724904,899999650195241;7,755357961000070;51,668523406000098
168689;5220220709700847179;5;5;66;28;2022;2;14;1;3;3;6;0;1;1;1;0;0;0;0;412972,312225287023466;5792336,150732289999723;7,724466029000040;52,274502593000101
168694;5220223314310085242;5;9;66;20;2022;2;15;4;3;1;5;0;0;1;1;0;0;0;0;435155,217999997024890;5661970,362999619916081;8,073773435000019;51,105548745000100
168695;5220307608200269729;5;3;34;2;2022;3;13;2;3;5;3;0;0;1;1;0;0;0;0;297057,596737020008732;5629316,330327999778092;6,121177159000070;50,780039949000098
168698;5220224711111479136;5;5;70;52;2022;2;5;5;3;0;6;2;0;1;0;0;0;0;0;430141,178731537016574;5756353,279617399908602;7,983440008000060;51,953489599000100
168700;5220304701120081594;5;5;62;32;2022;3;14;6;3;1;5;0;0;1;1;0;0;0;0;375376,020596368005499;5715668,739198979921639;7,201444936000030;51,578289468000001
168701;5220212301101809055;5;9;13;0;2022;2;15;7;3;0;6;0;0;1;1;0;0;0;0;391922,594285028986633;5706668,851780359633267;7,442903923000070;51,500811262000099
168702;5220228316100880652;5;9;74;40;2022;2;13;2;3;0;1;0;0;1;0;0;0;0;0;439483,732816477015149;5713346,868568969890475;8,126861149000041;51,567945436000102
168704;5220304405228072815;5;7;54;28;2022;3;23;6;3;2;7;2;0;1;1;0;0;0;0;453057,756999998993706;5742746,972999660298228;8,318734309000041;51,833569042000100
168708;5220215600110071691;5;3;14;0;2022;2;7;3;3;1;5;0;0;1;1;0;0;0;0;366140,030639561999124;5621563,195540869608521;7,103237767000050;50,730422693000001
168709;5220302405108068189;5;7;54;8;2022;3;12;4;3;5;2;0;0;1;1;0;0;0;0;456410,836999999010004;5749371,102999660186470;8,366557780000051;51,893395837000099
168710;5220224501323665543;5;1;12;0;2022;2;14;5;3;4;6;0;0;1;1;0;0;0;0;345254,458275815006346;5694341,229840819723904;6,776396761000060;51,379199264000100
168713;5220217316300577855;5;9;74;28;2022;2;13;5;3;5;3;0;0;1;1;0;0;0;0;456051,566999999980908;5722762,596999649889767;8,364705217000051;51,654137194000000
168715;5220211601100593579;5;3;15;0;2022;2;9;6;3;5;3;0;1;1;1;0;0;0;0;356382,614392685005441;5645424,500021260231733;6,955717011000050;50,942535185000096
168720;5220214500100272401;5;1;11;0;2022;2;21;2;3;1;5;2;0;1;1;0;0;0;0;345946,839129013998900;5677596,979229459539056;6,793567289000070;51,228934875999997
168724;5220216516500286735;5;1;58;16;2022;2;14;4;3;5;3;0;0;1;1;0;0;0;0;355314,723999809997622;5669944,544999360106885;6,930726130000040;51,162619462000102
168725;5220219515110069488;5;1;54;36;2022;2;7;7;3;5;3;1;0;1;1;0;0;0;0;302952,142833659017924;5741679,383410990238190;6,142691820000040;51,791217605000000
168728;5220227601500490332;5;3;15;0;2022;2;12;1;3;2;2;0;0;1;0;0;0;0;0;365288,536999865027610;5648962,381999470293522;7,081097792000040;50,976481677000002
168729;5220305500300475994;5;1;11;0;2022;3;15;7;3;0;2;0;0;1;1;0;0;0;0;347875,671335137973074;5675932,088582879863679;6,821877993000040;51,214492116000002
168732;5220210602900767566;5;3;62;40;2022;2;14;5;3;0;7;0;0;1;1;0;0;0;0;357052,898666445980780;5630852,388705399818718;6,970948806000020;50,811741755000099
168736;5220223706200441017;5;5;58;12;2022;2;7;4;3;0;3;1;2;1;0;0;0;0;0;372866,646999901975505;5755868,054999560117722;7,150545004000040;51,938987416000003
168742;5220307508000587576;5;1;19;0;2022;3;18;2;3;0;6;1;0;1;1;0;0;0;0;350267,478260293020867;5708751,972206819802523;6,842278708000040;51,510030596000000
168743;5220214602400173734;5;3;62;32;2022;2;10;2;3;5;2;0;0;1;1;0;0;0;0;336559,895999651984312;5641829,046998940408230;6,675400630000070;50,904951457999999
168744;5220301500200676720;5;1;11;0;2022;3;8;3;3;5;3;0;0;1;1;0;0;0;0;342620,150614624028094;5685866,952171740122139;6,742320273000080;51,302333930000003
168745;5220223601600286372;5;3;15;0;2022;2;18;4;2;0;7;2;0;1;0;1;0;0;0;359519,889473444025498;5644856,831716190092266;7,000563206000040;50,938206437000098
168747;5220227608100485691;5;3;34;2;2022;2;11;1;2;5;2;0;0;1;1;0;0;0;0;294154,512998990016058;5628589,451995340175927;6,080459182000030;50,772488683000098
168749;5220212602200273704;5;3;62;4;2022;2;14;7;3;4;2;0;0;1;1;0;0;0;0;329847,263999579998199;5652085,237998659722507;6,575224184000040;50,995159399000002
168754;5220221506100869470;5;1;16;0;2022;2;12;2;3;0;1;0;1;1;0;0;0;0;0;321540,212089175998699;5675368,404457369819283;6,445458496000070;51,201806671999996
168756;5220215600310378307;5;3;14;0;2022;2;19;3;3;0;6;2;0;1;1;0;0;0;0;363848,436999858007766;5619854,797999460250139;7,071416532000060;50,714535327000100
168758;5220226515110078357;5;1;54;40;2022;2;12;7;3;5;3;0;0;1;1;0;0;0;0;294105,171999097976368;5741575,619994520209730;6,014651002000050;51,787100442000103
168759;5220223608200885835;5;3;34;2;2022;2;19;4;3;8;1;2;0;1;0;0;0;0;0;295268,432645899010822;5628132,071875520050526;6,096490897000020;50,768774985999997
168762;5220225505200291241;5;1;14;0;2022;2;5;6;3;5;3;1;1;1;1;0;0;0;0;329342,728999580023810;5689966,340998589992523;6,550067403000070;51,335336773999998
168769;5220215609108589916;5;3;58;8;2022;2;13;3;3;1;2;0;0;1;1;0;0;0;0;321049,646484610973857;5633575,124095950275660;6,459057964000070;50,826200944000000
168772;5220225301101976688;5;9;13;0;2022;2;17;6;2;5;2;0;1;1;1;0;0;0;0;393066,724999958008993;5707568,555999619886279;7,459108435000080;51,509115845000103
168775;5220214300100190602;5;9;11;0;2022;2;11;2;3;6;4;0;0;1;0;1;0;0;0;376208,028435593994800;5704867,929376689717174;7,217242591000060;51,481402521000099
168780;5220302500200546012;5;1;11;0;2022;3;15;4;3;5;2;0;0;1;1;0;0;0;0;345760,336999740975443;5679176,611999180167913;6,790218063000050;51,243078207000103
168781;5220223705000180892;5;5;54;8;2022;2;10;4;2;0;7;0;1;1;0;0;0;0;0;334716,622102783003356;5743781,539743890054524;6,601815868000070;51,820389636000101
168782;5220226310210085535;5;9;54;24;2022;2;1;7;3;0;1;2;2;1;0;0;0;0;0;380030,279999924998265;5682699,051999569870532;7,279748550000020;51,282975975000099
168784;5220219601100990326;5;3;15;0;2022;2;10;7;3;5;3;0;0;1;1;0;0;0;0;355035,955999807978515;5645982,544999349862337;6,936339486000070;50,947213181000102
168785;5220304601600393481;5;3;15;0;2022;3;7;6;3;0;3;0;0;1;1;0;0;0;0;364001,914999859000091;5638963,610999460332096;7,066512326000070;50,886315590000002
168790;5220214513210385944;5;1;62;24;2022;2;20;2;3;0;7;2;0;1;1;0;0;0;0;336525,421629216987640;5677078,162603680044413;6,658982597000030;51,221652910000003
168793;5220216705000889359;5;5;54;4;2022;2;20;4;3;6;7;2;1;1;0;1;0;0;0;362227,466405967017636;5772115,775231529958546;6,989336274000040;52,082447739000003
168795;5220225503100596222;5;1;24;0;2022;2;18;6;3;6;7;2;1;1;0;1;0;0;0;369506,831212176999543;5679647,041005879640579;7,130049058000050;51,253233152000099
168798;5220213405232187174;5;7;54;32;2022;2;16;1;3;9;6;0;0;1;0;0;0;0;0;460731,940999999991618;5737880,481999659910798;8,430653670000030;51,790407694000102
168801;5220223506100791463;5;1;16;0;2022;2;18;4;3;0;7;2;0;1;0;1;0;0;0;323705,164109760022257;5673210,342980580404401;6,477475435000030;51,183091920999999
168805;5220227502135878151;5;1;13;0;2022;2;15;1;3;2;1;0;0;1;0;0;0;0;0;367027,142129304993432;5700877,685138669796288;7,086603788000050;51,443459344000097
168808;5220225602800690700;5;3;62;12;2022;2;7;6;3;0;1;1;2;1;0;0;0;0;0;351364,533999780018348;5633783,639999300241470;6,889075125000030;50,836652252000100
168812;5220213503300078857;5;1;20;0;2022;2;12;1;3;0;3;0;0;1;1;0;0;0;0;377941,585999918985181;5672630,783999560400844;7,253244782000020;51,192039223000101
168816;5220303302100028855;5;9;14;0;2022;3;18;5;2;3;6;0;0;1;0;0;0;0;0;392702,835985303972848;5696260,169671379961073;7,457298108000030;51,407401176000100
168817;5220224702100376645;5;5;15;0;2022;2;22;5;3;0;1;2;1;1;0;0;0;0;0;406238,157774481980596;5756127,579512280412018;7,635766552000060;51,947944815000000
168822;5220210500200502247;5;1;11;0;2022;2;16;5;3;5;3;0;1;1;1;0;0;0;0;349788,511999771988485;5676544,322999269701540;6,848988826000040;51,220499928000002
168825;5220215411132396826;5;7;74;32;2022;2;7;3;3;6;7;0;0;1;0;1;0;0;0;483164,875999999989290;5731960,976999660022557;8,756189646000051;51,738309059000102
168826;5220302705000591855;5;5;54;8;2022;3;10;4;3;0;7;0;0;1;0;0;0;0;0;335713,380882912024390;5745002,581744969822466;6,615685429000050;51,831652688000098
168828;5220226500300472661;5;1;11;0;2022;2;12;7;3;0;1;0;0;1;0;0;0;0;0;344778,720124973973725;5675205,467741159722209;6,777885542000040;51,207129723999998
168830;5220304601300986383;5;3;15;0;2022;3;14;6;3;5;2;0;0;1;1;0;0;0;0;352929,426999791990966;5648345,855999330058694;6,905417908000060;50,967917634999999
168831;5220211505200086035;5;1;14;0;2022;2;14;6;3;0;5;0;0;1;1;0;0;0;0;328492,348042200028431;5692038,508436470292509;6,536873231000070;51,353696556000003
168833;5220221601600093463;5;3;15;0;2022;2;14;2;2;5;3;0;1;1;1;0;0;0;0;363384,686999856028706;5645207,316999450325966;7,055404626000040;50,942284983999997
168834;5220307501127274699;5;1;12;0;2022;3;20;2;2;0;7;2;0;1;0;0;0;0;0;346106,898716913012322;5705616,181539550423622;6,783737712000060;51,480737750000102
168836;5220214601100190244;5;3;15;0;2022;2;13;2;3;5;3;0;0;1;1;0;0;0;0;355028,350395924993791;5644120,931891010142863;6,936972027000020;50,930481402000098
168837;5220301601400026572;5;3;15;0;2022;3;21;3;3;3;6;2;0;1;1;0;0;0;0;355143,820811829005834;5647446,081336259841919;6,937291575000070;50,960392716999998
168839;5220216601100581783;5;3;15;0;2022;2;12;4;3;0;1;0;1;1;0;0;0;0;0;355081,688129648973700;5644002,810652690008283;6,937777487000060;50,929433276000097
168840;5220303702100668372;5;5;15;0;2022;3;13;5;3;2;6;0;0;1;1;0;0;0;0;407674,533569974009879;5758044,005801660008729;7,656144535000070;51,965410973000097
168845;5220301317140442230;5;9;78;28;2022;3;11;3;3;0;1;0;0;1;1;0;0;0;0;403985,803508916986175;5701370,366539290174842;7,618083826000030;51,455360531000103
168849;5220303601100281289;5;3;15;0;2022;3;13;5;3;6;6;0;0;1;0;1;0;0;0;355352,928999807976652;5645207,258999359793961;6,941156573000060;50,940325481999999
168850;5220224706000768251;5;5;58;36;2022;2;16;5;3;5;3;0;1;1;1;0;0;0;0;387391,791258112993091;5730617,772204229608178;7,369962922000070;51,715178133000101
168855;5220210505200091562;5;1;14;0;2022;2;13;5;3;6;6;0;1;1;0;1;0;0;0;330325,201999592012726;5689656,002998639829457;6,564305753000040;51,332842763000002
168856;5220304405244582127;5;7;54;44;2022;3;15;6;3;5;3;0;0;1;1;0;0;0;0;463797,841000001993962;5746895,584999660030007;8,474160850000031;51,871667873000000
168864;5220223601100595813;5;3;15;0;2022;2;17;4;3;0;5;0;0;1;1;0;0;0;0;355253,641718139988370;5644588,036118620075285;6,939990326000040;50,934735748000001
168867;5220211601300578488;5;3;15;0;2022;2;12;6;3;3;2;0;0;1;1;0;0;0;0;352862,793961398012470;5647300,346844379790127;6,904892406000040;50,958505111000100
168868;5220304701500081160;5;5;62;24;2022;3;7;6;3;5;2;0;0;1;1;0;0;0;0;371649,708999895025045;5724903,826999540440738;7,144314140000060;51,660447481000098
168873;5220222515110592788;5;1;54;36;2022;2;7;3;3;0;1;1;0;1;0;0;0;0;0;303880,241367471986450;5742410,406297160312533;6,155718565000030;51,798108420000098
168874;5220215601100093441;5;3;15;0;2022;2;15;3;2;0;1;0;0;1;0;0;0;0;0;355296,123223972972482;5645900,138723139651120;6,940073323000040;50,946537981000098
168875;5220302601700381824;5;3;16;0;2022;3;13;4;3;7;5;0;0;1;1;0;0;0;0;360242,435731803008821;5655450,816521219909191;7,006765730000040;51,033591064000099
168877;5220226516000178832;5;1;58;32;2022;2;17;7;3;0;1;0;0;1;0;0;0;0;0;364850,286941365979146;5686738,703260660171509;7,060678392000060;51,315880685000103
168878;5220224301101351242;5;9;13;0;2022;2;17;5;3;5;3;0;1;1;1;0;0;0;0;392382,120999957027379;5707149,329999620094895;7,449375216000020;51,505217689000098
168880;5220219601100466119;5;3;15;0;2022;2;12;7;3;6;4;0;0;1;0;1;0;0;0;356217,405666121980175;5645037,892826800234616;6,953519582000070;50,939019627999997
168884;5220221706000779200;5;5;58;16;2022;2;8;2;3;5;3;0;0;1;1;0;0;0;0;388006,572999948984943;5746882,264999619685113;7,373608040000020;51,861481110000099
168885;5220307501316076268;5;1;12;0;2022;3;20;2;3;1;5;2;0;1;1;0;0;0;0;345746,653099024028052;5699708,215469099581242;6,781130113000070;51,427556304000099
168886;5220307300600790120;5;9;16;0;2022;3;15;2;3;5;2;0;0;1;1;0;0;0;0;376591,504999915021472;5712171,616999570280313;7,220205239000050;51,547127262000103
168888;5220301513310890914;5;1;62;8;2022;3;18;3;3;0;7;1;0;1;0;0;0;0;0;332098,030823211011011;5660961,043347409926355;6,603156054000070;51,075565851000100
168889;5220223601700378543;5;3;16;0;2022;2;13;4;2;0;1;0;0;1;0;0;0;0;0;358230,051178334979340;5657452,983717289753258;6,977300240000030;51,051091300000103
168896;5220301300100595837;5;9;11;0;2022;3;13;3;3;1;5;0;0;1;1;0;0;0;0;376016,635805660975166;5705454,845718719996512;7,214281662000080;51,486635440999997
168902;5220227606100590312;5;3;78;12;2022;2;13;1;2;4;1;0;0;1;1;0;0;0;0;378314,854985964018852;5657498,427900940179825;7,263691996000030;51,056106743999997
168903;5220305300600771463;5;9;16;0;2022;3;18;7;2;0;1;2;0;1;0;0;0;0;0;377022,083999914990272;5711136,490999570116401;7,226773556000070;51,537918224000101
168905;5220228410110840738;5;7;70;24;2022;2;7;2;3;5;3;0;0;1;1;0;0;0;0;492402,354141420975793;5792628,623448769561946;8,888622555000040;52,283968674000100
168907;5220304602800582483;5;3;62;12;2022;3;19;6;3;4;6;2;0;1;1;0;0;0;0;351399,454999780980870;5634588,167999300174415;6,889244421000060;50,843891224000103
168909;5220221518200290560;5;1;70;24;2022;2;16;2;3;5;3;0;0;1;1;0;0;0;0;334655,291113063984085;5702851,087593790143728;6,620260612000040;51,452664906999999
168911;5220215600110662765;5;3;14;0;2022;2;11;3;3;5;3;0;0;1;0;0;0;0;1;364008,387204654980451;5622364,319555140100420;7,072755444000050;50,737127938000100
168914;5220226513330481432;5;1;62;12;2022;2;7;7;3;0;7;0;2;1;0;0;0;0;0;326060,733935858996119;5664024,006254750303924;6,515582585000060;51,101285206999997
168915;5220223601200209320;5;3;15;0;2022;2;11;4;3;0;1;0;0;1;0;0;0;0;0;358868,159824598988052;5639727,382925669662654;6,993277563000050;50,891948399000100
168916;5220216506100978905;5;1;16;0;2022;2;0;4;3;5;3;2;1;1;1;0;0;0;0;314971,688196791976225;5669399,298019760288298;6,354611811000040;51,146099028999998
168918;5220225600380895309;5;3;14;0;2022;2;18;6;3;5;3;2;1;1;1;0;0;0;0;369857,202784330991562;5616144,946907119825482;7,157789713000060;50,682566564000098
168919;5220218405108178110;5;7;54;8;2022;2;14;6;2;2;7;0;0;1;1;0;0;0;0;455956,355999998981133;5751797,841999660246074;8,359643485000049;51,915177808000102
168921;5220305514116086061;5;1;66;16;2022;3;12;7;3;5;3;0;0;1;1;0;0;0;0;304701,340999230975285;5688911,617996560409665;6,197322750000070;51,317936025000101
168922;5220214609224685723;5;3;58;24;2022;2;10;2;3;7;7;0;1;1;0;0;0;0;1;317027,940011571976356;5642094,718981579877436;6,397755479000070;50,901479328999997
168923;5220228702100076645;5;5;15;0;2022;2;12;2;3;5;3;0;0;1;1;0;0;0;0;407123,749999979976565;5756608,623999659903347;7,648518020000040;51,952417270000097
168924;5220223400300668089;5;7;11;0;2022;2;8;4;3;5;2;0;0;1;1;0;0;0;0;466065,775000002002344;5755516,608999669551849;8,506252116000040;51,949320051000001
168929;5220304705000189359;5;5;54;68;2022;3;16;6;3;5;2;0;0;1;1;0;0;0;0;350574,348999785026535;5766884,701999270357192;6,821685892000060;52,032427499000100
168931;5220227706000051444;5;5;58;20;2022;2;17;1;3;0;3;0;0;1;1;0;0;0;0;390909,239801906980574;5759430,745673829689622;7,411767971000070;51,974837328000000
168935;5220214608200486644;5;3;34;2;2022;2;16;2;3;3;2;0;1;1;1;0;0;0;0;297196,555612632015254;5629374,831991969607770;6,123113430000050;50,780613987999999
168936;5220301601600173713;5;3;15;0;2022;3;11;3;3;1;5;0;0;1;1;0;0;0;0;361086,374167243018746;5640291,359431220218539;7,024583178000060;50,897554788999997
168937;5220223400100476182;5;7;11;0;2022;2;7;4;3;0;3;0;1;1;1;0;0;0;0;468847,538909300987143;5766606,463981860317290;8,545717615000060;52,049188125000100
168939;5220303500300300495;5;1;11;0;2022;3;7;5;3;5;3;1;0;1;1;0;0;0;0;350427,357999776024371;5671357,666999280452728;6,860291123000020;51,174060818999997
168940;5220225601400486833;5;3;15;0;2022;2;9;6;3;3;6;0;0;1;1;0;0;0;0;354468,835999802977312;5651231,583999349735677;6,926171321000030;50,994241595000098
168944;5220228608100074681;5;3;34;2;2022;2;17;2;3;5;3;0;0;1;0;0;0;0;0;294328,071998992003500;5629161,453995370306075;6,082597549000070;50,777687493000002
168945;5220210607100085037;5;3;82;20;2022;2;8;5;3;5;3;1;0;1;1;0;0;0;0;379896,455454781011213;5625698,479110149666667;7,296717040000030;50,770601688000099
168950;5220224601200586408;5;3;15;0;2022;2;9;5;3;0;4;0;0;1;0;1;0;0;0;358773,068360693985596;5639443,785175500437617;6,992035994000050;50,889376423000002
168952;5220227301103469019;5;9;13;0;2022;2;13;1;2;0;1;0;0;1;0;0;0;0;0;392515,711318017973099;5700488,497461860068142;7,453325865000070;51,445372337999999