OBJECTID;UIDENTSTLAE;ULAND;UREGBEZ;UKREIS;UGEMEINDE;UJAHR;UMONAT;USTUNDE;UWOCHENTAG;UKATEGORIE;UART;UTYP1;ULICHTVERH;IstStrassenzustand;IstRad;IstPKW;IstFuss;IstKrad;IstGkfz;IstSonstige;LINREFX;LINREFY;XGCSWGS84;YGCSWGS84
168954;5220228405108396965;5;7;54;8;2022;2;14;2;3;5;3;0;0;1;1;0;0;0;0;461329,964000001025852;5747756,073999660089612;8,438220145000059;51,879238638000103
168956;5220304515212091081;5;1;54;32;2022;3;15;6;3;3;3;0;0;1;1;0;0;0;0;308354,239722248981707;5718840,165953010320663;6,233466833000020;51,587977471000002
168957;5220211610111873723;5;3;70;16;2022;2;7;6;3;0;7;2;1;1;0;0;0;0;0;296733,904999068996403;5661419,221995560452342;6,098699224000030;51,068247486000097
168958;5220222316200594456;5;9;74;52;2022;2;14;3;3;5;3;0;1;1;1;0;0;0;0;423732,187006009975448;5711550,421901700086892;7,900025360000030;51,549884801000097
168959;5220307411132878168;5;7;74;32;2022;3;16;2;3;0;3;0;0;1;0;0;0;0;1;481453,541000001016073;5731575,362999649718404;8,731426510000061;51,734787875999999
168960;5220215516500430758;5;1;58;16;2022;2;19;3;3;5;3;0;0;1;1;0;0;0;0;355869,578999813005794;5671706,837999369949102;6,937949641000050;51,178596208000002
168968;5220220701300065454;5;5;62;14;2022;2;14;1;3;5;3;0;1;1;1;0;0;0;0;360305,710999841976445;5715654,080999439582229;6,984095358000050;51,574624563000000
168970;5220214607400336846;5;3;82;68;2022;2;15;2;3;5;3;0;0;1;1;0;0;0;0;368986,683758401020896;5631020,695112730376422;7,140182242000040;50,816076817000102
168971;5220228705000690507;5;5;54;68;2022;2;15;2;3;0;3;0;0;1;1;0;0;0;0;350570,273980272992048;5766895,954849059693515;6,821621618000050;52,032527501000096
168974;5220303317240494389;5;9;78;40;2022;3;9;5;3;1;3;0;0;1;1;0;0;0;0;405870,842999977990985;5725269,321999640204012;7,638806359000060;51,670507270000002
168975;5220224608100980785;5;3;34;2;2022;2;15;5;3;1;5;0;0;1;1;0;0;0;0;293038,247392155986745;5628336,075065770186484;6,064791650000070;50,769815955000098
168976;5220227302130077819;5;9;14;0;2022;2;15;1;3;5;3;0;0;1;1;0;0;0;0;400343,383999970974401;5689511,816999630071223;7,569007483000060;51,348133763000099
168978;5220212610221963883;5;3;70;20;2022;2;15;7;2;3;6;0;0;1;1;0;0;0;0;302645,133243963995483;5661480,177608650177717;6,182928544000050;51,070857574000101
168983;5220302500100560580;5;1;11;0;2022;3;15;4;3;5;3;0;0;1;1;0;0;0;0;341509,122870229999535;5678646,105386899784207;6,729596572000050;51,237146331000098
168987;5220304602300781730;5;3;62;36;2022;3;12;6;3;0;1;0;0;1;0;0;0;0;0;346294,220999742974527;5651954,250999200157821;6,809465302000040;50,998610329000002
168988;5220211500100891817;5;1;11;0;2022;2;21;6;3;0;7;1;0;1;0;0;0;0;0;346130,611999742977787;5677650,220999189652503;6,796174432000040;51,229462853000001
168996;5220217410210540388;5;7;70;20;2022;2;6;5;3;0;7;2;1;1;0;0;0;0;0;473627,116054157027975;5794676,744961109943688;8,613231589000071;52,301801630999996
168998;5220211513320281423;5;1;62;4;2022;2;10;6;2;0;7;0;0;1;0;0;0;0;0;348918,210881196020637;5662338,263752769678831;6,842500227000070;51,092616630000101
169001;5220214705000220725;5;5;54;8;2022;2;17;2;3;5;3;0;1;1;1;0;0;0;0;333035,458999632974155;5744825,810998709872365;6,576942852000060;51,829270796000102
169003;5220223513210472148;5;1;62;24;2022;2;10;4;3;0;1;0;1;1;0;0;0;0;0;338807,853033648978453;5674044,508326630108058;6,693002195000080;51,195044897999999
169005;5220303608100071738;5;3;34;2;2022;3;13;5;3;5;2;0;0;1;1;0;0;0;0;294693,420337877993006;5629199,774457570165396;6,087751375000040;50,778161087999997
169010;5220213404102887058;5;7;66;20;2022;2;13;1;3;5;5;0;0;1;1;0;0;0;0;491272,380479196028318;5754030,086248359642923;8,873047230000051;51,936921441000003
169015;5220303600370586345;5;3;82;4;2022;3;17;5;2;0;1;0;0;1;0;0;0;0;0;358868,538299566018395;5622700,211356570012867;6,999832446000030;50,738920478000097
169019;5220212600140475822;5;3;14;0;2022;2;9;7;3;0;5;0;0;1;1;0;0;0;0;368293,477880173013546;5620927,551102600060403;7,133961209000060;50,725201675000100
169021;5220210411132474548;5;7;74;32;2022;2;13;5;3;5;3;0;1;1;1;0;0;0;0;482963,191000002028886;5728401,200999650172889;8,753442977000081;51,706295942000096
169022;5220222601200590243;5;3;15;0;2022;2;7;3;3;4;6;0;0;1;1;0;0;0;0;361387,317999843973666;5637864,999999440275133;7,029780405000050;50,875820558999997
169024;5220302702100842799;5;5;15;0;2022;3;14;4;3;5;3;0;0;1;1;0;0;0;0;406662,623999978008214;5751057,235999650321901;7,643315626000060;51,902441176000103
169025;5220223705000402662;5;5;54;36;2022;2;6;4;3;5;3;1;0;1;1;0;0;0;0;369665,764915739011485;5766114,236670039594173;7,100114811000030;52,030319575000100
169028;5220304500200162215;5;1;11;0;2022;3;8;6;3;5;2;0;0;1;0;0;0;1;0;347698,080999755009543;5676171,814999219961464;6,819235414000050;51,216598875999999
169032;5220307405148796944;5;7;54;48;2022;3;7;2;3;5;3;0;0;1;1;0;0;0;0;440702,770999999018386;5765767,211999669671059;8,135479222000070;52,039346766000101
169033;5220306516300685362;5;1;58;28;2022;3;14;1;3;4;6;0;0;1;1;0;0;0;0;349587,118473095993977;5689256,388166509568691;6,840756415000040;51,334673653999999
169034;5220214600380395309;5;3;14;0;2022;2;18;2;3;5;3;2;0;1;1;0;0;0;0;369614,900358638027683;5616161,694861209951341;7,154355839000060;50,682662856000000
169037;5220216702100391756;5;5;15;0;2022;2;15;4;3;5;3;0;1;1;1;0;0;0;0;401399,229999972973019;5758267,656999659724534;7,564769296000070;51,966343576000000
169041;5220305705000896604;5;5;54;12;2022;3;14;7;3;2;6;0;0;1;0;0;0;0;0;351358,530896922980901;5745593,461122740060091;6,842308929000070;51,841343928000100
169042;5220213503100995459;5;1;24;0;2022;2;12;1;3;0;6;0;0;1;0;1;0;0;0;373244,560999902023468;5681510,799999539740384;7,182920408000030;51,270826944000099
169043;5220228705000196522;5;5;54;20;2022;2;8;2;3;5;3;0;0;1;1;0;0;0;0;365870,760999873979017;5783098,495999510399997;7,038141161000060;52,182027568000102
169047;5220301711422102968;5;5;70;20;2022;3;6;3;3;5;2;2;0;1;1;0;0;0;0;433125,176322776009329;5743306,877096979878843;8,029385675000070;51,836571569000100
169048;5220223602600415003;5;3;62;20;2022;2;16;4;3;4;7;0;0;1;1;0;0;0;0;346827,231959293014370;5630929,106311989948153;6,825877237000040;50,809817522000102
169049;5220216502210067040;5;1;13;0;2022;2;6;4;3;5;3;2;1;1;1;0;0;0;0;365566,730999868013896;5696350,186999480240047;7,067319752000060;51,402427228000100
169051;5220225601200857519;5;3;15;0;2022;2;19;6;3;0;1;2;1;1;0;0;0;0;0;354171,671999800018966;5642799,348999340087175;6,925318063000020;50,918388767000103
169053;5220305600120134774;5;3;82;24;2022;3;14;7;3;6;4;0;0;1;0;1;0;0;0;371976,226162638980895;5618391,514874129556119;7,186990522000030;50,703229862999997
169057;5220223502325190833;5;1;13;0;2022;2;9;4;3;0;7;0;0;1;1;0;0;0;0;361457,370556819019839;5705775,875257289968431;7,004589820000040;51,486141107999998
169058;5220216301301873373;5;9;78;24;2022;2;16;4;3;5;2;0;1;1;1;0;0;0;0;391328,383696352015249;5716920,263029449619353;7,431179966000060;51,592839969000103
169059;5220303516300091111;5;1;58;28;2022;3;17;5;3;0;1;0;0;1;0;0;0;0;0;349835,865408906014636;5684891,002519370056689;6,846162936000040;51,295513579999998
169065;5220210515210595944;5;1;54;12;2022;2;17;5;3;1;7;2;1;1;1;0;0;0;0;315454,320233312027995;5710639,403553900308907;6,340142127000040;51,516688629999997
169066;5220304709500660909;5;5;66;76;2022;3;12;6;3;3;3;0;0;1;1;0;0;0;0;394574,692021649971139;5793552,220714329741895;7,454535480000060;52,282211875000002
169068;5220215501324795922;5;1;12;0;2022;2;17;3;3;5;7;1;0;1;1;0;0;0;0;342866,452263939019758;5695098,151723690330982;6,741776081000070;51,385344213000103
169070;5220224502406089561;5;1;17;0;2022;2;12;5;3;1;5;0;1;1;1;0;0;0;0;355397,230503318016417;5698904,232153769582510;6,920176162000080;51,422876455000100
169071;5220226316300775008;5;9;74;28;2022;2;4;7;3;0;1;2;2;1;0;0;0;0;0;453596,412125154980458;5724973,149081699550152;8,328923817000030;51,673814626000102
169074;5220304516300789276;5;1;58;28;2022;3;20;6;3;0;1;2;0;1;0;0;0;0;0;347984,658659791981336;5685796,570787389762700;6,819245482000040;51,303159366000003
169076;5220218705000051613;5;5;54;20;2022;2;18;6;3;5;2;2;1;1;1;0;0;0;0;366149,906193449976854;5786021,704701250419021;7,041066799000020;52,208361577000097
169077;5220221602700890912;5;3;62;28;2022;2;7;2;3;1;5;0;1;1;1;0;0;0;0;348916,928385581995826;5638718,978457509540021;6,852302849000070;50,880369409000103
169079;5220214705000221129;5;5;54;12;2022;2;22;2;3;5;3;2;0;1;0;0;0;0;1;352443,518398536019959;5745843,478070380166173;6,857940107000050;51,843878056000101
169081;5220223405236506582;5;7;54;36;2022;2;18;4;3;0;1;2;0;1;0;0;0;0;0;473649,680759669980034;5750313,427249649539590;8,616994383000080;51,902949929999998
169083;5220303317250185064;5;9;78;40;2022;3;10;5;2;0;7;0;0;1;1;0;0;0;0;405811,561999977973755;5724921,859999639913440;7,638043044000030;51,667374025000100
169084;5220225501222679395;5;1;12;0;2022;2;13;6;3;0;3;0;1;1;1;0;0;0;0;339905,185999692999758;5703339,776999009773135;6,695532264000060;51,458564244999998
169085;5220221502102489477;5;1;13;0;2022;2;19;2;3;0;7;2;1;1;0;0;0;0;0;362176,609813049028162;5702736,982068520039320;7,016127524000070;51,459008226000002
169094;5220227301102289339;5;9;13;0;2022;2;15;1;3;0;6;0;0;1;0;0;0;0;1;394806,702925744990353;5705171,821076800115407;7,484886351000060;51,487899214000002
169096;5220212317220384899;5;9;78;4;2022;2;13;7;3;5;3;0;0;1;1;0;0;0;0;403383,325999974971637;5719397,923999640159309;7,604467428000020;51,617307951999997
169097;5220228300600795832;5;9;16;0;2022;2;8;2;3;5;3;0;0;1;1;0;0;0;0;377375,929970154014882;5713344,048574140295386;7,231103620000060;51,557835333000099
169098;5220217601200386596;5;3;15;0;2022;2;1;5;3;0;1;2;1;1;0;0;0;0;0;353783,896843164984602;5643157,898936869576573;6,919661379000050;50,921512819999997
169100;5220211706000011018;5;5;58;44;2022;2;13;6;3;4;3;0;1;1;0;0;0;0;1;395516,811999963014387;5753117,015999649651349;7,480741682000030;51,918975732000000
169103;5220215602700690437;5;3;62;28;2022;2;11;3;3;5;3;0;0;1;1;0;0;0;1;351514,288999781012535;5638503,534999299794436;6,889285712000060;50,879106588000099
169104;5220301411132051246;5;7;74;32;2022;3;14;3;3;5;2;0;0;1;0;0;0;1;0;480811,245999999984633;5728470,101999660022557;8,722296567000059;51,706845977000100
169105;5220223500200550578;5;1;11;0;2022;2;8;4;3;5;2;0;0;1;1;0;0;0;0;344761,250999732001219;5680525,960999149829149;6,775330544000040;51,254931554000102
169106;5220216302120685517;5;9;14;0;2022;2;6;4;3;5;2;2;1;1;1;0;0;0;0;391566,568533421028405;5689755,921148690395057;7,442952722000030;51,348721034000100
169107;5220303513210875545;5;1;62;24;2022;3;12;5;3;6;7;0;0;1;0;1;0;0;0;338269,023203100019600;5674886,829318470321596;6,684917658000070;51,202460778000003
169112;5220228411132596875;5;7;74;32;2022;2;21;2;3;7;1;0;0;1;0;0;0;0;0;482678,518492157978471;5729655,327722310088575;8,749260890000070;51,717563474000002
169113;5220210701200878098;5;5;62;20;2022;2;19;5;3;1;5;2;1;1;1;0;0;0;0;367468,452715208986774;5718771,089654450304806;7,086218934000040;51,604365225999999
169114;5220304500100978472;5;1;11;0;2022;3;14;6;3;5;3;0;0;1;1;0;0;0;0;345592,226999738020822;5676823,338999169878662;6,788825674000070;51,221887547000101
169116;5220219307000807152;5;9;62;40;2022;2;15;7;3;5;3;0;0;1;1;0;0;0;0;414007,548999987018760;5698826,259999630041420;7,762905060000040;51,434100832000098
169119;5220215317220477918;5;9;78;4;2022;2;17;3;3;5;3;1;0;1;1;0;0;0;0;405796,600999979011249;5719086,716999639756978;7,639397749000070;51,614919593000103
169121;5220224301302284956;5;9;13;0;2022;2;20;5;3;5;3;2;1;1;1;0;0;0;0;397112,116999964986462;5707631,826999629847705;7,517362022000040;51,510435696000101
169122;5220226609204650057;5;3;58;4;2022;2;7;7;3;0;1;1;1;1;0;0;0;0;0;308916,793999276997056;5641740,491997219622135;6,282719098000030;50,895670600000102
169123;5220223601400581671;5;3;15;0;2022;2;13;4;3;0;5;0;0;1;1;0;0;0;0;352972,307808228011709;5654386,766530499793589;6,903582584000050;51,022215162000101
169127;5220218501318091548;5;1;12;0;2022;2;13;6;3;3;2;0;0;1;1;0;0;0;0;343557,837999724026304;5699914,785999120213091;6,749579623000050;51,428812348000100
169130;5220214701910353357;5;5;62;8;2022;2;19;2;3;4;6;2;0;1;1;0;0;0;0;385198,691911726025864;5723743,147014619782567;7,340492435000040;51,652946735000100
169132;5220223500200002247;5;1;11;0;2022;2;13;4;2;3;6;0;0;1;0;0;0;0;0;347802,898516996996477;5681641,448204549960792;6,818410426000070;51,265774815000000
169133;5220216514210985960;5;1;66;12;2022;2;18;4;3;5;3;2;1;1;1;0;0;0;0;320448,979999470990151;5694512,806998060084879;6,420231104000040;51,373438321000002
169135;5220225505100917751;5;1;14;0;2022;2;15;6;3;5;3;0;0;1;1;0;0;0;0;330711,586015762004536;5689507,760610739700496;6,569917407000050;51,331626125000099
169137;5220305702100024843;5;5;15;0;2022;3;14;7;3;3;6;0;0;1;0;0;0;0;0;408045,441623524005990;5757753,906617250293493;7,661619420000020;51,962864878000097
169138;5220214411132196957;5;7;74;32;2022;2;14;2;3;0;3;0;1;1;1;0;0;0;0;481566,888494182028808;5728815,173428989946842;8,733213993000049;51,709973957000003
169145;5220226600380322861;5;3;14;0;2022;2;9;7;3;5;2;0;0;1;1;0;0;0;0;370261,294288553006481;5614938,422699700109661;7,163929907000070;50,671812109000001
169148;5220304518400195906;5;1;70;8;2022;3;10;6;2;3;6;0;0;1;1;0;0;0;0;344317,845054996025283;5716284,313383390195668;6,753278982000040;51,576099014000100
169151;5220307405224090798;5;7;54;24;2022;3;18;2;3;5;2;2;0;1;1;0;0;0;0;453062,190000000002328;5735352,343999659642577;8,319799829000029;51,767087040000000
169152;5220214602300981863;5;3;62;36;2022;2;12;2;3;5;2;0;0;1;1;0;0;0;0;346493,063999745005276;5652448,296999200247228;6,812088008000050;51,003102875000103
169154;5220223518200850003;5;1;70;24;2022;2;14;4;3;5;3;0;0;1;1;0;0;0;0;336585,426999659975991;5702373,415998890064657;6,648235586000060;51,448933723000003
169155;5220216505200885879;5;1;14;0;2022;2;16;4;3;0;1;0;1;1;0;0;0;0;0;330298,824722323974129;5689810,772782069630921;6,563853742000050;51,334225320000002
169157;5220225514210089369;5;1;66;12;2022;2;5;6;3;5;3;2;0;1;1;0;0;0;0;320126,661294544988777;5692637,874313210137188;6,416553547000030;51,356494200999997
169159;5220219701700269301;5;5;62;16;2022;2;12;7;2;5;3;0;0;1;1;0;0;0;0;375067,845184503006749;5735127,980117919854820;7,190042392000070;51,753101434000001
169162;5220228702100069191;5;5;15;0;2022;2;14;2;3;5;3;0;0;1;1;0;0;0;0;404696,222455858020112;5756625,130657319910824;7,613200492000030;51,952154956000101
169163;5220222711412376177;5;5;70;28;2022;2;13;3;3;5;3;0;1;1;1;0;0;0;0;440945,563999999023508;5742626,129999659955502;8,142991552000071;51,831333280000102
169169;5220303608436989791;5;3;34;36;2022;3;13;5;3;6;6;0;0;1;0;1;0;0;0;298020,302999072009698;5634507,421995909884572;6,131960041000070;50,827000005999999
169170;5220225600140529351;5;3;14;0;2022;2;12;6;2;0;1;0;1;1;0;0;0;0;1;367795,304999877989758;5622858,391999489627779;7,126214526000070;50,742443123999998
169171;5220218515110665718;5;1;54;36;2022;2;7;6;3;5;3;1;1;1;1;0;0;0;0;302972,011999240028672;5741688,803996060043573;6,142974199000040;51,791309200000100
169175;5220228709700042796;5;5;66;28;2022;2;16;2;2;5;3;0;0;1;1;0;0;0;0;416279,260123368003406;5791794,180438829585910;7,773057029000030;52,270144641000101
169176;5220222705000597146;5;5;54;8;2022;2;18;3;2;1;5;2;1;1;1;0;0;0;0;336195,045333491987549;5745239,225484269671142;6,622557385000050;51,833920010999996
169177;5220215701400775428;5;5;12;0;2022;2;6;3;3;4;6;0;0;1;1;0;0;0;0;355531,447066154971253;5709562,850477269850671;6,917747975000050;51,518687340000000
169180;5220225500100589225;5;1;11;0;2022;2;13;6;3;5;3;0;0;1;1;0;0;0;0;346810,925999749975745;5676400,936999199911952;6,806444585000070;51,218420348000102
169182;5220304701120370599;5;5;62;32;2022;3;7;6;3;0;7;0;0;1;0;0;0;0;0;377479,442936382023618;5715905,848265290260315;7,231702798000070;51,580881583000100
169183;5220213518400089287;5;1;70;8;2022;2;18;1;3;0;1;1;0;1;0;0;0;0;0;345063,971999738016166;5714721,910999150015414;6,764726711000040;51,562266743000102
169187;5220215601600274402;5;3;15;0;2022;2;19;3;2;0;1;2;0;1;0;0;0;0;0;359314,697999831987545;5644520,918999410234392;6,997774338000060;50,935137530000098
169192;5220304602400077500;5;3;62;32;2022;3;8;6;3;5;2;0;0;1;1;0;0;0;0;336630,944623486022465;5641630,849476570263505;6,676498953000020;50,903190713000100
169193;5220211705000574659;5;5;54;8;2022;2;7;6;3;5;2;0;0;1;1;0;0;0;0;334943,666999652981758;5745667,863998790271580;6,604207667000030;51,837402262000097
169196;5220307302100077931;5;9;14;0;2022;3;10;2;3;5;3;0;0;1;1;0;0;0;0;393773,490999960980844;5690940,682999609969556;7,474277011000030;51,359787407000098
169200;5220216709110070516;5;5;66;12;2022;2;21;4;2;5;3;2;1;1;1;0;0;0;0;402739,363999974972103;5776039,069999669678509;7,579212419000040;52,126311445000098
169205;5220213508000475285;5;1;19;0;2022;2;18;1;2;0;1;2;0;1;0;0;0;0;0;346349,082416763994843;5710653,206759450025856;6,785028581000060;51,526061278999997
169209;5220216404103187025;5;7;66;32;2022;2;14;4;3;8;1;0;1;1;1;0;0;0;0;496152,250108416017611;5747093,821406629867852;8,944107670000051;51,874611940000101
169211;5220224709110572339;5;5;66;12;2022;2;7;5;3;6;4;0;0;1;0;1;0;0;0;404572,968999976990744;5772459,365999669767916;7,606992375000060;52,094456229000102
169215;5220228500300274543;5;1;11;0;2022;2;11;2;3;5;3;0;0;1;1;0;0;0;0;353003,837999795970973;5668716,713999319821596;6,898201313000070;51,150996818000102
169217;5220222500200075990;5;1;11;0;2022;2;18;3;2;5;3;1;1;1;1;0;0;0;0;345188,768999736988917;5678932,483999160118401;6,782141357000060;51,240729799000100
169218;5220215301301477887;5;9;78;24;2022;2;15;3;3;5;3;0;0;1;1;0;0;0;0;398368,363999968976714;5721174,194999629631639;7,531540796000060;51,632390936000000
169219;5220302702100774771;5;5;15;0;2022;3;16;4;3;5;3;0;0;1;1;0;0;0;0;405427,146323757013306;5758230,964032620191574;7,623390986000060;51,966713638000002
169221;5220226600360734532;5;3;82;12;2022;2;9;7;2;3;2;0;0;1;1;0;0;0;0;360840,511098860006314;5624890,404812020249665;7,026934622000060;50,759080852000103
169222;5220215701120738825;5;5;62;32;2022;2;18;3;3;5;3;2;1;1;1;0;0;0;0;376199,599000048008747;5715288,204999580048025;7,213458588000040;51,575051008000102
169225;5220219404301534691;5;7;66;44;2022;2;15;7;3;8;1;0;0;1;1;0;0;0;0;494214,300780430028681;5762256,625510609708726;8,915701928000029;52,010924531000100
169226;5220227601100686405;5;3;15;0;2022;2;17;1;3;0;6;0;0;1;0;0;0;0;1;355622,329995637002867;5641847,634986129589379;6,946318762000030;50,910200631000102
169228;5220212609108485811;5;3;58;8;2022;2;16;7;3;9;1;0;0;1;1;0;0;0;0;323338,091423492005561;5630656,902978809550405;6,492923274000020;50,800685934999997
169229;5220228515110065718;5;1;54;24;2022;2;17;2;3;5;2;0;0;1;1;0;0;0;0;313052,451502849988174;5738901,582519870251417;6,290466490000030;51,769735801000103
169232;5220215501128482187;5;1;12;0;2022;2;15;3;2;0;1;0;0;1;1;0;0;0;0;342752,099999716971070;5702237,941999089904130;6,736966971000070;51,449462453000102
169233;5220302303100571591;5;9;15;0;2022;3;9;4;3;3;2;0;0;1;0;0;1;0;0;415810,355397577979602;5723901,348560620099306;7,782833384000070;51,659787492000099
169236;5220217514113586214;5;1;66;32;2022;2;10;5;2;8;1;0;0;1;0;0;0;0;0;316886,110247537028044;5684792,443046930246055;6,374092710000070;51,284987252000100
169245;5220223513130282342;5;1;62;22;2022;2;7;4;3;0;7;0;2;1;0;0;0;0;0;337901,662999670021236;5682054,675998950377107;6,676420426000050;51,266757950000098
169246;5220216501213791411;5;1;12;0;2022;2;11;4;3;4;6;0;1;1;1;0;0;0;0;339445,618999688012991;5696945,791998989880085;6,691820780000060;51,400987182999998
169248;5220303705000091758;5;5;54;68;2022;3;16;5;2;5;3;0;0;1;1;0;0;0;0;350597,306999785010703;5767461,154999270103872;6,821768514000040;52,037612770000102
169249;5220225701910689484;5;5;62;8;2022;2;9;6;3;5;3;0;1;1;0;0;0;0;1;384300,440999938000459;5722383,601999600417912;7,327963402000020;51,640543440000002
169252;5220213705000774671;5;5;54;8;2022;2;9;1;3;5;3;0;0;1;1;0;0;0;0;336412,897342464013491;5743735,346464360132813;6,626426934000050;51,820473755000101
169254;5220210709110974663;5;5;66;12;2022;2;16;5;3;4;6;0;1;1;0;0;0;0;1;405246,222526220022701;5771497,017483510077000;7,617084651000030;52,085922146000001
169257;5220303601200693489;5;3;15;0;2022;3;19;5;3;0;1;2;0;1;0;0;0;0;0;353479,513999796006829;5643037,641999330371618;6,915382043000020;50,920354897999999
169258;5220225307000969283;5;9;62;40;2022;2;15;6;2;0;1;0;1;1;0;0;0;0;0;416698,121517575986218;5699486,018880629912019;7,801447388000040;51,440433984000002
169259;5220227315210079306;5;9;70;24;2022;2;15;1;3;5;3;0;0;1;1;0;0;0;0;430868,494999994989485;5645883,983999620191753;8,015621515000021;50,960413227000103
169261;5220211711111591695;5;5;70;52;2022;2;7;6;3;5;3;0;1;1;1;0;0;0;0;429842,260833764972631;5756039,622609609737992;7,979155045000030;51,950632317000000
169262;5220228513210578680;5;1;62;24;2022;2;17;2;3;5;3;0;0;1;1;0;0;0;0;336627,083170901983976;5676005,192532200366259;6,660925943000050;51,212041736000103
169263;5220210702100179199;5;5;15;0;2022;2;12;5;3;4;5;0;0;1;0;0;0;0;1;404616,652000489004422;5758694,195780349895358;7,611468406000030;51,970738851000100
169264;5220304501325279021;5;1;12;0;2022;3;12;6;3;1;1;0;0;1;1;0;0;0;0;345998,169477467017714;5693430,781658519990742;6,787469443000020;51,371220931000003
169271;5220223516300786725;5;1;58;28;2022;2;18;4;2;0;1;1;0;1;0;0;0;0;0;355497,293024892976973;5684583,851216579787433;6,927432224000030;51,294218441000098
169274;5220303702100270583;5;5;15;0;2022;3;16;5;3;5;2;0;0;1;1;0;0;0;0;407070,903999981004745;5758343,935999659821391;7,647279789000040;51,968006316000100
169276;5220221609108189774;5;3;58;8;2022;2;5;2;3;0;2;2;1;1;0;0;0;0;1;322980,753999486973044;5632261,559998339973390;6,487083588000080;50,814993362999999
169277;5220306515110656537;5;1;54;36;2022;3;12;1;2;8;1;0;0;1;0;0;0;0;0;302135,189999226015061;5740832,597995939664543;6,131344307000060;51,783325155999997
169278;5220214702100068134;5;5;15;0;2022;2;18;2;3;3;2;2;1;1;1;0;0;0;0;401958,616999973019119;5758594,217999660409987;7,572815734000070;51,969377717000000
169279;5220301705000020789;5;5;54;20;2022;3;17;3;2;5;3;0;0;1;0;0;0;0;0;365798,713888600002974;5783186,948342929594219;7,037053018000050;52,182804825000098
169281;5220216607200573844;5;3;82;20;2022;2;7;4;3;5;3;0;1;1;1;0;0;0;0;379323,674999921000563;5625543,308999549597502;7,288648753000070;50,769088009000001
169284;5220304601200290374;5;3;15;0;2022;3;15;6;3;5;3;0;0;1;1;0;0;0;0;354053,997999798972160;5643461,058999340049922;6,923380305000020;50,924305613999998
169286;5220218709110468373;5;5;66;8;2022;2;9;6;3;5;3;0;1;1;1;0;0;0;0;399882,700999970023986;5781429,269999659620225;7,535908132000030;52,174247387999998
169287;5220221709500074673;5;5;66;76;2022;2;16;2;2;5;3;0;1;1;1;0;0;0;0;394963,115999963018112;5794105,558999660424888;7,460054844000070;52,287259242000097
169288;5220307602600714811;5;3;62;20;2022;3;16;2;3;0;2;0;0;1;1;0;0;0;0;346017,092842055018991;5631397,995890580117702;6,814190360000050;50,813816299999999
169289;5220307300700593136;5;9;16;0;2022;3;11;2;3;3;6;0;0;1;1;0;0;0;0;371053,446277232025750;5708942,420848139561713;7,141562197000040;51,516868357000099
169290;5220214709000979088;5;5;66;12;2022;2;11;2;1;5;3;0;0;1;1;0;0;0;0;405120,834999978018459;5771581,606999670155346;7,615231682000060;52,086660975000001
169291;5220301709500079091;5;5;66;76;2022;3;11;3;2;0;7;0;0;1;0;0;0;0;1;395072,272847237007227;5796030,093364479951560;7,461055051000070;52,304576386000100
169298;5220214411236200424;5;7;74;36;2022;2;17;2;3;5;3;0;0;1;1;0;0;0;0;472645,335932530986611;5724729,890150849707425;8,604413734000049;51,672878175000100
169299;5220228610122569713;5;3;70;28;2022;2;11;2;3;5;3;0;0;1;1;0;0;0;0;296848,766999057028443;5645526,133995669893920;6,109226187000050;50,925552086000003
169300;5220211316100090549;5;9;74;40;2022;2;12;6;3;5;3;0;0;1;1;0;0;0;0;436459,697999997006264;5713528,682999639771879;8,083202857000060;51,569247345000100
169301;5220223411132051319;5;7;74;32;2022;2;15;4;3;5;3;0;0;1;1;0;0;0;0;483740,597999999998137;5729935,251999660395086;8,764621933000059;51,720112159999999
169305;5220227500300081436;5;1;11;0;2022;2;11;1;2;0;1;0;0;1;0;0;0;0;0;348697,994999764021486;5674804,451999239623547;6,834118587000030;51,204577938000099
169306;5220304608200377510;5;3;34;2;2022;3;10;6;3;6;4;0;0;1;0;1;0;0;0;295311,720208495971747;5629156,545041020028293;6,096533906000050;50,777991356000001
169311;5220211711215991757;5;5;70;4;2022;2;9;6;3;0;1;0;1;1;0;0;0;0;0;423721,515750425984152;5733982,284555960446596;7,894978516000040;51,751541971999998
169312;5220222405108576206;5;7;54;8;2022;2;18;3;3;5;3;2;1;1;1;0;0;0;0;456564,527000000001863;5749737,426999660208821;8,368744922000079;51,896701300000103
169313;5220307600360178278;5;3;82;12;2022;3;16;2;2;7;1;0;0;1;0;0;0;0;0;352149,203864550974686;5629451,603085529990494;6,901956826000060;50,797922343000003
169316;5220224500100300318;5;1;11;0;2022;2;12;5;3;3;6;0;0;1;1;0;0;0;0;345616,436367050977424;5677519,225627820007503;6,788872354000030;51,228146949000099
169317;5220226601300078488;5;3;15;0;2022;2;15;7;2;5;2;0;0;1;0;0;0;0;1;349191,534781605994795;5643262,285909930244088;6,854327078000040;50,921268882000000
169324;5220219702100355964;5;5;15;0;2022;2;13;7;3;0;7;0;1;1;0;1;0;0;0;401739,413776464993134;5757480,941738749854267;7,569944419000020;51,959332648999997