OBJECTID;UIDENTSTLAE;ULAND;UREGBEZ;UKREIS;UGEMEINDE;UJAHR;UMONAT;USTUNDE;UWOCHENTAG;UKATEGORIE;UART;UTYP1;ULICHTVERH;IstStrassenzustand;IstRad;IstPKW;IstFuss;IstKrad;IstGkfz;IstSonstige;LINREFX;LINREFY;XGCSWGS84;YGCSWGS84
169325;5220305601500972513;5;3;15;0;2022;3;13;7;3;0;1;0;0;1;0;0;0;0;0;358211,878999825974461;5646192,642999400384724;6,981438736000030;50,949891243000103
169326;5220214702100057472;5;5;15;0;2022;2;18;2;3;5;3;2;0;1;0;0;0;0;0;405989,473126743978355;5756511,710460060276091;7,632044238000050;51,951355589999999
169329;5220223317210018763;5;9;78;20;2022;2;10;4;3;0;6;0;0;1;0;0;0;0;0;407443,329977368994150;5716805,312215070240200;7,663777033000030;51,594684958000101
169330;5220216411132738012;5;7;74;32;2022;2;17;4;3;0;1;0;1;1;0;0;0;0;0;482596,114008217002265;5729715,802936130203307;8,748065025000070;51,718104674000102
169336;5220228300500139605;5;9;54;36;2022;2;16;2;3;0;1;0;0;1;0;0;0;0;0;384770,105967667012010;5699636,978151559829712;7,342194050000050;51,436195841000000
169340;5220302500200556862;5;1;11;0;2022;3;7;4;3;0;3;1;0;1;1;0;0;0;0;347837,365619860007428;5676556,080229770392179;6,821065173000020;51,220088885000102
169341;5220223702100076118;5;5;15;0;2022;2;16;4;3;1;5;0;0;1;1;0;0;0;0;405773,183999979984947;5751639,817999649792910;7,630232041000060;51,907528018999997
169343;5220225601600986502;5;3;15;0;2022;2;18;6;3;5;3;1;1;1;1;0;0;0;0;362226,916999850014690;5645068,115999439731240;7,038987743000060;50,940758446000103
169348;5220228701800852947;5;5;62;4;2022;2;13;2;3;6;7;0;0;1;0;1;0;0;0;382686,432473087974358;5712210,122521449811757;7,308051002000070;51,548773412000102
169349;5220210609108253673;5;3;58;8;2022;2;11;5;3;0;2;0;0;1;0;0;0;1;0;321123,549982193973847;5633217,179643450304866;6,460280809000040;50,823008033000100
169352;5220302405108270353;5;7;54;8;2022;3;9;4;3;5;3;0;0;1;1;0;0;0;0;455542,273999999975786;5750194,607999670319259;8,353830390000040;51,900730984000099
169356;5220228410110282043;5;7;70;24;2022;2;15;2;3;5;3;0;0;1;1;0;0;0;0;492765,224999999976717;5794741,828999689780176;8,893896652000020;52,302972330999999
169357;5220218300200590138;5;9;11;0;2022;2;11;6;3;1;5;0;0;1;1;0;0;0;0;370879,119554831006099;5706644,862573579885066;7,139892365000040;51,496180444000103
169358;5220304500200963677;5;1;11;0;2022;3;10;6;3;5;2;0;0;1;1;0;0;0;0;346439,209243284014519;5680800,117709469981492;6,799239948000040;51,257849325999999
169363;5220301515110091541;5;1;54;36;2022;3;15;3;2;0;6;0;0;1;0;0;0;0;0;302630,085239073028788;5739686,484553099609911;6,139161144000070;51,773207714000101
169371;5220214609224189889;5;3;58;24;2022;2;14;2;2;5;2;0;0;1;1;0;0;0;0;316061,545666180027183;5642627,018515559844673;6,383758441000050;50,905954104000003
169372;5220228705000510935;5;5;54;16;2022;2;7;2;3;5;3;0;2;1;1;0;0;0;0;362723,227368256018963;5757469,378794549964368;7,002438953000020;51,950966460000103
169376;5220302709700181515;5;5;66;28;2022;3;15;4;3;3;7;0;0;1;1;0;0;0;0;412384,207927073002793;5792233,589165910147130;7,715875377000030;52,273487332999999
169377;5220224705000687244;5;5;54;8;2022;2;13;5;3;6;4;0;0;1;0;1;0;0;0;335378,985738425981253;5745843,742683749645948;6,610436694000040;51,839110722999997
169379;5220305411132368163;5;7;74;32;2022;3;13;7;3;3;6;0;0;1;0;0;0;0;0;480761,055937953991815;5730230,476526989601552;8,721473004000069;51,722672297000003
169381;5220228501115791529;5;1;12;0;2022;2;19;2;3;5;3;2;0;1;1;0;0;0;0;345145,513999737973791;5706682,944999150000513;6,769435932000020;51,490060178000100
169382;5220210600330189881;5;3;82;48;2022;2;17;5;3;5;3;2;1;1;0;0;0;0;0;354174,247999798972160;5610378,187999339774251;6,938208994000040;50,627020835000103
169385;5220302316200678552;5;9;74;52;2022;3;16;4;3;2;2;0;0;1;1;0;0;0;0;421721,889999990002252;5711210,835999639704823;7,871113339000030;51,546556619999997
169394;5220214601600393549;5;3;15;0;2022;2;16;2;3;5;3;0;0;1;1;0;0;0;0;363429,838999855972361;5641388,701999460346997;7,057477211000050;50,907976111000004
169397;5220216608100669684;5;3;34;2;2022;2;16;4;2;0;1;0;1;1;0;0;0;0;0;294638,411303011991549;5629133,742900920100510;6,087009028000070;50,777548571000104
169398;5220303610111291204;5;3;70;16;2022;3;17;5;2;5;3;0;0;1;1;0;0;0;0;293567,076999008015264;5663765,648994999937713;6,052221465000060;51,088189548999999
169403;5220211500200271881;5;1;11;0;2022;2;10;6;3;5;7;0;0;1;1;0;0;0;0;345443,775999738019891;5678832,799999170005322;6,785834734000050;51,239903238000103
169405;5220307505200617923;5;1;14;0;2022;3;16;2;3;0;7;0;0;1;1;0;0;0;0;335842,802363205992151;5691379,111297179944813;6,642643711000060;51,349943373000002
169406;5220214518100100464;5;1;70;48;2022;2;12;2;3;5;3;0;0;1;1;0;0;0;0;337177,804999671003316;5727071,567998900078237;6,645315428000060;51,670994335000003
169408;5220223513320886785;5;1;62;4;2022;2;19;4;2;4;6;2;0;1;0;0;0;0;0;349557,607571938016918;5664413,158224989660084;6,850759366000030;51,111429740000098
169413;5220219709110679617;5;5;66;8;2022;2;16;7;2;0;7;0;0;1;0;0;0;0;0;398206,758999967016280;5781193,186999659985304;7,511479271000040;52,171818915000102
169415;5220213410240696986;5;7;70;40;2022;2;16;1;3;8;1;1;0;1;0;0;0;0;0;475900,578559414017946;5807958,218763340264559;8,645618070000070;52,421309635000100
169416;5220301400200386234;5;7;11;0;2022;3;18;3;3;0;1;0;0;1;0;1;0;0;0;467860,822154754016083;5764149,602325559593737;8,531560218000040;52,027043124000002
169417;5220223300300336651;5;9;11;0;2022;2;19;4;2;0;1;2;0;1;0;0;0;0;0;382712,805170971027110;5705877,312489880248904;7,310539087000050;51,491860998000000
169418;5220216500300674597;5;1;11;0;2022;2;7;4;3;5;2;0;1;1;1;0;0;0;0;345246,032999734976329;5674210,649999169632792;6,784999088000060;51,198317631000101
169419;5220219405244281099;5;7;54;44;2022;2;18;7;3;0;1;2;0;1;0;0;0;0;0;463115,000024661014322;5749105,178098220378160;8,464006792000021;51,891489024000101
169422;5220227406220944988;5;7;58;24;2022;2;14;1;3;9;1;0;0;1;0;0;0;0;0;480050,922000001010019;5783298,346999679692090;8,708109785000030;52,199775539000001
169430;5220302705000196748;5;5;54;20;2022;3;13;4;2;2;6;0;0;1;0;0;0;0;0;364596,295111584011465;5783961,400065559893847;7,019167399000030;52,189469670999998
169432;5220226310240573253;5;9;54;4;2022;2;11;7;3;5;3;0;0;1;1;0;0;0;0;393016,784999958996195;5679427,699999599717557;7,466865761000070;51,256157555000101
169433;5220218404102587058;5;7;66;40;2022;2;10;6;3;5;3;0;1;1;1;0;0;0;0;486190,113000001001637;5759695,063999669626355;8,798892692000040;51,987752108999999
169435;5220211516900886848;5;1;58;26;2022;2;7;6;3;5;3;0;1;1;1;0;0;0;0;352088,470711173024029;5661515,794152690097690;6,888076111000030;51,086052119000001
169443;5220216702100576673;5;5;15;0;2022;2;13;4;3;0;7;0;1;1;0;0;0;0;1;407242,791174536978360;5756945,649977469816804;7,650158741000040;51,955466506000100
169449;5220212709300174703;5;5;66;68;2022;2;15;7;2;0;7;0;0;1;1;0;0;0;0;375259,132895209011622;5784862,622319050133228;7,174733805000070;52,200083107000097
169450;5220228516400390699;5;1;58;24;2022;2;11;2;3;5;2;0;0;1;1;0;0;0;0;358872,087353853974491;5680098,014791689813137;6,977574638000020;51,254753091000097
169454;5220303516500791140;5;1;58;16;2022;3;11;5;3;0;1;0;0;1;0;0;0;0;0;355371,359999809996225;5670675,003999359905720;6,931241815000020;51,169197963000002
169456;5220227702100270512;5;5;15;0;2022;2;0;1;2;0;1;2;0;1;0;0;0;0;0;406388,425891018006951;5751559,245567210018635;7,639194922000060;51,906907520000097
169458;5220211709500511931;5;5;66;76;2022;2;16;6;3;5;3;0;0;1;1;0;0;0;0;393345,648999960976653;5796551,873999659903347;7,435575989000030;52,308933107000001
169459;5220228500300269054;5;1;11;0;2022;2;18;2;3;5;3;1;0;1;1;0;0;0;0;348242,905999757989775;5672968,489999230019748;6,828385072000060;51,187959761000101
169461;5220304500200270549;5;1;11;0;2022;3;10;6;3;8;1;0;0;1;0;0;0;0;0;346605,011726553027984;5683386,484878459945321;6,800504579000060;51,281133644000100
169465;5220228601200490243;5;3;15;0;2022;2;17;2;3;5;3;1;0;1;1;0;0;0;0;359098,375445892976131;5639700,983275109902024;6,996558990000040;50,891767348000002
169466;5220211405228896997;5;7;54;28;2022;2;9;6;3;2;6;0;1;1;1;0;0;0;0;452516,484999999986030;5743574,354999659582973;8,310765953000040;51,840961911000100
169470;5220224601300690858;5;3;15;0;2022;2;7;5;3;3;2;1;0;1;1;0;0;0;0;354190,925999801023863;5646580,297999350354075;6,924078966000020;50,952371874000100
169471;5220227503400786679;5;1;22;0;2022;2;14;1;3;0;1;0;0;1;0;0;0;0;0;360720,704999841982499;5666315,072999429889023;7,009395003000070;51,131343722000103
169477;5220305301101394440;5;9;13;0;2022;3;13;7;3;1;5;0;0;1;1;0;0;0;0;394837,411041360988747;5706940,506643460132182;7,484801354000070;51,503802911999998
169479;5220215514217585933;5;1;66;36;2022;2;8;3;3;6;7;0;0;1;0;1;0;0;0;329390,718779572984204;5682765,426452890038490;6,554198430000040;51,270659452000103
169486;5220304405108890756;5;7;54;8;2022;3;12;6;3;5;3;0;0;1;1;0;0;0;0;458088,165000001026783;5748862,280999659560621;8,390993207000070;51,888949882000098
169490;5220307316100661123;5;9;74;40;2022;3;18;2;2;5;3;1;0;1;1;0;0;0;0;438231,873999999021180;5713109,633999650366604;8,108843149000050;51,565676814000000
169498;5220225602700094931;5;3;62;28;2022;2;7;6;2;1;5;0;0;1;1;0;0;0;0;352170,114030716009438;5639608,736171119846404;6,898154473000030;50,889206760999997
169500;5220305600370186307;5;3;82;4;2022;3;16;7;3;1;5;0;0;1;1;0;0;0;0;359491,425327308010310;5622362,609768830239773;7,008783244000030;50,736037336999999
169501;5220213606100481786;5;3;78;4;2022;2;16;1;3;0;5;0;0;1;1;0;0;0;0;368324,979770110978279;5650676,317652500234544;7,123704356000080;50,992588341000001
169502;5220228709500042537;5;5;66;76;2022;2;17;2;3;2;1;0;0;1;0;0;0;0;0;393092,256951136980206;5792921,680077419616282;7,433012656000070;52,276258763999998
169503;5220211303100023290;5;9;15;0;2022;2;13;6;3;5;3;0;1;1;1;0;0;0;0;418838,228071830002591;5724794,194637170061469;7,826391211000040;51,668259251999999
169506;5220215705000296604;5;5;54;12;2022;2;13;3;3;1;5;0;0;1;1;0;0;0;0;352694,167033051024191;5746608,247527820058167;6,861250212000070;51,850815632000000
169508;5220224701400085663;5;5;12;0;2022;2;11;5;3;1;5;0;0;1;1;0;0;0;0;359077,394999835989438;5719875,571999420411885;6,964686361000080;51,612252800000100
169509;5220227505200591507;5;1;14;0;2022;2;19;1;3;5;3;2;0;1;1;0;0;0;0;329322,862999582022894;5689446,724998599849641;6,550031446000050;51,330662707999998
169510;5220304701400789553;5;5;12;0;2022;3;13;6;3;5;3;0;0;1;1;0;0;0;0;354343,498483558010776;5715861,155774709768593;6,898030864000020;51,574976372999998
169511;5220211709500079091;5;5;66;76;2022;2;13;6;3;5;3;0;0;1;1;0;0;0;0;392943,996731652005110;5792298,120420699939132;7,431038358000020;52,270625879000100
169513;5220217518120782155;5;1;70;44;2022;2;16;5;3;5;3;0;0;1;1;0;0;0;0;339193,954999686975498;5719432,024998979642987;6,677955975000030;51,602940465000103
169515;5220211506100095945;5;1;16;0;2022;2;12;6;3;1;5;0;0;1;1;0;0;0;0;320079,329480783024337;5675302,426360590383410;6,424602494000060;51,200755806000103
169517;5220307500300001865;5;1;11;0;2022;3;13;2;3;5;2;0;0;1;1;0;0;0;0;348489,871999760973267;5671586,172999240458012;6,832499259000030;51,175604087000103
169521;5220226608200556429;5;3;34;2;2022;2;8;7;3;0;1;0;2;1;0;0;0;0;0;299277,159999091003556;5625269,200996140018106;6,154827889000050;50,744462007000003
169524;5220303705000780993;5;5;54;8;2022;3;9;5;3;4;2;0;0;1;1;0;0;0;0;336876,995999670994934;5745478,623998870141804;6,632333133000030;51,836270216000102
169526;5220218701120680857;5;5;62;32;2022;2;14;6;3;5;3;0;0;1;1;0;0;0;0;375469,159999913012143;5713940,731999560259283;7,203400859000060;51,562780119000102
169528;5220305516900295718;5;1;58;26;2022;3;13;7;3;0;1;0;0;1;0;0;0;0;0;351531,079999783018138;5662067,285999299958348;6,879896687000040;51,090863943999999
169529;5220214701200681594;5;5;62;20;2022;2;16;2;3;5;2;0;0;1;1;0;0;0;0;371420,194999895000365;5715772,837999540381134;7,144348662000030;51,578336507000103
169532;5220307601400065721;5;3;15;0;2022;3;9;2;3;6;3;0;0;1;0;1;0;0;0;352531,007999791007023;5654499,267999320290983;6,897249015000060;51,023113124000098
169533;5220215601100024932;5;3;15;0;2022;2;17;3;2;3;6;1;0;1;0;0;0;0;0;355241,974817617970984;5645841,441384959965944;6,939326360000050;50,945996888000103
169534;5220302602900878470;5;3;62;40;2022;3;6;4;3;5;2;2;0;1;1;0;0;0;0;356538,388894524017815;5632213,885526330210268;6,963118144000020;50,823850456000102
169537;5220223605104378619;5;3;74;4;2022;2;6;4;3;0;1;0;2;1;0;0;0;0;0;405605,752442914003041;5653449,161181690171361;7,654025514000070;51,024839448000101
169538;5220217500300091345;5;1;11;0;2022;2;21;5;3;7;7;2;0;1;0;0;0;0;0;348168,502677702985238;5672002,408640960231423;6,827729457000030;51,179259039999998
169540;5220211514111675561;5;1;66;32;2022;2;23;6;3;0;1;2;0;1;0;0;0;0;0;314875,995086728013121;5681536,811006990261376;6,346985734000040;51,255094088000099
169544;5220214502407578528;5;1;17;0;2022;2;14;2;3;3;6;0;0;1;0;0;0;0;0;351713,190999787009787;5695637,773999299854040;6,868593133000050;51,392573433000102
169548;5220303600110473824;5;3;14;0;2022;3;14;5;3;5;2;0;0;1;1;0;0;0;0;363949,145999857981224;5621042,204999449662864;7,072404300000070;50,725231134000097
169549;5220225601200666018;5;3;15;0;2022;2;11;6;2;3;6;0;0;1;1;0;0;0;0;356718,120561081974301;5642131,976082449778914;6,961783462000030;50,913029033000001
169553;5220228601700772276;5;3;16;0;2022;2;11;2;3;0;1;0;0;1;0;0;0;0;0;362323,314999850001186;5654939,504999450407922;7,036618858000050;51,029498097999998
169555;5220222608200375610;5;3;34;2;2022;2;11;3;3;0;1;0;1;1;0;0;0;0;0;299105,225985759985633;5629075,269097249954939;6,150316789000040;50,778587686999998
169558;5220224709110070592;5;5;66;8;2022;2;16;5;3;0;6;0;1;1;1;0;0;0;0;398632,286011143994983;5780977,616998399607837;7,517763887000060;52,169959773000102
169562;5220217702100165912;5;5;15;0;2022;2;7;5;3;7;1;0;1;1;0;0;0;0;0;404113,065280948998407;5752864,879496379755437;7,605765633000030;51,918256111000098
169563;5220304601400293592;5;3;15;0;2022;3;12;6;3;5;3;0;0;1;1;0;0;0;0;355398,325999810011126;5647222,696999359875917;6,941001909000020;50,958449143999999
169566;5220307516300991373;5;1;58;28;2022;3;17;2;3;0;7;0;0;1;0;0;0;0;0;349425,143206709006336;5684461,563848510384560;6,840457459000050;51,291546326999999
169567;5220215501213367335;5;1;12;0;2022;2;17;3;2;5;3;0;0;1;1;0;0;0;0;338312,914404842013028;5698995,998859720304608;6,674616324000060;51,419085466000098
169569;5220223608200186644;5;3;34;2;2022;2;15;4;3;0;1;0;0;1;0;0;0;0;0;296238,231553907971829;5626057,588758929632604;6,111374110000040;50,750484549000099
169572;5220225500300787320;5;1;11;0;2022;2;7;6;2;0;1;1;2;1;0;0;0;0;0;349645,979999770992436;5675181,522999259643257;6,847520646000020;51,208216538999999
169573;5220218600110095306;5;3;14;0;2022;2;22;6;3;7;7;2;0;1;0;0;0;0;0;364205,593292394012678;5621405,551974750123918;7,075901707000070;50,728556836000102
169580;5220302706000352435;5;5;58;12;2022;3;16;4;3;0;1;0;0;1;0;0;0;0;0;374081,276820004975889;5756264,342930139973760;7,168059756000050;51,942824818000098
169581;5220224606000678223;5;3;78;4;2022;2;9;5;3;5;3;0;0;1;1;0;0;0;0;366577,021841078007128;5651167,805727190338075;7,098630943000050;50,996603048000097
169582;5220227501317591191;5;1;12;0;2022;2;14;1;3;0;1;0;0;1;0;0;0;0;0;344478,305999732983764;5700022,571999140083790;6,762762354000070;51,430034154000097
169583;5220305406220296909;5;7;58;24;2022;3;18;7;3;0;1;2;0;1;0;0;0;0;0;479524,048728558002040;5784199,207591160200536;8,700346338000029;52,207855426999998
169588;5220223400200774550;5;7;11;0;2022;2;8;4;3;5;3;0;0;1;1;0;0;0;0;468660,101000000024214;5762376,546999669633806;8,543371920000030;52,011147955000098
169597;5220222506100769419;5;1;16;0;2022;2;9;3;3;5;3;0;0;1;1;0;0;0;0;323124,932999501004815;5676152,902998269535601;6,467732268000020;51,209346934000102
169598;5220215602100786773;5;3;62;8;2022;2;13;3;3;5;3;0;0;1;1;0;0;0;0;337258,795999659982044;5645277,359998949803412;6,683793759000030;50,936132917000101
169601;5220226513130986187;5;1;62;22;2022;2;15;7;3;5;2;0;0;1;1;0;0;0;0;340261,960999691975303;5679160,149999029934406;6,711516762000030;51,241417215000098
169602;5220217601300264473;5;3;15;0;2022;2;12;5;3;5;2;0;1;1;1;0;0;0;0;354881,880764494999312;5646125,475488189607859;6,934090687000040;50,948458893000101
169603;5220304502102279547;5;1;13;0;2022;3;19;6;3;3;3;2;0;1;1;0;0;0;0;361201,905999849026557;5702279,814999439753592;7,002285886000040;51,454661823999999
169604;5220211500300379417;5;1;11;0;2022;2;23;6;3;1;1;2;0;1;1;0;0;0;0;345162,032024368003476;5675663,235884940251708;6,783170973000040;51,211347009000100
169606;5220221601600993463;5;3;15;0;2022;2;18;2;3;0;1;2;1;1;0;0;0;0;0;359438,725703305972274;5644548,250973380170763;6,999527800000070;50,935413408999999
169607;5220307502209078387;5;1;13;0;2022;3;13;2;3;5;3;0;0;1;1;0;0;0;0;359714,237999838020187;5701176,291999420151114;6,981325695000070;51,444378665000002
169608;5220214610111449165;5;3;70;16;2022;2;13;2;3;3;3;0;0;1;1;0;0;0;0;296575,974645168986171;5661076,958289340138435;6,096640583000070;51,065117731000001
169610;5220223610113567520;5;3;70;24;2022;2;14;4;3;5;2;0;0;1;0;0;0;0;1;282615,389998772996478;5655286,240992709994316;5,901164599000030;51,008005953000101
169612;5220304314210090140;5;9;66;4;2022;3;15;6;3;2;1;0;0;1;1;0;0;0;0;423218,953999991994351;5664276,854999619536102;7,902818664000050;51,124811011000098
169613;5220225602300085826;5;3;62;36;2022;2;15;6;3;5;6;0;1;1;1;0;0;0;0;345439,059999734978192;5651175,647999179549515;6,797618952000050;50,991384853000099
169617;5220228709300212303;5;5;66;84;2022;2;12;2;2;5;3;0;0;1;1;0;0;0;0;390028,693851158022881;5775762,275880410335958;7,393698302000080;52,121441116000000
169618;5220210702100274776;5;5;15;0;2022;2;11;5;3;5;7;0;1;1;1;0;0;0;0;404474,239019174012356;5759495,369830969721079;7,609172914000060;51,977915623000101
169621;5220303516900186640;5;1;58;26;2022;3;16;5;3;2;2;0;0;1;1;0;0;0;0;351535,213999784027692;5662090,132999300025403;6,879946286000060;51,091070322000100
169627;5220210500200778878;5;1;11;0;2022;2;15;5;3;0;7;0;1;1;0;0;0;0;0;344876,382000011974014;5681386,415006849914789;6,776606000000070;51,262694344000103
169629;5220222317140989311;5;9;78;28;2022;2;16;3;3;5;3;0;1;1;1;0;0;0;0;399822,715622717980295;5700675,254393070004880;7,558382018000030;51,448390824000100
169632;5220223709800981039;5;5;66;44;2022;2;9;4;2;0;1;0;1;1;0;0;0;0;0;429130,908626582007855;5777999,067458719946444;7,964251775000040;52,147944782000103
169635;5220304405228976383;5;7;54;28;2022;3;17;6;3;5;3;0;0;1;1;0;0;0;0;450956,525000000023283;5745105,883999659679830;8,287907376000019;51,854596276000102
169636;5220211500100057530;5;1;11;0;2022;2;16;6;3;5;3;0;0;1;1;0;0;0;0;341896,050999707018491;5678724,603999080136418;6,735100070000040;51,237958994000103
169641;5220214518200078891;5;1;70;24;2022;2;9;2;3;5;3;0;0;1;1;0;0;0;0;336501,863999659020919;5702781,793998889625072;6,646845379000070;51,452578560000099
169646;5220226411220482000;5;7;74;20;2022;2;7;7;3;0;1;1;2;1;0;0;0;0;0;469634,963999999978114;5735182,972999650053680;8,559969582000059;51,766708473000101
169647;5220217515210582341;5;1;54;12;2022;2;16;5;3;2;2;0;0;1;1;0;0;0;0;314540,120550442021340;5710481,111352269537747;6,327064426000050;51,514967513000002
169651;5220221705000068371;5;5;54;8;2022;2;14;2;3;5;3;0;1;1;1;0;0;0;0;336676,872999668004923;5745887,277998859994113;6,629238203000060;51,839882880000097
169652;5220307316100290591;5;9;74;40;2022;3;16;2;3;0;3;0;0;1;1;0;0;0;0;438241,083671104977839;5711876,875725200399756;8,109192581000061;51,554594651000102
169653;5220215300800375655;5;9;54;36;2022;2;14;3;3;5;3;0;0;1;1;0;0;0;0;388216,755215193028562;5701965,814030789770186;7,391023783000040;51,457818613000001
169655;5220223601200090315;5;3;15;0;2022;2;18;4;2;3;6;1;0;1;1;0;0;0;0;354500,644999801996164;5640600,112999349832535;6,930871800000030;50,898707780000102
169658;5220225711111453358;5;5;70;52;2022;2;17;6;2;3;2;1;1;1;1;0;0;0;0;430388,662591384025291;5756775,500651059672236;7,986955148000050;51,957316240000097
169659;5220221300600790130;5;9;16;0;2022;2;5;2;3;5;3;2;1;1;1;0;0;0;0;378896,486629466002341;5711145,352927880361676;7,253784028000040;51,538403127000002
169661;5220213705000030800;5;5;54;68;2022;2;1;1;2;0;7;2;0;1;0;0;0;0;0;351553,959911011974327;5767154,775323850102723;6,835838315000050;52,035117028000101
169667;5220225405112787128;5;7;54;12;2022;2;7;6;3;5;3;0;0;1;1;0;0;0;0;456416,118000000016764;5766765,871999680064619;8,364425785000041;52,049783058000102
169668;5220227705000020922;5;5;54;20;2022;2;17;1;2;5;3;0;0;1;1;0;0;0;0;364064,450999865017366;5786982,884999490343034;7,010179385000070;52,216487557999997
169669;5220304701500395161;5;5;62;24;2022;3;13;6;3;5;3;0;0;1;1;0;0;0;0;371678,825999895983841;5725254,332999539561570;7,144606186000030;51,663604043000099
169674;5220222602800390356;5;3;62;12;2022;2;16;3;3;5;3;0;0;1;1;0;0;0;0;352257,593999787000939;5633492,485999310389161;6,901866646000030;50,834264408000102
169676;5220215506100069394;5;1;16;0;2022;2;15;3;3;0;1;0;0;1;0;0;0;0;0;322824,264133238000795;5672527,814902390353382;6,465220703000060;51,176688175000002
169680;5220223514210700414;5;1;66;12;2022;2;7;4;3;5;3;0;0;1;1;0;0;0;0;319745,067999463004526;5692949,170998009853065;6,410921145000030;51,359169577999999
169682;5220304307000471248;5;9;62;40;2022;3;7;6;3;5;3;0;1;1;1;0;0;0;0;419104,956404761003796;5697273,261580780148506;7,836574695000020;51,420890215999997
169684;5220218702100591832;5;5;15;0;2022;2;16;6;3;5;2;0;1;1;1;0;0;0;0;407046,072845372022130;5756907,334224510006607;7,647307241000020;51,955089257000097
169685;5220221702100105088;5;5;15;0;2022;2;13;2;3;5;2;0;1;1;1;0;0;0;0;405426,516999978979584;5756630,542999659664929;7,623822455000040;51,952328268000002
169686;5220306600110086255;5;3;14;0;2022;3;16;1;3;8;1;0;0;1;1;0;0;0;0;364557,056582131015602;5623105,235237539745867;7,080254060000070;50,743915395999998
169687;5220214705000085882;5;5;54;8;2022;2;16;2;3;5;3;0;1;1;1;0;0;0;0;335890,360999660973903;5746263,356998830102384;6,617653580000020;51,843030795000097
169688;5220301705000096533;5;5;54;8;2022;3;11;3;3;0;7;0;0;1;0;0;0;0;0;337169,398999673023354;5745949,240998880006373;6,636351858000070;51,840583346000102
169690;5220216601300086613;5;3;15;0;2022;2;8;4;3;0;3;0;0;1;1;0;0;0;0;351149,728999781014863;5646936,327999290078878;6,880666443000050;50,954793933000097
169696;5220228516300691151;5;1;58;28;2022;2;15;2;3;5;2;0;0;1;1;0;0;0;0;351282,462999783980194;5684949,432999289594591;6,866871952000050;51,296418296000098
169698;5220222518100779187;5;1;70;48;2022;2;7;3;2;5;2;1;0;1;1;0;0;0;0;336127,089999659976456;5726564,750998860225081;6,630371971000050;51,666135734000100
169699;5220302606100074352;5;3;78;4;2022;3;15;4;3;6;4;0;0;1;0;1;0;0;0;369372,036282618995756;5650710,254041350446641;7,138603666000050;50,993131959999999
169700;5220323601500767806;5;3;15;0;2022;3;13;4;3;4;1;0;0;1;0;0;0;0;0;358162,195491852995474;5646289,960679629817605;6,980693978000030;50,950753612000000
169701;5220319515211252567;5;1;54;16;2022;3;17;7;3;1;7;0;0;1;0;0;0;0;0;303682,653806941991206;5731378,309211569838226;6,159083557000030;51,698968014000101
169702;5220314516900278877;5;1;58;26;2022;3;10;2;3;5;2;0;0;1;1;0;0;0;0;352781,082757431024220;5662203,685098529793322;6,897677930000040;51,092411886000001
169704;5220325404101496980;5;7;66;20;2022;3;15;6;3;5;3;0;0;1;1;0;0;0;0;489605,252000002015848;5752738,474999669939280;8,848836131000040;51,925279875000101
169705;5220321601500667806;5;3;15;0;2022;3;16;2;3;5;3;0;0;1;1;0;0;0;0;359658,923999836028088;5646832,642999419942498;7,001779349000060;50,955997124000099
169707;5220308501134491396;5;1;12;0;2022;3;7;3;3;1;5;0;0;1;1;0;0;0;0;343061,196999720996246;5711358,511999100446701;6,737356799000050;51,531494125999998
169709;5220323300200190497;5;9;11;0;2022;3;13;4;3;0;5;0;0;1;1;0;0;0;0;373747,153871181013528;5701559,484858529642224;7,183003640000040;51,451124751000101
169711;5220309711213181052;5;5;70;4;2022;3;8;4;3;4;2;0;0;1;1;0;0;0;0;423659,054999993008096;5734801,677999650128186;7,893893889000030;51,758899529000097
169714;5220318505200772141;5;1;14;0;2022;3;19;6;3;0;1;2;0;1;0;0;0;0;0;328823,101999576028902;5696363,109998559579253;6,539535830000030;51,392646917000000
169716;5220312600350190908;5;3;82;32;2022;3;14;7;3;0;7;0;0;1;0;0;0;0;0;360165,775244952004869;5610317,217665939591825;7,022889673000070;50,627940668000100
169719;5220327301101680584;5;9;13;0;2022;3;18;1;3;5;3;0;0;1;1;0;0;0;0;394004,892999959993176;5708208,022999630309641;7,472429827000040;51,515040472000102
169720;5220322501126079056;5;1;12;0;2022;3;16;3;3;8;1;0;0;1;1;0;0;0;0;344848,012023184972350;5704129,530007329769433;6,766275638000020;51,467036404000098
169721;5220313601300966293;5;3;15;0;2022;3;15;1;3;5;3;0;0;1;1;0;0;0;0;347689,359999753010925;5644687,254999229684472;6,832375399000060;50,933679335000100
169722;5220309404301087369;5;7;66;44;2022;3;20;4;2;8;1;2;0;1;0;0;0;0;0;492692,222000000008848;5764182,748999670147896;8,893484040000031;52,028224183000098
169723;5220324411240426646;5;7;74;40;2022;3;18;5;2;9;1;1;1;1;0;0;0;0;0;478780,899000002013054;5707212,799999640323222;8,694200384000061;51,515639362999998
169724;5220325601300376582;5;3;15;0;2022;3;8;6;2;4;2;0;0;1;1;0;0;0;0;351779,784442887990735;5648515,861366660334170;6,888987238000030;50,969150718000002