OBJECTID;UIDENTSTLAE;ULAND;UREGBEZ;UKREIS;UGEMEINDE;UJAHR;UMONAT;USTUNDE;UWOCHENTAG;UKATEGORIE;UART;UTYP1;ULICHTVERH;IstStrassenzustand;IstRad;IstPKW;IstFuss;IstKrad;IstGkfz;IstSonstige;LINREFX;LINREFY;XGCSWGS84;YGCSWGS84
169727;5220315314110990035;5;9;66;24;2022;3;19;3;3;4;6;2;1;1;1;0;0;0;0;420198,782971421023831;5654826,613360210321844;7,861757298000040;51,039434913000001
169731;5220320310120685194;5;9;54;32;2022;3;12;1;3;0;1;0;0;1;0;0;0;0;0;387451,698999946005642;5694477,110999600030482;7,382395217000070;51,390356664000102
169734;5220308602500567504;5;3;62;24;2022;3;16;3;3;5;3;0;0;1;1;0;0;0;0;345814,444999739003833;5642789,984999190084636;6,806515384000020;50,916132259000101
169735;5220316702100076723;5;5;15;0;2022;3;17;4;3;0;1;0;0;1;0;0;0;0;0;404672,814752553997096;5757701,260217599570751;7,612561390000050;51,961823613000000
169736;5220321503100496222;5;1;24;0;2022;3;9;2;2;4;2;0;0;1;1;0;0;0;0;369531,773999887984246;5678753,843999509699643;7,130731870000030;51,245211408999999
169737;5220322608436089791;5;3;34;36;2022;3;7;3;3;4;6;0;0;1;0;0;0;0;0;298448,417999079974834;5634169,347995970398188;6,138216803000030;50,824112761000002
169738;5220318606000081875;5;3;78;20;2022;3;7;6;3;0;3;0;0;1;1;0;0;0;0;367048,764396856015082;5654767,099173929542303;7,104030647000060;51,029061083999999
169741;5220309600140990955;5;3;14;0;2022;3;14;4;3;0;1;0;0;1;0;0;0;0;0;367562,404602033027913;5622590,431110840290785;7,123011748000070;50,739981598000000
169742;5220324601300086438;5;3;15;0;2022;3;15;5;3;1;5;0;0;1;1;0;0;0;0;352435,877884609973989;5647380,158031210303307;6,898785491000070;50,959113168000002
169743;5220325705000477675;5;5;54;8;2022;3;17;6;3;1;5;0;0;1;1;0;0;0;0;335531,964033388008829;5747120,312309109605849;6,612048108000070;51,850623708000100
169744;5220311404101082096;5;7;66;20;2022;3;4;6;3;0;7;2;0;1;0;0;0;0;0;491048,022000000986736;5755409,193999670445919;8,869747791000069;51,949317465000000
169746;5220316603144481191;5;3;66;44;2022;3;11;4;3;5;1;0;0;1;1;0;0;0;0;334699,686999630008359;5617746,433998890221119;6,659803932000050;50,688033022000099
169750;5220325514217946075;5;1;66;36;2022;3;12;6;3;0;1;0;0;1;0;0;0;0;0;328525,296999569982290;5682340,339998560026288;6,542008093000050;51,266580836999999
169751;5220318514217086193;5;1;66;36;2022;3;8;6;3;3;2;0;0;1;0;0;0;0;1;328261,284686050028540;5682475,376065829768777;6,538162518000040;51,267714489000099
169753;5220310607100281283;5;3;82;60;2022;3;9;5;3;0;1;0;0;1;0;0;0;0;0;373857,399999903980643;5628901,273999519646168;7,210016766000020;50,798108015000103
169755;5220321709500538566;5;5;66;76;2022;3;18;2;3;5;3;0;0;1;1;0;0;0;0;393966,572999959986191;5794748,066999659873545;7,445248150000050;52,292842214000103
169759;5220323601400190213;5;3;15;0;2022;3;17;4;3;0;3;0;0;1;0;0;0;0;0;352087,597853375016712;5653884,201884930022061;6,891181897000020;51,017472005000101
169760;5220324514219085983;5;1;66;36;2022;3;11;5;3;5;3;0;0;1;1;0;0;0;0;327599,947999557014555;5679519,201998519711196;6,530116027000080;51,240957344000002
169761;5220325705000091855;5;5;54;8;2022;3;11;6;3;0;7;0;0;1;0;0;0;0;0;335272,831038665026426;5744716,994608430191875;6,609433575000030;51,828957418000101
169762;5220318601400276814;5;3;15;0;2022;3;15;6;2;5;3;0;0;1;1;0;0;0;0;357356,249999821011443;5647748,482999389991164;6,968656011000060;50,963662333999999
169764;5220312515210082161;5;1;54;28;2022;3;0;7;2;8;1;2;0;1;0;0;0;0;0;320584,059174457972404;5701806,253600469790399;6,418481055000030;51,438996229000097
169769;5220313606400332499;5;3;78;24;2022;3;14;1;3;9;1;0;0;1;0;0;0;0;0;376727,514951593009755;5646625,568210800178349;7,244747083000050;50,958040117000102
169772;5220317601200876459;5;3;15;0;2022;3;13;5;2;0;7;0;0;1;0;0;0;0;0;354471,716751613013912;5642159,306788110174239;6,929839093000060;50,912712611000103
169773;5220323607400781284;5;3;82;68;2022;3;10;4;3;5;5;0;0;1;1;0;0;0;0;367912,912834786984604;5629364,268931140191853;7,125544142000020;50,800944989000101
169775;5220310300800222695;5;9;54;36;2022;3;14;5;3;2;6;0;0;1;1;0;0;0;0;384367,469999771972653;5699864,519999849610031;7,336329656000030;51,438158954000102
169776;5220326601600381865;5;3;15;0;2022;3;11;7;3;4;2;0;0;1;1;0;0;0;0;359602,249999836029019;5645152,313999420031905;7,001620802000050;50,940882030000097
169778;5220320709700581515;5;5;66;28;2022;3;11;1;2;4;7;0;0;1;0;0;0;0;0;410771,072999985015485;5791374,660999679937959;7,692466567000050;52,265507679999999
169779;5220321505100391522;5;1;14;0;2022;3;13;2;3;5;3;0;0;1;1;0;0;0;0;330049,568999589013401;5688868,058998630382121;6,560728698000050;51,325681697000100
169780;5220311514215295939;5;1;66;28;2022;3;7;6;3;5;2;0;0;1;1;0;0;0;0;326031,100999541988131;5688290,892998419702053;6,503392068000040;51,319281947000000
169783;5220323313110587451;5;9;58;4;2022;3;15;4;2;5;3;0;0;1;1;0;0;0;0;430309,984927084005903;5698315,552805059589446;7,997490735000040;51,431749432000103
169784;5220318702100279223;5;5;15;0;2022;3;14;6;3;5;3;0;0;1;0;0;0;0;0;406500,117656330985483;5756592,570988040417433;7,639450403000070;51,952168483999998
169785;5220314513210939494;5;1;62;24;2022;3;5;2;3;0;3;2;1;1;1;0;0;0;0;336694,241918444982730;5676160,971391329541802;6,661815699000040;51,213460566999998
169786;5220321405108296965;5;7;54;8;2022;3;7;2;3;3;6;0;0;1;0;0;0;0;0;456539,472000000008848;5748471,655999669805169;8,368540336000020;51,885319332000101
169787;5220309602800028711;5;3;62;12;2022;3;7;4;3;5;3;0;0;1;1;0;0;0;0;351771,315999782993458;5631976,337999300099909;6,895578755000030;50,820514916000000
169788;5220324601200386596;5;3;15;0;2022;3;14;5;3;4;5;0;0;1;1;0;0;0;0;354136,086999799998011;5643880,090999339707196;6,924379866000040;50,928092092000000
169793;5220322601400372625;5;3;15;0;2022;3;14;3;2;1;5;0;0;1;1;0;0;0;0;356169,950508632988203;5647538,047483519650996;6,951856982000040;50,961476255999997
169794;5220309505200179549;5;1;14;0;2022;3;12;4;3;0;4;0;0;1;0;1;0;0;0;328653,695020715997089;5691853,878108249977231;6,539277046000050;51,352086575000001
169800;5220310601300086634;5;3;15;0;2022;3;11;5;3;3;1;0;0;1;1;0;0;0;0;351014,171415094984695;5645463,427455100230873;6,879340394000050;50,941522812000102
169801;5220326711112081091;5;5;70;52;2022;3;13;7;3;1;2;0;0;1;1;0;0;0;0;430298,216999995987862;5756616,806999670341611;7,985671324000070;51,955878315000099
169804;5220313513310678714;5;1;62;8;2022;3;13;1;3;3;6;0;0;1;1;0;0;0;0;338195,735112268012017;5664105,802622630260885;6,688716426000040;51,105573325000101
169805;5220308516900989214;5;1;58;20;2022;3;14;3;3;0;7;0;0;1;0;0;0;0;0;356327,793913803005125;5663439,569075400009751;6,947798795000040;51,104417734000002
169808;5220315608200089777;5;3;34;2;2022;3;13;3;3;5;3;0;1;1;1;0;0;0;0;295722,870999021979515;5628611,054995589889586;6,102660998000030;50,773237070999997
169809;5220310307000080384;5;9;62;16;2022;3;13;5;3;8;1;0;0;1;0;0;0;0;0;414804,895999988017138;5693971,163999640382826;7,775539575000040;51,390574931000103
169811;5220324701400891091;5;5;12;0;2022;3;12;5;2;5;3;0;0;1;1;0;0;0;0;356407,504916811012663;5709731,748060430400074;6,930297050000040;51,520428397000003
169814;5220307700000063350;5;5;13;0;2022;3;10;2;3;5;3;0;0;1;1;0;0;0;0;367579,601052555022761;5714197,922906610183418;7,089547837000050;51,563294192999997
169820;5220309601400163899;5;3;15;0;2022;3;16;4;3;0;7;0;0;1;0;0;0;0;1;350939,571281254990026;5658542,396326709538698;6,872909653000020;51,059035236000099
169821;5220324601400490616;5;3;15;0;2022;3;16;5;3;0;7;0;0;1;0;1;0;0;0;353786,558982545975596;5653516,835964430123568;6,915535165000050;51,014605168999999
169822;5220326500100672289;5;1;11;0;2022;3;18;7;3;9;1;0;0;1;0;0;0;0;0;343491,015999721013941;5677394,057999120093882;6,758510921000040;51,226443439999997
169827;5220324701110671520;5;5;62;32;2022;3;13;5;3;5;3;0;0;1;0;0;0;1;0;377126,475999917020090;5715717,605999570339918;7,226677037000060;51,579112954000003
169828;5220320300600389951;5;9;16;0;2022;3;15;1;3;5;3;0;0;1;1;0;0;0;0;377053,663999915996101;5710682,047999570146203;7,227387378000060;51,533840859000101
169829;5220321514110767303;5;1;66;32;2022;3;7;2;2;0;1;0;1;1;0;0;0;0;0;317701,145999428990763;5681846,897997880354524;6,387269511000060;51,258789661999998
169830;5220311610111475534;5;3;70;16;2022;3;7;6;3;5;3;0;0;1;1;0;0;0;0;299273,277999115001876;5659277,874995970167220;6,136083625000030;51,049909206999999
169832;5220316709110842542;5;5;66;8;2022;3;10;4;3;0;2;0;0;1;1;0;0;0;0;399717,590999972017016;5781440,278999660164118;7,533491204000030;52,174316349999998
169835;5220314609248694886;5;3;58;48;2022;3;14;2;3;3;5;0;0;1;1;0;0;0;0;321741,995683745015413;5639989,941643949598074;6,465755148000030;50,884044792000097
169836;5220309601100593578;5;3;15;0;2022;3;16;4;2;9;1;0;0;1;0;0;0;0;0;356949,908999819017481;5642523,391999379731715;6,964925008000020;50,916604166000099
169838;5220325702100091787;5;5;15;0;2022;3;16;6;3;5;3;0;0;1;1;0;0;0;0;408861,108999982010573;5756026,603999660350382;7,673946022000050;51,947473131999999
169842;5220316600380490962;5;3;14;0;2022;3;18;4;3;1;5;2;0;1;1;0;0;0;0;367413,027999876008835;5620254,591999479569495;7,121735881000060;50,718952801999997
169844;5220322518100685889;5;1;70;48;2022;3;16;3;3;5;7;0;0;1;1;0;0;0;0;336527,298999664024450;5727017,652998870238662;6,635941849000060;51,670321084000101
169846;5220309506100271714;5;1;16;0;2022;3;18;4;2;5;3;1;0;1;0;0;0;0;0;320524,509943352022674;5674593,893742440268397;6,431322161000030;51,194530966999999
169853;5220320301203485033;5;9;13;0;2022;3;10;1;3;5;3;0;0;1;1;0;0;0;0;393307,210038077028003;5715366,928383390419185;7,460207885000050;51,579256310000098
169857;5220308709500979184;5;5;66;76;2022;3;7;3;3;5;3;0;0;1;1;0;0;0;0;392383,472999956982676;5793635,036999659612775;7,422400305000050;52,282531500000097
169863;5220325500200546012;5;1;11;0;2022;3;9;6;3;5;2;0;0;1;1;0;0;0;1;346253,096999745001085;5678981,151999190449715;6,797356124000030;51,241454924999999
169868;5220322610211085705;5;3;70;4;2022;3;13;3;3;1;7;0;0;1;1;0;0;0;0;312786,671706016990356;5660267,838597119785845;6,328144661000070;51,063365001000101
169874;5220311501324086039;5;1;12;0;2022;3;16;6;3;5;3;0;0;1;1;0;0;0;0;343872,960999727016315;5694813,761999130249023;6,756354047000060;51,383066726000003
169875;5220312702100776731;5;5;15;0;2022;3;3;7;3;1;5;2;0;1;1;0;0;0;0;405640,700685923977289;5756857,981799189932644;7,626875708000060;51,954408970000003
169880;5220313601300081467;5;3;15;0;2022;3;23;1;2;0;1;2;0;1;0;0;0;0;0;354190,925999801023863;5646580,297999350354075;6,924078966000020;50,952371874000100
169884;5220317601200593388;5;3;15;0;2022;3;15;5;3;5;3;0;0;1;1;0;0;0;0;359478,137999834027141;5639550,211999409832060;7,002013208000050;50,890504853000003
169886;5220315515111591853;5;1;54;8;2022;3;13;3;3;0;7;0;1;1;0;0;0;0;0;311891,244999373971950;5746997,330997159704566;6,269263977000040;51,842055242000100
169887;5220310500200501791;5;1;11;0;2022;3;14;5;3;5;2;0;0;1;1;0;0;0;0;344881,430999732983764;5678334,415999160148203;6,778000932000050;51,235272459999997
169888;5220311501213891547;5;1;12;0;2022;3;15;6;2;5;3;0;0;1;1;0;0;0;0;340668,069348328979686;5698378,375843250192702;6,708736425000040;51,414203155000102
169896;5220325514119585955;5;1;66;16;2022;3;7;6;3;5;2;0;0;1;1;0;0;0;0;308296,740404322976246;5686488,522802540101111;6,250156921000040;51,297395324000000
169898;5220324513320141141;5;1;62;4;2022;3;15;5;2;0;1;0;0;1;0;0;0;0;0;349343,468025872018188;5662521,569705310277641;6,848491984000020;51,094375688000099
169900;5220321500300881079;5;1;11;0;2022;3;18;2;2;3;6;0;0;1;0;0;0;0;0;344415,449097707984038;5676556,769457959569991;6,772103086000070;51,219172833000101
169902;5220326600110090917;5;3;14;0;2022;3;12;7;3;0;1;0;0;1;0;0;0;0;0;365576,283097249979619;5622045,574398010037839;7,095078407000070;50,734628104000102
169904;5220321609220105836;5;3;58;20;2022;3;16;2;3;0;7;0;0;1;0;1;0;0;0;313922,546493096975610;5635863,496575590223074;6,356810289000070;50,844511292999996
169911;5220315301103087342;5;9;13;0;2022;3;20;3;3;3;6;2;0;1;1;0;0;0;0;391399,019030949973967;5704645,661568080075085;7,435986204000070;51,482525687000098
169915;5220311515211054172;5;1;54;16;2022;3;15;6;3;5;3;0;0;1;1;0;0;0;0;303592,974146525026299;5728952,278119659982622;6,159152658000040;51,677149982000103
169916;5220308411132178107;5;7;74;32;2022;3;13;3;3;5;3;0;0;1;1;0;0;0;0;480303,901000001002103;5726677,249999660067260;8,715055530000029;51,690708305999998
169919;5220309601400381662;5;3;15;0;2022;3;17;4;3;6;4;0;0;1;0;1;0;0;0;356728,113627464976162;5649138,623668460175395;6,959169355000030;50,975999442000003
169921;5220325608404258002;5;3;34;4;2022;3;11;6;3;0;7;0;0;1;0;1;0;0;0;300804,763999129994772;5638682,284996280446649;6,169176381000060;50,865462254000100
169923;5220311410110387123;5;7;70;24;2022;3;23;6;3;5;3;2;0;1;1;0;0;0;0;495895,569000001007225;5793235,940999690443277;8,939823785000041;52,289465962000101
169924;5220312502401570225;5;1;17;0;2022;3;17;7;3;0;1;0;0;1;0;0;0;0;1;352597,778396021982189;5699766,405153179541230;6,879582256000050;51,429902581000100
169925;5220316411132579146;5;7;74;32;2022;3;7;4;2;5;3;0;0;1;1;0;0;0;0;482666,369286955974530;5729385,674859190359712;8,749098442000051;51,715138567000103
169928;5220322404101090750;5;7;66;20;2022;3;13;3;3;0;3;0;0;1;0;0;0;0;0;491163,145513519004453;5754189,054331850260496;8,871454208000049;51,938349004000003
169929;5220313600110969535;5;3;14;0;2022;3;14;1;3;0;1;0;0;1;0;0;0;0;0;366435,630294107017107;5619995,385851389728487;7,107991652000070;50,716399232000100
169930;5220308516800590327;5;1;58;20;2022;3;9;3;3;5;2;0;0;1;1;0;0;0;0;356430,621272746007890;5664393,377569760195911;6,948887046000040;51,113014958000100
169931;5220324513210301962;5;1;62;24;2022;3;14;5;3;5;3;0;0;1;1;0;0;0;0;340645,588999695028178;5671253,963999040424824;6,720519221000070;51,170487041000101
169933;5220318300600842000;5;9;16;0;2022;3;14;6;3;6;7;0;0;1;0;1;0;0;0;376585,888307004002854;5711715,177811279892921;7,220284368000020;51,543023871000102
169935;5220315500300892700;5;1;11;0;2022;3;11;3;3;5;2;0;0;1;1;0;0;0;0;347617,005999754008371;5672807,421999219805002;6,819503830000030;51,186345931000098
169936;5220310500200674139;5;1;11;0;2022;3;12;5;3;5;3;0;0;1;1;0;0;0;0;345722,568999740993604;5677992,829999179579318;6,790187293000030;51,232431196000100
169938;5220325405108787640;5;7;54;8;2022;3;7;6;3;5;3;0;0;1;1;0;0;0;0;456807,480669651995413;5751206,407693929970264;8,372091460000039;51,909927154000101
169939;5220320601400091026;5;3;15;0;2022;3;22;1;2;0;1;2;0;1;0;0;0;0;0;355992,060083593998570;5648102,948255759663880;6,949101952000030;50,966508466000100
169940;5220321601600076797;5;3;15;0;2022;3;18;2;3;5;3;2;0;1;1;0;0;0;0;359339,094999832974281;5642843,091999409720302;6,998768676000050;50,920064648999997
169941;5220311518400995930;5;1;70;8;2022;3;9;6;3;5;3;0;0;1;1;0;0;0;0;343307,385999723977875;5715130,617999100126326;6,739223244000070;51,565453560000002
169942;5220308400200696889;5;7;11;0;2022;3;17;3;3;3;2;0;0;1;0;0;0;0;1;468223,858999999996740;5763742,268999669700861;8,536889246000040;52,023401860000000
169944;5220323406110031892;5;7;58;12;2022;3;6;4;3;5;6;1;0;1;0;0;0;0;1;476896,026000001002103;5774469,911999680101871;8,662549714000020;52,120279787000101
169948;5220324601100995813;5;3;15;0;2022;3;7;5;3;5;2;0;0;1;1;0;0;0;0;355274,231103301979601;5645819,037806089967489;6,939794123000070;50,945803651000098
169951;5220313317220189209;5;9;78;4;2022;3;10;1;3;6;6;0;0;1;0;1;0;0;0;401253,941999971983023;5719842,546999639831483;7,573595414000070;51,620935013000100
169953;5220320500300179241;5;1;11;0;2022;3;14;1;3;5;3;0;1;1;1;0;0;0;0;343689,975999723013956;5674387,882999129593372;6,762668110000050;51,199486559000000
169955;5220311711111853158;5;5;70;52;2022;3;13;6;3;2;1;0;0;1;1;0;0;0;0;430791,368023883027490;5756791,472315330058336;7,992811469000060;51,957510087999999
169958;5220323316100973345;5;9;74;8;2022;3;13;4;3;0;7;0;0;1;0;0;0;0;1;442035,908335905987769;5715772,219442809931934;8,163279693000050;51,590019068000103
169959;5220319406110890708;5;7;58;12;2022;3;13;7;2;0;2;0;0;1;1;0;0;0;0;478418,632000000972766;5775130,028999679721892;8,684746227000060;52,126276197000003
169960;5220314709110079238;5;5;66;8;2022;3;7;2;3;5;3;0;1;1;1;0;0;0;0;398839,419999969017226;5781766,450999660417438;7,520556361000050;52,177087579000002
169963;5220321513130546536;5;1;62;22;2022;3;17;2;3;0;3;0;0;1;1;0;0;0;0;334328,565684015979059;5682310,737758009694517;6,625130339000070;51,268031184000101
169966;5220316606100581799;5;3;78;4;2022;3;12;4;3;5;3;0;0;1;0;0;1;0;0;368275,486999879998621;5649370,968999500386417;7,123472760000030;50,980844944000097
169971;5220321302120990017;5;9;14;0;2022;3;16;2;3;5;2;0;0;1;1;0;0;0;0;390526,511849411006551;5689403,518006790429354;7,428132459000040;51,345354022999999
169974;5220312705000018560;5;5;54;20;2022;3;18;7;2;3;2;1;0;1;0;0;1;0;0;365345,164873506990261;5783854,942966319620609;7,030157936000020;52,188696469000000
169976;5220310518310186178;5;1;70;32;2022;3;15;5;3;0;7;0;0;1;0;0;0;0;1;330766,655999602982774;5712630,836998639628291;6,559657131000050;51,539373326000003
169977;5220326705000196524;5;5;54;12;2022;3;14;7;3;5;3;0;0;1;1;0;0;0;0;353161,082999799982645;5746454,877999319694936;6,868089482000070;51,849560625999999
169978;5220322405108354201;5;7;54;8;2022;3;17;3;3;0;7;0;0;1;0;0;0;0;0;457751,457999999984168;5752551,117999670095742;8,385648629000061;51,922089271000097
169980;5220308702100069191;5;5;15;0;2022;3;14;3;1;5;3;0;0;1;1;0;0;0;0;408935,428152906009927;5762941,319607820361853;7,673191877000020;52,009638791000000
169981;5220325502248380936;5;1;13;0;2022;3;16;6;3;4;2;0;0;1;1;0;0;0;0;369057,258999884012155;5697170,282999520190060;7,117169084000070;51,410613995000098
169983;5220323600350779305;5;3;82;32;2022;3;12;4;3;5;3;0;0;1;1;0;0;0;0;360397,000999838986900;5609694,491999420337379;7,026391284000060;50,622399185000098
169984;5220315515210065215;5;1;54;28;2022;3;16;3;2;9;1;0;0;1;0;0;0;0;0;320168,895731033990160;5701772,214131570421159;6,412531321000070;51,438558835999999
169985;5220310500100291817;5;1;11;0;2022;3;16;5;3;5;2;0;0;1;0;0;1;0;0;344779,099999732978176;5677128,049999159760773;6,777058838000070;51,224404989000000
169988;5220320701930189484;5;5;62;36;2022;3;1;1;3;0;1;2;0;1;0;0;0;0;0;389016,633999950019643;5719849,956999610178173;7,396893360000040;51,618721510000100
169989;5220321505100281428;5;1;14;0;2022;3;16;2;3;3;6;0;0;1;1;0;0;0;0;330591,643999596009962;5689163,903998659923673;6,568360836000070;51,328501240000001
169992;5220317501215378682;5;1;12;0;2022;3;20;5;3;0;1;2;0;1;0;0;0;0;0;337436,015675085014664;5698084,789223119616508;6,662433811000030;51,410648050000098
169995;5220314711112187234;5;5;70;52;2022;3;6;2;2;5;3;2;1;1;1;0;0;0;0;429719,687999995017890;5755188,835999670438468;7,977545776000060;51,942968604999997
169997;5220324601100493441;5;3;15;0;2022;3;12;5;3;6;4;0;0;1;0;1;0;0;0;356486,546198930998798;5643158,303326140157878;6,958087719000050;50,922195012000003
170000;5220313303100877974;5;9;15;0;2022;3;14;1;3;0;1;0;0;1;0;0;0;0;0;419449,363936109992210;5725236,244415129534900;7,835124396000030;51,672321060000101
170004;5220324405108072270;5;7;54;8;2022;3;9;5;3;5;3;0;0;1;1;0;0;0;0;457082,402999999001622;5750567,795999660156667;8,376167420000060;51,904206924000100
170005;5220325601600090375;5;3;15;0;2022;3;14;6;2;5;3;0;0;1;0;0;0;1;0;362519,029999850026798;5642762,151999450288713;7,044012712000040;50,920103640999997
170006;5220317705000057185;5;5;54;16;2022;3;16;5;3;7;1;0;0;1;0;0;0;0;0;362786,457427414017729;5758045,861980619840324;7,003128252000070;51,956162089000003
170007;5220316500100190024;5;1;11;0;2022;3;18;4;3;5;3;0;0;1;0;0;0;0;0;341417,439999703026842;5679442,864999069832265;6,727931484000070;51,244279784000099
170008;5220310515210591268;5;1;54;20;2022;3;15;5;2;4;2;0;0;1;1;0;0;0;0;321653,674109199026134;5712569,788296869955957;6,428417740000040;51,536019576000101
170010;5220321705000455357;5;5;54;4;2022;3;15;2;3;5;3;0;0;1;1;0;0;0;0;357011,689999827998690;5771559,385999389924109;6,913503630000040;52,076126148000100
170012;5220322502400189694;5;1;17;0;2022;3;9;3;3;0;3;0;0;1;0;0;0;0;0;353273,628999799024314;5699433,922999329864979;6,889435136000030;51,427090384000103
170013;5220309411108996940;5;7;74;8;2022;3;14;4;3;6;4;0;0;1;0;1;0;0;0;487085,178939294011798;5736988,059836530126631;8,812777197000059;51,783613019000001
170015;5220325601100773866;5;3;15;0;2022;3;10;6;3;0;3;0;0;1;0;0;0;0;1;356624,890999816998374;5642742,264999380335212;6,960218304000020;50,918490503000001
170016;5220318501317772055;5;1;12;0;2022;3;12;6;3;0;7;0;0;1;0;0;0;0;1;344717,195999733987264;5700289,277999149635434;6,766079145000050;51,432496017000098
170017;5220316505200085957;5;1;14;0;2022;3;18;4;3;5;2;2;0;1;1;0;0;0;0;332277,053999612980988;5690349,123998730443418;6,591971611000080;51,339648820999997
170018;5220310602700071666;5;3;62;28;2022;3;15;5;3;0;1;0;0;1;0;0;0;0;0;351549,409315050987061;5639629,557758410461247;6,889327219000050;50,889234697000099
170021;5220313601700081824;5;3;16;0;2022;3;17;1;3;3;7;0;0;1;1;0;0;0;0;359503,203999835997820;5656019,147999419830739;6,996009247000070;51,038518381000102
170023;5220317601500585766;5;3;15;0;2022;3;14;5;3;5;2;0;0;1;1;0;0;0;0;362834,588999853003770;5648551,989999449811876;7,046318804000070;50,972214080000100
170026;5220310500200189221;5;1;11;0;2022;3;13;5;3;3;2;0;0;1;1;0;0;0;0;347861,433025327976793;5681381,321764799766243;6,819359470000050;51,263453056000102
170033;5220317316300089235;5;9;74;28;2022;3;16;5;3;5;3;0;0;1;1;0;0;0;0;454822,509999999019783;5726110,101999649778008;8,346506928000050;51,684136775000098
170038;5220324601200426636;5;3;15;0;2022;3;16;5;2;0;1;0;0;1;0;0;0;0;0;353709,486999797984026;5643124,348999329842627;6,918616892000050;50,921192456000000
170041;5220311301301580666;5;9;78;24;2022;3;15;6;3;5;3;0;0;1;1;0;0;0;0;396332,142999964999035;5718853,921999629586935;7,502817140000050;51,611163691000101
170044;5220327301202075386;5;9;13;0;2022;3;20;1;3;0;5;2;0;1;0;0;0;0;1;393618,029298102017492;5708982,966566319577396;7,466622665000050;51,521933315000098
170045;5220322605120586767;5;3;74;20;2022;3;17;3;3;5;3;0;0;1;1;0;0;0;0;388462,115997766028158;5653662,115931900218129;7,409600674000050;51,023683053000099
170048;5220325503300278597;5;1;20;0;2022;3;15;6;3;0;7;0;0;1;1;0;0;0;0;372948,516414994024672;5671594,633580979891121;7,182194193000040;51,181638364999998
170052;5220326601700086609;5;3;16;0;2022;3;15;7;3;5;3;0;0;1;1;0;0;0;0;356465,011999815993477;5658460,020999380387366;6,951735318000030;51,059702819999998
170053;5220320608200989766;5;3;34;2;2022;3;20;1;2;5;3;2;1;1;1;0;0;0;0;295813,327999021974392;5628100,004995609633625;6,104225866000040;50,768678993000002
170057;5220308705000779139;5;5;54;8;2022;3;9;3;3;5;3;0;0;1;1;0;0;0;0;336506,802999667008407;5744703,676998860202730;6,627330975000060;51,829200245000003
170058;5220316702100776765;5;5;15;0;2022;3;9;4;3;5;3;0;0;1;1;0;0;0;0;406007,516655978979543;5756712,589158640243113;7,632251767000070;51,953164232000098
170059;5220323702100442020;5;5;15;0;2022;3;13;4;3;5;3;0;0;1;0;0;0;0;0;410621,581930369022302;5760296,775616159662604;7,698441808000040;51,986142037000000
170060;5220319518200678573;5;1;70;24;2022;3;11;7;3;5;2;0;0;1;1;0;0;0;0;333781,016999633982778;5705769,171998780220747;6,606317277000070;51,478624814000099
170062;5220310410220690725;5;7;70;8;2022;3;11;5;3;5;3;0;0;1;1;0;0;0;0;473854,063000002002809;5803129,459999700076878;8,615901906000030;52,377804383000097
170064;5220321506100891172;5;1;16;0;2022;3;15;2;3;4;6;0;0;1;0;0;0;0;0;314968,446999383973889;5669393,048997700214386;6,354568735000040;51,146041848000003
170066;5220307705000420894;5;5;54;4;2022;3;7;2;3;5;3;2;0;1;0;0;0;0;0;362247,336000206007157;5771057,049999710172415;6,990053526000050;52,072939718000001
170067;5220316701110885643;5;5;62;32;2022;3;19;4;3;4;6;2;0;1;0;0;0;0;1;378365,218945593980607;5717627,391936169937253;7,243883803000070;51,596545585000101
170069;5220308601700086390;5;3;16;0;2022;3;13;3;3;5;3;0;0;1;1;0;0;0;0;361789,205316904990468;5654501,984956890344620;7,029173650000080;51,025437863999997
170070;5220316706000720495;5;5;58;16;2022;3;7;4;3;5;3;0;0;1;1;0;0;0;0;382209,174402490025386;5743984,564815949648619;7,290443666000040;51,834245257000099
170071;5220323601400182949;5;3;15;0;2022;3;11;4;3;0;7;0;0;1;0;1;0;0;0;354517,917248139972799;5648416,232735759578645;6,927997161000060;50,968953457000097
170072;5220315410220079219;5;7;70;8;2022;3;7;3;3;5;3;0;0;1;1;0;0;0;0;474264,395000000018626;5803289,294999689795077;8,621917491000030;52,379260762000101
170074;5220326513210882324;5;1;62;24;2022;3;2;7;3;1;5;2;0;1;1;0;0;0;0;338091,993907842028420;5674577,097453449852765;6,682525524000030;51,199627748000097
170075;5220324608416669699;5;3;34;16;2022;3;14;5;3;0;1;0;0;1;0;0;0;0;0;295309,032699310977478;5642648,934872710146010;6,088960136000030;50,899167767999998
170076;5220321518100778921;5;1;70;48;2022;3;15;2;3;3;2;0;0;1;1;0;0;0;0;335687,213999654981308;5725977,073998839594424;6,624293463000070;51,660727752000099
170077;5220311709110876730;5;5;66;12;2022;3;13;6;3;5;3;0;0;1;1;0;0;0;0;404960,150999977020547;5774204,466999669559300;7,612155653000060;52,110208116000102
170081;5220318608332025058;5;3;34;32;2022;3;6;6;2;5;3;1;0;1;0;0;0;0;1;302792,604118875984568;5630320,550999999977648;6,201886845000050;50,791038420000099
170082;5220314514210586050;5;1;66;12;2022;3;7;2;3;5;3;1;1;1;1;0;0;0;0;319923,052562827011570;5692647,203292319551110;6,413627675000040;51,356513510000099