OBJECTID;UIDENTSTLAE;ULAND;UREGBEZ;UKREIS;UGEMEINDE;UJAHR;UMONAT;USTUNDE;UWOCHENTAG;UKATEGORIE;UART;UTYP1;ULICHTVERH;IstStrassenzustand;IstRad;IstPKW;IstFuss;IstKrad;IstGkfz;IstSonstige;LINREFX;LINREFY;XGCSWGS84;YGCSWGS84
170395;5220323601600524817;5;3;15;0;2022;3;7;4;3;4;6;0;0;1;1;0;0;0;0;363629,233241148991510;5645097,563204409554601;7,058924471000070;50,941356472999999
170396;5220315600380381267;5;3;14;0;2022;3;11;3;3;5;3;0;1;1;1;0;0;0;0;371838,557999895012472;5614386,720999510027468;7,186430565000020;50,667202545000102
170398;5220326514215076261;5;1;66;28;2022;3;18;7;3;1;5;0;0;1;1;0;0;0;0;325584,280525172012858;5687787,234128049574792;6,497232724000070;51,314620566000002
170399;5220325307000580373;5;9;62;12;2022;3;16;6;3;0;1;0;0;1;0;0;0;0;0;394103,200604085985105;5671229,888194319792092;7,484850342000070;51,182670180000102
170400;5220321600380090961;5;3;14;0;2022;3;17;2;3;5;3;0;0;1;1;0;0;0;0;368218,996656164992601;5617490,653707560151815;7,134133582000060;50,694293356000102
170404;5220323405228338696;5;7;54;28;2022;3;7;4;3;1;5;0;0;1;1;0;0;0;1;450264,743042071990203;5744566,465736759826541;8,277941440000060;51,849685430000100
170405;5220319505100576285;5;1;14;0;2022;3;11;7;3;5;2;0;0;1;0;0;0;0;1;330288,655999591981526;5688618,588998639956117;6,564275735000020;51,323511876000097
170410;5220326410210676385;5;7;70;20;2022;3;3;7;2;0;1;2;0;1;0;0;0;0;0;473979,630999999993946;5794806,343999690376222;8,618391214000040;52,302983579000099
170413;5220316701610368769;5;5;62;12;2022;3;14;4;3;5;2;0;0;1;0;0;0;0;1;360046,469999840017408;5733384,289999430067837;6,973260350000030;51,733881788000097
170415;5220309500100876135;5;1;11;0;2022;3;18;4;3;5;3;0;0;1;1;0;0;0;0;347026,175285471021198;5675378,035096820443869;6,809960662000040;51,209286678000097
170419;5220316502229175233;5;1;13;0;2022;3;9;4;3;1;5;0;0;1;1;0;0;0;0;360959,506793010979891;5695248,653282430022955;7,001558114000030;51,391417766000103
170420;5220310518400869379;5;1;70;8;2022;3;14;5;3;1;7;0;0;1;1;0;0;0;0;342781,021865122020245;5715043,066917469725013;6,731674365000060;51,564520459000100
170422;5220320502307673503;5;1;13;0;2022;3;14;1;3;4;6;0;1;1;0;0;0;0;0;359422,727978199021891;5703568,892479389905930;6,976182853000070;51,465806737000001
170423;5220322316100581575;5;9;74;40;2022;3;10;3;3;5;2;0;0;1;1;0;0;0;0;438407,369103066972457;5714261,413286499679089;8,111172837000030;51,576051124000102
170436;5220322400200376377;5;7;11;0;2022;3;9;3;3;2;1;0;0;1;1;0;0;0;0;468425,431999998982064;5763813,164999670349061;8,539820360000020;52,024050770000002
170437;5220313411240753761;5;7;74;40;2022;3;18;1;2;0;1;2;0;1;0;0;0;0;0;479213,170324463979341;5707474,619832780212164;8,700414537000031;51,518009610000000
170439;5220317601400480795;5;3;15;0;2022;3;16;5;3;5;3;0;0;1;1;0;0;0;0;354120,425999802013393;5648887,351999339647591;6,922150960000070;50,973086702000003
170440;5220323601300190916;5;3;15;0;2022;3;15;4;3;5;3;0;0;1;1;0;0;0;0;354244,611696600972209;5644097,888792930170894;6,925835992000030;50,930076810000102
170442;5220310514110082333;5;1;66;32;2022;3;7;5;3;0;3;0;0;1;0;0;0;1;0;317362,700212572002783;5680848,033710880205035;6,382934066000080;51,249708839000000
170447;5220311709700570260;5;5;66;56;2022;3;11;6;2;6;1;0;0;1;0;1;0;0;0;416869,084866727993358;5797162,501687530428171;7,780374065000050;52,318487129000097
170448;5220308317140508077;5;9;78;28;2022;3;10;3;2;0;7;0;0;1;0;0;0;0;0;399974,495875374006573;5699945,540074540302157;7,560771747000050;51,441858273999998
170451;5220318705000662116;5;5;54;8;2022;3;9;6;3;5;2;0;0;1;1;0;0;0;0;335024,876167420006823;5746333,370148040354252;6,605067934000030;51,843404726000102
170452;5220314608100289885;5;3;34;2;2022;3;21;2;3;5;3;2;0;1;1;0;0;0;0;295025,282743636984378;5628424,651163339614868;6,092884273000040;50,771316874000000
170453;5220321400200364275;5;7;11;0;2022;3;21;2;2;1;5;2;0;1;1;0;0;0;0;469670,224790858977940;5763960,119342310354114;8,557948818000060;52,025441445000098
170454;5220309706200691844;5;5;58;8;2022;3;16;4;3;5;3;0;0;1;1;0;0;0;0;382174,322999931988306;5760564,705999610014260;7,284267902000070;51,983244915000100
170455;5220324606100076822;5;3;78;4;2022;3;17;5;3;0;1;0;0;1;0;0;0;0;0;367786,972999877005350;5651972,243999489583075;7,115570604000030;51,004112313000100
170459;5220312702100442871;5;5;15;0;2022;3;18;7;3;0;3;2;0;1;0;0;0;0;1;411409,333999984024558;5760399,558999669738114;7,709883607000050;51,987192118000102
170460;5220316600110690959;5;3;14;0;2022;3;8;4;3;5;7;0;0;1;1;0;0;0;0;365204,939854111988097;5620585,458104079589248;7,090352971000070;50,721418632999999
170461;5220321501114691415;5;1;12;0;2022;3;13;2;3;3;3;0;0;1;1;0;0;0;0;346896,319999752973672;5707263,097999200224876;6,794383127000060;51,495749644999997
170462;5220322514210589305;5;1;66;12;2022;3;10;3;3;4;2;0;0;1;1;0;0;0;0;320011,716999466996640;5694560,707998029887676;6,413931166000050;51,373730179000098
170465;5220325505200078947;5;1;14;0;2022;3;11;6;3;0;5;0;0;1;1;0;0;0;1;330460,806252333975863;5689540,197847319766879;6,566305589000020;51,331842829000003
170467;5220315607500521502;5;3;82;56;2022;3;19;3;3;7;7;2;1;1;0;0;0;0;0;374763,732801100995857;5623951,670940680429339;7,224556851000050;50,753814981000097
170468;5220310606100281875;5;3;78;4;2022;3;13;5;3;3;6;0;0;1;0;0;0;0;1;367995,155999878013972;5650905,056999489665031;7,118924121000020;50,994568618000102
170469;5220326602700095240;5;3;62;28;2022;3;18;7;3;5;2;0;0;1;0;0;0;0;0;348441,663999758020509;5636961,527999239973724;6,846280183000030;50,864451910000099
170472;5220313515212591268;5;1;54;64;2022;3;21;1;2;1;5;2;0;1;0;0;0;0;1;306006,694581555027980;5722964,991947369650006;6,197340113000050;51,624218560000003
170476;5220323702100056496;5;5;15;0;2022;3;17;4;3;5;2;0;0;1;1;0;0;0;0;401866,457999972975813;5753756,138999650254846;7,572855824000040;51,925875615999999
170477;5220319500300579417;5;1;11;0;2022;3;12;7;2;5;3;0;0;1;1;0;0;0;0;342254,744999710004777;5674992,691999089904130;6,741876245000070;51,204526436999998
170479;5220321405232072221;5;7;54;32;2022;3;7;2;3;5;3;0;0;1;1;0;0;0;0;461731,705000000016298;5741581,404999660328031;8,444739779000029;51,823751366000103
170481;5220325301102580985;5;9;13;0;2022;3;15;6;3;8;1;0;0;1;0;0;0;0;1;394459,532721562020015;5704924,270787210203707;7,479961903000060;51,485609397000097
170482;5220321601100293577;5;3;15;0;2022;3;10;2;3;5;2;0;0;1;1;0;0;0;0;355676,614999810000882;5643632,794999370351434;6,946384093000060;50,926257167000102
170484;5220308314210491071;5;9;66;4;2022;3;14;3;3;5;3;0;0;1;1;0;0;0;0;423974,096274462994188;5664746,726491370238364;7,913508245000060;51,129136207999998
170485;5220316600380586271;5;3;14;0;2022;3;7;4;3;5;2;1;0;1;1;0;0;0;0;370054,989042091998272;5617707,757863219827414;7,160038344000040;50,696657845000097
170487;5220323400300332168;5;7;11;0;2022;3;16;4;3;5;3;0;0;1;1;0;0;0;0;466538,797845103021245;5759944,685166410170496;8,512702781000030;51,989160128000002
170489;5220309601300493631;5;3;15;0;2022;3;17;4;3;1;7;0;0;1;1;0;0;0;0;352372,070294705976266;5646722,672368600033224;6,898144236000060;50,953188323000099
170490;5220324516900095718;5;1;58;26;2022;3;8;5;3;5;3;0;0;1;1;0;0;0;0;352677,574999791977461;5661800,787999319843948;6,896365211000050;51,088764755000099
170491;5220325711114653358;5;5;70;52;2022;3;8;6;3;3;2;0;0;1;1;0;0;0;0;429202,279633945028763;5753527,162618939764798;7,970361718000050;51,927965215000000
170492;5220318601100081761;5;3;15;0;2022;3;9;6;3;0;5;0;0;1;1;0;0;0;0;355130,585552586999256;5644990,902873110026121;6,938080053000020;50,938325321000001
170493;5220311400300896981;5;7;11;0;2022;3;19;6;3;5;3;2;0;1;1;0;0;0;0;466910,851000000024214;5759684,145999670028687;8,518145942000050;51,986840000000001
170498;5220308404302621333;5;7;66;8;2022;3;7;3;3;4;6;1;0;1;0;0;0;0;0;482944,648652376024984;5770058,654632980003953;8,751114014000050;52,080839122999997
170499;5220316514210173966;5;1;66;12;2022;3;7;4;3;5;3;0;0;1;1;0;0;0;0;319936,498999465024099;5694571,593998019583523;6,412846103000050;51,373804120000003
170503;5220309701110996387;5;5;62;32;2022;3;8;4;3;5;3;0;0;1;0;0;0;0;1;376119,800999912025873;5719934,039999569766223;7,210667208000070;51,616786504000103
170505;5220326317240218677;5;9;78;40;2022;3;15;7;3;0;3;0;0;1;1;0;0;0;0;405760,613999978988431;5724484,386999639682472;7,637424554000060;51,663433068000103
170506;5220318601400072641;5;3;15;0;2022;3;17;6;3;3;2;0;0;1;1;0;0;0;0;357198,586756862001494;5648092,711523589678109;6,966277169000020;50,966716819000098
170508;5220312601400026677;5;3;15;0;2022;3;11;7;3;0;7;0;0;1;0;0;0;0;1;357207,025349155999720;5648634,001138419844210;6,966184756000080;50,971583414000101
170509;5220316411132037764;5;7;74;32;2022;3;13;4;3;5;2;0;0;1;1;0;0;0;0;483042,022066996025387;5731635,665093800053000;8,754426317000020;51,735380384000102
170512;5220327500100974083;5;1;11;0;2022;3;12;1;3;0;7;0;0;1;0;0;0;0;0;342687,661999713978730;5677716,758999099954963;6,746873317000050;51,229122132000001
170513;5220322501113340505;5;1;12;0;2022;3;18;3;3;5;3;0;0;1;1;0;0;0;0;346039,400111744005699;5707598,103735550306737;6,781902064000060;51,498526958000099
170514;5220314406210690662;5;7;58;4;2022;3;17;2;1;0;1;0;1;1;0;0;0;0;0;470250,402000000991393;5783334,677999679930508;8,564711436000040;52,199660360999999
170516;5220324502200177667;5;1;13;0;2022;3;12;5;2;0;1;0;0;1;0;0;0;0;0;356040,939999816007912;5691131,299999370239675;6,932579479000030;51,353192489999998
170517;5220325518100486021;5;1;70;48;2022;3;14;6;3;5;3;0;0;1;1;0;0;0;0;334778,773273947008420;5727562,477983370423317;6,610421448000070;51,674704153000100
170520;5220315307000086075;5;9;62;40;2022;3;16;3;3;5;2;0;1;1;1;0;0;0;0;413641,813999986974522;5701304,187999630346894;7,757040195000060;51,456321017999997
170524;5220319608100465651;5;3;34;2;2022;3;13;7;3;4;2;0;0;1;1;0;0;0;0;294162,339998988027219;5629011,534995339810848;6,080333846000030;50,776282256999998
170525;5220322500200056862;5;1;11;0;2022;3;11;3;3;4;2;0;0;1;1;0;0;0;0;346253,096999745001085;5678981,151999190449715;6,797356124000030;51,241454924999999
170526;5220313709700412163;5;5;66;28;2022;3;14;1;2;8;6;0;0;1;0;0;0;0;0;413189,262999985017814;5794265,275999680161476;7,727148120000040;52,291876457999997
170528;5220308701400661481;5;5;12;0;2022;3;13;3;3;5;5;0;0;1;1;0;0;0;0;357768,570966947008856;5709603,925078519620001;6,949953101000060;51,519624153999999
170529;5220317300700290511;5;9;16;0;2022;3;7;5;3;5;3;1;1;1;1;0;0;0;0;372107,160999900021125;5709034,567999539896846;7,156706897000050;51,517936032000101
170530;5220324300800065158;5;9;54;36;2022;3;13;5;3;5;2;0;0;1;1;0;0;0;0;384725,978999938990455;5699631,211999599821866;7,341561361000060;51,436135038000003
170532;5220314705000191833;5;5;54;68;2022;3;7;2;3;0;3;0;1;1;1;0;0;0;0;351055,284586231980938;5767272,020172780379653;6,828522819000060;52,036036700000103
170533;5220321317210018902;5;9;78;20;2022;3;12;2;3;5;3;0;0;1;0;0;0;0;1;410628,687999983027112;5714548,206999639980495;7,710325301000070;51,574909517000002
170540;5220322602700625895;5;3;62;28;2022;3;11;3;3;0;3;0;0;1;1;0;0;0;0;351014,449910687981173;5638672,316845189779997;6,882116926000040;50,880494700000000
170541;5220314400200476103;5;7;11;0;2022;3;17;2;3;5;3;0;0;1;1;0;0;0;0;470047,456000000995118;5763115,025999669916928;8,563520684000030;52,017863992999999
170542;5220309301304785546;5;9;13;0;2022;3;7;4;3;4;6;0;0;1;1;0;0;0;0;399953,005285141989589;5708724,686152609996498;7,557975511000050;51,520769440999999
170546;5220311514110085264;5;1;66;32;2022;3;9;6;3;5;2;0;0;1;1;0;0;0;0;319985,764870852988679;5679702,433262440375984;6,421055588000060;51,240251817999997
170547;5220312600140990918;5;3;14;0;2022;3;20;7;3;0;7;2;0;1;0;0;0;0;0;366990,203869269986171;5622401,058375399559736;7,114975188000070;50,738148729000002
170548;5220316317210889414;5;9;78;20;2022;3;18;4;3;6;6;0;0;1;0;1;0;0;0;407098,294491454027593;5716135,456613260321319;7,658974631000040;51,588606746000004
170551;5220322301306089206;5;9;13;0;2022;3;18;3;3;5;3;0;0;1;1;0;0;0;0;399308,993999969970901;5712281,082999629899859;7,547679020000030;51,552622670000098
170554;5220324503100869050;5;1;24;0;2022;3;18;5;2;0;1;0;0;1;0;0;0;0;0;363633,913943680992816;5674940,755037230439484;7,047733427000030;51,209563973999998
170555;5220325601300181661;5;3;15;0;2022;3;10;6;3;3;2;0;0;1;0;0;0;1;0;352337,442999787977897;5645926,658999309875071;6,897974394000070;50,946026062000001
170557;5220323602200781394;5;3;62;4;2022;3;17;4;3;5;3;0;0;1;1;0;0;0;0;329732,625999577983748;5650580,276998659595847;6,574297349000060;50,981604249000000
170559;5220310500200300557;5;1;11;0;2022;3;9;5;3;0;7;0;0;1;0;1;0;0;0;350899,932973213028163;5676400,399474740028381;6,864952204000080;51,219497987000103
170561;5220325317220889251;5;9;78;4;2022;3;12;6;3;5;2;0;0;1;1;0;0;0;0;404573,866999975987710;5718026,384999640285969;7,622031629000050;51,605182358000000
170562;5220319709110970630;5;5;66;8;2022;3;12;7;3;5;3;0;0;1;1;0;0;0;0;399072,079227705020458;5782327,710947959683836;7,523790673000060;52,182174623999998
170570;5220324405236987068;5;7;54;36;2022;3;13;5;3;4;6;0;0;1;0;0;0;0;0;473491,597000000998378;5750551,684999669902027;8,614678341000060;51,905084582000001
170572;5220318300700573255;5;9;16;0;2022;3;10;6;3;5;3;0;0;1;1;0;0;0;0;373688,526999901980162;5708443,697999550029635;7,179698089000060;51,512981611000001
170573;5220323709110179088;5;5;66;12;2022;3;7;4;3;5;3;0;0;1;1;0;0;0;0;405005,823999978019856;5772261,107999660074711;7,613364278000060;52,092748729000000
170575;5220310501134691527;5;1;12;0;2022;3;16;5;3;0;3;0;0;1;1;0;0;0;0;343284,109999721986242;5711423,216999099589884;6,740539131000050;51,532137392999999
170577;5220320313110080633;5;9;58;4;2022;3;17;1;2;8;1;0;0;1;0;0;0;0;0;434287,545790005999152;5695954,729405550286174;8,055138176000071;51,410999459999999
170578;5220321702100270512;5;5;15;0;2022;3;16;2;3;3;2;0;0;1;1;0;0;0;0;404868,314735045016278;5754413,322119689546525;7,616315810000060;51,932303751000099
170579;5220311711161548067;5;5;70;24;2022;3;10;6;2;3;2;0;0;1;1;0;0;0;0;421355,998100551019888;5753530,878291199915111;7,856272739000080;51,926945365999998
170581;5220317518200389642;5;1;70;24;2022;3;7;5;3;6;4;0;1;1;0;1;0;0;0;335874,798250859021209;5702520,178619899787009;6,637949892000050;51,450046759000003
170582;5220322711216702814;5;5;70;4;2022;3;13;3;3;5;3;0;0;1;1;0;0;0;0;423659,054999993008096;5734801,677999650128186;7,893893889000030;51,758899529000097
170584;5220314514110096091;5;1;66;32;2022;3;6;2;3;0;3;2;1;1;1;0;0;0;0;318923,106484705989715;5682398,580436440184712;6,404484196000060;51,264134726000101
170586;5220324705000091776;5;5;54;8;2022;3;14;5;3;5;3;0;0;1;0;0;0;0;0;336253,629999665019568;5746364,057998850010335;6,622874504000040;51,844042078000001
170588;5220311606100786437;5;3;78;4;2022;3;12;6;2;0;1;0;0;1;0;0;0;0;0;367223,926999874005560;5652072,421999489888549;7,107513550000020;51,004882997000003
170589;5220308411132478092;5;7;74;32;2022;3;15;3;3;5;2;0;0;1;1;0;0;0;0;481607,591000000014901;5732280,381999660283327;8,733620031000040;51,741131965000100
170591;5220327600360986353;5;3;82;12;2022;3;20;1;3;5;3;1;0;1;1;0;0;0;0;362733,030339208024088;5625999,685867129825056;7,053337167000050;50,769501450000099
170593;5220309514111385955;5;1;66;32;2022;3;14;4;3;5;2;0;0;1;1;0;0;0;0;314202,628999377018772;5680783,184997599571943;6,337738084000020;51,248105732000099
170594;5220324601500866226;5;3;15;0;2022;3;18;5;3;4;6;0;0;1;0;0;0;0;0;359378,919291688012891;5647528,238333299756050;6,997526370000060;50,962180229000097
170595;5220326300400038360;5;9;11;0;2022;3;13;7;3;0;7;0;0;1;0;0;0;0;0;373269,183829834975768;5699742,555766929872334;7,176779110000040;51,434688764999997
170596;5220318514218086053;5;1;66;36;2022;3;7;6;3;5;3;0;0;1;1;0;0;0;0;322265,894999492971692;5683926,741998209618032;6,451587925000070;51,278914491000101
170599;5220310518400289386;5;1;70;8;2022;3;16;5;2;5;3;0;0;1;1;0;0;0;0;344212,143999731983058;5715206,455999130383134;6,752232725000060;51,566385598000103
170600;5220327505100017751;5;1;14;0;2022;3;13;1;3;0;3;0;0;1;0;0;1;0;0;330492,548999594000634;5687631,718998650088906;6,567668419000030;51,314706731999998
170601;5220322317120877796;5;9;78;16;2022;3;8;3;3;0;7;0;0;1;0;0;0;0;0;404592,960999976028688;5708157,158999630250037;7,624985810000060;51,516470753000100
170602;5220313705000655357;5;5;54;64;2022;3;15;1;3;2;6;0;0;1;0;0;0;0;0;360769,687875166011509;5755297,405005649663508;6,974910718000050;51,930964796000097
170604;5220317705000596533;5;5;54;8;2022;3;17;5;3;5;3;0;0;1;0;0;0;0;0;335450,346999656991102;5745387,304998810403049;6,611688636000050;51,835031395000001
170608;5220326601100493607;5;3;15;0;2022;3;19;7;2;0;1;2;0;1;0;0;0;0;0;356190,383139458019286;5646289,206814359873533;6,952641156000030;50,950258249000100
170612;5220311709500291793;5;5;66;76;2022;3;17;6;3;0;1;0;0;1;0;0;0;0;0;393163,130482351989485;5792643,658559939824045;7,434139130000060;52,273773913000099
170613;5220307702100491832;5;5;15;0;2022;3;14;2;3;6;4;0;0;1;0;1;0;0;0;404837,413945866981521;5754377,949432820081711;7,615876286000060;51,931980523000000
170615;5220323405116896960;5;7;54;16;2022;3;17;4;3;4;6;0;0;1;1;0;0;0;0;450624,453999830991961;5755318,777757639996707;8,281623181000040;51,946385051000000
170617;5220314702100350183;5;5;15;0;2022;3;10;2;3;1;1;0;1;1;0;0;0;1;0;407182,241999980004039;5757423,069999660365283;7,649148880000040;51,959747704000101
170618;5220309608200073694;5;3;34;2;2022;3;8;4;3;5;3;0;0;1;1;0;0;0;0;296622,744555070996284;5629037,690782249905169;6,115171036000050;50,777385046000099
170624;5220327601600993481;5;3;15;0;2022;3;15;1;3;8;1;0;0;1;0;0;0;0;0;363070,343342500971630;5640926,322543960064650;7,052540484000080;50,903735337999997
170627;5220323405244987068;5;7;54;44;2022;3;13;4;3;4;6;0;0;1;0;0;0;0;0;470006,097888283024076;5746253,487973669543862;8,564388930000060;51,866263269999997
170628;5220319501223291546;5;1;12;0;2022;3;9;7;3;5;2;0;0;1;1;0;0;0;0;339393,958926887018606;5702768,309091550298035;6,688439368000050;51,453285106000102
170629;5220314600110176513;5;3;14;0;2022;3;9;2;3;1;7;0;0;1;1;0;0;0;0;366586,599040431028698;5619608,890196619555354;7,110268695000060;50,712960066000100
170630;5220309701930881228;5;5;62;36;2022;3;13;4;3;5;3;0;0;1;1;0;0;0;0;390723,509999952977523;5721611,710999620147049;7,420988551000050;51,634890345000002
170631;5220324600110095282;5;3;14;0;2022;3;16;5;3;5;3;0;0;1;1;0;0;0;0;364079,872999857994728;5621137,160999449901283;7,074220353000040;50,726115181000097
170634;5220313301303078068;5;9;13;0;2022;3;16;1;2;1;1;0;0;1;1;0;0;0;0;397861,140101884026080;5702450,007195250131190;7,529650978000060;51,463993356000103
170635;5220316518100295900;5;1;70;48;2022;3;11;4;3;0;2;0;0;1;0;0;0;0;1;336127,089999659976456;5726564,750998860225081;6,630371971000050;51,666135734000100
170638;5220324500200590506;5;1;11;0;2022;3;8;5;3;5;2;0;0;1;1;0;0;0;0;342335,714999711024575;5685736,061999090015888;6,738301163000070;51,301079172000101
170641;5220316505100076201;5;1;14;0;2022;3;16;4;3;5;3;0;0;1;1;0;0;0;0;331923,505999611981679;5688089,940998720005155;6,587966193000060;51,319247882000099
170642;5220310601200093440;5;3;15;0;2022;3;13;5;3;1;5;0;0;1;1;0;0;0;0;353436,652103651023936;5643028,934012699872255;6,914776157000060;50,920265755999999
170643;5220326709300872411;5;5;66;84;2022;3;11;7;2;3;5;0;0;1;1;0;0;0;0;390063,185047321021557;5775676,327493930235505;7,394229652000040;52,120675538000100
170644;5220320603116178229;5;3;66;16;2022;3;12;1;3;9;1;0;0;1;0;0;0;0;0;343423,552368208009284;5613457,772712250240147;6,785023598000070;50,651907204000103
170645;5220322302100085270;5;9;14;0;2022;3;12;3;3;5;2;0;0;1;1;0;0;0;0;391585,724043941998389;5689721,772926400415599;7,443238080000070;51,348417742999999
170649;5220323702100239947;5;5;15;0;2022;3;16;4;3;5;2;0;0;1;1;0;0;0;0;404319,125999976007733;5754219,706999659538269;7,608384276000040;51,930469317000103
170651;5220310505200285930;5;1;14;0;2022;3;16;5;3;0;1;0;0;1;0;0;0;0;0;336193,108999654999934;5691942,969998889602721;6,647410106000050;51,355110366000098
170653;5220324705000185645;5;5;54;8;2022;3;16;5;3;2;3;0;0;1;1;0;0;0;0;336843,300145734974649;5747213,512356500141323;6,631026097000070;51,851845759000099
170654;5220321600380079309;5;3;14;0;2022;3;12;2;3;6;4;0;0;1;0;1;0;0;0;368222,835115352994762;5616998,956769609823823;7,134363264000060;50,689874752999998
170655;5220311605148040061;5;3;74;48;2022;3;14;6;3;8;1;0;0;1;0;0;0;0;0;397255,698179611994419;5647332,018937559798360;7,536732253000030;50,968417195000001
170659;5220319500300972290;5;1;11;0;2022;3;14;7;3;1;5;0;0;1;1;0;0;0;0;349354,578999768011272;5674249,609999259933829;6,843743296000070;51,199765763000102
170660;5220314505100717751;5;1;14;0;2022;3;18;2;2;3;7;0;0;1;1;0;0;0;0;325761,825754386023618;5685274,699839649721980;6,501004604000060;51,292103689000001
170662;5220324603104581241;5;3;66;4;2022;3;8;5;3;8;1;0;0;1;0;0;0;0;1;342168,276391384017188;5605568,883286319673061;6,770635574000040;50,580676764000003
170663;5220325605124593346;5;3;74;24;2022;3;14;6;2;4;6;0;0;1;1;0;0;0;0;393513,820999960997142;5658872,019999600015581;7,480071997000040;51,071474219000002
170664;5220318406130533678;5;7;58;8;2022;3;12;6;2;0;1;0;0;1;0;0;0;0;0;470249,604187617020216;5778090,451067649759352;8,565159756000069;52,152512468000097
170665;5220311502324972140;5;1;13;0;2022;3;10;6;3;0;6;0;0;1;0;0;0;0;0;361611,234417953994125;5708552,062143520452082;7,005715548000070;51,511126376999997
170666;5220312602500789841;5;3;62;24;2022;3;14;7;3;5;3;0;0;1;1;0;0;0;0;345164,057999731972814;5644228,011999170295894;6,796659562000060;50,928880194999998
170667;5220316411108055604;5;7;74;8;2022;3;17;4;3;3;7;0;0;1;1;0;0;0;0;487473,152000000991393;5737455,108999660238624;8,818384648000061;51,787821192000102
170669;5220321301202875440;5;9;13;0;2022;3;15;2;3;4;3;0;0;1;1;0;0;0;0;392665,351999956998043;5709110,126999620348215;7,452857508000020;51,522896033999999
170670;5220322601600326491;5;3;15;0;2022;3;16;3;3;0;6;0;0;1;0;0;0;0;1;363030,709957830025814;5646045,989309660159051;7,050053777000070;50,949738461000003
170672;5220324505200072089;5;1;14;0;2022;3;12;5;3;5;3;0;0;1;1;0;0;0;0;330696,695999597024638;5689834,651998659595847;6,569548512000040;51,334558448000102
170673;5220325600320490889;5;3;82;72;2022;3;16;6;3;5;3;0;0;1;0;0;0;0;0;366185,089047142013442;5612508,250549029558897;7,107154802000030;50,649046683999998
170674;5220317600110086321;5;3;14;0;2022;3;12;5;3;0;1;0;1;1;0;0;0;0;0;365446,467966258991510;5621136,009944469667971;7,093571834000040;50,726422940000099
170675;5220315602500990284;5;3;62;24;2022;3;22;3;3;0;1;2;0;1;0;0;0;0;0;345647,144033928983845;5642028,916773349978030;6,804459120000050;50,909248558999998
170676;5220311301101667118;5;9;13;0;2022;3;17;6;3;5;3;0;0;1;1;0;0;0;0;394473,786999961012043;5707822,680999619886279;7,479300180000050;51,511664596000102
170677;5220326601700086544;5;3;16;0;2022;3;14;7;3;4;6;0;0;1;0;0;0;0;1;362423,554004587000236;5656119,796067479997873;7,037599312000050;51,040129573999998
170678;5220320516500678757;5;1;58;16;2022;3;19;1;2;0;7;1;0;1;0;0;0;0;0;355631,591303877998143;5669045,546326179988682;6,935615506000030;51,154620741000002
170679;5220321609108705803;5;3;58;8;2022;3;5;2;3;5;5;2;0;1;0;0;0;0;1;320968,362718761025462;5633127,550848020240664;6,458123495000050;50,822154856000097
170683;5220316705000989359;5;5;54;56;2022;3;7;4;3;0;3;1;0;1;1;0;0;0;0;356705,826999822980724;5762283,359999380074441;6,912929723000050;51,992702690999998
170684;5220309514114946117;5;1;66;24;2022;3;9;4;3;5;2;0;0;1;0;0;0;0;0;309715,259999307978433;5677176,043997179716825;6,275431792000060;51,214227274000102
170685;5220324500200569177;5;1;11;0;2022;3;16;5;3;0;1;0;0;1;0;0;0;0;0;344930,425693270983174;5678416,413999799638987;6,778666696000070;51,236022558999998
170686;5220325601500286586;5;3;15;0;2022;3;8;6;3;5;6;0;0;1;1;0;0;0;0;364401,486416137020569;5648823,441268459893763;7,068521643000050;50,975024765999997
170688;5220316303100194318;5;9;15;0;2022;3;7;4;3;8;1;0;1;1;0;0;0;0;0;421557,548999992024619;5726839,569999650120735;7,865244944000040;51,687032805000101
170692;5220321705000020869;5;5;54;4;2022;3;15;2;3;5;3;0;0;1;1;0;0;0;0;360487,993999845988583;5770147,139999439939857;6,964772292000020;52,064323617000099
170693;5220313518400489227;5;1;70;8;2022;3;14;1;3;0;1;0;0;1;1;0;0;0;0;346099,992999745998532;5715082,420999179594219;6,779503499000040;51,565789522000003
170694;5220308515210922064;5;1;54;20;2022;3;16;3;3;3;6;0;0;1;1;0;0;0;0;320817,847935753990896;5712156,025624680332839;6,416589620000020;51,532038296000103
170695;5220316705000520910;5;5;54;68;2022;3;9;4;3;1;5;0;0;1;1;0;0;0;0;350400,114631554984953;5767524,530060069635510;6,818868056000040;52,038128992000097
170696;5220323609248280783;5;3;58;48;2022;3;18;4;3;3;6;0;0;1;0;0;0;0;0;320422,172961498028599;5639132,756975200027227;6,447432456000060;50,875935380000001
170697;5220319601600876834;5;3;15;0;2022;3;16;7;2;0;1;0;0;1;0;0;0;0;0;363062,009734943974763;5646370,244664389640093;7,050377137000050;50,952660099000099
170699;5220310500200278171;5;1;11;0;2022;3;19;5;3;1;7;2;0;1;1;0;0;0;0;345778,248521286004689;5678763,784517019987106;6,790652267000040;51,239373614999998
170701;5220324706000025215;5;5;58;16;2022;3;16;5;3;5;3;0;0;1;0;0;0;0;1;381604,969999930995982;5743787,565999600104988;7,281746196000030;51,832347046999999