OBJECTID;UIDENTSTLAE;ULAND;UREGBEZ;UKREIS;UGEMEINDE;UJAHR;UMONAT;USTUNDE;UWOCHENTAG;UKATEGORIE;UART;UTYP1;ULICHTVERH;IstStrassenzustand;IstRad;IstPKW;IstFuss;IstKrad;IstGkfz;IstSonstige;LINREFX;LINREFY;XGCSWGS84;YGCSWGS84
170702;5220321608100080837;5;3;34;2;2022;3;11;2;2;0;1;0;1;1;0;0;0;0;0;291839,109571430017240;5630924,178204500116408;6,046343889000070;50,792630441000000
170703;5220311516000181610;5;1;58;32;2022;3;12;6;3;0;6;0;0;1;0;1;0;0;0;363480,240251480019651;5689083,142692989669740;7,040133091000030;51,336622452000000
170710;5220324514110082265;5;1;66;32;2022;3;18;5;3;3;6;0;0;1;1;0;0;0;0;317786,837999431998469;5682459,413997890427709;6,388184283000040;51,264319128000103
170712;5220318513210276322;5;1;62;24;2022;3;8;6;2;5;2;0;0;1;0;0;0;1;0;339386,713614351989236;5674615,846325799822807;6,701024132000040;51,200341332999997
170713;5220311317110918722;5;9;78;36;2022;3;15;6;3;5;7;0;0;1;1;0;0;0;0;407037,615506619971711;5710519,411942600272596;7,659584377000040;51,538113188000104
170714;5220312600350890907;5;3;82;32;2022;3;19;7;3;8;1;2;0;1;0;0;0;0;0;360062,902392864983995;5609787,250634970143437;7,021636038000050;50,623152793000003
170715;5220316317220677918;5;9;78;4;2022;3;12;4;3;0;1;0;0;1;0;0;0;0;0;407314,112974249990657;5720469,222010419704020;7,660943249000070;51,627598964000100
170717;5220327310130280524;5;9;54;20;2022;3;15;1;3;0;1;0;0;1;0;0;0;0;0;392110,205088521994185;5695403,460879350081086;7,449041255000050;51,399588141000002
170719;5220313706100381081;5;5;54;44;2022;3;16;1;3;0;7;0;0;1;0;0;0;0;0;365011,945192875980865;5744188,821199390105903;7,040919572000060;51,832189507000102
170724;5220323711413376177;5;5;70;28;2022;3;14;4;2;5;3;0;0;1;1;0;0;0;0;441480,963999998988584;5743347,833999659866095;8,150638381000020;51,837877911000099
170726;5220310301201081914;5;9;13;0;2022;3;8;5;3;3;6;0;0;1;1;0;0;0;0;386860,218271534016822;5709131,274745820090175;7,369209920000060;51,521953011000100
170727;5220326518100886021;5;1;70;48;2022;3;16;7;3;0;6;0;0;1;1;0;0;0;0;337558,801943392027169;5727604,041827229782939;6,650572667000060;51,675888305999997
170731;5220308702100070631;5;5;15;0;2022;3;18;3;3;0;7;0;0;1;1;0;0;0;0;405041,307918846025132;5755529,690404940396547;7,618522982000060;51,942367703000102
170733;5220322701500180935;5;5;62;24;2022;3;7;3;3;5;3;1;0;1;1;0;0;0;0;371260,518999895022716;5725194,283999539911747;7,138583445000050;51,662968724000102
170735;5220314601300593391;5;3;15;0;2022;3;12;2;3;0;1;0;0;1;0;0;0;0;0;352090,144232477992773;5647112,715279400348663;6,893974717000050;50,956621157000001
170736;5220309610211889910;5;3;70;4;2022;3;11;4;3;3;2;0;0;1;0;0;0;1;0;311143,594912487023976;5661048,677752399817109;6,304315135000020;51,069840749999997
170738;5220321606100981786;5;3;78;4;2022;3;18;2;2;0;1;1;0;1;0;0;0;0;0;368420,715784900996368;5650429,707140330225229;7,125157092000050;50,990393777000101
170739;5220311701800210778;5;5;62;4;2022;3;14;6;3;5;2;0;0;1;1;0;0;0;0;383241,943999935989268;5712084,372999600134790;7,316100841000040;51,547758429000098
170741;5220316602250515006;5;3;62;16;2022;3;13;4;3;1;5;0;0;1;1;0;0;0;0;327268,488702602975536;5645952,461676269769669;6,541423085000080;50,939292799999997
170744;5220404600140263611;5;3;14;0;2022;4;15;2;3;4;2;0;1;1;1;0;0;0;0;367084,119907794985920;5622426,439408630132675;7,116296252000040;50,738398357000101
170745;5220330513310181414;5;1;62;8;2022;3;15;4;3;3;3;0;0;1;1;0;0;0;0;330584,669999591016676;5663734,994998680427670;6,580272164000060;51,100043226000103
170746;5220416506100091414;5;1;16;0;2022;4;20;7;3;1;5;1;0;1;1;0;0;0;0;319042,607166282017715;5667928,876070600003004;6,413489010000030;51,134191377000001
170747;5220417518301982222;5;1;70;4;2022;4;15;1;3;3;7;0;0;1;0;0;0;0;0;327741,100845541979652;5715566,460412999615073;6,514634866000050;51,564829454000098
170748;5220420709500102281;5;5;66;76;2022;4;17;4;3;0;6;0;0;1;1;0;0;0;0;392998,570011894975323;5792234,908106110058725;7,431857883000020;52,270068402000000
170756;5220417508000677779;5;1;19;0;2022;4;0;1;3;8;1;2;0;1;1;0;0;0;0;350071,226086537004448;5708905,616740579716861;6,839387444000070;51,511359103000103
170757;5220331514213691631;5;1;66;8;2022;3;14;5;2;0;1;0;1;1;0;0;0;0;0;314814,424470497004222;5690803,854058340191841;6,341297202000020;51,338314105000102
170758;5220403601500886615;5;3;15;0;2022;4;21;1;3;0;2;2;0;1;1;0;0;0;0;362037,045999847992789;5647731,845999440178275;7,035277412000030;50,964652745000102
170760;5220423313110385005;5;9;58;4;2022;4;12;7;3;0;3;0;0;1;1;0;0;0;0;428274,895999995002057;5699666,923000000417233;7,967946689000030;51,443644762000098
170761;5220406516300785674;5;1;58;28;2022;4;7;4;3;5;2;0;1;1;1;0;0;0;0;349616,607999772008043;5685151,758999260142446;6,842910615000050;51,297798784000101
170764;5220412301102042230;5;9;13;0;2022;4;16;3;3;8;6;0;0;1;0;0;0;0;0;394378,466756923007779;5703962,557529509998858;7,479082429000070;51,476949821000098
170768;5220330608200069719;5;3;34;2;2022;3;9;4;3;5;3;0;0;1;0;0;0;0;1;295342,725964109995402;5629025,837069359607995;6,097045851000080;50,776828369999997
170772;5220405513210081522;5;1;62;24;2022;4;14;3;3;0;1;0;1;1;0;0;0;0;0;337470,193972391018178;5674831,864698319695890;6,673517867000040;51,201740232000098
170774;5220418602900389778;5;3;62;40;2022;4;23;2;3;5;2;2;0;1;1;0;0;0;0;356924,574999818985816;5632390,990999380126595;6,968528468000040;50,825537683000100
170775;5220411500300674543;5;1;11;0;2022;4;16;2;2;5;3;0;0;1;1;0;0;0;0;352158,894576450984459;5668532,105782450176775;6,886204643000040;51,149120262000103
170776;5220401601100486595;5;3;15;0;2022;4;13;6;3;6;4;0;0;1;0;1;0;0;0;355999,576874459977262;5645710,600008510053158;6,950155384000030;50,945010777000000
170780;5220413516000591326;5;1;58;36;2022;4;13;4;3;0;1;0;0;1;0;0;0;0;0;359914,694851457024924;5685656,127134559676051;6,990326592000030;51,304958369000097
170782;5220404601500169848;5;3;15;0;2022;4;11;2;3;6;7;0;0;1;0;1;0;0;0;357809,731075280986261;5644754,064495500177145;6,976278964000070;50,936863716000097
170783;5220329702100976106;5;5;15;0;2022;3;12;3;3;5;3;0;0;1;0;0;0;0;1;405478,195253573008813;5751264,443210829980671;7,626048112000030;51,904103980999999
170785;5220418513210590179;5;1;62;24;2022;4;12;2;3;0;7;0;0;1;0;0;0;0;0;340390,978879656991921;5677098,943342070095241;6,714281767000050;51,222933431999998
170786;5220420516900587492;5;1;58;26;2022;4;18;4;3;0;1;0;0;1;0;0;0;0;0;351529,320999784977175;5662051,146999300457537;6,879878222000060;51,090718461000101
170788;5220331514217085946;5;1;66;36;2022;3;8;5;3;0;7;0;1;1;0;0;0;0;0;322976,799966639024206;5683801,500446709804237;6,461832409000070;51,278010733000002
170795;5220331411132574562;5;7;74;32;2022;3;18;5;3;6;4;0;1;1;0;1;0;0;0;482701,804001327021979;5729381,478933789767325;8,749611557000041;51,715101934000103
170797;5220414702100076642;5;5;15;0;2022;4;14;5;3;5;3;0;0;1;1;0;0;0;0;405853,456999977992382;5754438,165999660268426;7,630633397000050;51,932694578000103
170798;5220422515212091268;5;1;54;64;2022;4;20;6;3;1;5;0;0;1;1;0;0;0;0;305184,823452910990454;5722985,142813690006733;6,185470566000050;51,624115657000097
170799;5220406600380090897;5;3;14;0;2022;4;11;4;2;1;5;0;0;1;1;0;0;0;0;370114,044543262978550;5615184,558870719745755;7,161760732000060;50,673991635000000
170804;5220417405228272815;5;7;54;28;2022;4;17;1;3;4;2;0;0;1;1;0;0;0;0;451071,665032019023784;5744677,633914940059185;8,289639652000060;51,850756203000103
170806;5220414518100479187;5;1;70;48;2022;4;11;5;3;5;3;0;0;1;1;0;0;0;0;334711,492999646987300;5725235,085998799651861;6,610550014000070;51,653775897999999
170807;5220421608200289872;5;3;34;2;2022;4;18;5;3;5;2;0;0;1;1;0;0;0;0;299946,552130358002614;5625567,867364469915628;6,164141680000060;50,747375579000000
170809;5220330601300269016;5;3;15;0;2022;3;9;4;3;4;6;0;0;1;0;0;0;0;0;348081,366791299020406;5647975,222137330099940;6,836578319000070;50,963328947999997
170811;5220403410230986991;5;7;70;4;2022;4;14;1;3;0;1;0;0;1;0;0;0;0;0;488286,013000001024920;5784452,064999680034816;8,828562995000031;52,210384680000097
170819;5220417503100376448;5;1;24;0;2022;4;14;1;2;0;7;0;0;1;0;0;0;0;0;364890,805636455013882;5680514,863300910219550;7,063614086000030;51,259957227000001
170822;5220414601100090326;5;3;15;0;2022;4;20;5;3;0;1;1;0;1;0;0;0;0;0;355417,135409292008262;5644291,046554110012949;6,942433359000060;50,932107772999998
170823;5220422316300090686;5;9;74;28;2022;4;14;6;2;0;1;0;0;1;0;0;0;0;0;456937,751462588028517;5725027,561041500419378;8,377235461000049;51,674569948000098
170824;5220405514215591583;5;1;66;28;2022;4;17;3;3;0;3;0;1;1;1;0;0;0;0;325514,762703776010312;5688571,322747839614749;6,495852486000050;51,321643047000101
170827;5220422307000590500;5;9;62;40;2022;4;11;6;3;5;2;0;0;1;1;0;0;0;0;413794,754999985976610;5701599,070999640040100;7,759169045000020;51,458995234000000
170828;5220411518320891405;5;1;70;52;2022;4;13;2;3;2;6;0;0;1;1;0;0;0;0;324277,273999531986192;5726058,951998249627650;6,459451423000080;51,658012108000001
170831;5220328300500561174;5;9;11;0;2022;3;19;2;3;1;7;1;0;1;1;0;0;0;0;379128,284866999019869;5700864,675134100019932;7,260645537000070;51,446054354000097
170832;5220407705000052359;5;5;54;8;2022;4;15;5;3;5;2;0;0;1;1;0;0;0;0;336128,890999665018171;5745759,446998840197921;6,621351755000030;51,838573994999997
170833;5220413700000091806;5;5;13;0;2022;4;17;4;3;5;3;0;0;1;1;0;0;0;0;364845,851427235000301;5718167,784208670258522;7,048603969000060;51,598320408000099
170834;5220405405228082029;5;7;54;28;2022;4;16;3;3;5;3;0;1;1;1;0;0;0;0;450278,418999999004882;5746313,305999659933150;8,277888600000040;51,865391551000101
170835;5220330405228990772;5;7;54;28;2022;3;8;4;3;5;2;0;0;1;0;0;0;0;0;450302,680999998992775;5744572,496999659575522;8,278491310000049;51,849743033000003
170836;5220416505100576285;5;1;14;0;2022;4;2;7;3;6;4;2;0;1;0;1;0;0;0;330839,072999597992748;5689043,915998670272529;6,571965896000050;51,327496923000098
170837;5220418502404587647;5;1;17;0;2022;4;18;2;3;0;7;0;0;1;1;0;0;0;0;353678,736999800021295;5702616,539999330416322;6,893942610000070;51,455793296000103
170839;5220421410110239395;5;7;70;24;2022;4;19;5;3;5;3;0;0;1;1;0;0;0;0;493353,942000001028646;5791320,979999690316617;8,902598079000031;52,272224612000102
170841;5220402607400190883;5;3;82;44;2022;4;17;7;3;0;7;0;0;1;0;0;0;0;0;364002,206123410025612;5626837,922664020210505;7,071015191000070;50,777334248000003
170843;5220413316300286999;5;9;74;28;2022;4;14;4;3;0;1;0;0;1;0;0;0;0;0;454530,303000000014435;5725201,342999650165439;8,342398813000051;51,675942663999997
170850;5220405500200387379;5;1;11;0;2022;4;13;3;3;5;3;0;1;1;1;0;0;0;0;343835,406463871011510;5681743,290362049825490;6,761541990000070;51,265616735000002
170851;5220419515110022303;5;1;54;4;2022;4;14;3;3;8;1;0;0;1;0;0;0;0;0;303095,101622221001890;5738464,139310239814222;6,146585193000020;51,762394606000001
170854;5220419709500461951;5;5;66;76;2022;4;11;3;3;5;2;0;0;1;1;0;0;0;0;392775,586999957973603;5792296,437999649904668;7,428571766000060;52,270577945000099
170855;5220328602700290912;5;3;62;28;2022;3;17;2;3;2;6;0;0;1;1;0;0;0;0;347128,856999747978989;5639318,597999219782650;6,826653450000040;50,885287443000003
170861;5220419406110076328;5;7;58;12;2022;4;18;3;3;0;5;0;0;1;1;0;0;0;0;476962,413630697003100;5770342,348653130233288;8,663798477000061;52,083173090999999
170862;5220420711421281082;5;5;70;20;2022;4;11;4;3;5;3;0;0;1;0;0;1;0;0;433296,512999997008592;5743651,240999660454690;8,031805652000060;51,839687866000098
170863;5220410601300481708;5;3;15;0;2022;4;18;1;3;0;7;0;0;1;0;1;0;0;0;354476,640600397018716;5647005,445221990346909;6,927973951000070;50,956264748000102
170865;5220327606700593451;5;3;78;16;2022;3;14;1;2;7;7;0;0;1;0;0;0;0;0;360427,014241066994146;5662162,410982539877295;7,006806955000060;51,093952767000097
170868;5220410316100873375;5;9;74;40;2022;4;14;1;3;5;3;0;0;1;1;0;0;0;0;436071,010999999009073;5713660,324999650008976;8,077571477000051;51,570386927000101
170872;5220418405108886990;5;7;54;8;2022;4;18;2;3;0;1;0;0;1;0;0;0;0;0;456489,602000001003034;5749120,200999660417438;8,367733984000040;51,891146239000101
170873;5220331514217446072;5;1;66;36;2022;3;7;5;3;8;1;1;1;1;0;0;0;0;0;326206,827538589015603;5682636,480845809914172;6,508663707000040;51,268539079999996
170877;5220420705000041533;5;5;54;8;2022;4;17;4;2;8;1;0;0;1;0;0;0;0;0;336395,534999664989300;5746474,312998849898577;6,624880489000020;51,845074145000098
170879;5220401518400985931;5;1;70;8;2022;4;15;6;3;5;3;0;0;1;1;0;0;0;0;342785,030999718001112;5715547,946999089792371;6,731506313000070;51,569057708000102
170881;5220327705000591776;5;5;54;8;2022;3;4;1;2;0;7;2;0;1;0;0;0;0;0;336269,618999663973227;5745109,153998839668930;6,623700269000040;51,832773379999999
170882;5220406705000421108;5;5;54;4;2022;4;22;4;3;0;7;2;1;1;0;0;0;0;0;363129,199999860022217;5771952,771999480202794;7,002552974000030;52,081206764000100
170884;5220405316300874488;5;9;74;28;2022;4;15;3;3;5;3;0;1;1;1;0;0;0;0;454593,163000000000466;5724135,270999649539590;8,343446447000080;51,666362832000097
170887;5220418501316572055;5;1;12;0;2022;4;15;2;3;5;2;0;0;1;1;0;0;0;0;345533,990999741014093;5697825,302999169565737;6,778894062000060;51,410580246999999
170888;5220331610211749781;5;3;70;4;2022;3;16;5;3;3;2;0;1;1;1;0;0;0;0;312301,203998500015587;5662072,572999309748411;6,320287596000070;51,079417620000100
170894;5220404317110075376;5;9;78;36;2022;4;15;2;3;5;3;0;1;1;1;0;0;0;0;409487,449505426979158;5709158,027482260018587;7,695248260000030;51,526273408000101
170896;5220417513210001962;5;1;62;24;2022;4;13;1;3;4;6;0;0;1;1;0;0;0;0;341780,538237101980485;5672496,790280969813466;6,736193371000070;51,181969184000103
170897;5220331502339374733;5;1;13;0;2022;3;10;5;3;1;1;0;0;1;1;0;0;0;0;364307,935811622999609;5707378,702561330050230;7,045003889000040;51,501236067999997
170899;5220414505200642307;5;1;14;0;2022;4;16;5;3;6;6;0;0;1;0;1;0;0;0;330679,098999596026260;5690324,151998659595847;6,569063426000070;51,338950818000100
170900;5220422602400090221;5;3;62;32;2022;4;10;6;3;0;3;0;0;1;1;0;0;0;0;336400,451999649987556;5642099,024998930282891;6,673013869000040;50,907332113000102
170902;5220419502307916528;5;1;13;0;2022;4;7;3;3;5;3;0;0;1;1;0;0;0;0;359213,184999834978953;5702559,690999420359731;6,973570031000070;51,456685805000099
170903;5220412300100890137;5;9;11;0;2022;4;10;3;3;2;3;0;0;1;1;0;0;0;0;377267,994864621025044;5706150,498572940006852;7,232053698000070;51,493160563000103
170905;5220328518210791440;5;1;70;28;2022;3;15;2;3;0;7;0;0;1;0;0;0;0;0;328943,385413272015285;5701842,978465749882162;6,538618931000030;51,441911914999999
170906;5220417502321171540;5;1;13;0;2022;4;17;1;3;0;1;0;0;1;0;0;0;0;0;357472,233999826014042;5705240,566999389789999;6,947447560000060;51,480340550000101
170907;5220407609108189893;5;3;58;8;2022;4;8;5;3;5;3;0;1;1;1;0;0;0;0;320849,135999458027072;5630761,062998210079968;6,457587613000040;50,800857630000102
170908;5220413600110086274;5;3;14;0;2022;4;13;4;3;5;2;0;0;1;1;0;0;0;0;363795,808370280021336;5621705,161582130007446;7,069988209000030;50,731153739000000
170914;5220331709000242524;5;5;66;12;2022;3;18;5;3;5;3;0;0;1;1;0;0;0;0;405967,029999978025444;5773009,926999670453370;7,627184055000040;52,099643454999999
170916;5220423400200103712;5;7;11;0;2022;4;11;7;3;0;1;0;0;1;0;0;0;0;0;473353,122051775979344;5763419,354928690008819;8,611667084000031;52,020768742000001
170920;5220329605148386089;5;3;74;48;2022;3;17;3;3;0;1;2;0;1;0;0;0;0;0;392847,572011970973108;5644463,594630889594555;7,474820191000050;50,941828665999999
170921;5220414711212186957;5;5;70;4;2022;4;17;5;3;0;2;0;0;1;0;0;0;0;0;423938,441880418977235;5735629,772561269812286;7,897759839000060;51,766381834000100
170925;5220422601100276563;5;3;15;0;2022;4;12;6;3;5;3;0;0;1;0;0;0;0;0;355167,333676895999815;5644987,617337269708514;6,938604032000060;50,938305026000101
170927;5220419514210891565;5;1;66;12;2022;4;15;3;3;4;7;0;0;1;1;0;0;0;0;320066,457821494026575;5693397,856633929535747;6,415305363000070;51,363301900000103
170929;5220411607100996445;5;3;82;60;2022;4;16;2;3;0;1;0;0;1;0;0;0;0;0;374167,602999905007891;5628895,495999529957771;7,214418290000030;50,798123519999997
170930;5220329315110236041;5;9;70;40;2022;3;17;3;2;4;6;0;0;1;0;0;0;0;0;430280,919734607974533;5637013,184639830142260;8,008952171000031;50,880582629000102
170931;5220417410230640197;5;7;70;4;2022;4;15;1;3;2;6;0;0;1;0;0;0;0;0;487899,641987178009003;5785781,692997910082340;8,822860844000051;52,222330462999999
170933;5220401608100271792;5;3;34;2;2022;4;21;6;3;6;4;2;1;1;0;1;0;0;0;294486,628676571999677;5629235,521486070007086;6,084802135000070;50,778408906999999
170934;5220414317140166932;5;9;78;28;2022;4;16;5;3;0;7;0;0;1;0;0;0;0;0;401805,995999972976279;5700578,860999629832804;7,586940072000060;51,447871736000103
170935;5220421600380075883;5;3;14;0;2022;4;15;5;3;3;6;0;0;1;0;0;0;0;0;367690,212872062984388;5620350,656756590120494;7,125625863000040;50,719879418000097
170936;5220405601400781700;5;3;15;0;2022;4;18;3;3;0;3;0;0;1;1;0;0;0;0;356165,668999815010466;5647474,843999370001256;6,951821038000050;50,960907189000103
170938;5220418701610080956;5;5;62;12;2022;4;16;2;3;5;3;0;0;1;1;0;0;0;0;360616,042627847986296;5726194,817769289948046;6,984376821000070;51,669420252000101
170940;5220405706000927034;5;5;58;16;2022;4;8;3;3;5;3;0;1;1;1;0;0;0;0;380204,764999925973825;5744380,520999600179493;7,261229929000020;51,837377434000103
170942;5220420608436589900;5;3;34;36;2022;4;13;4;3;0;1;0;0;1;0;0;0;0;0;300340,616154442017432;5633493,856087789870799;6,165416041000070;50,818701161000000
170943;5220408513320474095;5;1;62;4;2022;4;13;6;3;3;3;0;0;1;0;0;0;0;1;349235,104999768023845;5662959,452999260276556;6,846762803000050;51,098282028000000
170946;5220331301204080499;5;9;13;0;2022;3;15;5;3;5;3;0;1;1;1;0;0;0;0;385683,141150778974406;5708503,554325150325894;7,352454742000020;51,516074050999997
170949;5220421610211767477;5;3;70;4;2022;4;18;5;3;0;1;0;0;1;0;0;0;0;0;312215,552999338018708;5661756,416997480206192;6,319230449000030;51,076549718000102
170951;5220330702100542022;5;5;15;0;2022;3;17;4;3;0;5;0;0;1;0;0;0;0;1;406020,753398977976758;5756957,848875549621880;7,632377244000050;51,955370977000001
170953;5220420608404233298;5;3;34;4;2022;4;19;4;3;5;3;0;0;1;1;0;0;0;0;299555,036999105010182;5639972,054996100254357;6,150732792000040;50,876614551000003
170956;5220328602500894903;5;3;62;24;2022;3;20;2;2;0;1;2;0;1;0;0;0;0;0;345858,350609779998194;5642172,463106269948184;6,807400377000020;50,910594909000103
170957;5220416702100839947;5;5;15;0;2022;4;19;7;3;3;6;0;0;1;0;0;0;0;0;407488,885143914027140;5756110,526353759691119;7,653963743000080;51,948000950999997
170958;5220408300100273773;5;9;11;0;2022;4;14;6;3;5;3;0;0;1;0;0;0;0;1;376052,050999913015403;5705306,673999570310116;7,214843494000040;51,485311528000103
170967;5220406601600486372;5;3;15;0;2022;4;19;4;2;0;4;0;1;1;0;1;0;0;0;359553,500437788025010;5644973,679096049629152;7,000996233000020;50,939264745000102
170970;5220329602800614786;5;3;62;12;2022;3;15;3;3;4;6;0;0;1;1;0;0;0;0;352336,554160066007171;5633023,992172880098224;6,903175903000030;50,830074330000102
170972;5220402608312777555;5;3;34;12;2022;4;19;7;2;0;3;0;0;1;1;0;0;0;0;307976,234930286009330;5631721,062812250107527;6,274613586000040;50,805358854000097
170973;5220414705000221108;5;5;54;4;2022;4;17;5;3;5;7;0;0;1;1;0;0;0;0;361727,659277699014638;5771354,933644710108638;6,982355309000070;52,075486777000002
170974;5220423316400644493;5;9;74;44;2022;4;15;7;3;5;3;0;0;1;1;0;0;0;0;449735,630999999004416;5703813,380999639630318;8,276123706000019;51,483237345000099
170976;5220419605144681770;5;3;74;44;2022;4;16;3;3;0;3;0;0;1;1;0;0;0;0;405288,152999976999126;5638816,063999599777162;7,653306875000060;50,893234636000003
170977;5220408601400066078;5;3;15;0;2022;4;11;6;2;5;2;0;0;1;1;0;0;0;0;352089,686992503004149;5654719,667927020229399;6,890870893000060;51,024980349000003
170979;5220328601400681872;5;3;15;0;2022;3;15;2;3;5;3;0;0;1;1;0;0;0;0;355179,655999807990156;5654765,914999360218644;6,934882918000030;51,026182671000100
170980;5220416702100670631;5;5;15;0;2022;4;9;7;2;4;6;0;0;1;0;0;0;0;0;404580,100888822984416;5756120,409214889630675;7,611651426000040;51,947598411000101
170983;5220401709500676614;5;5;66;76;2022;4;13;6;3;0;5;0;1;1;1;0;0;0;0;392392,688580500020180;5794164,347699370235205;7,422366358000030;52,287290278000100
170985;5220421705000776333;5;5;54;8;2022;4;12;5;2;5;3;0;0;1;1;0;0;0;0;327988,374999578983989;5748570,155998440459371;6,501909239000040;51,861373891000000
170987;5220330503400075946;5;1;22;0;2022;3;11;4;3;0;7;0;0;1;1;0;0;0;0;365926,995999870996457;5671739,146999480202794;7,081737720000040;51,181333568000099
170989;5220422317110171292;5;9;78;36;2022;4;11;6;3;5;2;0;0;1;1;0;0;0;0;408570,310454306018073;5710091,192891430109739;7,681789029000070;51,534514156999997
170990;5220411506100591490;5;1;16;0;2022;4;14;2;3;3;5;0;0;1;1;0;0;0;0;319009,967377737979405;5673317,210781790316105;6,410312726000030;51,182584860000098
170992;5220420500100569712;5;1;11;0;2022;4;16;4;3;0;6;0;0;1;0;0;0;0;0;346910,707606557989493;5675566,472331220284104;6,808228459000080;51,210948960000103
170993;5220328315210879306;5;9;70;20;2022;3;20;2;3;0;1;1;0;1;0;0;0;0;0;434854,205536086985376;5647633,216579729691148;8,072053366000031;50,976605702000001
170995;5220413502100580547;5;1;13;0;2022;4;18;4;3;5;2;0;0;1;1;0;0;0;0;361733,651999850990251;5700786,939999449998140;7,010517640000050;51,441376392000102
170996;5220404601600681466;5;3;15;0;2022;4;7;2;3;5;3;0;0;1;1;0;0;0;0;364528,195999862975441;5645422,529999460093677;7,071591499000020;50,944489030000099
170998;5220416601200090257;5;3;15;0;2022;4;4;7;3;1;5;2;0;1;1;0;0;0;0;354105,752999801014084;5643328,768999340012670;6,924169121000030;50,923129852000002
171000;5220421500200502247;5;1;11;0;2022;4;15;5;3;1;1;0;0;1;1;0;0;0;0;345710,658974657999352;5678349,175851319916546;6,789863364000040;51,235629901000003
171001;5220331508000176901;5;1;19;0;2022;3;20;5;3;5;3;2;1;1;1;0;0;0;0;349547,250999772979412;5704195,553999260067940;6,833849717000020;51,468898476000000
171002;5220403602250885848;5;3;62;16;2022;4;11;1;3;5;3;0;0;1;1;0;0;0;0;329049,708999569003936;5644150,557998630218208;6,567596602000040;50,923634397999997
171006;5220328503100255738;5;1;24;0;2022;3;17;2;3;5;3;0;0;1;0;0;1;0;0;369665,695999888994265;5679613,841999510303140;7,132336364000030;51,252971115000001
171008;5220413709300674741;5;5;66;84;2022;4;17;4;3;5;3;0;0;1;1;0;0;0;0;390195,419999952020589;5775655,986999640241265;7,396166859000060;52,120519012999999
171010;5220329600110190907;5;3;14;0;2022;3;15;3;3;5;3;0;0;1;1;0;0;0;0;366594,894512399972882;5620066,742708059959114;7,110220602000030;50,717077169000000
171015;5220328400200974633;5;7;11;0;2022;3;16;2;3;3;2;0;0;1;1;0;0;0;0;467708,764000001014210;5763679,550999670289457;8,529388356000030;52,022808240000103
171016;5220406607200390886;5;3;82;20;2022;4;14;4;3;5;3;0;0;1;1;0;0;0;0;378600,744038478005677;5626706,149328430183232;7,278017691000060;50,779389688999998
171022;5220420502231971579;5;1;13;0;2022;4;16;4;3;5;7;0;0;1;1;0;0;0;0;365342,134999867994338;5696925,226999489590526;7,063874537000060;51,407541686000101
171026;5220406601400193592;5;3;15;0;2022;4;16;4;3;9;1;0;1;1;1;0;0;0;0;356383,288186489022337;5647004,311273030005395;6,955103477000020;50,956732875000100
171027;5220419518200189322;5;1;70;24;2022;4;5;3;3;5;3;2;0;1;1;0;0;0;0;337256,629999666009098;5701956,889998920261860;6,658077990000040;51,445384816000100
171029;5220411705000091584;5;5;54;12;2022;4;13;2;3;1;2;0;0;1;1;0;0;0;0;351599,763999790011439;5745008,790999289602041;6,846058809000060;51,836154916000098
171030;5220328505100085901;5;1;14;0;2022;3;20;2;3;3;2;2;0;1;0;0;0;0;1;329465,446999581996351;5688883,553998599760234;6,552345672000060;51,325646077000002
171034;5220414600380079309;5;3;14;0;2022;4;10;5;3;5;2;0;1;1;1;0;0;0;0;370259,067999886989128;5617801,483999500051141;7,162893502000030;50,697545849999997
171036;5220405505200082202;5;1;14;0;2022;4;13;3;3;5;3;0;1;1;1;0;0;0;0;327567,776903159974609;5692859,982069049961865;6,523210002000040;51,360796495000002
171039;5220421705000620946;5;5;54;20;2022;4;11;5;3;3;6;0;0;1;1;0;0;0;0;366461,550999875995331;5786299,445999519899487;7,045515378000060;52,210932794000001
171040;5220411516600086811;5;1;58;4;2022;4;11;2;3;5;2;0;0;1;1;0;0;0;0;353839,154999798978679;5676388,738999339751899;6,907014915000050;51,220153235000097
171042;5220420405108587154;5;7;54;8;2022;4;18;4;3;5;3;0;0;1;1;0;0;0;0;456344,771999999997206;5749892,396999670192599;8,365531771000059;51,898077395000001
171043;5220327706200772440;5;5;58;12;2022;3;0;1;3;0;6;2;0;1;1;0;0;0;0;373692,754762638011016;5756834,376536799594760;7,162201027000040;51,947859311000101
171045;5220413518200769468;5;1;70;24;2022;4;12;4;2;2;6;0;0;1;1;0;0;0;0;335497,197546136972960;5702356,739826049655676;6,632596517000020;51,448468842000104
171046;5220405400100704091;5;7;11;0;2022;4;15;3;3;0;7;0;0;1;0;0;0;0;0;465651,413333853997756;5765387,255443460308015;8,499234304000030;52,038037897999999
171049;5220418301101480393;5;9;13;0;2022;4;19;2;2;4;2;0;0;1;1;0;0;0;0;395688,442999963997863;5706374,127999629825354;7,497226083000040;51,498869667000100
171050;5220331518200186052;5;1;70;24;2022;3;7;5;3;0;6;0;1;1;1;0;0;0;0;336142,332934744015802;5702074,940552350133657;6,642002840000030;51,446124133000097