OBJECTID;UIDENTSTLAE;ULAND;UREGBEZ;UKREIS;UGEMEINDE;UJAHR;UMONAT;USTUNDE;UWOCHENTAG;UKATEGORIE;UART;UTYP1;ULICHTVERH;IstStrassenzustand;IstRad;IstPKW;IstFuss;IstKrad;IstGkfz;IstSonstige;LINREFX;LINREFY;XGCSWGS84;YGCSWGS84
171053;5220406310230086922;5;9;54;12;2022;4;9;4;3;5;3;0;0;1;1;0;0;0;0;382793,503999934007879;5687853,337999580428004;7,317658544000040;51,329878759000103
171054;5220412709800579143;5;5;66;40;2022;4;13;3;2;5;3;0;0;1;1;0;0;0;0;420978,559999990975484;5782359,998999680392444;7,844115065000040;52,186038355000100
171055;5220410518100485932;5;1;70;48;2022;4;18;1;3;0;3;1;0;1;0;0;0;0;0;334958,129803447984159;5725413,984925529919565;6,614027686000040;51,655455527000100
171056;5220328609108189916;5;3;58;8;2022;3;16;2;3;0;1;0;0;1;0;0;0;0;0;322620,805867246002890;5631036,132261649705470;6,482571289000020;50,803873873999997
171061;5220405411232056303;5;7;74;32;2022;4;11;3;3;5;3;0;1;1;1;0;0;0;0;482153,706000000995118;5734260,589999659918249;8,741427764000040;51,758954172000102
171062;5220419513210571856;5;1;62;24;2022;4;18;3;2;6;4;0;0;1;0;1;0;0;0;338735,928904404980130;5674581,584157880395651;6,691732454000030;51,199850174000098
171063;5220412400300286232;5;7;11;0;2022;4;8;3;3;5;3;0;0;1;0;0;0;0;1;465697,369770043995231;5760822,186611999757588;8,500361713000069;51,996998085000001
171064;5220328515210348405;5;1;54;20;2022;3;16;2;3;5;3;0;0;1;1;0;0;0;0;321692,390810668992344;5712595,573920959606767;6,428962335000050;51,536263427000101
171065;5220412705000821108;5;5;54;4;2022;4;17;3;2;5;3;0;0;1;1;0;0;0;0;363702,363999862980563;5771892,349999479949474;7,010936216000060;52,080805247000100
171066;5220409600360690745;5;3;82;12;2022;4;10;7;3;0;1;0;0;1;0;0;0;0;0;361244,347198994015343;5624883,872677699662745;7,032659245000050;50,759118844000099
171068;5220330711113953624;5;5;70;52;2022;3;16;4;3;5;3;0;0;1;1;0;0;0;0;430346,292018170992378;5755184,342860099859536;7,986661118000030;51,943007018000102
171069;5220401601200978240;5;3;15;0;2022;4;19;6;3;1;1;1;1;1;1;0;0;0;0;354129,521514771971852;5643340,338774190284312;6,924502442000060;50,923239836000100
171071;5220422711413376733;5;5;70;28;2022;4;19;6;3;5;3;0;0;1;0;0;0;0;0;441545,247016022971366;5742647,885583049617708;8,151689548000039;51,831591949000000
171073;5220419518210991497;5;1;70;28;2022;4;11;3;2;5;3;0;0;1;0;0;0;0;1;331756,863884006976150;5702992,496994529850781;6,578517180000060;51,453081544000000
171077;5220407702100574776;5;5;15;0;2022;4;16;5;3;3;2;0;1;1;1;0;0;0;0;403501,194943211972713;5757539,238146560266614;7,595560084000060;51,960165188000097
171078;5220414502323991752;5;1;13;0;2022;4;6;5;3;5;2;1;1;1;0;0;0;1;0;359142,129999834985938;5706091,144999420270324;6,971140248000040;51,488402241000102
171079;5220422405112157681;5;7;54;12;2022;4;13;6;3;5;3;0;0;1;1;0;0;0;0;453884,568169480015058;5768571,004535419866443;8,327267682000070;52,065806779000098
171080;5220405513210390288;5;1;62;24;2022;4;15;3;2;0;1;0;1;1;0;0;0;0;0;338357,285099725006148;5674799,309522270224988;6,686219385000070;51,201699406000003
171083;5220420705000591729;5;5;54;12;2022;4;14;4;3;0;3;0;0;1;1;0;0;0;0;352789,848581837024540;5746047,465079789981246;6,862877132000050;51,845802280000001
171084;5220411404301590726;5;7;66;44;2022;4;19;2;3;0;1;0;0;1;0;0;0;0;0;493112,237664395011961;5763519,753398819826543;8,899619397000039;52,022268628000099
171087;5220327705000030800;5;5;54;68;2022;3;19;1;3;8;1;0;0;1;0;0;0;0;0;351040,536999786971137;5767275,671999280340970;6,828306389000030;52,036065549000099
171090;5220410600130575867;5;3;82;8;2022;4;10;1;3;5;3;0;0;1;1;0;0;0;0;374675,983839267981239;5611614,891776540316641;7,227499502000060;50,642905052000103
171092;5220329709500561951;5;5;66;76;2022;3;9;3;3;0;1;0;0;1;0;1;0;0;0;393240,674051998998038;5793292,067289159633219;7,435069912000070;52,279616340000103
171095;5220331705000674468;5;5;54;8;2022;3;20;5;3;0;3;2;0;1;1;0;0;0;0;336406,166999666020274;5744964,520998850464821;6,625748583000070;51,831514076000097
171098;5220423500200174496;5;1;11;0;2022;4;17;7;3;5;3;0;0;1;1;0;0;0;0;342715,995999716978986;5686196,245999099686742;6,743548919000030;51,305319140999998
171100;5220419505200581649;5;1;14;0;2022;4;22;3;3;1;1;2;0;1;1;0;0;0;0;329720,576266110001598;5690694,691059599630535;6,555138155000070;51,341993391000102
171101;5220408515000160554;5;1;54;36;2022;4;15;6;3;4;7;0;0;1;0;0;0;0;0;301627,152230443025474;5740805,271042180247605;6,124004358000040;51,782899919000002
171102;5220412405108278110;5;7;54;8;2022;4;13;3;3;4;6;0;0;1;0;0;0;0;0;458129,498036925971974;5748695,449940020218492;8,391614019000031;51,887453073000103
171104;5220331404102421520;5;7;66;56;2022;3;6;5;3;5;3;0;0;1;1;0;0;0;0;476332,705000001005828;5755207,564999669790268;8,655655165000040;51,947073131000103
171111;5220420313110285559;5;9;58;4;2022;4;9;4;3;5;3;0;0;1;1;0;0;0;0;428269,744546587986406;5700869,470327709801495;7,967628765000030;51,454455426000003
171112;5220328501215976363;5;1;12;0;2022;3;19;2;3;0;7;0;0;1;0;1;0;0;0;337752,606668021006044;5696947,550964619964361;6,667502266000040;51,400521298000101
171113;5220417411232137905;5;7;74;32;2022;4;18;1;3;3;6;0;0;1;0;0;0;0;0;480245,346642950025853;5732162,176248890347779;8,713897414000030;51,740022778000103
171114;5220407702100664311;5;5;15;0;2022;4;21;5;3;0;5;2;1;1;1;0;0;0;0;407090,222530379018281;5758395,538876540027559;7,647546950000050;51,968473378000098
171115;5220413515210076795;5;1;54;52;2022;4;14;4;2;0;7;0;0;1;0;0;0;0;0;310120,438902636000421;5702896,127470339648426;6,267520066000030;51,445374968000102
171116;5220404705000380993;5;5;54;8;2022;4;6;2;3;0;7;0;0;1;0;0;0;0;0;336117,635485372971743;5745361,101023670285940;6,621377198000060;51,834992169000003
171119;5220418316100577810;5;9;74;40;2022;4;5;2;3;3;2;1;0;1;1;0;0;0;0;440156,187439393019304;5712003,472526200115681;8,136790966000040;51,555939260999999
171125;5220412515210586040;5;1;54;28;2022;4;15;3;3;5;7;0;0;1;1;0;0;0;0;322414,535923813004047;5699372,018963069655001;6,446010657000040;51,417706499000097
171126;5220416606700186364;5;3;78;32;2022;4;18;7;3;0;1;0;0;1;0;1;0;0;0;371140,098317408992443;5662923,661649829708040;7,159436998000050;51,103302124000002
171130;5220330600140590937;5;3;14;0;2022;3;17;4;3;5;3;0;0;1;1;0;0;0;0;367114,684999873978086;5622687,396999480202794;7,116635068000050;50,740750849000101
171131;5220419405236506582;5;7;54;36;2022;4;16;3;3;8;1;0;0;1;1;0;0;0;0;472828,399190193973482;5751577,938986649736762;8,604957506000060;51,914279557999997
171132;5220420702100091712;5;5;15;0;2022;4;6;4;3;5;3;2;0;1;1;0;0;0;0;407034,801196561020333;5753971,930772559717298;7,647936880000030;51,928702379000100
171133;5220411501125487468;5;1;12;0;2022;4;17;2;3;1;7;0;0;1;1;0;0;0;0;343810,177197986980900;5704248,730279389768839;6,751293583000060;51,467821927999999
171135;5220327602800482483;5;3;62;12;2022;3;14;1;3;0;6;0;0;1;0;0;0;0;1;352569,026997575012501;5632887,600009139627218;6,906529515000050;50,828907861000097
171140;5220329711111091712;5;5;70;52;2022;3;12;3;3;2;7;0;0;1;0;0;0;0;1;430763,218452919973060;5757212,748963389545679;7,992316964000050;51,961293705000102
171142;5220417711313090829;5;5;70;8;2022;4;19;1;2;0;1;1;0;1;0;0;0;0;0;433685,070152061001863;5735222,194874100387096;8,039057148000040;51,763957063000099
171145;5220414709500938468;5;5;66;16;2022;4;15;5;3;0;6;0;0;1;0;0;0;0;0;406124,480453496973496;5791819,253298119641840;7,624273872000060;52,268730145000099
171150;5220412500300571844;5;1;11;0;2022;4;7;3;2;0;7;0;0;1;0;0;0;0;0;345137,039323971024714;5676493,561841860413551;6,782454896000050;51,218801065999997
171152;5220417505200575930;5;1;14;0;2022;4;15;1;3;5;2;0;0;1;1;0;0;0;0;336407,426999657007400;5692350,207998890429735;6,650298077000060;51,358830892000100
171153;5220331411132572201;5;7;74;32;2022;3;7;5;3;8;1;0;0;1;0;0;0;0;0;483291,042951292998623;5729460,326324930414557;8,758136825000070;51,715828740000099
171158;5220331411220987044;5;7;74;20;2022;3;13;5;2;5;3;0;0;1;0;0;0;1;0;469055,592000001983251;5734263,383999659679830;8,551655877000030;51,758408679000098
171159;5220418518100491439;5;1;70;48;2022;4;18;2;3;0;7;0;0;1;0;0;0;0;0;332469,695670228975359;5722807,837549719959497;6,579335067000050;51,631307223000100
171160;5220410605124885200;5;3;74;24;2022;4;15;1;3;0;1;0;0;1;0;0;0;0;0;397114,703406377986539;5659842,344320329837501;7,531174521000030;51,080853740000101
171162;5220328601500574401;5;3;15;0;2022;3;12;2;3;0;7;2;1;1;0;0;0;0;1;360185,168999838992022;5646427,210999430157244;7,009423068000050;50,952481367000097
171163;5220407603116279304;5;3;66;16;2022;4;16;5;3;0;1;0;0;1;0;0;0;0;0;343207,939999712980352;5614331,578999140299857;6,781605901000030;50,659701487000099
171164;5220413711314376703;5;5;70;8;2022;4;17;4;2;0;1;0;0;1;0;0;0;0;0;432842,911999995005317;5739019,698999660089612;8,026120860000050;51,797996230000102
171165;5220404516500886919;5;1;58;16;2022;4;10;2;3;5;2;0;0;1;1;0;0;0;0;355035,022999807028100;5672084,549999359995127;6,925865774000040;51,181779464000002
171166;5220329601600253145;5;3;15;0;2022;3;10;3;2;0;7;0;0;1;0;0;0;0;0;365461,876999865984544;5637693,938999470323324;7,087723519000060;50,875246047000097
171169;5220421501211081587;5;1;12;0;2022;4;5;5;3;5;2;2;0;1;0;0;0;0;0;341678,787999705993570;5696988,226999060250819;6,723879161000070;51,401996111000102
171172;5220407501325586181;5;1;12;0;2022;4;17;5;3;5;3;1;1;1;1;0;0;0;0;345171,375352557981387;5692921,726030410267413;6,775822268000070;51,366422169000003
171174;5220409601500814041;5;3;15;0;2022;4;11;7;2;0;1;0;0;1;0;0;0;0;0;362835,184295615996234;5648550,452444300055504;7,046327858000040;50,972200403000002
171175;5220328608408085759;5;3;34;8;2022;3;18;2;2;0;5;0;0;1;1;0;0;0;0;302245,720593595993705;5642190,528119959868491;6,187730136000030;50,897467372000101
171179;5220423301302579504;5;9;13;0;2022;4;21;7;3;3;2;2;0;1;1;0;0;0;0;397233,947824777977075;5709364,387528539635241;7,518611757000030;51,526031322000101
171180;5220406501136582196;5;1;12;0;2022;4;12;4;3;0;3;0;0;1;1;0;0;0;0;343676,790999725984875;5709647,648999109864235;6,746983732000050;51,516293248000103
171183;5220412406220104123;5;7;58;24;2022;4;15;3;3;0;7;0;0;1;0;0;0;0;0;479031,892524381983094;5781119,322739649564028;8,693334630000040;52,180147116999997
171188;5220329600120176598;5;3;82;24;2022;3;9;3;3;3;2;0;0;1;1;0;0;0;0;371443,820999893010594;5617288,388999509625137;7,179838863000040;50,693197031000103
171189;5220414701910489503;5;5;62;8;2022;4;11;5;3;5;3;0;0;1;0;0;0;0;0;384340,289999938977417;5723905,742999600246549;7,328035715000060;51,654232138000097
171194;5220406500100169311;5;1;11;0;2022;4;20;4;3;5;3;2;1;1;1;0;0;0;0;339952,621999690018129;5678062,684999019838870;6,707579179000050;51,231469873000002
171195;5220419607400078310;5;3;82;68;2022;4;7;3;3;1;3;0;0;1;1;0;0;0;0;367704,285627558012493;5632008,652968560345471;7,121631844000040;50,824665000000003
171197;5220412307000175392;5;9;62;16;2022;4;5;3;3;0;1;2;0;1;0;0;0;0;0;413677,934297305997461;5692724,744855239987373;7,759649438000050;51,379199546000102
171198;5220420500300572238;5;1;11;0;2022;4;12;4;3;5;3;0;0;1;1;0;0;0;0;347944,476999756996520;5676726,034999229945242;6,822525714000050;51,221644578000102
171200;5220416701300114019;5;5;62;14;2022;4;7;7;3;5;3;0;0;1;1;0;0;0;0;358922,088999834028073;5713434,836999409832060;6,965032779000070;51,554338001000097
171204;5220414410230440397;5;7;70;4;2022;4;6;5;3;5;3;0;0;1;1;0;0;0;0;487545,122000001021661;5782511,467999679967761;8,817791304000020;52,192921292999998
171205;5220421516300878366;5;1;58;28;2022;4;17;5;3;5;2;0;0;1;1;0;0;0;0;348657,887528949999250;5684924,566720870323479;6,829265676000030;51,295503294000099
171207;5220330411132051315;5;7;74;32;2022;3;14;4;3;0;4;0;0;1;0;1;0;0;0;483487,208000000973698;5729955,976999649778008;8,760952803000070;51,720291101000001
171210;5220420405108078039;5;7;54;8;2022;4;17;4;3;4;2;0;0;1;1;0;0;0;0;456470,094798030972015;5752030,648307040333748;8,367082879000071;51,917311257999998
171211;5220328501114582347;5;1;12;0;2022;3;12;2;3;0;3;0;0;1;1;0;0;0;0;346941,483406558982097;5706616,159285780042410;6,795313779000030;51,489949081000098
171214;5220404603104074039;5;3;66;4;2022;4;7;2;2;8;1;1;2;1;1;0;0;0;0;340147,348392346000765;5600661,552428510040045;6,744220402000050;50,536028844999997
171215;5220329518320791634;5;1;70;52;2022;3;16;3;3;5;2;0;0;1;1;0;0;0;0;323060,290999514982104;5725893,303998170420527;6,441959287000030;51,656142429000099
171216;5220416301103273256;5;9;13;0;2022;4;14;7;3;1;5;0;0;1;1;0;0;0;0;391063,848065868020058;5704430,504036420024931;7,431227562000060;51,480527309000102
171217;5220417602100715333;5;3;62;8;2022;4;14;1;3;1;5;0;0;1;1;0;0;0;0;337061,700123767019249;5651107,700854579918087;6,678380280000060;50,988463916000100
171219;5220401506100676387;5;1;16;0;2022;4;13;6;3;0;1;0;1;1;0;0;0;0;0;323221,716056894976646;5672554,008477710187435;6,470888056000040;51,177046490000102
171223;5220412700000091368;5;5;13;0;2022;4;23;3;3;1;5;2;0;1;1;0;0;0;0;366987,628999874985311;5713804,907999499700963;7,081161200000050;51,559623026000097
171225;5220328702100376642;5;5;15;0;2022;3;17;2;3;4;3;0;0;1;0;0;0;0;0;405043,399999978020787;5758357,062999660149217;7,617772028000050;51,967781644000098
171227;5220401602800214987;5;3;62;12;2022;4;17;6;3;5;3;0;1;1;1;0;0;0;0;351852,662921426002868;5634286,582494200207293;6,895799202000030;50,841297195000003
171229;5220422601400224817;5;3;15;0;2022;4;19;6;3;0;5;0;0;1;1;0;0;0;0;356046,278477618005127;5647288,440432629548013;6,950195837000020;50,959202200999997
171230;5220405701110447175;5;5;62;32;2022;4;15;3;3;5;3;0;1;1;1;0;0;0;0;375430,543443077011034;5720285,031763680279255;7,200592019000060;51,619788792000101
171232;5220408516500489448;5;1;58;16;2022;4;9;6;3;0;7;0;0;1;0;1;0;0;0;356345,364029288990423;5672297,610289510339499;6,944515731000020;51,184024880999999
171234;5220328508000086207;5;1;19;0;2022;3;12;2;3;1;5;0;0;1;1;0;0;0;0;350396,665165586979128;5709858,884678170084953;6,843669158000070;51,520010791000097
171235;5220416607400881178;5;3;82;68;2022;4;20;7;3;8;1;2;0;1;0;0;0;0;0;368138,583999879017938;5632688,233999489806592;7,127550194000040;50,830872124000102
171238;5220421601200190338;5;3;15;0;2022;4;10;5;3;5;2;0;0;1;1;0;0;0;0;354445,801999802002683;5643135,219999349676073;6,929081316000070;50,921476364000100
171242;5220421400200990815;5;7;11;0;2022;4;17;5;3;0;1;0;0;1;0;0;0;0;0;468416,723562734026928;5763110,940642059780657;8,539758245000030;52,017736831000001
171243;5220411513310489802;5;1;62;8;2022;4;15;2;3;0;7;0;0;1;1;0;0;0;0;333774,352159450005274;5664625,036027270369232;6,625377591000070;51,108973478999999
171245;5220419705000891732;5;5;54;8;2022;4;5;3;3;5;3;1;0;1;1;0;0;0;0;335272,609999654989224;5744976,907998800277710;6,609306681000020;51,831292255000101
171247;5220406702100562434;5;5;15;0;2022;4;11;4;3;5;3;0;0;1;1;0;0;0;0;405321,719501667015720;5756924,835994220338762;7,622216894000080;51,954955669000100
171256;5220330601500974401;5;3;15;0;2022;3;12;4;3;5;3;0;0;1;1;0;0;0;0;361072,081573262985330;5648841,579547620378435;7,021120241000060;50,974394227000097
171258;5220420602800090923;5;3;62;12;2022;4;21;4;2;0;1;2;0;1;0;0;0;0;0;351157,364890832977835;5631843,970929590053856;6,886922441000020;50,819167895000099
171260;5220411600110375906;5;3;14;0;2022;4;7;2;3;2;2;0;0;1;1;0;0;0;0;362582,652055182028562;5623689,470134009607136;7,052068354000030;50,748702393000002
171262;5220420405236072193;5;7;54;36;2022;4;8;4;3;5;3;0;0;1;1;0;0;0;0;473339,591604714980349;5750259,999272130429745;8,612491437000070;51,902454810999998
171263;5220328317110475376;5;9;78;36;2022;3;21;2;3;5;3;2;0;1;1;0;0;0;0;407258,719999979017302;5709697,532999640330672;7,662988026000050;51,530761507000101
171265;5220413702100145931;5;5;15;0;2022;4;15;4;2;0;6;0;0;1;0;0;0;0;0;401869,754999972996302;5753654,678999650292099;7,572932682000040;51,924964246999998
171266;5220405405232777378;5;7;54;32;2022;4;13;3;3;5;3;0;0;1;1;0;0;0;0;461345,339000001025852;5740429,264999659731984;8,439262626000071;51,813366100000103
171268;5220416505200972075;5;1;14;0;2022;4;13;7;3;5;2;0;0;1;1;0;0;0;0;330268,271999592019711;5690566,040998639538884;6,563055615000050;51,341001409999997
171271;5220420701610617110;5;5;62;12;2022;4;7;4;2;5;3;0;0;1;1;0;0;0;0;359478,056999837979674;5722418,344999420456588;6,969449052000070;51,635202020000101
171272;5220331601700879328;5;3;16;0;2022;3;8;5;3;5;3;0;1;1;1;0;0;0;0;359596,554999834974296;5658979,974999410100281;6,996191506000060;51,065149910000102
171274;5220407502208089712;5;1;13;0;2022;4;8;5;3;5;7;0;0;1;1;0;0;0;0;359380,238999838009477;5701262,025999420322478;6,976488694000070;51,445066261000100
171275;5220413317140436146;5;9;78;28;2022;4;12;4;3;4;6;0;0;1;1;0;0;0;0;400311,123898850986734;5700068,035006320104003;7,565579222000050;51,443018730000098
171276;5220410501126391457;5;1;12;0;2022;4;10;1;3;0;7;0;0;1;0;1;0;0;0;345753,613011704001110;5703785,653112749569118;6,779453067000080;51,464194211000098
171280;5220414601700681745;5;3;16;0;2022;4;12;5;3;6;4;0;0;1;0;1;0;0;0;358643,915353208023589;5654936,829617540352046;6,984182984000030;51,028580971000103
171281;5220422516800886853;5;1;58;20;2022;4;13;6;3;6;4;0;0;1;0;1;0;0;0;356418,525438565004151;5663777,789848240092397;6,948959340000040;51,107479910999999
171283;5220419515110078980;5;1;54;36;2022;4;10;3;3;3;3;0;0;1;1;0;0;0;0;304271,329999260022305;5742032,016996240243316;6,161596443000060;51,794847381000103
171284;5220412405148081065;5;7;54;48;2022;4;15;3;3;1;5;0;0;1;1;0;0;0;0;445282,270387596974615;5769597,097338110208511;8,201624920000031;52,074248323000099
171285;5220419711421778050;5;5;70;20;2022;4;10;3;3;3;2;0;0;1;1;0;0;0;0;433044,112973967974540;5743464,506455100141466;8,028178804000049;51,837978930000098
171290;5220422404102282041;5;7;66;56;2022;4;21;6;3;0;6;2;0;1;0;1;0;0;0;479902,336593927990180;5757721,287898530252278;8,707443278000030;51,969814208000102
171292;5220330500200071907;5;1;11;0;2022;3;12;4;3;5;7;0;0;1;0;0;0;0;1;345689,381917753024027;5678696,666334370151162;6,789409117000050;51,238746501000001
171295;5220411301102471257;5;9;13;0;2022;4;7;2;3;0;5;0;0;1;1;0;0;0;0;396106,259965826000553;5704567,178763640113175;7,503775064000020;51,482704544000100
171296;5220401503300869038;5;1;20;0;2022;4;21;6;3;5;3;2;2;1;1;0;0;0;0;373080,782999900984578;5672224,365999530069530;7,183863114000080;51,187327586999999
171297;5220327607400090632;5;3;82;68;2022;3;14;1;3;5;3;0;0;1;1;0;0;0;0;370777,967999891028740;5630845,932999510318041;7,165658205000060;50,814908487000103
171299;5220406601500090277;5;3;15;0;2022;4;15;4;3;8;1;0;0;1;0;0;0;0;0;357686,630366527999286;5644145,261177140288055;6,974765843000060;50,931362047999997
171303;5220329600110675899;5;3;14;0;2022;3;7;3;3;1;5;0;0;1;1;0;0;0;0;365628,973069577012211;5623253,268699469976127;7,095384238000070;50,745494968999999
171307;5220403404301178175;5;7;66;44;2022;4;13;1;3;1;1;0;1;1;1;0;0;0;0;493590,823576615017373;5764887,364970060065389;8,906568562000070;52,034570426000101
171311;5220419513210875934;5;1;62;24;2022;4;17;3;3;6;4;0;0;1;0;1;0;0;0;334628,307999636977911;5671538,965998849831522;6,634391310000070;51,171339536000097
171313;5220411702100572362;5;5;15;0;2022;4;12;2;2;3;6;0;0;1;0;0;0;0;0;404397,339999976975378;5757633,560999659821391;7,608572115000070;51,961167807000002
171314;5220329502101165632;5;1;13;0;2022;3;10;3;3;5;3;0;0;1;1;0;0;0;0;362016,002517369983252;5703047,615688700228930;7,013695969000030;51,461760572000102
171315;5220331500000791375;5;1;11;0;2022;3;4;5;3;6;6;2;1;1;0;1;0;0;0;344723,532999731018208;5675291,639999150298536;6,777058839000060;51,207889017000099
171316;5220402601600786497;5;3;15;0;2022;4;18;7;3;0;7;0;0;1;0;0;0;0;0;364047,282999859016854;5633470,122999460436404;7,069197845000080;50,836953006000002
171317;5220414601300166135;5;3;15;0;2022;4;14;5;3;0;3;0;0;1;1;0;0;0;0;352345,728999788989313;5644637,580999320372939;6,898614717000040;50,934443837000103
171318;5220416600310069533;5;3;14;0;2022;4;9;7;3;5;3;0;0;1;1;0;0;0;0;362965,349120101018343;5618943,546731710433960;7,059253556000040;50,706137665000000
171323;5220423404301376139;5;7;66;44;2022;4;20;7;3;0;7;0;0;1;0;0;0;0;0;494287,861681693000719;5763209,603730980306864;8,916757815000039;52,019493449000002
171324;5220406516600286799;5;1;58;4;2022;4;10;4;3;5;3;0;0;1;1;0;0;0;0;353720,906999799015466;5676445,803999329917133;6,905299565000060;51,220635743999999
171325;5220412608200569732;5;3;34;2;2022;4;15;3;3;0;1;0;0;1;0;0;0;0;0;298415,126972233993001;5625943,128820509649813;6,142256300000040;50,750216425000097
171327;5220404400100587043;5;7;11;0;2022;4;7;2;3;0;3;0;0;1;1;0;0;0;0;467600,783000000985339;5766400,758999669924378;8,527556891000071;52,047267234000103
171328;5220329513210490288;5;1;62;24;2022;3;9;3;3;0;1;0;0;1;0;0;0;0;0;338828,946999677980784;5674769,055998990312219;6,692978540000070;51,201560835000102
171329;5220331503100791162;5;1;24;0;2022;3;10;5;2;0;1;0;1;1;0;0;0;0;0;368951,123999884002842;5680799,955999510362744;7,121668069000070;51,263467263999999
171332;5220422518320385925;5;1;70;52;2022;4;13;6;3;1;5;0;0;1;1;0;0;0;0;322896,009933142981026;5726396,483771200291812;6,439331916000070;51,660610509999998
171334;5220419515210090664;5;1;54;60;2022;4;15;3;3;5;3;0;0;1;1;0;0;0;0;315559,027587848016992;5698324,251064600422978;6,348072787000040;51,406106588999997
171335;5220412410110486995;5;7;70;24;2022;4;20;3;3;0;1;2;0;1;0;0;0;0;0;493922,559546207019594;5797453,881094690412283;8,910820805000069;52,327368965000097
171338;5220417303100569242;5;9;15;0;2022;4;4;1;3;0;1;1;0;1;0;0;0;0;0;417854,294876487983856;5727547,449542149901390;7,811518842000050;51,692866674000101
171339;5220408300100986917;5;9;11;0;2022;4;15;6;3;5;3;0;0;1;1;0;0;0;0;377345,512999916973058;5705744,900999570265412;7,233310716000060;51,489532091999997
171340;5220413505100086056;5;1;14;0;2022;4;10;4;3;0;5;0;0;1;1;0;0;0;0;330505,264999595005065;5689380,225998650304973;6,567019272000040;51,330418915000102
171343;5220416602250060559;5;3;62;16;2022;4;15;7;3;2;6;0;0;1;0;0;0;0;0;327308,974762738973368;5645355,813472390174866;6,542281521000060;50,933944449000101
171344;5220418514213591595;5;1;66;8;2022;4;17;2;2;8;1;0;0;1;0;0;0;0;0;316107,978677765000612;5690900,818211509846151;6,359797401000040;51,339604917000003
171346;5220421406220479095;5;7;58;24;2022;4;15;5;3;8;1;0;0;1;0;0;0;0;0;485169,602122243028134;5783302,958708049729466;8,783004223000029;52,199978483999999
171347;5220411405108278046;5;7;54;8;2022;4;15;2;2;5;2;0;0;1;1;0;0;0;0;458090,393000000971369;5750654,269999669864774;8,390807726000050;51,905061119999999
171350;5220423501319391551;5;1;12;0;2022;4;11;7;3;0;3;0;0;1;1;0;0;0;0;344632,144546845986042;5696805,513169709593058;6,766383400000050;51,401171032000001
171353;5220409702100270511;5;5;15;0;2022;4;15;7;3;4;2;0;1;1;0;0;0;0;0;406629,684999979974236;5758745,583999659866095;7,640749904000070;51,971542577999998
171354;5220329600110486275;5;3;14;0;2022;3;18;3;3;5;3;0;0;1;1;0;0;0;0;366729,491999872028828;5620026,898999479599297;7,112140559000070;50,716749933000102
171355;5220414705000016030;5;5;54;12;2022;4;17;5;2;5;3;0;0;1;1;0;0;0;0;351759,198999790998641;5745594,627999300137162;6,848120124000050;51,841460918000102
171358;5220415606000981834;5;3;78;32;2022;4;16;6;3;3;6;0;0;1;0;0;0;0;1;374644,275498829025310;5666492,772730669938028;7,208221332000050;51,136157975000103
171360;5220406406110453934;5;7;58;12;2022;4;15;4;3;5;3;0;1;1;1;0;0;0;0;477989,521000000007916;5776307,365999680012465;8,678401812000059;52,136844258000103
171361;5220419518400582173;5;1;70;8;2022;4;11;3;3;5;2;0;0;1;1;0;0;0;0;344317,845054996025283;5716284,313383390195668;6,753278982000040;51,576099014000100
171362;5220409515211521966;5;1;54;16;2022;4;18;7;3;5;2;0;0;1;1;0;0;0;0;302773,373429119994398;5729919,722793069668114;6,146767246000020;51,685550780000000
171363;5220411705000581625;5;5;54;8;2022;4;12;2;2;5;3;0;0;1;1;0;0;0;0;331654,853999617975205;5743824,569998639635742;6,557413304000020;51,819862307999998
171365;5220416609224963973;5;3;58;24;2022;4;9;7;3;5;3;0;0;1;1;0;0;0;0;314412,245999366976321;5645216,821997709572315;6,359008774000070;50,928690713999998
171366;5220331310120577956;5;9;54;32;2022;3;22;5;2;1;6;2;1;1;1;0;0;0;0;387250,827207779977471;5692913,180302469991148;7,380005908000040;51,376259693000101
171371;5220330600130019488;5;3;82;8;2022;3;18;4;3;5;3;0;0;1;1;0;0;0;0;374495,569857908994891;5610187,070978039875627;7,225432620000050;50,630031904000099
171374;5220411400200687122;5;7;11;0;2022;4;19;2;2;0;1;0;0;1;1;0;0;0;0;470942,230376529973000;5765239,169508419930935;8,576378860000030;52,037009050999998
171378;5220404610111047565;5;3;70;16;2022;4;8;2;2;5;3;0;0;1;1;0;0;0;0;300016,027999128971715;5660493,319996059872210;6,145995387000030;51,061084473999998
171381;5220417602400785773;5;3;62;32;2022;4;18;1;3;2;7;0;0;1;1;0;0;0;0;336302,639141461986583;5637059,763958469964564;6,673880870000060;50,862025346999999
171383;5220421600130285341;5;3;82;8;2022;4;9;5;3;5;7;0;0;1;0;0;0;1;1;374623,591999905998819;5612334,017999519594014;7,226515499000070;50,649357817000102
171384;5220405503400290211;5;1;22;0;2022;4;17;3;2;5;3;0;1;1;1;0;0;0;0;365823,216834965976886;5672796,030120950192213;7,079859010000060;51,190807597000102
171388;5220328502101185403;5;1;13;0;2022;3;17;2;2;0;1;0;0;1;0;0;0;0;0;361537,168978011992294;5702266,349487059749663;7,007113439000020;51,454622911000101
171389;5220416709700291773;5;5;66;28;2022;4;5;7;1;8;1;2;0;1;0;0;0;0;0;408725,494491652993020;5797204,694551380351186;7,660920618000030;52,317572664000103