OBJECTID;UIDENTSTLAE;ULAND;UREGBEZ;UKREIS;UGEMEINDE;UJAHR;UMONAT;USTUNDE;UWOCHENTAG;UKATEGORIE;UART;UTYP1;ULICHTVERH;IstStrassenzustand;IstRad;IstPKW;IstFuss;IstKrad;IstGkfz;IstSonstige;LINREFX;LINREFY;XGCSWGS84;YGCSWGS84
171390;5220407601600686608;5;3;15;0;2022;4;19;5;3;1;5;0;1;1;1;0;0;0;0;361222,253707482013851;5644828,410639409907162;7,024788091000060;50,938363223000103
171392;5220404606400781163;5;3;78;28;2022;4;17;2;3;5;3;0;1;1;1;0;0;0;0;372263,276915510010440;5638696,861914630047977;7,183992442000030;50,885803842000001
171399;5220406706200781437;5;5;58;8;2022;4;6;4;3;5;3;1;0;1;0;0;0;0;1;382747,077999933972023;5761050,428999619558454;7,292438084000030;51,987731275999998
171400;5220412518400677721;5;1;70;8;2022;4;17;3;3;5;2;0;0;1;1;0;0;0;0;342267,728999715007376;5717253,300999069586396;6,723282574000050;51,584235010999997
171403;5220329608100372071;5;3;34;2;2022;3;21;3;3;0;7;2;0;1;1;0;0;0;0;293897,247272940003313;5629041,717402529902756;6,076561995000020;50,776459201000101
171404;5220331600130086324;5;3;82;8;2022;3;11;5;3;0;1;0;1;1;0;0;0;0;0;374638,205999905010685;5611873,885999520309269;7,226877835000040;50,645224957000003
171407;5220423317120577613;5;9;78;16;2022;4;14;7;3;4;6;0;0;1;0;0;0;0;1;405387,722953459015116;5707885,365022259764373;7,636509441000040;51,514161231000102
171408;5220406503100781589;5;1;24;0;2022;4;14;4;3;4;1;0;0;1;0;0;0;0;0;370634,448162769025657;5680318,572739110328257;7,145955735000030;51,259525408000101
171409;5220419606100086437;5;3;78;4;2022;4;15;3;3;5;7;0;0;1;1;0;0;0;0;368966,528999883972574;5650568,927999500185251;7,132879611000020;50,991769576000102
171411;5220411709110952454;5;5;66;64;2022;4;6;2;3;5;3;0;0;1;1;0;0;0;0;395286,525116160977632;5771434,157149200327694;7,471797150000040;52,083562677000003
171417;5220414500200070419;5;1;11;0;2022;4;7;5;2;6;2;0;1;1;0;1;0;0;0;345632,171999739017338;5679299,631999179720879;6,788330280000030;51,244148926000001
171420;5220330607100581254;5;3;82;60;2022;3;17;4;3;5;3;0;0;1;1;0;0;0;0;373620,324635608005337;5629995,864183359779418;7,206277618000060;50,807894970000099
171425;5220327608436769621;5;3;34;36;2022;3;15;1;3;1;5;0;0;1;0;0;0;0;1;296524,786651157017332;5636022,163708630017936;6,109912239000040;50,840080768000099
171426;5220407600380086251;5;3;14;0;2022;4;18;5;3;5;3;0;0;1;1;0;0;0;0;370162,854999887989834;5617557,574999500066042;7,161617624000030;50,695332042000103
171429;5220404513210181544;5;1;62;24;2022;4;9;2;2;1;5;0;0;1;1;0;0;0;0;338764,401262702012900;5673890,949776619672775;6,692449803000040;51,193652932000099
171433;5220421500300301189;5;1;11;0;2022;4;11;5;3;5;3;0;0;1;1;0;0;0;0;352909,752382298000157;5667831,703209640458226;6,897218585000080;51,143019752000001
171434;5220331516100674158;5;1;58;32;2022;3;17;5;3;0;7;0;1;1;1;0;0;0;0;368878,601000729016960;5690491,918403030373156;7,117066774000020;51,350553944000097
171439;5220328701120573555;5;5;62;32;2022;3;9;2;3;5;3;0;0;1;1;0;0;0;0;375298,170533652999438;5715419,807084639556706;7,200410396000050;51,576035054999998
171442;5220414601500969717;5;3;15;0;2022;4;10;5;3;4;2;0;0;1;1;0;0;0;0;359611,172343173995614;5647207,846032899804413;7,000955157000020;50,959357476000001
171446;5220420513210690288;5;1;62;24;2022;4;17;4;3;5;3;0;0;1;1;0;0;0;0;339532,534300646977499;5674695,931517110206187;6,703073768000020;51,201101869000098
171447;5220328301102680393;5;9;13;0;2022;3;18;2;3;0;7;0;0;1;1;0;0;0;0;394248,787766941997688;5705098,324246079660952;7,476875683000060;51,487134518000097
171450;5220413405228466225;5;7;54;28;2022;4;20;4;3;0;1;1;1;1;0;0;0;0;0;452733,284999998984858;5742754,275999659672379;8,314024662000071;51,833607334000099
171454;5220402709700469049;5;5;66;28;2022;4;15;7;3;1;7;0;0;1;1;0;0;0;0;411778,070519487024285;5792044,737859990447760;7,707043477000070;52,271692962000003
171457;5220405607500290420;5;3;82;56;2022;4;7;3;3;0;1;0;1;1;0;0;0;0;0;372147,287355227977969;5626451,842770859599113;7,186615056000050;50,775716972000097
171460;5220412300600090131;5;9;16;0;2022;4;16;3;3;6;6;0;0;1;0;1;0;0;0;376790,396586747025140;5711346,085538890212774;7,223361203000020;51,539751398000099
171462;5220417502105591281;5;1;13;0;2022;4;16;1;3;0;1;0;0;1;0;0;0;0;0;362107,547999851987697;5700787,922999450005591;7,015893688000060;51,441476369999997
171463;5220408609108680820;5;3;58;8;2022;4;0;6;3;0;7;2;1;1;0;0;0;0;0;322536,854999481991399;5631410,494998309761286;6,481200108000050;50,807211483000103
171464;5220401602400090870;5;3;62;32;2022;4;16;6;3;0;3;0;1;1;1;0;0;0;0;337020,346999655012041;5638218,918998950161040;6,683554099000050;50,872643498000102
171465;5220414516400986725;5;1;58;24;2022;4;23;5;3;1;5;2;0;1;1;0;0;0;0;357573,137558031012304;5679514,846606739796698;6,959204817000060;51,249189537000099
171466;5220421518320872053;5;1;70;52;2022;4;17;5;3;0;1;0;0;1;0;0;0;0;0;323143,191484233015217;5725922,851452889852226;6,443141559000030;51,656433925999998
171472;5220401501315091403;5;1;12;0;2022;4;15;6;3;3;6;0;1;1;1;0;0;0;0;346220,009703012998216;5699096,745220899581909;6,788199060000070;51,422190801000099
171473;5220328314220558734;5;9;66;12;2022;3;16;2;3;0;1;0;0;1;0;0;0;0;0;427786,884055709990207;5671750,584359699860215;7,966581241000030;51,192599885000000
171476;5220405405108470348;5;7;54;8;2022;4;15;3;3;0;1;0;1;1;0;0;0;0;0;455857,535048898018431;5748804,225945649668574;8,358590241000060;51,888255743000101
171477;5220330405104070598;5;7;54;4;2022;3;8;4;2;8;1;0;0;1;0;0;0;0;0;452399,794062888016924;5772696,112847199663520;8,305033656000029;52,102766584000101
171478;5220415607100336260;5;3;82;60;2022;4;13;6;3;1;7;0;0;1;1;0;0;0;0;378952,948705361981411;5629654,724347329698503;7,282039578000020;50,805967400999997
171480;5220420518210779018;5;1;70;28;2022;4;23;4;3;0;1;2;0;1;0;0;0;0;0;328269,407777681015432;5701220,476350129581988;6,529232481000070;51,436115775000097
171481;5220421405108554201;5;7;54;8;2022;4;14;5;3;0;1;0;0;1;0;0;0;0;0;458734,805999999982305;5750274,001999669708312;8,400219801000050;51,901690385999999
171482;5220331600140590902;5;3;14;0;2022;3;13;5;3;0;1;0;1;1;0;0;0;0;0;367298,518145693000406;5622500,568406879901886;7,119306293000020;50,739113664000101
171483;5220403600360958721;5;3;82;12;2022;4;17;1;3;0;1;0;0;1;0;0;0;0;0;356129,209242996992543;5629039,854133909568191;6,958556663000020;50,795223657000101
171484;5220406316100090549;5;9;74;40;2022;4;14;4;3;0;1;0;0;1;0;0;0;0;0;438649,731999996991362;5712975,592999639920890;8,114894399000040;51,564517330999998
171486;5220410518400348293;5;1;70;8;2022;4;16;1;3;3;6;0;0;1;1;0;0;0;0;342312,783895961008966;5716567,827401890419424;6,724240152000050;51,578088979000000
171494;5220412310110075709;5;9;54;16;2022;4;19;3;3;5;3;0;0;1;1;0;0;0;0;372789,865999899979215;5694372,296999540179968;7,171813620000020;51,386317328000104
171495;5220419705000921168;5;5;54;36;2022;4;12;3;3;3;6;0;0;1;0;0;0;0;0;369338,172012678987812;5766365,198990300297737;7,095246477000050;52,032497631000098
171499;5220413518310744097;5;1;70;32;2022;4;5;4;3;0;2;1;0;1;1;0;0;0;0;332572,093030386022292;5712240,909912819974124;6,585851952000040;51,536408720000097
171500;5220404501214074432;5;1;12;0;2022;4;13;2;3;5;3;0;1;1;1;0;0;0;0;341705,514999707986135;5696950,715999060310423;6,724279813000070;51,401666542000001
171501;5220330601200472646;5;3;15;0;2022;3;17;4;3;0;4;0;0;1;0;1;0;0;0;353927,536999797972385;5643235,254999339580536;6,921672646000050;50,922244378000102
171502;5220419317120609145;5;9;78;16;2022;4;17;3;3;0;7;0;0;1;1;0;0;0;0;405238,698113552993163;5707454,730076120235026;7,634478208000080;51,510265210000100
171503;5220420709700172366;5;5;66;72;2022;4;6;4;3;0;1;1;0;1;0;0;0;0;0;412688,299999985028990;5803282,194999679923058;7,717462439000030;52,372842938000097
171510;5220328503300395684;5;1;20;0;2022;3;7;2;3;5;3;0;0;1;1;0;0;0;0;377845,154999918013345;5673006,117999560199678;7,251737770000030;51,195392124000101
171512;5220408411132737916;5;7;74;32;2022;4;10;6;2;4;1;0;0;1;0;0;0;0;0;482405,186999999976251;5729299,911999659612775;8,745322241000050;51,714359313999999
171513;5220414518100085936;5;1;70;48;2022;4;12;5;3;5;2;0;0;1;1;0;0;0;0;337389,607999672996812;5726186,336998909711838;6,648787627000050;51,663102854999998
171514;5220422410110187061;5;7;70;24;2022;4;8;6;3;5;3;0;0;1;0;0;0;0;1;491728,898246021009982;5792909,607209060341120;8,878743177000050;52,286485135000099
171515;5220405513310996462;5;1;62;8;2022;4;13;3;3;1;5;0;1;1;1;0;0;0;0;330891,272999593988061;5662813,990998700261116;6,585078459000040;51,091859107000097
171516;5220330601200761137;5;3;15;0;2022;3;15;4;3;1;5;0;0;1;1;0;0;0;0;353979,394945666019339;5642837,542445460334420;6,922569192000030;50,918683377999997
171517;5220419411108737905;5;7;74;8;2022;4;21;3;3;5;3;2;0;1;1;0;0;0;0;487569,905000001017470;5736925,957999659702182;8,819806331000050;51,783065625000098
171518;5220420702100069101;5;5;15;0;2022;4;16;4;2;0;5;0;0;1;1;0;0;0;0;404801,395630595972762;5759421,962546450085938;7,613955075000040;51,977311959000097
171528;5220418307000889391;5;9;62;28;2022;4;16;2;3;5;5;0;0;1;1;0;0;0;0;401459,928739706985652;5664916,484612610191107;7,591802438000060;51,127231168999998
171529;5220420518200191601;5;1;70;24;2022;4;13;4;3;5;2;0;0;1;1;0;0;0;0;335050,380999645974953;5702876,569998829625547;6,625929845000030;51,453009072999997
171532;5220415505200591593;5;1;14;0;2022;4;14;6;3;0;1;0;0;1;0;0;0;0;0;329640,780123062024359;5690755,353739850223064;6,553964542000070;51,342514463000001
171533;5220423515210772107;5;1;54;12;2022;4;13;7;2;0;1;0;0;1;0;0;0;0;0;307326,760401954990812;5708631,898271409794688;6,224240950000020;51,495945845999998
171537;5220410410230690793;5;7;70;4;2022;4;15;1;2;0;1;0;1;1;0;0;0;0;0;485990,692862337979022;5783793,294965280219913;8,794997909000070;52,204408377000000
171542;5220422602800089780;5;3;62;12;2022;4;15;6;3;1;5;0;0;1;1;0;0;0;0;351821,475333283015061;5632898,568708269856870;6,895917724000070;50,828815566999999
171547;5220328502232471567;5;1;13;0;2022;3;16;2;3;0;1;0;0;1;0;0;0;0;0;366512,095015816972591;5695178,914378769695759;7,081343128000070;51,392124461000002
171548;5220417307000575674;5;9;62;16;2022;4;10;1;2;0;1;0;0;1;0;0;0;0;0;415840,829682380019221;5692987,098749260418117;7,790658108000060;51,381882885000003
171551;5220404506100791563;5;1;16;0;2022;4;15;2;3;5;3;0;1;1;1;0;0;0;0;321294,019314798002597;5671681,815257719717920;6,443771888000070;51,168612166000102
171553;5220416411232481973;5;7;74;32;2022;4;18;7;2;8;1;0;0;1;0;0;0;0;0;476761,253000000026077;5734977,080999660305679;8,663250698000070;51,765198444000099
171558;5220327701610016847;5;5;62;12;2022;3;19;1;3;5;3;1;0;1;1;0;0;0;0;359038,948999835993163;5725322,136999419890344;6,961938048000040;51,661185080999999
171560;5220412701120285385;5;5;62;32;2022;4;15;3;3;5;3;0;0;1;1;0;0;0;0;375713,428999911004212;5715810,019999570213258;7,206261792000020;51,579633684999997
171562;5220404316200689250;5;9;74;52;2022;4;6;2;2;4;2;0;0;1;1;0;0;0;0;423989,295999993977603;5711722,515999640338123;7,903695599000060;51,551466625000003
171563;5220329610221880717;5;3;70;20;2022;3;7;3;3;0;5;0;0;1;1;0;0;0;0;303122,390601482009515;5661065,144706360064447;6,189958112000060;51,067293814000003
171564;5220414705000665869;5;5;54;8;2022;4;19;5;3;5;3;0;0;1;0;0;0;0;0;335697,212999659008346;5745730,380998820066452;6,615105447000080;51,838186058000097
171567;5220415601600686608;5;3;15;0;2022;4;10;6;3;3;6;0;0;1;1;0;0;0;0;359522,684534439002164;5644866,548651140183210;7,000599215000020;50,938294445000103
171568;5220422514215582211;5;1;66;28;2022;4;13;6;3;5;3;0;0;1;1;0;0;0;0;323517,009608755994122;5688048,986066680401564;6,467469932000030;51,316334563000098
171569;5220405606000086581;5;3;78;32;2022;4;5;3;3;5;3;2;1;1;1;0;0;0;0;376233,629999911994673;5667504,656999549828470;7,230579429000040;51,145598530000001
171570;5220419607100736875;5;3;82;28;2022;4;10;3;3;3;6;0;0;1;1;0;0;0;0;374223,445341426006053;5633761,212178249843419;7,213541837000040;50,841870683000103
171571;5220423516100391173;5;1;58;32;2022;4;12;7;2;0;1;0;0;1;0;0;0;0;0;366007,099910330027342;5685376,981927350163460;7,077779490000070;51,303916570000098
171572;5220407301101266935;5;9;13;0;2022;4;17;5;3;5;2;0;0;1;1;0;0;0;0;393267,034999959985726;5708246,448999620042741;7,461788507000050;51,515246937000001
171576;5220416505200279042;5;1;14;0;2022;4;11;7;3;1;5;0;0;1;1;0;0;0;0;329994,790353075019084;5690359,541006119921803;6,559231479000060;51,339064537000098
171577;5220417709110980991;5;5;66;12;2022;4;15;1;3;0;3;0;0;1;1;0;0;0;0;405608,575999979977496;5773209,552999660372734;7,621897204000050;52,101376690999999
171578;5220331608200589809;5;3;34;2;2022;3;8;5;3;5;3;0;1;1;1;0;0;0;0;296104,314651480002794;5628145,104758920148015;6,108322032000050;50,769186380000100
171581;5220422602700386627;5;3;62;28;2022;4;16;6;2;5;3;0;0;1;1;0;0;0;0;351356,286026686022524;5640055,017970720306039;6,886410278000030;50,893008452000103
171583;5220419608100589911;5;3;34;2;2022;4;14;3;3;6;4;0;0;1;0;1;0;0;0;294730,007999001012649;5629162,650995429605246;6,088290372000070;50,777840623000003
171587;5220329500300000909;5;1;11;0;2022;3;17;3;3;6;6;0;0;1;0;1;0;0;0;348498,005008128006011;5675141,202967570163310;6,831115754000050;51,207550887000103
171590;5220402600370069533;5;3;82;4;2022;4;16;7;3;6;4;0;0;1;0;1;0;0;0;360206,937506727001164;5622101,532340619713068;7,019015656000020;50,733863557000099
171592;5220421607400590890;5;3;82;68;2022;4;16;5;3;5;3;0;0;1;1;0;0;0;0;367217,502042601001449;5633525,608822619542480;7,114174870000060;50,838187790000099
171595;5220418701110389479;5;5;62;32;2022;4;19;2;3;5;3;0;0;1;0;0;0;0;0;373004,159999901021365;5718486,066999549977481;7,166213785000020;51,603079344999998
171599;5220328601700093470;5;3;16;0;2022;3;16;2;3;1;3;0;0;1;1;0;0;0;0;361391,005999845976476;5657871,515999429859221;7,022209734000060;51,055624229999999
171600;5220416607400086242;5;3;82;44;2022;4;17;7;3;0;1;0;0;1;0;0;0;0;0;359665,903278558980674;5633004,062178130261600;7,007191459000070;50,831718526000003
171604;5220330515110022284;5;1;54;36;2022;3;16;4;3;2;6;0;0;1;1;0;0;0;0;301721,435576484014746;5741303,887593239545822;6,125084572000050;51,787410887000100
171606;5220418500100457377;5;1;11;0;2022;4;15;2;3;6;7;0;0;1;0;1;0;0;0;340816,155685852980241;5677583,380365120247006;6,720150292000030;51,227404827000001
171607;5220420515210928632;5;1;54;52;2022;4;21;4;3;5;3;2;0;1;1;0;0;0;0;309853,451999322976917;5702920,750997100025415;6,263669444000070;51,445506563000002
171608;5220421500200001154;5;1;11;0;2022;4;17;5;3;1;5;0;0;1;1;0;0;0;0;346612,126764104992617;5677368,174447099678218;6,803186302000030;51,227058127000099
171613;5220412601100776582;5;3;15;0;2022;4;15;3;3;5;3;0;0;1;1;0;0;0;0;356251,415888632007409;5645445,129318900406361;6,953842633000020;50,942687882000001
171623;5220409501323491639;5;1;12;0;2022;4;17;7;2;3;5;0;0;1;1;0;0;0;0;344954,423250894993544;5695051,917097849771380;6,771778722000020;51,385503001000103
171624;5220412505100589086;5;1;14;0;2022;4;14;3;3;0;1;0;0;1;0;0;0;0;0;335904,872999651997816;5690519,491998880170286;6,643930537000070;51,342238174000002
171625;5220328600140734094;5;3;14;0;2022;3;17;2;3;3;6;0;0;1;1;0;0;0;0;368781,931999880995136;5623210,210999489761889;7,140065146000040;50,745829130000097
171626;5220417307000073283;5;9;62;52;2022;4;11;1;3;0;6;0;0;1;0;0;0;0;0;421263,098999991023447;5674804,532999630086124;7,872569793000030;51,219194530999999
171631;5220422500100590020;5;1;11;0;2022;4;13;6;2;3;6;0;0;1;0;0;0;0;1;345676,957316411018837;5676443,266814130358398;6,790201669000060;51,218495332000003
171632;5220405601200790338;5;3;15;0;2022;4;10;3;2;0;7;0;1;1;0;0;0;0;0;353510,830762700003106;5644096,312227440066636;6,915401967000040;50,929876757999999
171633;5220330607000075830;5;3;82;28;2022;3;7;4;3;0;1;0;1;1;0;0;0;0;0;376788,815742443024646;5641100,406747030094266;7,247487457000030;50,908390930000103
171634;5220418601300763902;5;3;15;0;2022;4;10;2;3;0;1;0;0;1;0;0;0;0;0;354190,925999801023863;5646580,297999350354075;6,924078966000020;50,952371874000100
171638;5220420407101090712;5;7;62;20;2022;4;18;4;3;5;2;0;0;1;1;0;0;0;0;526239,382000001962297;5736451,985999659635127;9,380341543000039;51,778326885000098
171639;5220327610211514430;5;3;70;4;2022;3;9;1;3;0;1;0;0;1;0;0;0;0;0;313639,090162230015267;5664351,419793870300055;6,338190398000050;51,100323767000098
171641;5220409515000040481;5;1;54;36;2022;4;9;7;3;5;1;0;0;1;1;0;0;0;0;302947,353745135013014;5741685,540300309658051;6,142618972000040;51,791271207000101
171642;5220412503200575330;5;1;24;0;2022;4;16;3;3;6;4;0;0;1;0;1;0;0;0;376162,470063049986493;5682186,839313469827175;7,224493515000060;51,277544593000101
171643;5220329307000648652;5;9;62;52;2022;3;5;3;3;8;6;2;0;1;0;0;0;0;1;421959,093789085978642;5676112,586905140429735;7,882248827000070;51,231050082000102
171645;5220330608332171779;5;3;34;32;2022;3;11;4;3;0;5;0;0;1;1;0;0;0;0;305199,793344593024813;5628552,115026920102537;6,236936081000070;50,775967526000002
171649;5220405513210186924;5;1;62;24;2022;4;9;3;3;0;1;0;1;1;0;0;0;0;0;337195,066115970024839;5673410,909451180137694;6,670227427000040;51,188894959999999
171656;5220413608100589805;5;3;34;2;2022;4;14;4;3;4;6;0;0;1;0;0;0;0;0;293374,619981908996124;5633516,953099629841745;6,066642165000080;50,816465499000103
171658;5220329600380581180;5;3;14;0;2022;3;11;3;2;8;1;0;0;1;0;0;0;0;0;369348,686172745015938;5615475,746467229910195;7,150831961000050;50,676437626999999
171659;5220416508000085995;5;1;19;0;2022;4;12;7;3;5;3;0;0;1;1;0;0;0;0;351356,936109800997656;5703019,223237209953368;6,860379664000050;51,458806795999998
171660;5220417608100585717;5;3;34;2;2022;4;15;1;3;0;1;0;0;1;0;0;0;0;0;292998,427667565993033;5631174,157917150296271;6,062629820000040;50,795290616000003
171662;5220401400200472236;5;7;11;0;2022;4;16;6;3;0;1;0;2;1;0;0;0;0;0;470018,826159439980984;5764191,185199020430446;8,563009213000040;52,027537831000103
171663;5220328315110080375;5;9;70;40;2022;3;13;2;3;4;2;0;0;1;1;0;0;0;0;431817,961999996972736;5636781,595999609678984;8,030840852000040;50,878683758000101
171668;5220329301101957856;5;9;13;0;2022;3;8;3;3;1;5;0;0;1;1;0;0;0;0;392830,310352779983077;5707562,552794699557126;7,455704891000040;51,509017094000100
171669;5220331516300489264;5;1;58;28;2022;3;12;5;2;4;6;0;1;1;1;0;0;0;0;348815,773999765980989;5685143,219999250024557;6,831435930000050;51,297509967000103
171672;5220423301101085067;5;9;13;0;2022;4;21;7;3;1;5;2;0;1;1;0;0;0;0;392602,357872824009974;5707309,975125970318913;7,452498355000050;51,506703536000003
171673;5220406601100085320;5;3;15;0;2022;4;13;4;3;1;5;0;0;1;1;0;0;0;0;355965,329193783982191;5642879,870680940337479;6,950786854000060;50,919562896000102
171678;5220417500200071875;5;1;11;0;2022;4;16;1;3;1;7;0;0;1;0;0;0;0;1;347595,556999757012818;5681329,838999220170081;6,815573509000050;51,262919433999997
171679;5220408411132981975;5;7;74;32;2022;4;19;6;3;5;3;0;0;1;1;0;0;0;0;482402,022999999986496;5730132,714999659918249;8,745234369000061;51,721847197999999
171680;5220414518210760514;5;1;70;28;2022;4;13;5;3;0;6;0;0;1;1;0;0;0;0;327885,730999567022081;5700710,617998509667814;6,523965649000050;51,431419079000101
171681;5220421706200081907;5;5;58;12;2022;4;16;5;3;2;1;0;0;1;1;0;0;0;0;373822,644999905023724;5756657,080999569967389;7,164154984000050;51,946295536000001
171684;5220419317110309145;5;9;78;36;2022;4;13;3;3;5;3;0;0;1;1;0;0;0;0;408523,886906623025425;5711654,105804960243404;7,680713643000050;51,548556095999999
171685;5220420702100605103;5;5;15;0;2022;4;18;4;3;5;2;0;0;1;1;0;0;0;0;405218,795999978028703;5756540,980999659746885;7,620825469000070;51,951487886000102
171686;5220411514211586825;5;1;66;12;2022;4;15;2;3;0;1;0;0;1;0;0;0;0;0;323219,168999510002322;5695562,994998239912093;6,459468003000040;51,383741391000100
171687;5220401400300203748;5;7;11;0;2022;4;10;6;3;0;3;0;2;1;1;0;0;0;0;466294,600800585001707;5760255,151497219689190;8,509116146000050;51,991936654000000
171690;5220406705000020977;5;5;54;68;2022;4;17;4;3;0;7;0;1;1;0;1;0;0;0;350719,688658941013273;5767158,083998680114746;6,823683680000040;52,034922813999998
171691;5220413607400990939;5;3;82;68;2022;4;13;4;3;0;1;0;0;1;0;0;0;0;0;367930,724838028021622;5629312,102020340040326;7,125815531000060;50,800480172999997
171693;5220330301101950854;5;9;13;0;2022;3;8;4;3;0;3;0;0;1;1;0;0;0;0;394264,239034410973545;5707938,224949779920280;7,476246952000050;51,512663988000000
171695;5220418502231589494;5;1;13;0;2022;4;16;2;3;1;5;0;0;1;1;0;0;0;0;364916,034322732011788;5695846,669763539917767;7,058162458000030;51,397747670999998
171698;5220423513130278839;5;1;62;22;2022;4;15;7;2;0;5;0;0;1;1;0;0;0;0;340156,216239501023665;5680630,990508549846709;6,709346330000070;51,254602990000102
171700;5220412513210878680;5;1;62;24;2022;4;18;3;3;1;1;0;0;1;1;0;0;0;0;337962,035860519972630;5671121,852189020253718;6,682225328000070;51,168546058000103
171702;5220404411132882012;5;7;74;32;2022;4;15;2;3;5;3;0;1;1;1;0;0;0;0;482631,587000000989065;5732411,915999660268426;8,748443990000061;51,742347299000102
171703;5220328608100080750;5;3;34;2;2022;3;23;2;3;0;1;2;0;1;0;0;0;0;0;294127,434896737977397;5629498,404764490202069;6,079566870000060;50,780642521000097
171705;5220404502226651477;5;1;13;0;2022;4;14;2;2;0;1;0;1;1;0;0;0;0;0;360845,921999845013488;5698330,660999439656734;6,998717596000060;51,419086037000099
171707;5220416601100478521;5;3;15;0;2022;4;13;7;3;5;2;0;0;1;0;0;0;0;0;356469,140521270979661;5646057,219083409756422;6,956698455000040;50,948242890000103
171708;5220418505200079065;5;1;14;0;2022;4;18;2;3;5;3;0;0;1;1;0;0;0;0;329266,694999581028242;5691038,070998590439558;6,548463079000040;51,344942091000100
171710;5220331513310372539;5;1;62;8;2022;3;15;5;3;1;5;0;1;1;1;0;0;0;0;330852,586475505027920;5662401,526369299739599;6,584719668000050;51,088141967000098
171711;5220402701930089512;5;5;62;36;2022;4;10;7;3;5;3;0;0;1;1;0;0;0;0;389841,005999953020364;5719922,341999620199203;7,408773333000060;51,619534063000103
171712;5220407513120381901;5;1;62;20;2022;4;8;5;3;0;1;0;1;1;0;0;0;0;0;328986,212390029977541;5675067,535188090056181;6,552080165000060;51,201381065000099
171714;5220410518200854601;5;1;70;24;2022;4;15;1;3;5;2;0;0;1;1;0;0;0;0;336707,581999660993461;5701850,021998899988830;6,650233472000020;51,444266661000000
171715;5220329513320579544;5;1;62;4;2022;3;13;3;3;0;1;0;0;1;0;0;0;0;0;344666,423999728984199;5660087,754999159835279;6,782798620000050;51,071258595000103
171717;5220402601200872647;5;3;15;0;2022;4;18;7;3;5;3;0;0;1;1;0;0;0;0;355802,353999810991809;5642601,107999370433390;6,948579957000050;50,917016992000100
171718;5220414608200286644;5;3;34;2;2022;4;14;5;3;2;1;0;0;1;1;0;0;0;0;296365,166215715988073;5630880,430562330409884;6,110501534000040;50,793845042000001
171720;5220406518400889600;5;1;70;8;2022;4;15;4;3;5;3;0;0;1;1;0;0;0;0;343048,070999721006956;5714669,224999099969864;6,735690969000070;51,561236018999999
171721;5220419601300581467;5;3;15;0;2022;4;8;3;3;0;2;0;0;1;1;0;0;0;0;353024,529736928001512;5645701,300872250460088;6,907839254000070;50,944176443000103
171722;5220412506100491490;5;1;16;0;2022;4;15;3;3;5;3;0;0;1;1;0;0;0;0;322133,136030192021281;5670995,419610169716179;6,456101421000030;51,162707559000097
171726;5220408411132637560;5;7;74;32;2022;4;10;6;3;6;6;0;0;1;0;1;0;0;0;483073,703029158990830;5730317,113231169991195;8,754949210000060;51,723525856999998
171727;5220414400200670282;5;7;11;0;2022;4;17;5;3;5;3;0;0;1;1;0;0;0;0;476413,693000000028405;5766421,421999669633806;8,656061728000051;52,047898123000003
171729;5220405500300045578;5;1;11;0;2022;4;18;3;3;0;1;0;1;1;0;0;0;0;0;344009,833223853027448;5673794,413243689574301;6,767500493000060;51,194241435999999
171730;5220330503400191262;5;1;22;0;2022;3;12;4;3;4;2;0;0;1;1;0;0;0;0;366847,017999872972723;5670611,342999489977956;7,095311015000050;51,171412734000100
171731;5220419410210090761;5;7;70;20;2022;4;17;3;3;5;3;0;0;1;0;0;0;0;1;473747,607000000018161;5796339,957999690435827;8,614868851000040;52,316760156000001
171732;5220420701800586822;5;5;62;4;2022;4;12;4;3;1;2;0;0;1;1;0;0;0;0;382955,098999933979940;5711960,075999599881470;7,312007208000070;51,546581852000003
171733;5220411315220079307;5;9;70;4;2022;4;8;2;3;8;6;0;0;1;1;0;0;0;0;456929,050999999977648;5655764,950999620370567;8,385500952000029;51,051800454999999
171735;5220327701120353114;5;5;62;32;2022;3;16;1;3;2;6;0;0;1;0;0;0;0;0;373747,712737156020012;5714649,751897930167615;7,178324355000030;51,568769400000100
171740;5220415606700382028;5;3;78;8;2022;4;15;6;2;0;7;0;0;1;0;0;0;0;0;365984,130999870016240;5661324,602999480441213;7,086428676000030;51,087748728000101
171742;5220331609224389625;5;3;58;24;2022;3;19;5;3;5;3;1;1;1;1;0;0;0;0;314063,124999361985829;5643924,818997690454125;6,354704974000070;50,916972203999997
171745;5220422701300175251;5;5;62;14;2022;4;10;6;3;3;6;0;0;1;1;0;0;0;0;362809,931709669006523;5712200,854320630431175;7,021557384000060;51,544207923000002
171746;5220406505200079058;5;1;14;0;2022;4;13;4;3;5;3;0;0;1;1;0;0;0;0;329572,397999583976343;5689516,175998610444367;6,553576642000050;51,331361474000097
171748;5220408513110891163;5;1;62;16;2022;4;7;6;3;2;6;0;0;1;0;0;0;0;1;333518,919092763972003;5677702,155799860134721;6,615678166000070;51,226390307000003
171751;5220329410230678121;5;7;70;4;2022;3;17;3;3;5;3;0;0;1;0;0;0;0;0;486466,206240603001788;5782949,553111960180104;8,801989899000031;52,196834516000102