OBJECTID;UIDENTSTLAE;ULAND;UREGBEZ;UKREIS;UGEMEINDE;UJAHR;UMONAT;USTUNDE;UWOCHENTAG;UKATEGORIE;UART;UTYP1;ULICHTVERH;IstStrassenzustand;IstRad;IstPKW;IstFuss;IstKrad;IstGkfz;IstSonstige;LINREFX;LINREFY;XGCSWGS84;YGCSWGS84
171756;5220405515210073974;5;1;54;12;2022;4;9;3;3;5;3;0;1;1;1;0;0;0;0;308358,033999301027507;5708976,207996919751167;6,238892475000060;51,499388671000098
171757;5220419302100589274;5;9;14;0;2022;4;19;3;3;5;3;0;0;1;1;0;0;0;0;392979,440999959013425;5692469,589999609626830;7,462416255000050;51,373381238000000
171760;5220328516800174046;5;1;58;20;2022;3;16;2;3;5;2;0;0;1;0;0;0;0;0;356465,510999816993717;5663756,062999379821122;6,949638703000060;51,107296427999998
171763;5220413711143787306;5;5;70;44;2022;4;13;4;2;0;3;0;0;1;1;0;0;0;0;414986,197212507016957;5764764,019854649901390;7,760875669000030;52,026982541999999
171764;5220331505200976405;5;1;14;0;2022;3;17;5;3;5;3;0;1;1;1;0;0;0;0;336184,195070929999929;5691807,352083870209754;6,647344643000050;51,353889356000103
171766;5220414500300801684;5;1;11;0;2022;4;14;5;3;5;3;0;0;1;0;0;0;0;1;343384,587999720009975;5676186,719999119639397;6,757515348000030;51,215565998000002
171767;5220422601400486319;5;3;15;0;2022;4;11;6;3;5;2;0;0;1;1;0;0;0;0;356932,987145159975626;5648927,516864470206201;6,962168760000050;50,974153192000102
171772;5220328502400591366;5;1;17;0;2022;3;17;2;3;5;3;0;0;1;1;0;0;0;0;351819,937999789020978;5699132,945999300107360;6,868666067000050;51,424007700000097
171774;5220407601600623691;5;3;15;0;2022;4;11;5;3;5;3;0;1;1;1;0;0;0;0;363800,170964671997353;5639456,352127869613469;7,063462201000050;50,890696587999997
171775;5220413502210789530;5;1;13;0;2022;4;22;4;2;0;1;2;0;1;0;0;0;0;0;361163,560248907015193;5699677,931663500145078;7,002754900000070;51,431271000999999
171783;5220327705000070528;5;5;54;20;2022;3;14;1;3;0;7;0;0;1;0;1;0;0;0;366549,701164873025846;5787214,650662500411272;7,046443878000050;52,219177627000100
171785;5220406702100274700;5;5;15;0;2022;4;6;4;3;3;6;0;0;1;0;0;0;0;0;404457,522999977984000;5755094,726999660022557;7,610153507000060;51,938358131000001
171786;5220412609236176007;5;3;58;36;2022;4;14;3;2;0;1;0;0;1;0;0;0;0;0;308373,067970337986480;5651659,774990689940751;6,269779641000070;50,984589377000098
171787;5220409705000320789;5;5;54;20;2022;4;9;7;2;5;3;0;1;1;1;0;0;0;0;365704,948999874002766;5783378,530999509617686;7,035606523000070;52,184503451000097
171788;5220329705000781131;5;5;54;12;2022;3;7;3;3;3;3;0;0;1;1;0;0;0;0;352884,111739684012718;5746393,589169310405850;6,864097311000020;51,848937030000101
171791;5220331518300767144;5;1;70;20;2022;3;8;5;3;0;3;0;1;1;1;0;0;0;0;328204,207517425995320;5707870,949906440451741;6,525063492000070;51,495839842000102
171794;5220422606100479334;5;3;78;20;2022;4;18;6;3;0;6;0;0;1;1;0;0;0;0;367903,064355109992903;5653036,616884710267186;7,116836834000030;51,013705167000097
171798;5220412301101582061;5;9;13;0;2022;4;7;3;3;5;3;0;0;1;1;0;0;0;0;392421,319329924997874;5706836,846786789596081;7,450035100000040;51,502416418999999
171799;5220328700000986124;5;5;13;0;2022;3;15;2;3;5;3;0;0;1;1;0;0;0;0;363434,910999859974254;5715041,309999469667673;7,029461426000070;51,569884747000103
171800;5220416607100781283;5;3;82;60;2022;4;20;7;2;5;3;0;0;1;1;0;0;0;0;373531,226315720996354;5629383,011917780153453;7,205224822000050;50,802366973000098
171801;5220331404301996386;5;7;66;44;2022;3;8;5;3;0;7;0;0;1;0;0;0;0;0;493485,556374732987024;5764229,940108289942145;8,905046525000049;52,028658360000101
171802;5220402513210181419;5;1;62;24;2022;4;13;7;3;5;4;0;1;1;0;1;0;0;0;337573,712999666982796;5675087,222998949699104;6,674882781000060;51,204064009000000
171804;5220421606700507979;5;3;78;16;2022;4;12;5;3;5;2;0;0;1;1;0;0;0;0;362155,229999851027969;5662765,639999450184405;7,031241000000020;51,099792028000103
171807;5220418600130029351;5;3;82;8;2022;4;17;2;2;0;6;0;0;1;0;0;0;0;0;374707,847544487973209;5610720,646022199653089;7,228252259000040;50,634873748000103
171808;5220411410120678125;5;7;70;32;2022;4;13;2;3;2;1;0;0;1;1;0;0;0;0;493625,547000000020489;5790090,027999689802527;8,906601863000050;52,261160908000100
171809;5220419701400075421;5;5;12;0;2022;4;15;3;3;1;5;0;0;1;0;0;0;0;1;356665,314567925001029;5710487,163711509667337;6,933703116000060;51,527281921000103
171810;5220328601300074260;5;3;15;0;2022;3;7;2;3;1;5;0;0;1;1;0;0;0;0;353496,603431352006737;5646453,060024109669030;6,914251906000060;50,951052367999999
171811;5220407705000072466;5;5;54;4;2022;4;8;5;3;5;3;0;1;1;0;0;0;0;1;363799,317289525002707;5771724,499120700173080;7,012417202000050;52,079320895000102
171814;5220329601200590338;5;3;15;0;2022;3;19;3;3;0;1;1;0;1;0;0;0;0;0;355267,177635981992353;5641698,107611870393157;6,941329725000060;50,908767913000098
171815;5220416501214579016;5;1;12;0;2022;4;18;7;3;0;5;0;0;1;0;0;0;0;1;340430,952094617008697;5695586,007167800329626;6,706585289000030;51,389047976000001
171817;5220421405108590756;5;7;54;8;2022;4;14;5;3;4;6;0;0;1;1;0;0;0;0;462035,932002077985089;5748544,600895689800382;8,448388828000081;51,886376578000103
171820;5220407501319079021;5;1;12;0;2022;4;17;5;3;0;3;1;1;1;1;0;0;0;0;343637,649227358982898;5696465,220228689722717;6,752247953000050;51,397840262999999
171821;5220412603116079304;5;3;66;16;2022;4;17;3;2;5;3;0;0;1;1;0;0;0;0;343353,579999712994322;5615075,833999140188098;6,783349869000060;50,666428767000099
171822;5220409705000585682;5;5;54;8;2022;4;9;7;2;5;3;0;0;1;0;0;0;0;0;334901,920388552010991;5743070,992491359822452;6,604840570000020;51,814061294000098
171825;5220425406130531882;5;7;58;8;2022;4;5;2;3;3;6;1;1;1;1;0;0;0;0;467250,279506588994991;5778243,493224959820509;8,521307598000019;52,153718629000103
171826;5220509506100791073;5;1;16;0;2022;5;7;2;3;5;3;0;0;1;1;0;0;0;0;321150,552999476029072;5673801,356998150236905;6,440667236000020;51,187607699000097
171829;5220510518100074208;5;1;70;48;2022;5;13;3;3;0;1;0;0;1;0;0;0;0;0;334523,653788709023502;5728279,058622339740396;6,606395592000070;51,681066540000103
171830;5220505508000476288;5;1;19;0;2022;5;7;5;3;0;1;0;0;1;0;0;0;0;0;350777,014999782026280;5709678,883999279700220;6,849223446000050;51,518494027000003
171831;5220502503400778705;5;1;22;0;2022;5;16;2;2;0;1;0;0;1;0;0;0;0;0;365663,107999867992476;5670336,487999480217695;7,078488612000060;51,168665689000100
171832;5220427317220777814;5;9;78;4;2022;4;16;4;3;0;7;0;0;1;0;0;0;0;0;405934,243999978003558;5719329,460999639704823;7,641319994000070;51,617124640999997
171833;5220503709000442437;5;5;66;8;2022;5;13;3;3;5;3;0;0;1;1;0;0;0;0;399262,258712025010027;5779300,561464799568057;7,527469941000050;52,155002197999998
171835;5220423701610791627;5;5;62;12;2022;4;17;7;3;0;1;0;0;1;0;0;0;0;0;358768,362999834003858;5727709,386999419890344;6,957063311000070;51,682568370000098
171836;5220508706200781907;5;5;58;12;2022;5;17;1;3;0;1;0;0;1;0;0;1;0;0;375915,542939343024045;5750978,324712960049510;7,196636261000040;51,895733488000097
171838;5220506602800690929;5;3;62;12;2022;5;19;6;3;4;2;0;0;1;1;0;0;0;0;351291,981999779003672;5633692,425999299623072;6,888082499000060;50,835813907000002
171841;5220426502101381312;5;1;13;0;2022;4;12;3;3;0;7;0;0;1;1;0;0;0;0;362035,125575401994865;5702195,938261940144002;7,014303323000040;51,454111730000101
171842;5220427709500079230;5;5;66;76;2022;4;16;4;3;4;6;0;0;1;0;0;0;0;0;395293,529999963997398;5793729,856999659910798;7,465013871000050;52,283945753000097
171844;5220507702100876768;5;5;15;0;2022;5;10;7;3;5;3;0;0;1;1;0;0;0;0;403349,914999975007959;5760905,578999659977853;7,592411044000070;51,990396535000102
171845;5220509602200086968;5;3;62;4;2022;5;9;2;3;5;3;0;0;1;1;0;0;0;0;329847,263999579998199;5652085,237998659722507;6,575224184000040;50,995159399000002
171847;5220428300100178260;5;9;11;0;2022;4;17;5;3;0;1;0;0;1;0;0;0;0;0;375121,057067985995673;5704721,492806809954345;7,201648893000030;51,479847505000102
171848;5220506411220337811;5;7;74;20;2022;5;14;6;3;2;6;0;0;1;1;0;0;0;0;470001,769533529994078;5734870,288294799625874;8,565311926000049;51,763916881999997
171850;5220430513330689802;5;1;62;12;2022;4;18;7;3;0;7;0;0;1;0;0;0;0;0;325013,432122104975861;5663670,027021080255508;6,500810476000030;51,097786468000002
171853;5220428606100886437;5;3;78;4;2022;4;7;5;3;7;7;0;0;1;0;1;0;0;0;365049,859999864012934;5650853,706999469548464;7,076997596000070;50,993423993000100
171855;5220429518410291580;5;1;70;16;2022;4;14;6;3;5;3;0;0;1;1;0;0;0;0;348355,289999764994718;5722428,693999229930341;6,808841835000070;51,632406770000003
171857;5220427405116579097;5;7;54;16;2022;4;15;4;3;4;6;0;0;1;0;0;0;0;0;450323,599423911015037;5756203,072252159938216;8,277118528000070;51,954308353000002
171858;5220430508000185419;5;1;19;0;2022;4;12;7;3;5;2;0;0;1;1;0;0;0;0;352980,850102511991281;5711393,576790490187705;6,880248510000060;51,534479326000103
171866;5220501515110091521;5;1;54;36;2022;5;21;1;3;2;7;2;0;1;1;0;0;0;0;302790,149999236979056;5741677,646996029652655;6,140346972000030;51,791144937000098
171867;5220426702100865835;5;5;15;0;2022;4;16;3;3;0;1;0;0;1;0;0;0;0;0;405884,439999977999832;5758352,781999659724534;7,630011931000070;51,967886204000102
171868;5220503705000389749;5;5;54;16;2022;5;19;3;3;5;3;0;0;1;1;0;0;0;0;363249,076249205972999;5758098,949360620230436;7,009835229000030;51,956753059999997
171872;5220509601300987294;5;3;15;0;2022;5;16;2;3;4;6;0;0;1;1;0;0;0;0;354632,196999804000370;5645269,408999349921942;6,930880323000050;50,940702756000100
171873;5220503515110091636;5;1;54;36;2022;5;22;3;3;0;1;2;0;1;0;0;0;0;0;302625,409773222985677;5741259,696846540085971;6,138199089000070;51,787333631000102
171874;5220506501115573986;5;1;12;0;2022;5;9;6;3;5;2;0;0;1;1;0;0;0;0;345578,406999740982428;5707234,091999170370400;6,775425245000060;51,495130592000102
171876;5220430601400091026;5;3;15;0;2022;4;14;7;3;1;5;0;0;1;0;0;0;0;1;356405,909094816015568;5648144,131363430060446;6,954975530000070;50,966981878000098
171878;5220427702100575998;5;5;15;0;2022;4;17;4;3;5;3;0;0;1;0;0;0;0;0;405623,247999979008455;5757098,553999659605324;7,626555733000030;51,956568377000103
171883;5220505709300087315;5;5;66;84;2022;5;15;5;3;0;1;0;0;1;0;0;0;0;0;389389,936513599008322;5775828,573428330011666;7,384350713000060;52,121909510000101
171885;5220425506100689904;5;1;16;0;2022;4;12;2;3;5;3;0;0;1;0;0;0;0;1;319810,350999457994476;5673137,293998059816658;6,421842738000070;51,181221463999997
171888;5220505316300189207;5;9;74;28;2022;5;18;5;3;1;5;0;0;1;1;0;0;0;0;454970,940014266001526;5724025,645041489973664;8,348922606000031;51,665407600999998
171894;5220502610121980765;5;3;70;12;2022;5;7;2;3;5;3;0;0;1;1;0;0;0;0;297757,179999078973196;5650325,411995789967477;6,119470217000070;50,968974566999997
171895;5220427702100672436;5;5;15;0;2022;4;16;4;3;6;1;0;0;1;0;1;0;0;0;406312,978205801977310;5757011,764706750400364;7,636613809000040;51,955904906999997
171896;5220506303100374793;5;9;15;0;2022;5;17;6;3;0;5;0;0;1;1;0;0;0;0;420015,831999993009958;5728833,084999649785459;7,842490045000030;51,704736169000100
171897;5220504313110065135;5;9;58;4;2022;5;14;4;2;0;1;0;0;1;0;0;0;0;0;427538,245690613985062;5697886,405388549901545;7,957713287000050;51,427543530999998
171898;5220425513120081505;5;1;62;20;2022;4;8;2;3;5;1;0;0;1;1;0;0;0;0;329420,198999577027280;5674206,516998619772494;6,558695367000040;51,193775395999999
171900;5220428602250656555;5;3;62;16;2022;4;13;5;3;5;3;0;0;1;1;0;0;0;0;328780,050999564991798;5644352,374998619779944;6,563668661000070;50,925367661000102
171901;5220506705000791822;5;5;54;68;2022;5;15;6;3;5;3;0;0;1;1;0;0;0;0;350598,072158113005571;5766877,018748549744487;6,822034812000030;52,032364861000097
171903;5220502406210474489;5;7;58;4;2022;5;15;2;3;5;3;0;0;1;1;0;0;0;0;469788,279000001028180;5782938,741999680176377;8,557985299000050;52,196075608000100
171904;5220427515212082171;5;1;54;64;2022;4;16;4;3;5;3;0;0;1;0;0;0;0;0;305567,434577635023743;5723342,294703530147672;6,190792818000030;51,627455440000098
171905;5220503701920281228;5;5;62;28;2022;5;14;3;3;5;3;0;0;1;0;0;0;0;1;379677,845999924989883;5721970,139999589882791;7,261334437000070;51,635857551000100
171912;5220501709800591839;5;5;66;44;2022;5;3;1;3;9;1;2;0;1;0;0;0;0;1;422399,911080573976506;5773905,956418209709227;7,866832385000070;52,110247057000002
171913;5220426702100372433;5;5;15;0;2022;4;15;3;3;5;7;0;0;1;1;0;0;0;0;407620,217855660011992;5760714,240062220022082;7,654635307000040;51,989403387000003
171914;5220503411132078085;5;7;74;32;2022;5;19;3;3;0;1;0;0;1;0;0;0;0;0;482941,146048341004644;5729808,267567019909620;8,753055057000040;51,718946654000000
171916;5220423702100642451;5;5;15;0;2022;4;11;7;3;1;5;0;0;1;1;0;0;0;0;407636,630667495017406;5755307,419022530317307;7,656328555000070;51,940806717999997
171918;5220509709110874663;5;5;66;12;2022;5;18;2;3;0;5;0;0;1;1;0;0;0;0;405434,511062612000387;5771294,041499439626932;7,619888115000040;52,084129955000002
171920;5220506500200874065;5;1;11;0;2022;5;18;6;3;5;3;0;0;1;1;0;0;0;0;347149,714999752002768;5678471,783999210223556;6,810408759000040;51,237118903000102
171924;5220430503400465959;5;1;22;0;2022;4;17;7;3;7;7;0;0;1;0;0;0;0;0;369760,751031308027450;5669556,939484840258956;7,137348556000060;51,162607294000097
171925;5220429316100280652;5;9;74;40;2022;4;7;6;3;1;4;0;0;1;1;1;0;0;0;438345,977157882007305;5714327,657924929633737;8,110275391000069;51,576639986000004
171926;5220507404101087025;5;7;66;20;2022;5;10;7;3;0;2;0;0;1;1;0;0;0;0;491303,496079872013070;5753473,118524850346148;8,873513921000040;51,931914210000102
171927;5220429518400078912;5;1;70;8;2022;4;16;6;3;0;1;0;0;1;0;0;0;0;0;343565,106247938994784;5716538,379076950252056;6,742311763000030;51,578173323000001
171928;5220502606100090418;5;3;78;4;2022;5;12;2;3;2;5;0;0;1;1;0;0;0;0;366797,577999873028602;5651072,398999489843845;7,101807169000040;50,995796670000097
171930;5220505601600984991;5;3;15;0;2022;5;9;5;3;2;3;0;0;1;1;0;0;0;0;359604,068764725001529;5645801,616200960241258;7,001396396000080;50,946717824000103
171932;5220424701200369387;5;5;62;20;2022;4;4;1;2;0;1;2;0;1;0;0;0;0;0;369604,946039530972484;5721078,244390499778092;7,116193785000060;51,625597663000100
171933;5220509514110085892;5;1;66;32;2022;5;19;2;3;4;3;0;0;1;0;0;0;0;0;319620,038873541983776;5681095,406828770413995;6,415119967000070;51,252649341999998
171936;5220507307000190496;5;9;62;24;2022;5;15;7;2;0;7;0;1;1;1;0;0;0;0;408334,369999981019646;5694408,193999630399048;7,682455038000060;51,393495202000103
171937;5220505505200079549;5;1;14;0;2022;5;18;5;3;0;1;0;0;1;0;0;0;0;0;329688,858261920977384;5690858,045011379756033;6,554605054000040;51,343451424000101
171938;5220502514122089856;5;1;66;4;2022;5;16;2;3;1;6;0;0;1;1;0;0;0;0;304270,151661709009204;5685021,340313269756734;6,193276160000040;51,282848389999998
171939;5220426711113591857;5;5;70;52;2022;4;11;3;3;5;3;0;0;1;1;0;0;0;0;430574,787999994994607;5755413,883999669924378;7,989938422000020;51,945099073000101
171940;5220503709500091846;5;5;66;76;2022;5;16;3;3;4;2;0;0;1;1;0;0;0;0;395237,891954281018116;5794015,662657139822841;7,464109705000060;52,286503768000003
171946;5220428516500730807;5;1;58;16;2022;4;10;5;3;5;3;0;0;1;1;0;0;0;0;355851,726999812992290;5672460,649999369867146;6,937391998000070;51,185365754000003
171947;5220506705000551911;5;5;54;36;2022;5;13;6;3;8;1;0;0;1;0;0;0;0;0;369902,807472891989164;5766428,281947320327163;7,103448704000070;52,033197231000003
171950;5220502515210525205;5;1;54;52;2022;5;16;2;3;0;7;0;0;1;0;0;0;0;1;309862,235281121975277;5703368,638781550340354;6,263555061000030;51,449532236000003
171951;5220426600130975602;5;3;82;8;2022;4;17;3;3;1;5;0;1;1;1;0;0;0;0;380030,091365966014564;5613863,243518480099738;7,302459821000070;50,664242668999997
171952;5220503601100176587;5;3;15;0;2022;5;14;3;2;1;5;0;0;1;1;0;0;0;0;357041,179888636979740;5642737,068349430337548;6,966138842000020;50,918547083000099
171954;5220509310220873253;5;9;54;8;2022;5;15;2;3;0;1;0;0;1;0;0;0;0;0;383520,486999935004860;5683159,837999589741230;7,329621354000040;51,287842044999998
171956;5220506601700960479;5;3;16;0;2022;5;12;6;3;5;2;0;0;1;0;0;0;0;0;358916,443999831972178;5655093,368999410420656;6,988005897000050;51,030054731000099
171958;5220501605148490280;5;3;74;48;2022;5;11;1;2;0;1;0;0;1;0;0;0;0;0;393733,789892553992104;5644686,578209660016000;7,487364609000050;50,943997195000101
171959;5220426317240484909;5;9;78;40;2022;4;18;3;3;5;3;0;1;1;1;0;0;0;0;404074,041999978013337;5724255,036999640055001;7,613109562000030;51,661086096000098
171960;5220428515210049079;5;1;54;12;2022;4;11;5;3;5;3;0;0;1;1;0;0;0;0;314885,739208073995542;5710088,682620190083981;6,332245873000030;51,511556075999998
171962;5220507706100474646;5;5;58;32;2022;5;13;7;2;4;1;0;0;1;1;0;0;0;0;386947,610999945027288;5754374,689999629743397;7,355779805000050;51,928605130999998
171964;5220503503200872441;5;1;24;0;2022;5;22;3;3;0;1;2;0;1;0;0;0;0;0;372643,643868308980018;5680162,469878530129790;7,174790951000030;51,258574817000103
171965;5220506508000775285;5;1;19;0;2022;5;17;6;3;5;3;0;0;1;1;0;0;0;0;350055,440999775019009;5710501,225999269634485;6,838481273000070;51,525691938000101
171966;5220504701110981809;5;5;62;32;2022;5;11;4;3;5;3;0;0;1;1;0;0;0;0;375462,208999912021682;5718413,495999559760094;7,201714122000060;51,602976080000097
171968;5220425601400081881;5;3;15;0;2022;4;9;2;3;0;1;0;1;1;0;0;0;0;0;356836,726999818987679;5651746,932999379932880;6,959687674000070;50,999466847000100
171970;5220507601100669669;5;3;15;0;2022;5;22;7;3;0;1;2;0;1;0;0;0;0;0;355879,137999812024646;5644584,463999370113015;6,948887601000020;50,934860295000099
171973;5220427407101637583;5;7;62;20;2022;4;16;4;3;5;2;0;0;1;1;0;0;0;0;526643,319000000017695;5736287,746999659575522;9,386183888000060;51,776831109000099
171975;5220504314210378433;5;9;66;4;2022;5;18;4;3;5;3;0;0;1;1;0;0;0;0;424147,682991486974061;5665492,902893410064280;7,915831414000020;51,135867862000097
171978;5220505601400590318;5;3;15;0;2022;5;18;5;3;0;2;0;0;1;1;0;0;0;0;356496,209999817016069;5647664,917999380268157;6,956449723000050;50,962697771000101
171982;5220426608100463908;5;3;34;2;2022;4;8;3;3;1;5;0;0;1;1;0;0;0;0;294960,526578567980323;5628333,065615059807897;6,092018154000070;50,770471438000101
171985;5220423602900586237;5;3;62;40;2022;4;13;7;2;0;7;0;0;1;0;0;0;0;0;355558,977247582981363;5632554,392067279666662;6,949087723000050;50,826667086000000
171987;5220510500200571614;5;1;11;0;2022;5;7;3;3;0;7;0;0;1;0;0;1;0;0;346784,066178056993522;5676935,002127610146999;6,805832037000070;51,223212015000101
171988;5220506514217346149;5;1;66;36;2022;5;23;6;3;0;6;2;0;1;1;0;0;0;0;327483,513753861014266;5681712,253097910434008;6,527392559000020;51,260623940000102
171990;5220502317140909911;5;9;78;28;2022;5;13;2;3;2;2;0;0;1;1;0;0;0;0;399981,610758360999171;5699827,324526020325720;7,560907490000030;51,440796892999998
171994;5220508502231086115;5;1;13;0;2022;5;15;1;3;0;7;0;0;1;0;0;0;0;0;365076,457060293992981;5696042,185923179611564;7,060392782000060;51,399542898000000
171995;5220509702100076673;5;5;15;0;2022;5;15;2;3;4;6;0;0;1;1;0;0;0;0;408433,882999982975889;5753870,190999659709632;7,668305871000030;51,928019788000000
171997;5220506302000385310;5;9;14;0;2022;5;19;6;3;0;7;0;0;1;0;1;0;0;0;392668,710999957984313;5695448,667999610304832;7,457053188000030;51,400100445000099
171999;5220430702100572348;5;5;15;0;2022;4;19;7;3;1;6;0;0;1;1;0;0;0;0;405449,885979478014633;5758799,122412430122495;7,623565408000050;51,971824346000098
172000;5220425711211791831;5;5;70;4;2022;4;18;2;3;0;7;0;0;1;0;0;0;0;0;424381,376465927984100;5736606,923325980082154;7,903964551000060;51,775226093000100
172002;5220504709700576376;5;5;66;28;2022;5;17;4;3;0;1;0;0;1;0;0;0;0;0;417152,832999987993389;5791173,046999679878354;7,786008793000060;52,264693880000003
172004;5220426500300779164;5;1;11;0;2022;4;13;3;3;3;6;0;0;1;1;0;0;0;1;344607,865435541025363;5675720,164119400084019;6,775218662000040;51,211708016999999
172006;5220427608200585828;5;3;34;2;2022;4;13;4;3;0;1;0;0;1;0;0;0;0;0;295884,558552379021421;5626275,341831560246646;6,106246411000030;50,752316048000097
172007;5220429503400808510;5;1;22;0;2022;4;21;6;3;5;3;2;0;1;0;0;0;0;1;360529,265999842027668;5670472,737999429926276;7,005049783000060;51,168661305999997
172010;5220503502321771206;5;1;13;0;2022;5;16;3;3;0;7;0;0;1;0;0;0;0;1;357720,683023558987770;5704609,511821799911559;6,951277197000020;51,474732430000103
172011;5220506314310990036;5;9;66;20;2022;5;17;6;3;4;1;0;0;1;1;0;0;0;0;431722,150715488998685;5659425,006770719774067;8,025225088000070;51,082264637000002
172012;5220504514217089446;5;1;66;36;2022;5;15;4;3;6;6;0;0;1;0;1;0;0;0;329157,092999577987939;5681884,968998599797487;6,551273169000070;51,262679554999998
172016;5220428608200669677;5;3;34;2;2022;4;8;5;3;5;3;0;0;1;1;0;0;0;0;298741,135997659992427;5627834,313847750425339;6,145837959000060;50,767315601000099
172019;5220502702100164121;5;5;15;0;2022;5;9;2;3;5;3;0;0;1;1;0;0;0;0;404584,475999976973981;5760135,806999660097063;7,610599307000030;51,983691032000102
172020;5220427513310689767;5;1;62;8;2022;4;7;4;3;5;3;0;0;1;1;0;0;0;0;331791,855999602004886;5662242,055998739786446;6,598193226000030;51,086985409000100
172021;5220505605144732284;5;3;74;44;2022;5;15;5;3;5;2;0;0;1;1;0;0;0;0;402718,397433903010096;5636858,465988930314779;7,617300256000020;50,875208567000101
172022;5220504411132568195;5;7;74;32;2022;5;7;4;3;3;7;0;0;1;1;0;0;0;0;483410,595377489982639;5730418,925974819809198;8,759821678000041;51,724451354999999
172026;5220506709500679086;5;5;66;76;2022;5;15;6;3;4;6;0;0;1;1;0;0;0;0;394533,074928020010702;5793613,504888299852610;7,453906468000070;52,282754667000098
172028;5220505601100186489;5;3;15;0;2022;5;22;5;2;8;5;2;0;1;1;0;0;0;0;355540,279469821020029;5644100,949979909695685;6,944259962000050;50,930430267000098
172029;5220502410220040196;5;7;70;8;2022;5;12;2;3;5;3;0;0;1;1;0;0;0;0;473489,778180776978843;5803202,527357240207493;8,610544717000041;52,378443760000003
172030;5220427300700673981;5;9;16;0;2022;4;13;4;3;6;4;0;0;1;0;1;0;0;0;372724,960855378012639;5709774,605933999642730;7,165338885000040;51,524726350000002
172031;5220503601500086485;5;3;15;0;2022;5;19;3;3;0;7;0;0;1;0;0;0;0;0;366206,508226440986618;5648413,227614739909768;7,094368174000070;50,971760131000103
172034;5220508601500474362;5;3;15;0;2022;5;10;1;2;5;2;0;0;1;1;0;0;0;0;359591,947173085995018;5646182,588594710454345;7,001077053000070;50,950138709999997
172037;5220505405140587051;5;7;54;40;2022;5;14;5;2;5;3;0;0;1;1;0;0;0;0;460668,988000000012107;5762738,545999670401216;8,426904016000041;52,013893695000000
172039;5220426506100589800;5;1;16;0;2022;4;15;3;3;5;3;0;0;1;1;0;0;0;0;321558,270999479980674;5675107,092998170293868;6,445846623000020;51,199464886999998
172043;5220502610221685700;5;3;70;20;2022;5;10;2;3;5;3;0;0;1;1;0;0;0;0;304814,510999215010088;5657581,857996709644794;6,215957048000060;51,036585468000098
172044;5220427705000080990;5;5;54;12;2022;4;10;4;3;1;5;0;0;1;1;0;0;0;0;351445,405657702009194;5745465,134862589649856;6,843624155000040;51,840214056000001
172045;5220506502401078351;5;1;17;0;2022;5;16;6;3;6;4;0;0;1;0;1;0;0;0;353689,251999801024795;5699723,295999329537153;6,895289754000030;51,429798075000100
172046;5220504502229586652;5;1;13;0;2022;5;10;4;2;0;1;0;0;1;0;0;0;0;0;360981,868955584010109;5695518,160111569799483;7,001773774000070;51,393845145999997
172047;5220430706100739834;5;5;58;16;2022;4;15;7;3;0;1;0;0;1;1;0;0;0;0;381881,767940605990589;5744717,456057609990239;7,285443925000040;51,840762739000098
172049;5220509506100491238;5;1;16;0;2022;5;19;2;3;1;5;0;0;1;1;0;0;0;0;322568,902999493002426;5672816,423998240381479;6,461428726000070;51,179201687999999
172050;5220428608100089885;5;3;34;2;2022;4;12;5;3;5;3;0;0;1;1;0;0;0;0;292386,357995832979213;5631109,429994880221784;6,053993313000030;50,794490410999998
172055;5220504301201063298;5;9;13;0;2022;5;7;4;3;5;3;0;0;1;0;0;0;0;1;389993,988999951980077;5709333,289999609813094;7,414297951000040;51,524387861000001
172056;5220424609160490850;5;3;58;60;2022;4;12;1;3;5;3;0;0;1;1;0;0;0;0;335903,831999643007293;5623414,788998929783702;6,674315949000060;50,739307100000097
172064;5220507503400591323;5;1;22;0;2022;5;12;7;3;1;5;0;0;1;1;0;0;0;0;362792,496675956994295;5671003,504489920102060;7,037199312000040;51,173978700000099
172066;5220502702100572436;5;5;15;0;2022;5;18;2;3;0;1;0;0;1;0;0;0;0;0;406963,432448773004580;5756765,378441509790719;7,646143434000070;51,953799465000003
172072;5220506702100676118;5;5;15;0;2022;5;15;6;3;8;7;0;0;1;0;0;0;0;0;405812,788287448987830;5756512,142540640197694;7,629473956000030;51,951329581000003
172073;5220505316100373375;5;9;74;40;2022;5;8;5;3;5;3;0;0;1;1;0;0;0;0;438454,188999996986240;5713305,254999649710953;8,112015911000070;51,567459863000103
172074;5220501602400948401;5;3;62;32;2022;5;16;1;3;5;3;0;0;1;0;0;0;0;0;341536,493365706002805;5637378,267047500237823;6,748052971000050;50,866345385999999
172075;5220427316300574557;5;9;74;28;2022;4;11;4;3;4;2;0;0;1;1;0;0;0;0;454771,136999998998363;5724522,940999650396407;8,345969464000060;51,669862683000098
172079;5220508307000780509;5;9;62;32;2022;5;19;1;3;0;1;0;0;1;0;0;0;0;0;404691,046999978017993;5672960,273999620229006;7,635831209000060;51,200089218000102
172080;5220509600360033846;5;3;82;12;2022;5;10;2;3;5;3;0;0;1;1;0;0;0;0;362047,580179758020677;5626210,581184780225158;7,043543342000020;50,771234294000102