OBJECTID;UIDENTSTLAE;ULAND;UREGBEZ;UKREIS;UGEMEINDE;UJAHR;UMONAT;USTUNDE;UWOCHENTAG;UKATEGORIE;UART;UTYP1;ULICHTVERH;IstStrassenzustand;IstRad;IstPKW;IstFuss;IstKrad;IstGkfz;IstSonstige;LINREFX;LINREFY;XGCSWGS84;YGCSWGS84
172083;5220429700000791718;5;5;13;0;2022;4;17;6;2;3;6;0;0;1;0;0;0;0;0;362988,698182401014492;5710693,134158910252154;7,024720561000040;51,530702495000099
172084;5220504610122933420;5;3;70;28;2022;5;14;4;3;5;2;0;0;1;0;0;0;0;1;296953,108999060001224;5644912,211995690129697;6,111050688000030;50,920075070999999
172085;5220430600110190947;5;3;14;0;2022;4;18;7;3;2;2;0;0;1;1;0;0;0;0;362161,006674732023384;5622670,796194880269468;7,046476250000070;50,739446933000103
172087;5220428301103780671;5;9;13;0;2022;4;17;5;2;5;3;0;0;1;1;0;0;0;0;390001,510999951977283;5706010,283999609760940;7,415443039000020;51,494521254000098
172091;5220427700000989534;5;5;13;0;2022;4;9;4;3;5;3;0;0;1;0;0;0;0;1;368194,012367723975331;5708348,135412669740617;7,100597010000060;51,510867722999997
172095;5220509514215589367;5;1;66;28;2022;5;7;2;3;3;6;0;0;1;0;0;0;0;0;325152,550487164990045;5688611,879265129566193;6,490639604000020;51,321896172999999
172099;5220502411132078140;5;7;74;32;2022;5;10;2;3;5;2;0;0;1;1;0;0;0;0;483383,735999999975320;5729148,698999649845064;8,759493413000030;51,713029553000098
172102;5220425405116790751;5;7;54;16;2022;4;15;2;3;5;3;0;1;1;0;0;0;0;1;447605,888954891997855;5757400,664365819655359;8,237391937000041;51,964825558000001
172104;5220510317110609185;5;9;78;36;2022;5;7;3;3;5;5;0;0;1;0;0;0;0;0;406891,400001931993756;5710246,914671650156379;7,657548808000060;51,535639555000003
172105;5220506600110576511;5;3;14;0;2022;5;5;6;3;2;6;1;1;1;0;0;0;0;1;365614,725026794010773;5621835,592065789736807;7,095699400000060;50,732749691000002
172107;5220501601300886383;5;3;15;0;2022;5;3;1;2;8;1;2;0;1;0;0;0;0;0;354790,612165693019051;5646919,174715380184352;6,932475718000030;50,955568658000097
172108;5220426501111982281;5;1;12;0;2022;4;8;3;3;3;2;0;0;1;1;0;0;0;0;346206,575999746972229;5708156,992999180220068;6,784064974000050;51,503594082000099
172111;5220507709110370516;5;5;66;8;2022;5;0;7;3;0;7;2;0;1;0;0;0;0;0;398497,857999968982767;5781910,897999660111964;7,515519702000060;52,178323087000102
172117;5220425709000438480;5;5;66;12;2022;4;14;2;2;5;3;0;1;1;1;0;0;0;0;404878,152999977988657;5772663,579999660141766;7,611388918000050;52,096344285000001
172119;5220507601600586361;5;3;15;0;2022;5;9;7;3;6;6;0;0;1;0;1;0;0;0;359979,501721840992104;5645065,034022440202534;7,007020557000030;50,940189368000098
172122;5220424307000086087;5;9;62;40;2022;4;15;1;3;0;1;0;0;1;0;0;0;0;0;416371,845710489025805;5700204,158278919756413;7,796584327000060;51,446841854000098
172123;5220508317230076756;5;9;78;8;2022;5;13;1;3;0;7;0;0;1;1;0;0;0;0;413283,386050362023525;5716884,821111580356956;7,748046754000030;51,596329031000003
172125;5220503500100500363;5;1;11;0;2022;5;10;3;3;0;7;0;0;1;0;0;0;0;0;342592,552715594996698;5678138,229238470084965;6,745327080000040;51,232882894000099
172127;5220504516100975910;5;1;58;32;2022;5;12;4;3;0;1;0;0;1;0;0;0;0;0;366177,173698202008381;5685455,759732839651406;7,080188297000060;51,304664555000002
172128;5220430603104514788;5;3;66;4;2022;4;1;7;3;0;1;2;1;1;0;0;0;0;0;341565,577999696019106;5603511,464999100193381;6,763005528000060;50,562024991999998
172129;5220426316500037704;5;9;74;20;2022;4;12;3;2;6;6;0;0;1;0;1;0;0;0;466105,685192422010005;5721155,435825030319393;8,510191288000041;51,640383145000001
172130;5220428705000489749;5;5;54;4;2022;4;17;5;3;3;5;0;0;1;1;0;0;0;0;363263,267229120014235;5771437,932525319978595;7,004714574000050;52,076613862999999
172131;5220507500300057377;5;1;11;0;2022;5;13;7;3;3;6;0;0;1;1;0;0;0;0;344711,017796940985136;5675556,212417120113969;6,776765297000050;51,210262903999997
172132;5220502601700786550;5;3;16;0;2022;5;6;2;3;5;3;0;0;1;1;0;0;0;0;364503,332993528980296;5655163,595873430371284;7,067604828000070;51,032030128000002
172133;5220427515210517924;5;1;54;12;2022;4;15;4;3;1;3;0;0;1;1;0;0;0;0;315480,248082533013076;5710985,500113179907203;6,340334208000060;51,519805738999999
172134;5220505608312232713;5;3;34;12;2022;5;15;5;3;5;2;0;0;1;1;0;0;0;0;307892,749999253021087;5632891,881997140124440;6,272817354000040;50,815848182000103
172137;5220509518100874208;5;1;70;48;2022;5;6;2;3;0;3;0;0;1;0;0;0;0;1;336415,175999662023969;5726130,685998870059848;6,634737084000050;51,662320115000099
172138;5220428602600190557;5;3;62;20;2022;4;17;5;3;0;1;0;0;1;0;0;0;0;0;344929,086548903025687;5631442,667634939774871;6,798739204000070;50,813927462000002
172139;5220507317110589255;5;9;78;36;2022;5;15;7;3;0;1;0;1;1;0;0;0;0;0;409029,621999818016775;5710203,221999770030379;7,688380451000060;51,535595426999997
172140;5220429702100476645;5;5;15;0;2022;4;22;6;3;4;7;2;0;1;1;0;0;0;0;405162,343677920987830;5753881,218083020299673;7,620737756000040;51,927571137000001
172141;5220505518100091447;5;1;70;48;2022;5;17;5;3;1;5;0;0;1;1;0;0;0;0;335081,141517008014489;5725935,007523139938712;6,615558607000030;51,660172334999999
172142;5220502600380278212;5;3;14;0;2022;5;9;2;3;5;3;0;0;1;1;0;0;0;0;368992,157713172025979;5617287,030256319791079;7,145146716000060;50,692637797000003
172144;5220503600130090935;5;3;82;8;2022;5;15;3;3;8;3;0;0;1;1;0;0;0;0;374669,310999905981589;5611617,889999530278146;7,227404160000050;50,642930567000100
172145;5220428516200491287;5;1;58;28;2022;4;13;5;3;1;7;0;0;1;1;0;0;0;0;349074,970958983991295;5689363,788412709720433;6,833364435000020;51,335502995000098
172148;5220510405108386990;5;7;54;8;2022;5;11;3;3;0;1;0;0;1;0;0;0;0;0;457296,651088938000612;5750828,168041500262916;8,379249175000041;51,906564283000101
172150;5220510515210074010;5;1;54;28;2022;5;16;3;3;1;1;0;0;1;0;0;0;0;1;320503,584574691019952;5701271,651470400393009;6,417595389000040;51,434168575999998
172153;5220426514122146074;5;1;66;4;2022;4;13;3;3;3;6;0;0;1;0;0;0;1;0;303861,245445764972828;5685002,883779849857092;6,187430238000050;51,282542001000103
172156;5220508502338791851;5;1;13;0;2022;5;18;1;3;5;7;0;0;1;0;0;0;0;0;363080,729999855975620;5706049,856999469920993;7,027849601000070;51,488998583000097
172157;5220509709110552454;5;5;66;12;2022;5;9;2;2;5;3;0;0;1;1;0;0;0;0;405570,257999979017768;5771606,589999670162797;7,621782066000040;52,086962385000000
172159;5220506317230289242;5;9;78;8;2022;5;8;6;3;5;2;0;0;1;1;0;0;0;0;414527,351999985985458;5717907,958999649621546;7,765752386000030;51,605716653000101
172163;5220428607200190934;5;3;82;20;2022;4;7;5;3;5;2;0;0;1;1;0;0;0;0;380043,969858605007175;5625621,859264389611781;7,298833060000050;50,769943486000003
172165;5220429600110604884;5;3;14;0;2022;4;23;6;3;2;6;2;0;1;1;0;0;0;0;366302,493795801012311;5621181,311138739809394;7,105676958000060;50,727027731000099
172171;5220509513210901962;5;1;62;24;2022;5;14;2;2;5;3;0;0;1;1;0;0;0;0;343319,799031593021937;5670665,139112739823759;6,758997305000040;51,165935090000097
172172;5220505602100215006;5;3;62;8;2022;5;6;5;3;5;3;0;0;1;1;0;0;0;0;331578,442999598977622;5647807,339998739771545;6,601852864000020;50,957233219999999
172173;5220506701920996383;5;5;62;28;2022;5;18;6;3;5;3;0;0;1;1;0;0;0;0;379303,430649831017945;5722627,975514650344849;7,255699926000030;51,641689531000097
172175;5220502515210590664;5;1;54;12;2022;5;10;2;3;2;5;0;0;1;1;0;0;0;0;314484,652431291993707;5710545,770027340389788;6,326231903000060;51,515530062000003
172176;5220426602400863937;5;3;62;32;2022;4;9;3;3;0;5;0;1;1;1;0;0;0;0;329374,022672687016893;5636855,871415220201015;6,575613396000050;50,858190553000000
172178;5220427405116047350;5;7;54;16;2022;4;9;4;2;5;3;0;0;1;1;0;0;0;0;447646,941999998991378;5757405,726999670267105;8,237988644000040;51,964874940000101
172179;5220505702100874755;5;5;15;0;2022;5;15;5;3;5;3;0;0;1;1;0;0;0;0;399821,328042267996352;5756403,500923469662666;7,542352960000070;51,949306216000103
172180;5220504405148530642;5;7;54;48;2022;5;14;4;3;5;3;0;0;1;1;0;0;0;0;440645,673999996972270;5765789,283999670296907;8,134643050000021;52,039539081000001
172181;5220425405116090751;5;7;54;16;2022;4;16;2;3;5;3;0;1;1;1;0;0;0;0;447681,585000000020955;5756668,500999669544399;8,238605137000039;51,958250376000102
172182;5220509502210175233;5;1;13;0;2022;5;15;2;3;0;1;0;0;1;0;0;0;0;0;364770,463999864994548;5699980,076999479904771;7,054494417000060;51,434858568000003
172183;5220505601500590336;5;3;15;0;2022;5;8;5;3;5;3;0;0;1;0;0;0;0;1;357776,511999824026134;5644370,073999390006065;6,975956352000030;50,933404607999996
172184;5220428601400726491;5;3;15;0;2022;4;7;5;3;5;3;0;0;1;1;0;0;0;0;356848,591999820026103;5649782,717999380081892;6,960630693000040;50,981817770000099
172186;5220505516400080922;5;1;58;24;2022;5;15;5;3;2;6;0;0;1;1;0;0;0;0;356734,321311277977657;5681210,085960179567337;6,946515068000050;51,264213413999997
172188;5220426608100089859;5;3;34;2;2022;4;9;3;3;0;1;0;1;1;0;0;0;0;0;294560,748161663010251;5630867,971914069727063;6,084939735000030;50,793096505999998
172190;5220428514118582333;5;1;66;16;2022;4;9;5;3;0;7;0;0;1;0;0;0;0;0;311158,135065394977573;5687538,501500410027802;6,290596316000060;51,307782361000100
172191;5220423610222589824;5;3;70;36;2022;4;15;7;3;0;7;0;0;1;0;0;0;0;0;301053,420583620027173;5664588,969560139812529;6,158526526000060;51,098229155000098
172192;5220508605136579447;5;3;74;36;2022;5;15;1;2;0;1;0;0;1;0;0;0;0;0;384657,464623905019835;5673681,821620910428464;7,348972733000040;51,202881471000097
172194;5220506513330829650;5;1;62;12;2022;5;18;6;3;3;7;0;0;1;0;0;0;0;1;325478,291999529988971;5664834,673998430371284;6,506879858000050;51,108391113000003
172196;5220502303200571591;5;9;15;0;2022;5;11;2;2;5;3;0;0;1;0;0;0;0;1;414994,848446130985394;5728460,814091710373759;7,769935965000060;51,700651491000002
172200;5220507607500073799;5;3;82;56;2022;5;1;7;3;0;1;2;0;1;0;0;0;0;0;375712,676970160973724;5627259,267566920258105;7,236885486000060;50,783749623000098
172202;5220503307000567824;5;9;62;36;2022;5;5;3;3;4;2;2;0;1;1;0;0;0;0;406127,087888022011612;5662879,318137579597533;7,659009266000060;51,109701321999999
172203;5220506500300340989;5;1;11;0;2022;5;9;6;3;5;2;0;0;1;1;0;0;0;0;345238,481999735988211;5673682,690999169833958;6,785118675000040;51,193571625000097
172204;5220504601100185847;5;3;15;0;2022;5;23;4;3;1;1;2;0;1;1;0;0;0;0;355615,247873843996786;5645940,375452560372651;6,944597129000040;50,946979596000098
172205;5220501404302782041;5;7;66;8;2022;5;17;1;3;0;1;0;0;1;0;0;0;0;0;483303,311108264024369;5769834,855863690376282;8,756358821000051;52,078837937000102
172206;5220426300500877650;5;9;11;0;2022;4;15;3;3;5;2;0;1;1;1;0;0;0;0;376564,637999914993998;5703579,021999560296535;7,222825889000030;51,469896487000000
172207;5220509518320672053;5;1;70;52;2022;5;13;2;3;5;2;0;0;1;1;0;0;0;0;323890,030195312981959;5726055,330733150243759;6,453860537000030;51,657858394000101
172208;5220428601200225869;5;3;15;0;2022;4;12;5;3;0;1;0;0;1;0;0;0;0;0;354417,313540677016135;5642880,195940090343356;6,928778065000070;50,919177342000097
172209;5220507501212090786;5;1;12;0;2022;5;12;7;3;6;3;0;0;1;0;1;0;0;0;341440,040999707009178;5697922,262999059632421;6,720032201000040;51,410321504000102
172211;5220503300500577742;5;9;11;0;2022;5;14;3;3;5;3;0;0;1;1;0;0;0;0;376306,433999913977459;5703970,415999559685588;7,218973292000040;51,473357726000103
172215;5220424610122279483;5;3;70;28;2022;4;13;1;3;5;5;0;0;1;1;0;0;0;0;298917,965707962983288;5643952,632226729765534;6,139498051000030;50,912144650000101
172218;5220506709300591780;5;5;66;68;2022;5;13;6;3;5;3;0;0;1;1;0;0;0;0;377579,023999919008929;5785623,208999600261450;7,208386440000030;52,207437982000002
172219;5220510600110075899;5;3;14;0;2022;5;12;3;3;7;1;0;0;1;0;0;0;0;0;365401,952999865985475;5622592,498999469913542;7,092409686000050;50,739503445000103
172222;5220426709800387356;5;5;66;40;2022;4;13;3;3;3;2;0;0;1;0;0;0;0;0;421966,724725116975605;5782381,914126300252974;7,858561258000070;52,186376047000103
172223;5220503609108054387;5;3;58;8;2022;5;14;3;3;5;2;0;0;1;1;0;0;0;0;321940,727999475027900;5631865,154998269863427;6,472527288000040;50,811113269000003
172225;5220423606400963168;5;3;78;28;2022;4;14;7;3;5;6;0;0;1;1;0;0;0;0;371725,164999896020163;5641838,720999520272017;7,175242600000050;50,913923931000099
172228;5220503405108390743;5;7;54;8;2022;5;18;3;3;0;7;0;0;1;0;0;0;0;0;458396,053055212018080;5750886,703572089783847;8,395222424000050;51,907173749999998
172230;5220505405116047350;5;7;54;16;2022;5;11;5;3;0;1;0;0;1;0;0;0;0;0;448094,222999999008607;5756776,333999670110643;8,244593436000059;51,959258495000000
172231;5220502404101787045;5;7;66;20;2022;5;16;2;3;0;7;0;0;1;0;0;0;0;0;488596,995580634975340;5755700,474055079743266;8,834075582000031;51,951891512000003
172233;5220427608100880801;5;3;34;2;2022;4;20;4;3;4;6;0;0;1;1;0;0;0;0;294103,511963537021074;5627885,494807589799166;6,080130756000070;50,766148227000002
172239;5220428400300553641;5;7;11;0;2022;4;13;5;2;5;2;0;0;1;1;0;0;0;0;466724,670999999972992;5762575,595999670214951;8,515154068000070;52,012824855000098
172240;5220423709800891839;5;5;66;88;2022;4;14;7;3;3;1;0;0;1;0;0;0;0;1;423603,117607121006586;5785189,532027670182288;7,881859529000050;52,211842664000102
172241;5220508709300274736;5;5;66;96;2022;5;14;1;2;2;6;0;0;1;0;0;0;0;0;385389,244205112976488;5785703,538665490224957;7,322605825000040;52,209839457000001
172244;5220505317240318554;5;9;78;40;2022;5;15;5;3;5;3;0;0;1;1;0;0;0;0;405503,858029809023719;5724658,915038409642875;7,633666146000050;51,664958767000002
172247;5220428301101885249;5;9;13;0;2022;4;6;5;3;5;3;1;0;1;1;0;0;0;0;395382,982004938996397;5705962,370256519876420;7,492949154000030;51,495112080000098
172249;5220508500300171882;5;1;11;0;2022;5;17;1;3;5;3;0;0;1;1;0;0;0;0;348556,878999761014711;5671889,144999239593744;6,833329466000070;51,178344279999997
172250;5220429610211265920;5;3;70;4;2022;4;10;6;3;5;3;0;0;1;1;0;0;0;0;312160,722280141024385;5662960,783646759577096;6,317822670000060;51,087350014000002
172252;5220502705000091775;5;5;54;48;2022;5;17;2;3;0;3;0;0;1;1;0;0;0;0;341424,582999709993601;5743831,832999030128121;6,699035711000020;51,822785145000097
172253;5220427601200490617;5;3;15;0;2022;4;8;4;3;0;1;0;0;1;0;0;0;0;0;353906,887579890026245;5643224,563390299677849;6,921383334000040;50,922143067000000
172255;5220504700000789346;5;5;13;0;2022;5;8;4;3;5;3;0;0;1;1;0;0;0;0;362969,729999857023358;5710870,123999459668994;7,024378403000070;51,532288381000100
172256;5220430602700676757;5;3;62;28;2022;4;0;7;3;5;3;2;0;1;0;0;1;0;0;348282,354999758012127;5639210,837999239563942;6,843084831000060;50,884623144999999
172258;5220509400300103373;5;7;11;0;2022;5;17;2;3;0;5;0;0;1;1;0;0;0;1;466587,078372307994869;5759866,206990949809551;8,513413512000060;51,988457465000103
172260;5220507601200281744;5;3;15;0;2022;5;13;7;3;5;3;0;0;1;1;0;0;0;0;354655,697999803000130;5644236,190999349579215;6,931626705000040;50,931423426000002
172261;5220429601400178453;5;3;15;0;2022;4;18;6;2;0;1;0;0;1;0;0;0;0;0;355679,115398928988725;5650400,202901530079544;6,943736246000070;50,987074986000003
172265;5220424600110090848;5;3;14;0;2022;4;14;1;3;0;1;0;0;1;0;0;0;0;0;365955,967999867978506;5621534,423999469727278;7,100641634000060;50,730121652000001
172267;5220510500300590000;5;1;11;0;2022;5;16;3;3;3;2;0;0;1;1;0;0;0;0;347691,201999756973237;5672627,170999219641089;6,820641121000050;51,184746023999999
172268;5220506709500342537;5;5;66;76;2022;5;21;6;2;8;1;2;0;1;0;0;0;0;0;394096,285837891977280;5793150,046620040200651;7,447651482000030;52,278505476000099
172269;5220510600140067714;5;3;14;0;2022;5;19;3;3;1;5;0;0;1;1;0;0;0;0;370067,905821790976916;5623375,352991520427167;7,158224676000030;50,747602691000097
172272;5220427300400541671;5;9;11;0;2022;4;17;4;3;0;1;0;0;1;0;0;0;0;0;372816,033889216021635;5699458,803740950301290;7,170365310000020;51,432037072000099
172274;5220428410110264046;5;7;70;24;2022;4;14;5;3;0;3;0;0;1;1;0;0;0;0;491649,433000001008622;5792343,099999680183828;8,877592231000049;52,281390749000103
172278;5220503501311391403;5;1;12;0;2022;5;19;3;3;0;5;0;0;1;1;0;0;0;0;344649,814857241988648;5700539,243098770268261;6,765000938000070;51,434723480000102
172280;5220504601200964539;5;3;15;0;2022;5;14;4;3;5;3;0;0;1;1;0;0;0;0;354342,926999803981744;5643351,440999349579215;6,927532293000070;50,923393524000097
172283;5220428300600685353;5;9;16;0;2022;4;10;5;2;1;5;0;0;1;1;0;0;0;0;379575,053364333987702;5711306,782318079844117;7,263508340000040;51,539999157000103
172285;5220507501223982373;5;1;12;0;2022;5;17;7;3;5;3;0;0;1;1;0;0;0;0;339435,968999688979238;5703086,985998990014195;6,688898830000030;51,456160165000000
172287;5220427600310886307;5;3;14;0;2022;4;18;4;2;0;1;0;0;1;0;0;0;0;0;362100,343439072021283;5619586,134520569816232;7,046770471000060;50,711708542000103
172288;5220505711215189447;5;5;70;4;2022;5;7;5;3;5;2;0;0;1;1;0;0;0;0;422996,616999992984347;5734849,764999650418758;7,884287105000060;51,759241116000098
172290;5220425601200587596;5;3;15;0;2022;4;13;2;3;5;2;0;0;1;1;0;0;0;0;355689,312999811023474;5642299,331999369896948;6,947092259000040;50,914276719000000
172291;5220509516800086310;5;1;58;20;2022;5;17;2;3;2;2;0;0;1;0;0;0;0;0;355909,075999814027455;5665741,858999369665980;6,940902279000060;51,125002199999997
172292;5220428516400887578;5;1;58;24;2022;4;11;5;3;5;3;0;0;1;1;0;0;0;0;358435,278999831003603;5679076,770999399945140;6,971723121000030;51,245467433000002
172293;5220507301303808827;5;9;13;0;2022;5;12;7;3;5;3;0;0;1;1;0;0;0;0;399462,269389279012103;5704899,430188580416143;7,551995129000030;51,486297661999998
172295;5220502600140770130;5;3;14;0;2022;5;9;2;2;5;2;0;0;1;1;0;0;0;0;368721,938999882026110;5622264,379999490454793;7,139552261000060;50,737314293000097
172296;5220426601100286489;5;3;15;0;2022;4;12;3;3;0;5;0;0;1;1;0;0;0;0;355577,514309766003862;5645001,368356440216303;6,944432638000020;50,938531480000101
172297;5220503600110086337;5;3;14;0;2022;5;23;3;2;0;1;2;0;1;0;0;0;0;0;366581,401456408028025;5618860,628356849774718;7,110465577000070;50,706233455000103
172298;5220424608100075542;5;3;34;2;2022;4;6;1;3;8;1;0;0;1;1;0;0;0;0;294646,074998999014497;5629220,081995420157909;6,087069374000070;50,778326714000102
172300;5220510406110434933;5;7;58;12;2022;5;13;3;3;0;5;0;0;1;1;0;0;0;0;478668,888066173996776;5774622,499010870233178;8,688433652000070;52,121722896000101
172303;5220430514116086061;5;1;66;16;2022;4;14;7;2;5;2;0;0;1;1;0;0;0;0;304221,703999222023413;5689156,248996489681304;6,190314159000020;51,319968277999997
172304;5220425600380581298;5;3;14;0;2022;4;19;2;3;1;7;0;0;1;1;0;0;0;0;369820,024189669988118;5615254,287255070172250;7,157577293000030;50,674552693000102
172305;5220509500200050578;5;1;11;0;2022;5;17;2;3;8;1;0;0;1;0;0;0;0;0;349523,778869688976556;5677096,696282490156591;6,844968881000060;51,225393723000103
172307;5220428602400190347;5;3;62;32;2022;4;12;5;3;0;1;0;0;1;0;0;0;0;0;339133,429999677988235;5642888,318999020382762;6,711505494000050;50,915192302999998
172311;5220427406110682098;5;7;58;12;2022;4;16;4;3;0;7;0;0;1;1;0;0;0;0;477432,494373082998209;5774222,496969279833138;8,670401489000030;52,118077532000001
172312;5220503705000191841;5;5;54;68;2022;5;13;3;3;0;3;0;0;1;1;0;0;0;0;351553,959911011974327;5767154,775323850102723;6,835838315000050;52,035117028000101
172313;5220425502210691047;5;1;13;0;2022;4;7;2;2;1;5;0;1;1;1;0;0;0;0;361190,843874603975564;5699474,074959879741073;7,003227022000030;51,429445754000000
172315;5220510400200590815;5;7;11;0;2022;5;18;3;3;5;3;0;0;1;0;0;0;0;0;470257,998000002000481;5763134,034999670460820;8,566587032000029;52,018046223000098
172317;5220506601200681744;5;3;15;0;2022;5;14;6;3;3;6;0;0;1;0;0;0;0;1;354159,255643429001793;5642785,765799899585545;6,925146972000050;50,918263561000103
172318;5220504705000074468;5;5;54;8;2022;5;16;4;3;0;6;0;0;1;0;0;0;0;0;335026,135999651974998;5745003,977998790331185;6,605720062000050;51,831462704000003
172321;5220503303100051443;5;9;15;0;2022;5;13;3;3;5;3;0;0;1;0;0;0;0;1;421884,010733616014477;5725582,512377199716866;7,870247873000040;51,675777754000102
172325;5220509600310090846;5;3;14;0;2022;5;8;2;2;4;3;0;0;1;1;0;0;0;0;363197,201273849001154;5618766,410287899896502;7,062600781000070;50,704600196999998
172326;5220503514210082325;5;1;66;12;2022;5;13;3;3;5;3;0;0;1;1;0;0;0;0;320192,479729195998516;5693326,936585109680891;6,417149513000030;51,362704742000098
172328;5220504603224873819;5;3;66;24;2022;5;16;4;3;1;5;0;0;1;1;0;0;0;0;326043,480340065027121;5601864,305724039673805;6,544817313000070;50,542811548000003
172330;5220426500100160972;5;1;11;0;2022;4;10;3;2;0;1;0;0;1;0;0;0;0;0;345595,900566528027412;5676418,247028809972107;6,789052693000030;51,218248603000099
172331;5220429515110756537;5;1;54;40;2022;4;21;6;3;0;1;2;0;1;0;0;0;0;0;294539,043885414022952;5740138,662032109685242;6,021783083000060;51,774357268000102
172332;5220507506100691417;5;1;16;0;2022;5;14;7;2;5;3;0;0;1;0;0;0;0;0;318500,274999440007377;5674202,870997959747910;6,402580390000030;51,190379137999997
172333;5220429600110085801;5;3;14;0;2022;4;16;6;3;0;1;0;0;1;0;0;0;0;0;365054,754769444989506;5621503,521405830048025;7,087890621000040;50,729635248000100
172336;5220505705000487250;5;5;54;8;2022;5;12;5;3;5;3;0;0;1;1;0;0;0;0;336356,629999666009098;5746244,238998849876225;6,624425069000040;51,842995883000100
172337;5220504307000671208;5;9;62;28;2022;5;18;4;2;3;1;0;0;1;0;0;0;0;0;400912,147686247015372;5665717,423015139997005;7,583756619000040;51,134336737000098
172339;5220509406130531941;5;7;58;8;2022;5;7;2;3;2;6;0;0;1;1;0;0;0;0;467128,636000000988133;5776869,195999680086970;8,519662609000020;52,141355896999997
172340;5220428608100389788;5;3;34;2;2022;4;16;5;3;0;1;0;0;1;0;0;0;0;0;292830,345635959994979;5629243,117937509901822;6,061336406000070;50,777887923000002
172343;5220502505200072075;5;1;14;0;2022;5;20;2;3;5;3;0;0;1;1;0;0;0;0;329731,018999585998245;5689829,134998610243201;6,555701777000020;51,334220548000097
172345;5220503518100391638;5;1;70;48;2022;5;12;3;3;5;3;0;0;1;1;0;0;0;0;335547,015617884986568;5725509,568995540030301;6,622488206000070;51,656486808000103
172346;5220428513210291369;5;1;62;24;2022;4;17;5;2;0;1;0;0;1;0;0;0;0;0;338952,124952543992549;5674496,090248789638281;6,694862664000030;51,199142999999999
172347;5220423601200476459;5;3;15;0;2022;4;18;7;3;5;3;0;0;1;1;0;0;0;0;353396,793999795976561;5644516,661999329924583;6,913611258000060;50,933625318000097
172348;5220509307000390501;5;9;62;52;2022;5;6;2;2;0;1;0;0;1;0;0;0;0;0;421547,910318841983099;5675740,846261000260711;7,876442205000050;51,227651596000001
172349;5220510502408085345;5;1;17;0;2022;5;17;3;2;4;1;0;0;1;0;0;0;0;0;351888,142999787000008;5699974,516999299637973;6,869294522000080;51,431587561000100
172350;5220506514210589367;5;1;66;12;2022;5;18;6;3;5;3;0;0;1;1;0;0;0;0;319923,087188409001101;5692644,094144470058382;6,413629745000040;51,356485592000098
172355;5220428709000379088;5;5;66;8;2022;4;12;5;3;0;7;0;0;1;0;0;0;0;1;399292,850954859983176;5781409,337046439759433;7,527291299000070;52,173960894000103
172357;5220509606100981261;5;3;78;4;2022;5;7;2;3;1;2;0;0;1;1;0;0;0;0;368271,374999882013071;5649545,235999490134418;7,123351052000030;50,982410263000098
172358;5220503406220478149;5;7;58;24;2022;5;14;3;3;5;3;0;0;1;1;0;0;0;0;480518,527000000001863;5783487,174999680370092;8,714940717000051;52,201489928999997
172360;5220506602600189880;5;3;62;20;2022;5;17;6;3;4;2;0;0;1;1;0;0;0;0;341839,982999700005166;5630211,294999090023339;6,755454927000070;50,802027222000000
172361;5220429709000676750;5;5;66;12;2022;4;12;6;3;4;2;0;0;1;1;0;0;0;0;404885,009999976027757;5772792,518999660387635;7,611452997000070;52,097504389000100
172362;5220505313220493194;5;9;58;24;2022;5;16;5;3;5;2;0;0;1;1;0;0;0;0;490105,955069891992025;5700808,808129169978201;8,857590356000060;51,458368368000002
172364;5220426500200061177;5;1;11;0;2022;4;17;3;3;1;5;0;1;1;1;0;0;0;0;346481,820738030015491;5679211,393639969639480;6,800531614000020;51,243585354000103
172365;5220428505200285910;5;1;14;0;2022;4;8;5;2;2;6;0;0;1;1;0;0;0;0;326265,424999546026811;5694861,477998429909348;6,503544040000070;51,378379933000097
172366;5220423609132089898;5;3;58;32;2022;4;14;7;3;0;1;0;0;1;0;0;0;0;0;312993,443044863000978;5633227,331743829883635;6,344972420000030;50,820530857999998
172371;5220504508000854629;5;1;19;0;2022;5;9;4;3;0;2;0;0;1;0;0;0;0;0;350570,688441526028328;5709481,097073280252516;6,846335741000080;51,516662302999997
172372;5220430513130186874;5;1;62;22;2022;4;23;7;3;0;1;2;0;1;0;0;0;0;0;333834,493475703988224;5682397,902567479759455;6,618013953000060;51,268670476000104
172373;5220425601700790448;5;3;16;0;2022;4;17;2;3;8;5;0;0;1;1;0;0;0;0;358411,066999829025008;5655688,617999400012195;6,980570925000050;51,035279879000001
172374;5220429514110489769;5;1;66;32;2022;4;9;6;3;5;3;0;0;1;1;0;0;0;0;318700,009178531006910;5681769,020403210073709;6,401608974000060;51,258408580999998
172376;5220429515111178984;5;1;54;8;2022;4;11;6;3;5;1;0;0;1;1;0;0;0;0;309973,444824857986532;5745761,942568239755929;6,242136693000020;51,830311236999997
172377;5220502702100091827;5;5;15;0;2022;5;1;2;2;0;7;2;0;1;0;0;0;0;0;405792,125592363998294;5757842,192071029916406;7,628808659000070;51,963281162000001
172378;5220427400300574610;5;7;11;0;2022;4;8;4;2;5;2;0;0;1;1;0;0;0;0;465585,746000000974163;5760691,864999669604003;8,498748998000050;51,995819505999997