OBJECTID;UIDENTSTLAE;ULAND;UREGBEZ;UKREIS;UGEMEINDE;UJAHR;UMONAT;USTUNDE;UWOCHENTAG;UKATEGORIE;UART;UTYP1;ULICHTVERH;IstStrassenzustand;IstRad;IstPKW;IstFuss;IstKrad;IstGkfz;IstSonstige;LINREFX;LINREFY;XGCSWGS84;YGCSWGS84
172658;5220428300500390530;5;9;11;0;2022;4;22;5;2;0;1;2;0;1;0;0;0;0;0;375978,794882812013384;5703882,122664920054376;7,214289166000070;51,472492472000098
172660;5220508500300886923;5;1;11;0;2022;5;0;1;3;8;1;2;1;1;0;0;0;0;0;343819,152867724013049;5676059,732781929895282;6,763787840000020;51,214544002000103
172663;5220506301202880660;5;9;13;0;2022;5;6;6;3;5;3;0;0;1;1;0;0;0;0;392932,943554611003492;5709458,392552879638970;7,456607269000070;51,526077187000098
172665;5220501307000078399;5;9;62;52;2022;5;11;1;2;0;1;0;0;1;0;0;0;0;0;418766,068999990995508;5672339,615999629721045;7,837380876000050;51,196684262000097
172666;5220425706200036604;5;5;58;12;2022;4;17;2;2;0;7;0;0;1;1;0;0;0;0;374134,201163742982317;5756782,315208179876208;7,168639682000050;51,947491523000103
172669;5220507601200890451;5;3;15;0;2022;5;10;7;3;0;7;0;0;1;0;0;0;0;0;355699,442999811028130;5642363,860999369993806;6,947210744000070;50,914859164000099
172671;5220502600110090917;5;3;14;0;2022;5;20;2;3;4;1;0;0;1;1;0;0;0;0;366417,796904777991585;5619245,860889449715614;7,108010481000060;50,709658375000103
172672;5220427410120093094;5;7;70;32;2022;4;13;4;3;5;3;0;0;1;1;0;0;0;0;494466,552317600988317;5787522,183767589740455;8,918966287000050;52,238083637000003
172673;5220504410210140096;5;7;70;20;2022;5;12;4;3;5;3;0;0;1;1;0;0;0;0;472930,000438773015048;5794829,819299640133977;8,602996078000050;52,303143894000101
172675;5220508506100091417;5;1;16;0;2022;5;15;1;3;5;3;0;0;1;1;0;0;0;0;319209,259999448026065;5675277,305998009629548;6,412174495000040;51,200255505000001
172679;5220504711215853661;5;5;70;4;2022;5;6;4;3;0;5;0;0;1;1;0;0;0;0;422924,871367080020718;5735643,768283950164914;7,883071646000080;51,766369029000003
172681;5220427307000032164;5;9;62;40;2022;4;14;4;2;1;5;0;0;1;1;0;0;0;0;416725,414999987988267;5697656,878999640233815;7,802270109000060;51,423994277000098
172682;5220503601200775885;5;3;15;0;2022;5;9;3;3;6;2;0;0;1;0;1;0;0;0;354868,153999804984778;5642155,721999350003898;6,935475977000070;50,912780216000002
172683;5220428513130886019;5;1;62;22;2022;4;17;5;3;6;1;0;0;1;0;1;0;0;0;334037,194245769991539;5682572,662308280356228;6,620835861000050;51,270299633999997
172684;5220424502401289509;5;1;17;0;2022;4;14;1;2;2;6;0;0;1;0;0;0;0;0;353789,440999800979625;5700033,998999330215156;6,896601695000070;51,432615839000100
172685;5220507610112911596;5;3;70;12;2022;5;4;7;2;0;1;2;0;1;0;0;0;0;0;302466,184020703018177;5653777,404865389689803;6,184576367000030;51,001613089000003
172686;5220510301102980597;5;9;13;0;2022;5;9;3;3;0;6;0;0;1;0;0;0;0;1;397632,736291152017657;5701545,193426109850407;7,526626091000030;51,455818886000003
172688;5220506518310891359;5;1;70;32;2022;5;16;6;3;5;2;0;0;1;1;0;0;0;0;336039,119999656977598;5711282,689998869784176;6,636242996000020;51,528817625999999
172692;5220428300700777911;5;9;16;0;2022;4;22;5;3;1;5;2;0;1;1;0;0;0;0;372101,400999896985013;5711113,386999540030956;7,155869092000050;51,536617128000003
172693;5220429501329091410;5;1;12;0;2022;4;11;6;3;3;5;0;0;1;1;0;0;0;0;342503,752429224026855;5692404,722672579810023;6,737761553000040;51,361043483000103
172699;5220425701120578327;5;5;62;32;2022;4;15;2;3;3;3;0;1;1;1;0;0;0;0;377367,028725359006785;5716285,716660180129111;7,229948517000030;51,584271129000101
172701;5220428600110086255;5;3;14;0;2022;4;14;5;2;1;5;0;0;1;1;0;0;0;0;365715,305859769985545;5620316,345529239624739;7,097677049000030;50,719118023000100
172705;5220426601400486348;5;3;15;0;2022;4;17;3;3;5;2;0;1;1;0;0;0;0;1;355265,987999808974564;5647186,957999359816313;6,939133051000060;50,958094743000103
172710;5220506513130781475;5;1;62;22;2022;5;18;6;3;0;2;0;0;1;1;0;0;0;0;336764,488999660010450;5683412,342998909763992;6,659514298000030;51,278631478000101
172711;5220505316300070255;5;9;74;28;2022;5;10;5;3;5;4;0;0;1;0;1;0;0;0;454705,756002818990964;5725236,272929159924388;8,344931576000020;51,676270891999998
172712;5220501705000082365;5;5;54;60;2022;5;21;1;3;8;1;1;0;1;0;0;0;0;0;349566,790500390983652;5755916,127055870369077;6,811818930000070;51,933608983000099
172713;5220426316200081399;5;9;74;52;2022;4;15;3;3;0;3;0;1;1;1;0;0;0;0;424145,975593382027000;5712172,475975530222058;7,905857894000060;51,555532855000102
172714;5220428506100072469;5;1;16;0;2022;4;11;5;3;0;1;0;0;1;0;0;0;0;0;321980,632567759021185;5672839,912898520007730;6,453009392000070;51,179229850000098
172718;5220503709500374669;5;5;66;76;2022;5;15;3;3;0;7;0;0;1;0;0;0;0;0;393532,441764282993972;5795901,889975300058722;7,438520362000080;52,303127854000103
172720;5220508609112119495;5;3;58;12;2022;5;15;1;3;0;1;0;0;1;0;0;0;0;0;326414,113902391982265;5613372,508730029687285;6,544667026000070;50,646321515000103
172721;5220510400300203989;5;7;11;0;2022;5;17;3;3;3;1;0;0;1;0;0;0;0;0;466440,348204344976693;5761835,164592009969056;8,511083992000071;52,006150798000100
172722;5220506601500090336;5;3;15;0;2022;5;8;6;3;0;7;0;0;1;0;0;0;0;0;359460,235999834025279;5647804,525999410077929;6,998576856000060;50,964683086000001
172723;5220504705000808064;5;5;54;12;2022;5;10;4;3;5;3;0;0;1;1;0;0;0;0;352547,989999798010103;5746113,096999309957027;6,859340609000070;51,846328157000102
172725;5220426601100072629;5;3;15;0;2022;4;17;3;3;5;5;0;1;1;1;0;0;0;0;356640,083914485003334;5642706,822177399881184;6,960448235000060;50,918175755999997
172727;5220428505200079036;5;1;14;0;2022;4;6;5;3;5;3;0;0;1;0;0;0;0;0;336564,056999659980647;5691387,281998899765313;6,652988082000040;51,350224660000002
172728;5220423705000687336;5;5;54;12;2022;4;15;7;3;5;3;0;0;1;0;0;0;0;0;352161,160999794024974;5745196,100999300368130;6,854120938000050;51,837986757000103
172731;5220503404103884937;5;7;66;32;2022;5;18;3;3;5;3;0;0;1;1;0;0;0;0;496996,340999999025371;5749484,983999660238624;8,956348091000050;51,896116384000003
172732;5220506513130081475;5;1;62;22;2022;5;16;6;3;1;3;0;0;1;1;0;0;0;0;339614,838999686995521;5679389,043999009765685;6,702151243000060;51,243292245000099
172735;5220426316100881075;5;9;74;40;2022;4;13;3;3;5;3;0;0;1;1;0;0;0;0;437738,623102470010053;5713463,999021979980171;8,101664942000070;51,568808490000002
172736;5220428701300789552;5;5;62;14;2022;4;22;5;2;5;3;2;0;1;1;0;0;0;0;358823,856999834009912;5715885,228999420069158;6,962632550000020;51,576332504000000
172738;5220429600110278286;5;3;14;0;2022;4;9;6;3;3;6;0;0;1;1;0;0;0;0;366382,974390920018777;5621324,099136140197515;7,106764860000060;50,728329626000097
172740;5220427506100091456;5;1;16;0;2022;4;13;4;2;3;2;0;0;1;1;0;0;0;0;321787,991999484016560;5673228,273998189717531;6,450063542000070;51,182658609000001
172741;5220505706000805114;5;5;58;16;2022;5;14;5;3;5;3;0;0;1;1;0;0;0;0;381907,188999933016021;5743754,477999599650502;7,286141437000030;51,832113655999997
172744;5220509500300879068;5;1;11;0;2022;5;19;2;3;1;7;0;0;1;0;0;0;0;1;345357,907504406990483;5676329,504897019825876;6,785685814000030;51,217386807000103
172745;5220428516600986913;5;1;58;4;2022;4;16;5;3;5;3;0;0;1;1;0;0;0;0;353702,977999800001271;5676626,041999329812825;6,904969456000060;51,222250793999997
172746;5220507316200590113;5;9;74;52;2022;5;13;7;3;5;3;0;0;1;1;0;0;0;0;424724,427999994019046;5712067,064999650232494;7,914222619000040;51,554662699000097
172747;5220505600110644335;5;3;14;0;2022;5;7;5;3;4;7;0;0;1;1;0;0;0;1;364360,646999860007782;5621379,117999459616840;7,078107099000020;50,728355474000097
172748;5220502600110086274;5;3;14;0;2022;5;7;2;3;6;6;0;0;1;0;1;0;0;0;364480,364953774027526;5623299,577692910097539;7,079096203000060;50,745644218999999
172749;5220427314130590035;5;9;66;28;2022;4;18;4;3;8;1;0;0;1;0;0;0;0;0;421683,029999991995282;5647317,485999610275030;7,884543982000030;50,972126226999997
172753;5220508610111086779;5;3;70;16;2022;5;20;1;2;0;1;0;0;1;0;0;0;0;0;294851,494999033981003;5665490,396995220333338;6,069556920000030;51,104139533000101
172756;5220505404102890592;5;7;66;40;2022;5;7;5;3;0;1;0;0;1;0;0;0;0;0;485987,838563096011057;5759957,655634069815278;8,795936347000071;51,990107983000001
172757;5220501700000879621;5;5;13;0;2022;5;19;1;3;5;3;0;0;1;1;0;0;0;0;368425,090173368982505;5709509,096753899939358;7,103491628000030;51,521354878000103
172759;5220427608328225058;5;3;34;28;2022;4;6;4;2;5;3;0;0;1;1;0;0;0;0;308505,634498442988843;5606500,615079550072551;6,295187569000060;50,578981317999997
172760;5220429410270290761;5;7;70;16;2022;4;13;6;3;5;3;0;0;1;1;0;0;0;0;474334,235999999975320;5791212,236999680288136;8,623865385000039;52,270688077000003
172761;5220508405232274544;5;7;54;32;2022;5;15;1;3;5;3;0;0;1;0;0;0;0;0;460351,732000000018161;5740434,777999660000205;8,424849175000080;51,813346062999997
172763;5220509606700676578;5;3;78;32;2022;5;18;2;2;8;1;0;0;1;1;0;0;0;0;374093,612204941979144;5660005,549104469828308;7,202618083000060;51,077730636000098
172764;5220503503100408483;5;1;24;0;2022;5;14;3;2;6;4;0;0;1;0;1;0;0;0;370641,691999892005697;5680092,566999520175159;7,146141221000050;51,257495850000097
172765;5220506503400781576;5;1;22;0;2022;5;23;6;3;1;5;2;0;1;1;0;0;0;0;362590,781071045028511;5672052,353510620072484;7,033914484000040;51,183356193000101
172766;5220504601100390623;5;3;15;0;2022;5;9;4;3;0;1;0;0;1;0;0;0;0;0;355280,194999807979912;5644694,532999360002577;6,940325674000060;50,935699476000103
172768;5220425608408073751;5;3;34;8;2022;4;14;2;3;6;4;0;0;1;0;1;0;0;0;301590,933704159979243;5643521,517875419929624;6,177707202000020;50,909197405000000
172772;5220503301101985591;5;9;13;0;2022;5;7;3;3;5;6;0;0;1;1;0;0;0;0;393377,090962111018598;5707318,427856869995594;7,463654661000020;51,506926225000001
172773;5220427515212044821;5;1;54;32;2022;4;18;4;3;5;3;0;0;1;1;0;0;0;0;308584,632999312016182;5718315,782996900379658;6,237074428000030;51,583346219000099
172774;5220505608200177510;5;3;34;2;2022;5;20;5;3;0;1;1;0;1;0;0;0;0;0;295500,247073760023341;5629852,195606039837003;6,098817565000050;50,784305703000001
172775;5220503505200018188;5;1;14;0;2022;5;17;3;3;5;3;0;0;1;1;0;0;0;0;326858,605999551014975;5693896,235998460091650;6,512529280000020;51,369889946999997
172776;5220506502406189736;5;1;17;0;2022;5;18;6;3;0;7;0;0;1;0;0;0;0;0;353869,176518274005502;5698570,319733959622681;6,898351626000020;51,419484101000101
172778;5220430607000069545;5;3;82;60;2022;4;9;7;3;4;3;0;0;1;1;0;0;0;0;375184,627991774003021;5630093,034893330186605;7,228435523000030;50,809107548000000
172781;5220507505100576119;5;1;14;0;2022;5;16;7;3;8;1;0;0;1;0;0;0;0;0;332668,793999615998473;5685073,597998750396073;6,600066230000040;51,292368357999997
172791;5220506610211377582;5;3;70;4;2022;5;17;6;3;0;1;0;0;1;0;0;0;0;0;310660,924269958981313;5658944,915490020066500;6,298534567000050;51,050784919000101
172792;5220505501131091471;5;1;12;0;2022;5;20;5;3;5;3;0;0;1;1;0;0;0;0;342145,463999713014346;5712146,828999070450664;6,723812105000040;51,538321555000003
172794;5220426601200076459;5;3;15;0;2022;4;19;3;3;0;1;0;1;1;0;0;0;0;0;354858,063999805017374;5643811,590999360196292;6,934673601000040;50,927658606000101
172795;5220503606100932352;5;3;78;20;2022;5;15;3;2;0;3;0;0;1;1;0;0;0;0;367036,765136416011956;5654728,811933330260217;7,103873675000050;51,028714201000099
172798;5220509307000089391;5;9;62;28;2022;5;18;2;3;4;6;0;0;1;1;0;0;0;0;401687,036686436971650;5666351,040705449879169;7,594655433000070;51,140166264000101
172799;5220510411132744845;5;7;74;32;2022;5;7;3;3;4;2;0;0;1;1;0;0;0;0;482297,729563669010531;5730282,753147959709167;8,743716904000051;51,723192953000101
172802;5220501506100091249;5;1;16;0;2022;5;11;1;3;0;1;0;0;1;1;0;0;0;0;318573,679875953996088;5672857,593354240059853;6,404309017000060;51,178317845000002
172803;5220426405116006675;5;7;54;16;2022;4;7;3;3;5;3;0;0;1;1;0;0;0;0;447674,592271951027215;5756680,043836490251124;8,238501623000049;51,958353491000103
172805;5220429410110574622;5;7;70;24;2022;4;10;6;3;0;1;0;0;1;0;0;0;0;0;494870,387777966971043;5794997,453156629577279;8,924766497000061;52,305294213000103
172807;5220509706200479103;5;5;58;12;2022;5;16;2;3;0;3;0;0;1;1;0;0;0;0;374813,871730275976006;5756536,054024389944971;7,178613218000070;51,945431867000103
172809;5220506404302887444;5;7;66;8;2022;5;10;6;3;5;3;0;0;1;1;0;0;0;0;481872,344412770005874;5771526,624826130457222;8,735388174000040;52,094003168000000
172811;5220430705000079006;5;5;54;8;2022;4;9;7;3;5;3;0;0;1;1;0;0;0;0;334293,057899908977561;5747577,244556990452111;6,593858158000050;51,854362086000002
172814;5220428601100981248;5;3;15;0;2022;4;0;5;2;0;1;2;0;1;0;0;0;0;0;354909,824999806005508;5645307,542999349534512;6,934814058000030;50,941115383000103
172816;5220429601600378515;5;3;15;0;2022;4;10;6;3;0;5;0;0;1;0;0;0;0;0;359773,466549979988486;5644477,150225940160453;7,004316108000070;50,934855906000102
172817;5220502709110856195;5;5;66;12;2022;5;10;2;3;5;3;0;0;1;0;0;0;1;0;401491,169999972975347;5776720,516999670304358;7,560787572000040;52,132215185000099
172818;5220427508000505331;5;1;19;0;2022;4;8;4;3;0;3;0;0;1;1;0;0;0;0;352691,642999793984927;5703450,430999320000410;6,879398052000060;51,463030357999997
172821;5220508601500190456;5;3;15;0;2022;5;1;1;3;0;1;2;0;1;0;0;0;0;0;359424,496927494998090;5647591,022762529551983;6,998150724000030;50,962755598999998
172822;5220510411132078071;5;7;74;32;2022;5;15;3;2;2;6;0;0;1;1;0;0;0;0;481863,045000002020970;5729474,389999659731984;8,737465960000071;51,715910828000098
172823;5220506706100585357;5;5;58;16;2022;5;9;6;3;6;2;0;0;1;0;1;0;0;0;381623,473999931011349;5743250,291999599896371;7,282198368000020;51,827522393999999
172825;5220502601600374342;5;3;15;0;2022;5;15;2;3;6;6;0;0;1;0;1;0;0;0;360986,660462188010570;5644200,279149199835956;7,021676667000070;50,932661311000103
172827;5220503607000067694;5;3;82;44;2022;5;7;3;3;0;6;0;0;1;1;0;0;0;0;359527,542440875025932;5632639,029624179936945;7,005367813000020;50,828404304000102
172831;5220503316300080311;5;9;74;28;2022;5;16;3;3;6;1;0;0;1;0;1;0;0;0;454851,619405739998911;5725098,328824100084603;8,347058814000039;51,675042398000102
172833;5220520709700012163;5;5;66;28;2022;5;16;6;3;0;1;0;1;1;0;0;0;0;0;416151,257999988971278;5792730,541999679990113;7,770948798000060;52,278541593000099
172834;5220517505100278938;5;1;14;0;2022;5;11;3;3;5;2;0;0;1;1;0;0;0;0;331138,890059049008414;5689278,886816619895399;6,576153799000050;51,329696976999998
172836;5220514706200079103;5;5;58;8;2022;5;12;7;2;5;2;0;0;1;0;0;0;0;0;382363,672454528976232;5759403,520778659731150;7,287421874000070;51,972849502000003
172837;5220512503100095548;5;1;24;0;2022;5;16;5;2;0;1;0;0;1;0;0;0;0;0;368354,141047012002673;5680465,697842460125685;7,113239474000070;51,260325653000102
172840;5220510610112167467;5;3;70;12;2022;5;16;3;3;0;1;0;0;1;0;0;0;0;0;293907,736310417996719;5651925,582091880030930;6,063812253000040;50,981981110000000
172842;5220520518400695932;5;1;70;8;2022;5;16;6;3;0;1;0;1;1;0;0;0;0;0;344762,177066496980842;5713411,761256700381637;6,760954615000060;51,550412369000099
172843;5220516601600654009;5;3;15;0;2022;5;22;2;3;0;7;2;0;1;0;0;0;0;1;358202,307621127984021;5646220,551784230396152;6,981291695000040;50,950139704000001
172845;5220519410120096901;5;7;70;32;2022;5;15;5;2;4;6;0;0;1;0;0;0;0;0;494643,530000001017470;5787794,501999679952860;8,921553690000049;52,240533687999999
172850;5220525601500326491;5;3;15;0;2022;5;8;4;3;0;3;0;0;1;1;0;0;0;0;362490,596999850997236;5649830,355999450199306;7,040938734000060;50,983621079999999
172853;5220514300700885020;5;9;16;0;2022;5;18;7;2;5;2;0;0;1;1;0;0;0;0;373999,394825764989946;5709867,727823650464416;7,183666475000050;51,525849033999997
172854;5220523702100876118;5;5;15;0;2022;5;20;2;3;0;5;1;0;1;1;0;0;0;0;405650,078216959023848;5755895,737580230459571;7,627276281000040;51,945761474999998
172855;5220518608100073658;5;3;34;2;2022;5;19;4;3;0;2;0;0;1;1;0;0;0;0;294741,121089462016243;5629614,738748979754746;6,088195439000060;50,781904855000100
172856;5220511505100974034;5;1;14;0;2022;5;6;4;3;5;3;0;0;1;1;0;0;0;0;329311,258051813987549;5685515,098447349853814;6,551746698000040;51,295338303000101
172858;5220521607200581168;5;3;82;20;2022;5;4;7;3;7;1;1;0;1;0;0;0;0;0;376736,084369399992283;5626114,266140789724886;7,251779965000030;50,773676086000101
172859;5220517518320028099;5;1;70;52;2022;5;5;3;3;3;6;0;0;1;1;0;0;0;0;323665,997167008987162;5726364,118000909686089;6,450469246000070;51,660561867000098
172860;5220519601200081769;5;3;15;0;2022;5;9;5;3;1;5;0;0;1;1;0;0;0;0;354288,721544413012452;5643465,109497020021081;6,926716155000070;50,924401344000003
172861;5220525501314972020;5;1;12;0;2022;5;9;4;3;0;3;0;0;1;1;0;0;0;0;345854,726999743026681;5701047,027999180369079;6,782100756000030;51,439615059000097
172864;5220523602900486987;5;3;62;40;2022;5;15;2;3;5;3;0;1;1;1;0;0;0;0;356924,574999818985816;5632390,990999380126595;6,968528468000040;50,825537683000100
172865;5220520301301894457;5;9;78;24;2022;5;5;6;3;0;1;0;0;1;0;0;0;0;0;397546,550736059027258;5718401,901832919567823;7,520481527000070;51,607322995000096
172867;5220511406220090764;5;7;58;24;2022;5;19;4;2;8;1;0;0;1;0;0;0;0;0;483047,880465643014759;5783128,859158189967275;8,751968574000051;52,198352061999998
172869;5220520608100675516;5;3;34;2;2022;5;14;6;2;0;1;0;1;1;0;0;0;0;0;295075,275756444025319;5628983,486091990023851;6,093281017000040;50,776353581000102
172870;5220519609132094806;5;3;58;32;2022;5;18;5;2;0;7;0;1;1;0;0;0;0;0;313873,168359135976061;5632614,115098790265620;6,357759194000040;50,815305610000102
172874;5220513503200095622;5;1;24;0;2022;5;18;6;2;0;3;0;0;1;0;0;0;0;1;370634,100872904993594;5676532,591500209644437;7,147318649000060;51,225499139000100
172875;5220523405116490711;5;7;54;16;2022;5;14;2;3;5;2;0;0;1;1;0;0;0;0;447351,700905671983492;5757352,248351509682834;8,233699952000050;51,964366272000099
172877;5220525601200025231;5;3;15;0;2022;5;23;4;3;3;2;2;0;1;1;0;0;0;0;354661,275641762011219;5644239,068214910104871;6,931704877000070;50,931450687999998
172878;5220520506100596001;5;1;16;0;2022;5;8;6;3;1;5;0;0;1;1;0;0;0;0;322062,774431055993773;5671266,939007510431111;6,454961844000020;51,165124839000001
172879;5220516502231789478;5;1;13;0;2022;5;12;2;3;0;1;0;0;1;0;0;0;0;0;365440,701371937000658;5696236,288582270033658;7,065552193000030;51,401373767999999
172880;5220514601200693388;5;3;15;0;2022;5;10;7;2;0;1;0;0;1;1;0;0;0;0;355264,181598348019179;5642374,325693299993873;6,941018923000060;50,914844216000098
172885;5220522600360386617;5;3;82;12;2022;5;14;1;3;3;6;0;0;1;0;0;0;0;0;352774,936611649987753;5626680,395686410367489;6,911939893000070;50,773177214000000
172886;5220517601600593563;5;3;15;0;2022;5;17;3;3;0;1;0;0;1;0;0;0;0;0;363037,362246131990105;5641597,548732980154455;7,051819836000050;50,909760120999998
172887;5220520301301972535;5;9;78;24;2022;5;15;6;3;0;1;0;0;1;0;0;0;0;0;398388,162813590024598;5719951,200826900079846;7,532181625000020;51,621401532999997
172888;5220516317220394359;5;9;78;4;2022;5;7;2;3;2;2;0;0;1;1;0;0;0;0;404324,025057710998226;5718408,404627949930727;7,618320750000070;51,608573917000101
172890;5220524500200467276;5;1;11;0;2022;5;23;3;2;8;1;2;0;1;0;0;0;0;0;346485,013999746006448;5678411,986999199725688;6,800920004000030;51,236403146000001
172891;5220518502407475337;5;1;17;0;2022;5;14;4;3;5;3;0;0;1;1;0;0;0;0;352698,222999794990756;5696475,215999320149422;6,882393543000030;51,400355036000100
172892;5220511307000290161;5;9;62;32;2022;5;21;4;2;0;1;2;0;1;0;0;0;0;0;406893,879999978991691;5673551,427999620325863;7,667197993000060;51,205766819000097
172893;5220524602400085804;5;3;62;32;2022;5;20;3;2;0;1;1;0;1;0;0;0;0;0;338763,356727726990357;5642676,104657669551671;6,706339099000050;50,913182199000097
172898;5220518300300089949;5;9;11;0;2022;5;16;4;3;6;4;0;0;1;0;1;0;0;0;383080,204909765976481;5703483,539880529977381;7,316621318000050;51,470422175000103
172900;5220520500300001652;5;1;11;0;2022;5;11;6;2;0;1;0;0;1;0;0;0;0;0;344925,911791108024772;5674387,081741199828684;6,780344642000050;51,199816154000104
172901;5220515701400975421;5;5;12;0;2022;5;13;1;3;6;4;0;0;1;0;1;0;0;0;357977,661893878015690;5711660,041238619945943;6,952135666000060;51,538152894000099
172905;5220511301306689206;5;9;13;0;2022;5;13;4;3;0;1;0;0;1;0;0;0;0;0;399562,525157533003949;5713470,415905729867518;7,550994828000060;51,563358493000102
172906;5220521601500093490;5;3;15;0;2022;5;12;7;3;5;3;0;0;1;1;0;0;0;0;364892,010999862977769;5648490,638999469578266;7,075628160000060;50,972149008000002
172911;5220515518200395910;5;1;70;24;2022;5;19;1;3;5;3;0;0;1;1;0;0;0;0;334794,310999642009847;5703699,882998820394278;6,621863167000070;51,460331100000097
172915;5220510608100085699;5;3;34;2;2022;5;12;3;3;1;5;0;0;1;1;0;0;0;0;293868,308959893998690;5628695,817066529765725;6,076345938000030;50,773342341999999
172916;5220525702100850183;5;5;15;0;2022;5;17;4;3;5;7;0;0;1;0;0;0;0;1;405492,397025684011169;5757183,818468020297587;7,624628624000020;51,957312548000097
172917;5220521411132997002;5;7;74;32;2022;5;14;7;2;5;2;0;0;1;1;0;0;0;0;484856,174999999988358;5731500,439999650232494;8,780703288000041;51,734216490999998
172921;5220524705000396520;5;5;54;8;2022;5;12;3;3;0;1;0;0;1;0;0;0;0;0;336327,242999663983937;5745742,465998849831522;6,624236266000030;51,838479610000000
172922;5220511700000570110;5;5;13;0;2022;5;14;4;3;1;5;0;0;1;1;0;0;0;0;363631,677999861014541;5712702,637999470345676;7,033205920000060;51,548916288999997
172924;5220522607400950902;5;3;82;68;2022;5;0;1;3;0;1;2;0;1;0;0;0;0;0;369958,617860112979542;5630994,348282529972494;7,153981131000020;50,816059068000101
172925;5220514518300096062;5;1;70;20;2022;5;15;7;3;5;3;0;0;1;1;0;0;0;0;330665,058999601984397;5708142,200998639687896;6,560350203000040;51,499019050000101
172926;5220525601100081797;5;3;15;0;2022;5;11;4;3;6;3;0;0;1;0;1;0;0;0;355768,952603098994587;5645030,860204700380564;6,947143836000070;50,938844432000103
172927;5220520601100687082;5;3;15;0;2022;5;0;6;3;0;1;2;0;1;0;0;0;0;0;355198,784999807015993;5645061,033999360166490;6,939022189000070;50,938972702999997
172929;5220514514215995973;5;1;66;28;2022;5;19;7;3;0;7;0;0;1;0;0;0;0;0;324312,685359579976648;5688260,312037089839578;6,478771855000050;51,318479196000098
172930;5220523702100991803;5;5;15;0;2022;5;9;2;3;2;6;0;0;1;1;0;0;0;0;405568,931193079974037;5758684,144551060162485;7,625329526000030;51,970811118000000
172931;5220518706000889265;5;5;58;16;2022;5;18;4;3;2;1;0;0;1;0;0;0;0;0;387752,415802238974720;5747172,417956289835274;7,369824448000030;51,864037797999998
172934;5220522405108696857;5;7;54;8;2022;5;19;1;3;5;2;0;0;1;1;0;0;0;0;456122,829412769002374;5753801,427133169956505;8,361808287000031;51,933204216000000
172935;5220519705000496574;5;5;54;8;2022;5;18;5;3;2;6;0;1;1;1;0;0;0;0;334916,711927976983134;5746486,218464319594204;6,603426249000050;51,844745846000102
172936;5220517516700591129;5;1;58;8;2022;5;17;3;3;8;1;0;0;1;0;0;0;0;0;361000,776240866980515;5676916,016035519540310;7,009294906000040;51,226680338999998
172939;5220515518120595906;5;1;70;44;2022;5;14;1;3;5;3;0;0;1;1;0;0;0;0;339273,653999687987380;5719259,038998980075121;6,679185084000040;51,601409076000003
172941;5220523601200893561;5;3;15;0;2022;5;11;2;2;1;5;0;0;1;1;0;0;0;0;356092,344622271019034;5640300,409641370177269;6,953609745000050;50,896413232000000
172942;5220511310140089969;5;9;54;16;2022;5;13;4;3;0;1;0;0;1;0;0;0;0;0;369901,372608745004982;5695154,817571760155261;7,130038703000030;51,392695135000103
172943;5220521601300793341;5;3;15;0;2022;5;14;7;3;0;1;0;0;1;0;0;0;0;0;347718,570894611999393;5647740,690604790113866;6,831513973000030;50,961125645000003
172944;5220517405228974526;5;7;54;32;2022;5;13;3;3;5;7;0;0;1;0;0;0;0;0;461754,354364480008371;5741864,876560299657285;8,445037079000031;51,826301555000001
172949;5220510601700687562;5;3;16;0;2022;5;17;3;2;5;3;0;0;1;1;0;0;0;0;359142,146999832009897;5656342,451999410055578;6,990736940000030;51,041335486999998
172951;5220520705000080974;5;5;54;48;2022;5;14;6;2;5;3;0;1;1;1;0;0;0;0;342403,415999719989486;5744366,524999059736729;6,712983171000080;51,827865759000098
172952;5220516405228096892;5;7;54;28;2022;5;3;2;3;0;1;2;0;1;0;0;0;0;0;452626,833999999973457;5744716,480999659746885;8,312211083000021;51,851239620999998
172953;5220524600370095304;5;3;82;4;2022;5;13;3;3;0;7;0;0;1;0;0;0;0;0;359383,587752313003875;5622181,286193850450218;7,007325185000070;50,734381597999999
172956;5220518301302510055;5;9;13;0;2022;5;12;4;3;1;5;0;0;1;1;0;0;0;0;396212,163722647004761;5707637,831902359612286;7,504396453000030;51,510325072999997
172959;5220512505100118006;5;1;14;0;2022;5;14;5;3;1;5;0;0;1;1;0;0;0;0;330075,562094950000755;5689010,975287339650095;6,561033264000060;51,326973400000000
172960;5220513601000093422;5;3;15;0;2022;5;14;6;3;5;3;0;0;1;1;0;0;0;0;356102,681810155976564;5646604,684783579781651;6,951268751000040;50,953071504999997
172961;5220523601200874394;5;3;15;0;2022;5;14;2;3;1;5;0;0;1;1;0;0;0;0;353876,440258928982075;5643208,492121369577944;6,920956873000020;50,921990929000103
172962;5220525400100790797;5;7;11;0;2022;5;20;4;3;0;7;0;0;1;0;1;0;0;0;469021,440999999991618;5767733,606999670155346;8,548151247000019;52,059331559999997
172963;5220510601700845445;5;3;16;0;2022;5;15;3;3;5;3;0;0;1;1;0;0;0;0;358330,025298853986897;5655367,674008180387318;6,979541302000030;51,032375629999997