OBJECTID;UIDENTSTLAE;ULAND;UREGBEZ;UKREIS;UGEMEINDE;UJAHR;UMONAT;USTUNDE;UWOCHENTAG;UKATEGORIE;UART;UTYP1;ULICHTVERH;IstStrassenzustand;IstRad;IstPKW;IstFuss;IstKrad;IstGkfz;IstSonstige;LINREFX;LINREFY;XGCSWGS84;YGCSWGS84
172966;5220516501314441233;5;1;12;0;2022;5;7;2;3;0;5;0;0;1;1;0;0;0;0;346611,492884936975315;5700701,915343640372157;6,793130188000020;51,436719586999999
172968;5220511608324580746;5;3;34;24;2022;5;18;4;3;8;1;0;0;1;0;0;0;0;0;302198,552999143023044;5617995,548996560275555;6,200082060000060;50,680131182000103
172970;5220523501215369330;5;1;12;0;2022;5;18;2;2;0;3;0;0;1;0;0;0;0;0;337221,117065702972468;5697027,824271669611335;6,659831488000070;51,401090247000099
172972;5220520601200493567;5;3;15;0;2022;5;16;6;3;1;5;0;1;1;1;0;0;0;0;352744,480358555971179;5643090,794487389735878;6,904910358000050;50,920645446000002
172974;5220514600380778309;5;3;14;0;2022;5;23;7;2;0;1;2;0;1;0;0;0;0;0;369833,694321509974543;5616434,893687870353460;7,157355029000030;50,685167444999998
172975;5220524404301034691;5;7;66;44;2022;5;7;3;3;0;6;0;1;1;0;1;0;0;0;493860,516999999992549;5763272,799999670125544;8,910529056000030;52,020057076999997
172976;5220518702100068281;5;5;15;0;2022;5;14;4;2;5;3;0;0;1;1;0;0;0;0;407713,118999980972148;5751437,567999660037458;7,658478460000030;51,906034837999997
172977;5220511502100195120;5;1;13;0;2022;5;16;4;3;1;5;0;0;1;1;0;0;0;0;366605,394999873999041;5702417,585999500006437;7,079958179000070;51,457198880000099
172978;5220512701110595214;5;5;62;32;2022;5;8;5;3;5;3;0;0;1;1;0;0;0;0;375529,277864615025464;5719712,948407010175288;7,202220697000030;51,614669256000099
172979;5220522313110094303;5;9;58;4;2022;5;21;1;3;0;1;2;0;1;0;0;0;0;0;429926,712478926987387;5698125,182124409824610;7,992015840000020;51,429990641000103
172982;5220520500300171736;5;1;11;0;2022;5;19;6;3;0;1;0;0;1;0;0;0;0;0;354080,735999801021535;5666543,978999339975417;6,914468489000060;51,131747516000097
172988;5220516602400394757;5;3;62;32;2022;5;19;2;3;5;2;0;0;1;1;0;0;0;0;339583,487999679986387;5641873,097999029792845;6,718348862000030;50,906195303000104
172991;5220513600310090884;5;3;14;0;2022;5;16;6;3;5;7;0;0;1;1;0;0;0;0;361737,610023649991490;5620083,397626549936831;7,041449558000070;50,716091622000100
172994;5220526500300071912;5;1;11;0;2022;5;20;5;3;2;6;0;0;1;1;0;0;0;0;347451,488999753026292;5673763,029999219812453;6,816731332000070;51,194888563000099
172997;5220524601500793547;5;3;15;0;2022;5;14;3;3;3;6;0;0;1;1;0;0;0;0;362805,233721645025071;5648546,925149169750512;7,045902860000070;50,972161569000001
172999;5220511607200579301;5;3;82;20;2022;5;7;4;3;5;3;0;0;1;1;0;0;0;0;378597,283981544023845;5626219,490953830070794;7,278129317000040;50,775014499000100
173001;5220522601100587224;5;3;15;0;2022;5;0;1;3;0;4;2;0;1;0;1;0;0;0;355129,669864386029076;5643981,729891760274768;6,938468183000050;50,929255879999999
173003;5220525601400093600;5;3;15;0;2022;5;19;4;3;0;3;0;0;1;1;0;0;0;0;356061,759999812988099;5649845,774999369867146;6,949403981000050;50,982188280999999
173006;5220514601700496295;5;3;16;0;2022;5;18;7;2;1;3;0;0;1;1;0;0;0;0;358873,924321204016451;5655508,098466619849205;6,987238423000060;51,033771424000101
173007;5220523706200103118;5;5;58;20;2022;5;10;2;3;0;7;0;0;1;0;0;0;0;1;390989,964999954972882;5759443,446999640204012;7,412938712000030;51,974967322000097
173008;5220518608436569699;5;3;34;36;2022;5;11;4;3;0;1;0;0;1;0;0;0;0;0;300046,722140129015315;5633735,926950089633465;6,161117133000060;50,820773990000099
173009;5220511516500162162;5;1;58;16;2022;5;7;4;3;0;7;0;0;1;0;1;0;0;0;354943,017605279979762;5670302,844139420427382;6,925269253000070;51,165745133000001
173010;5220512513210190231;5;1;62;24;2022;5;15;5;2;0;1;0;0;1;0;0;0;0;0;338949,641628413985018;5674500,953106960281730;6,694824969000020;51,199185992000103
173013;5220518702100874735;5;5;15;0;2022;5;17;4;3;7;6;0;0;1;1;0;0;0;0;405826,785547901992686;5757242,300829459913075;7,629477450000020;51,957894945000099
173014;5220512410110089288;5;7;70;24;2022;5;18;5;2;0;3;0;0;1;0;0;0;0;1;492747,011906614003237;5794870,619378459639847;8,893626769000040;52,304129977000102
173016;5220522601700887648;5;3;16;0;2022;5;17;1;3;3;6;0;0;1;0;0;0;0;0;358923,339999831980094;5655668,971999409608543;6,987880098000060;51,035229311000101
173017;5220519709110664414;5;5;66;8;2022;5;7;5;3;2;6;0;0;1;0;0;0;0;0;399343,999999970023055;5780267,358999669551849;7,528377751000050;52,163706435999998
173019;5220520601200060193;5;3;15;0;2022;5;16;6;3;0;3;0;0;1;1;0;0;0;0;355044,945835168007761;5641178,211272169835865;6,938377361000050;50,904039937000100
173021;5220514518100995917;5;1;70;48;2022;5;12;7;3;6;4;0;0;1;0;1;0;0;0;335169,972884376998991;5725489,140174379572272;6,617051969000040;51,656192853000100
173022;5220523709800074768;5;5;66;40;2022;5;15;2;3;2;5;0;0;1;1;0;0;0;0;421435,124999993015081;5782761,054999680258334;7,850699044000070;52,189708619000001
173023;5220518505200179042;5;1;14;0;2022;5;7;4;3;0;1;0;0;1;0;0;0;0;0;330939,813801562995650;5692412,573011239990592;6,571810894000070;51,357790533000099
173024;5220511600140781295;5;3;14;0;2022;5;20;4;2;0;1;0;0;1;0;0;0;0;0;370329,538479135022499;5621114,487908270210028;7,162726758000080;50,727339907999998
173025;5220512601700986146;5;3;16;0;2022;5;8;5;3;0;6;0;0;1;0;0;0;0;0;360029,354999838978983;5656947,991999420337379;7,003150203000080;51,046994283000103
173026;5220521516300974125;5;1;58;28;2022;5;12;7;3;0;7;0;0;1;0;0;0;0;1;351267,237999783013947;5684747,740999289788306;6,866737767000070;51,294601954000001
173027;5220519705000296519;5;5;54;12;2022;5;12;5;3;0;1;0;0;1;0;0;0;0;0;352134,901095124019776;5745521,999540760181844;6,853600767000050;51,840907968000103
173028;5220517600110586337;5;3;14;0;2022;5;10;3;3;4;6;0;1;1;0;0;0;0;0;366309,441305459011346;5621032,827772010117769;7,105829168000070;50,725694761000099
173030;5220520406110396799;5;7;58;12;2022;5;10;6;3;0;1;0;0;1;0;0;0;0;1;476752,800622903974727;5775723,735788050107658;8,660372157000040;52,131546420000099
173031;5220515316200641387;5;9;74;52;2022;5;16;1;3;5;3;0;0;1;1;0;0;0;0;424770,824999994016252;5712378,536999650299549;7,914825082000050;51,557469030000000
173033;5220523701120055844;5;5;62;32;2022;5;8;2;3;5;7;0;0;1;1;0;0;0;0;378208,204999918991234;5717261,048999579623342;7,241745212000070;51,593219208999997
173036;5220517505100089086;5;1;14;0;2022;5;17;3;3;5;2;0;0;1;1;0;0;0;0;329225,535999579005875;5688609,046998590230942;6,549037180000030;51,323107993000100
173038;5220514706000308303;5;5;58;24;2022;5;8;7;3;8;1;0;0;1;0;0;0;0;0;389613,054999950982165;5735987,219999630004168;7,400399169000020;51,763879501000098
173039;5220512500300501652;5;1;11;0;2022;5;13;5;3;8;1;0;0;1;0;0;0;0;0;343973,449999724980444;5676601,328999140299857;6,765759631000040;51,219452599000100
173042;5220510709700355965;5;5;66;28;2022;5;7;3;3;5;3;0;0;1;1;0;0;0;0;411276,491999985009898;5792520,897999679669738;7,699569263000060;52,275892087000003
173043;5220525709500179230;5;5;66;76;2022;5;18;4;3;7;1;0;0;1;0;0;0;0;0;394433,500399129989091;5791806,900831930339336;7,453012829000040;52,266499136999997
173046;5220524608100089831;5;3;34;2;2022;5;10;3;3;6;2;0;0;1;0;1;0;0;0;294946,668999004992656;5629114,715995470061898;6,091386159000020;50,777486741000097
173049;5220513513130081521;5;1;62;22;2022;5;14;6;2;5;3;0;0;1;1;0;0;0;0;338115,690999671991449;5681772,423998960293829;6,679613455000040;51,264282825000102
173051;5220517608436577501;5;3;34;36;2022;5;15;3;3;0;1;0;0;1;0;0;0;0;0;297986,738296317984350;5634625,754418989643455;6,131418887000050;50,828051098000103
173055;5220514513130582160;5;1;62;22;2022;5;11;7;3;0;1;0;0;1;0;0;0;0;0;338947,151999679976143;5679450,255998989567161;6,692566018000040;51,243654114999998
173056;5220524404101364089;5;7;66;20;2022;5;7;3;3;5;3;0;0;1;1;0;0;0;0;490793,819460724014789;5755707,658104149624705;8,866041133000071;51,951996809999997
173058;5220511505100078882;5;1;14;0;2022;5;16;4;3;5;7;0;0;1;1;0;0;0;0;330418,964963357022498;5689354,935129689984024;6,565793731000040;51,330165978000103
173061;5220517600130271665;5;3;82;8;2022;5;14;3;3;0;1;0;0;1;0;0;0;0;0;373931,775999901990872;5611668,583999520167708;7,216961064000030;50,643227136000100
173062;5220518516600556340;5;1;58;4;2022;5;10;4;3;1;5;0;0;1;1;0;0;0;0;356275,184659352991730;5674409,777751130051911;6,942666831000050;51,202988025000103
173063;5220519601100876563;5;3;15;0;2022;5;20;5;3;3;6;0;0;1;0;0;0;0;0;356540,048022930976003;5643322,200633759610355;6,958783951000040;50,923681246999998
173064;5220525500300701189;5;1;11;0;2022;5;14;4;2;0;3;0;0;1;0;0;0;0;0;353024,796999795013107;5674617,124999330379069;6,896087854000030;51,204024265000001
173069;5220511301205647009;5;9;13;0;2022;5;17;4;3;6;4;0;0;1;0;1;0;0;0;387929,210446911980398;5714461,566948260180652;7,382913846000060;51,570075217000102
173072;5220516705000496570;5;5;54;8;2022;5;8;2;3;5;3;0;0;1;1;0;0;0;0;337056,591039948980324;5747066,399174699559808;6,634189485000040;51,850586464000102
173075;5220513500300095433;5;1;11;0;2022;5;18;6;3;0;3;0;0;1;0;0;0;0;0;344778,720124973973725;5675205,467741159722209;6,777885542000040;51,207129723999998
173078;5220515502111581312;5;1;13;0;2022;5;19;1;3;0;3;0;0;1;1;0;0;0;0;361511,170999847992789;5700984,437999440357089;7,007241223000050;51,443096830999998
173080;5220523603116295305;5;3;66;16;2022;5;14;2;2;0;3;0;1;1;1;0;0;0;0;344617,892136861977633;5613642,340250110253692;6,801828334000050;50,653885598000002
173081;5220525410110672272;5;7;70;24;2022;5;10;4;3;5;2;0;0;1;0;0;1;0;0;493714,620000000984874;5792784,692999689839780;8,907856734000060;52,285388394000101
173082;5220511316100176668;5;9;74;40;2022;5;16;4;3;1;5;0;0;1;1;0;0;0;0;437840,361153335019480;5714341,691139110364020;8,102977359000020;51,576710618000000
173088;5220523316200755697;5;9;74;52;2022;5;11;2;3;4;6;0;0;1;0;0;0;0;0;423822,098862754006404;5714794,486898910254240;7,900618695000050;51,579061004000003
173090;5220525709500176632;5;5;66;76;2022;5;15;4;3;0;2;0;1;1;0;0;0;0;0;394847,730999962019268;5788124,300999660044909;7,460227185000060;52,233481779999998
173091;5220520513210272148;5;1;62;24;2022;5;10;6;3;2;6;0;0;1;1;0;0;0;0;338201,048870572994929;5674149,828174529597163;6,684277685000040;51,195819694000100
173092;5220516513210095640;5;1;62;24;2022;5;15;2;3;5;3;0;0;1;1;0;0;0;0;338626,684437272022478;5675196,003355829976499;6,689893873000070;51,205339807000001
173094;5220519602800894902;5;3;62;12;2022;5;13;5;3;1;5;0;0;1;1;0;0;0;0;351855,377999783027917;5631437,072999309748411;6,896989100000040;50,815690206000099
173096;5220519300300293807;5;9;11;0;2022;5;11;5;3;0;1;0;0;1;0;0;0;0;0;381247,377062411978841;5704663,545839619822800;7,289848662000050;51,480646088000100
173099;5220522601100586245;5;3;15;0;2022;5;17;1;3;0;4;0;0;1;0;1;0;0;0;357283,266596672008745;5642774,403825620189309;6,969566064000050;50,918942540000003
173100;5220517711114976726;5;5;70;52;2022;5;18;3;3;2;6;0;0;1;1;0;0;0;0;428662,314095530018676;5753254,274489260278642;7,962566745000060;51,925443121000100
173101;5220525513130567197;5;1;62;22;2022;5;12;4;3;0;3;0;0;1;1;0;0;0;0;339252,575475075980648;5679496,197793699800968;6,696917456000050;51,244153041000096
173102;5220520406110090708;5;7;58;12;2022;5;13;6;3;0;3;0;0;1;0;0;0;0;1;478281,298292179999407;5774044,265379999764264;8,682809438000049;52,116509114000102
173105;5220523711221281052;5;5;70;16;2022;5;15;2;3;0;1;0;0;1;0;0;0;0;0;410221,415811120998114;5740246,768752920441329;7,697837120000030;51,805852308000098
173108;5220521702100476642;5;5;15;0;2022;5;13;7;3;5;2;0;0;1;0;0;0;0;1;411857,509999984991737;5752521,181999660097063;7,718429162000060;51,916446436999998
173109;5220517513110095742;5;1;62;16;2022;5;15;3;2;0;5;0;0;1;1;0;0;0;0;332167,659838228020817;5674865,781759330071509;6,597670943000030;51,200511904000102
173111;5220519516800886394;5;1;58;20;2022;5;10;5;3;0;7;0;0;1;0;0;0;0;0;356307,036999816016760;5663339,657999370247126;6,947542287000030;51,103514674000103
173115;5220525307000156226;5;9;62;52;2022;5;14;4;2;0;1;0;0;1;0;0;0;0;0;422144,837296297017019;5673797,183707449585199;7,885411497000060;51,210258926999998
173116;5220510608332333122;5;3;34;32;2022;5;13;3;3;3;6;0;0;1;1;0;0;0;0;307929,827474953024648;5625804,941725069656968;6,277045813000030;50,752200928000001
173117;5220526300700194247;5;9;16;0;2022;5;22;5;3;0;1;2;0;1;0;0;0;0;0;372505,019999901007395;5710986,361999539658427;7,161731524000060;51,535566852000002
173118;5220521500300170340;5;1;11;0;2022;5;17;7;3;5;2;0;0;1;1;0;0;0;0;345508,135999738005921;5675629,640999170020223;6,788136680000040;51,211138874000000
173124;5220522702100365384;5;5;15;0;2022;5;11;1;3;5;3;0;0;1;1;0;0;0;0;411017,279999982973095;5759940,345999659970403;7,704294964000040;51,983001731999998
173128;5220514601200693504;5;3;15;0;2022;5;8;7;2;5;3;0;0;1;1;0;0;0;0;353091,590998188010417;5644511,088828329928219;6,909273086000040;50,933497574000100
173129;5220523709700142796;5;5;66;28;2022;5;18;2;3;0;3;0;0;1;1;0;0;0;0;408309,394684791972395;5794744,329751529730856;7,655488049000040;52,295389536000101
173130;5220519301102685416;5;9;13;0;2022;5;11;5;2;1;6;0;0;1;1;0;0;0;0;396251,030190207005944;5705651,679920850321651;7,505540489000050;51,492479361000100
173131;5220511505100091543;5;1;14;0;2022;5;9;4;2;5;2;0;0;1;1;0;0;0;0;329295,926999580988195;5688162,318998600356281;6,550260365000040;51,319115816000100
173132;5220512518110095953;5;1;70;12;2022;5;20;5;3;0;3;1;0;1;1;0;0;0;0;335587,141999655985273;5738762,080998820252717;6,616814574000050;51,775554221000000
173133;5220522313110573332;5;9;58;4;2022;5;20;1;2;0;1;0;0;1;0;0;0;0;0;432815,865536815021187;5697307,701434579677880;8,033724025000030;51,422990982000002
173134;5220517601200672647;5;3;15;0;2022;5;19;3;3;0;1;0;0;1;0;0;0;0;0;353763,599295398977119;5643147,151451990008354;6,919377102000060;50,921411092000000
173135;5220523500200465753;5;1;11;0;2022;5;18;2;3;5;3;0;0;1;1;0;0;0;0;345231,161816952982917;5678840,508611479774117;6,782787946000040;51,239914865999999
173140;5220514600360890924;5;3;82;12;2022;5;12;7;3;1;5;0;0;1;1;0;0;0;0;352827,811435759998858;5629624,667639539577067;6,911510255000050;50,799650376000002
173143;5220511505100091492;5;1;14;0;2022;5;8;4;3;0;1;0;0;1;0;0;0;0;0;334034,088886411977001;5690297,884263600222766;6,617198010000040;51,339704113000003
173144;5220512709110947851;5;5;66;8;2022;5;7;5;3;0;3;0;0;1;1;0;0;0;0;399073,911009232979268;5782326,789442350156605;7,523817730000080;52,182166677000097
173146;5220517513210195568;5;1;62;24;2022;5;14;3;3;4;6;0;0;1;0;0;0;0;0;338811,469999678025488;5672785,018998989835382;6,693619147000050;51,183729516000000
173147;5220520310120989435;5;9;54;32;2022;5;17;6;3;9;1;0;1;1;0;0;0;0;0;386804,713991242984775;5692799,203915759921074;7,373635177000040;51,375146465999997
173150;5220524315110093716;5;9;70;40;2022;5;11;3;3;0;1;0;0;1;1;0;0;0;0;430697,736404329014476;5640187,411920860409737;8,014273883000040;50,909173307000103
173151;5220518516800295658;5;1;58;20;2022;5;12;4;3;5;3;0;0;1;0;0;0;0;1;355979,798999811988324;5665782,153999369591475;6,941896132000070;51,125382096000102
173152;5220511300700363459;5;9;16;0;2022;5;15;4;3;1;5;0;0;1;1;0;0;0;0;371778,096870150999166;5710970,920214179903269;7,151261963000020;51,535263436999998
173154;5220516702100457476;5;5;15;0;2022;5;17;2;3;0;1;0;1;1;0;0;0;0;0;404750,305557955987751;5757277,592689270153642;7,613806353000030;51,958028807000098
173160;5220523607200167670;5;3;82;20;2022;5;20;2;3;4;6;1;1;1;1;0;0;0;0;378159,862999919976573;5625013,830999550409615;7,272327660000030;50,764085377000100
173161;5220525316300094300;5;9;74;28;2022;5;15;4;3;1;2;0;0;1;1;0;0;0;0;455342,700999999011401;5726562,879999649710953;8,353973040000030;51,688249257000102
173162;5220510607100036241;5;3;82;60;2022;5;18;3;3;1;5;0;0;1;1;0;0;0;0;373501,070928568020463;5629445,194475919939578;7,204775674000080;50,802919310999997
173163;5220525700000875452;5;5;13;0;2022;5;6;4;3;5;3;0;0;1;1;0;0;0;0;368475,029999881982803;5711385,773999519646168;7,103510180000060;51,538231745000097
173165;5220516410110040738;5;7;70;24;2022;5;5;2;3;3;2;0;0;1;1;0;0;0;0;492728,956000000005588;5794513,101999689824879;8,893369681000021;52,300915486000100
173167;5220515301201080638;5;9;13;0;2022;5;16;1;3;0;7;0;0;1;0;0;0;0;0;391097,075373627012596;5711147,975500489585102;7,429630882000030;51,540912594000098
173170;5220522502209377752;5;1;13;0;2022;5;13;1;3;5;3;0;0;1;1;0;0;0;0;360446,883999841986224;5701073,419999429956079;6,991901855000040;51,443635223999998
173171;5220525602900415445;5;3;62;40;2022;5;18;4;3;1;5;0;0;1;1;0;0;0;0;357401,602999821014237;5631673,033999389968812;6,975576219000060;50,819202982000000
173172;5220520601200587055;5;3;15;0;2022;5;18;6;3;0;1;0;1;1;0;0;0;0;0;354879,875631392002106;5643828,088708720169961;6,934977191000030;50,927812354000103
173176;5220518515111558072;5;1;54;44;2022;5;14;4;3;5;2;0;0;1;1;0;0;0;0;324928,401647042017430;5738512,071107789874077;6,462599244000050;51,770076602000103
173177;5220511503400008510;5;1;22;0;2022;5;16;4;3;0;5;0;0;1;1;0;0;0;0;360534,359429315023590;5669595,843897559680045;7,005462623000030;51,160782084000097
173180;5220517601600093473;5;3;15;0;2022;5;17;3;3;5;3;0;0;1;1;0;0;0;0;358604,735999830008950;5641930,281999399885535;6,988681348000060;50,911681666000000
173182;5220520310130486086;5;9;54;20;2022;5;14;6;3;5;3;0;0;1;1;0;0;0;0;391393,761999954993371;5698180,137999610044062;7,437895687000040;51,424409640000100
173184;5220514502101098120;5;1;13;0;2022;5;17;7;3;3;6;0;0;1;0;0;0;0;1;362008,459999848972075;5703138,943999449722469;7,013551820000030;51,462579443999999
173187;5220521310110085319;5;9;54;16;2022;5;12;7;3;0;1;0;0;1;0;0;0;0;0;372871,681999901018571;5696971,109999540261924;7,172057782000020;51,409691991999999
173188;5220517405108181985;5;7;54;8;2022;5;13;3;3;5;3;0;0;1;1;0;0;0;0;457218,902539859001990;5750933,846112060360610;8,378105945000071;51,907508424000099
173189;5220518500300245578;5;1;11;0;2022;5;15;4;3;0;1;0;0;1;0;0;0;0;0;344638,401231370982714;5675175,244003159925342;6,775891476000030;51,206820003000097
173190;5220512411133096939;5;7;74;4;2022;5;13;5;2;0;1;0;0;1;0;0;0;0;0;492994,806049229984637;5729809,926259660162032;8,898591957000059;51,719177281000000
173191;5220513600110204884;5;3;14;0;2022;5;14;6;3;3;6;0;0;1;0;0;0;0;1;366644,746937619987875;5620619,704156669788063;7,110726501000040;50,722058651000097
173192;5220522608408571776;5;3;34;8;2022;5;13;1;3;2;7;0;0;1;1;0;0;0;0;301628,819228306005243;5643697,047217910178006;6,178150012000060;50,910786980000097
173193;5220520310120889435;5;9;54;32;2022;5;15;6;3;2;3;0;1;1;1;0;0;0;0;386852,814999944996089;5691652,486999600194395;7,374691029000080;51,364849012000001
173194;5220515411132582014;5;7;74;32;2022;5;11;1;3;4;2;0;0;1;1;0;0;0;0;482029,514000000024680;5731693,008999650366604;8,739761074000061;51,735864428000099
173197;5220511500200595782;5;1;11;0;2022;5;19;4;3;5;3;0;0;1;1;0;0;0;0;346340,313779109972529;5676986,895868459716439;6,799459942000060;51,223559034000097
173200;5220518303100594318;5;9;15;0;2022;5;12;4;3;1;5;0;0;1;1;0;0;0;0;419041,780290506023448;5724832,175347859971225;7,829325136000020;51,668630051999997
173201;5220514705000287307;5;5;54;52;2022;5;20;7;3;3;6;0;0;1;0;0;0;0;0;378901,098523453983944;5773184,958751919679344;7,232158914000020;52,095954581000100
173203;5220513516600695457;5;1;58;4;2022;5;7;6;3;1;5;0;0;1;1;0;0;0;0;354564,559999803022947;5675911,547999350354075;6,917588698000030;51,216050344999999
173207;5220520603220095360;5;3;66;20;2022;5;21;6;2;0;1;1;0;1;0;0;0;0;0;318484,329999412992038;5596263,226998119615018;6,440964194000060;50,490192761000102
173208;5220516502321275415;5;1;13;0;2022;5;15;2;3;0;1;0;1;1;0;0;0;0;0;357660,774999826971907;5704831,643999399617314;6,950325661000020;51,476713443000101
173210;5220518705000396574;5;5;54;48;2022;5;17;4;3;1;7;0;0;1;1;0;0;0;0;341416,396766830992419;5745491,325328730046749;6,698156735000050;51,837691634000102
173211;5220512405244572203;5;7;54;44;2022;5;15;5;3;5;3;0;0;1;1;0;0;0;0;465497,922000001010019;5748166,754999659955502;8,498726534000070;51,883204472000003
173212;5220513515110022284;5;1;54;36;2022;5;13;6;3;0;1;0;0;1;1;0;0;0;0;302371,164387289027218;5741608,245518580079079;6,134319165000020;51,790373874000103
173217;5220515709110096672;5;5;66;8;2022;5;17;1;3;5;3;0;0;1;1;0;0;0;0;398484,638015510980040;5781612,188769839704037;7,515415830000050;52,175635956000100
173218;5220514601100493385;5;3;15;0;2022;5;16;7;3;0;5;0;0;1;1;0;0;0;0;355922,080986611021217;5645305,357096930034459;6,949213278000060;50,941349569000103
173221;5220511518400144466;5;1;70;8;2022;5;13;4;3;5;3;0;0;1;1;0;0;0;0;343152,389999723003712;5716120,586999090388417;6,736546940000040;51,574304949000101
173222;5220512600310095341;5;3;14;0;2022;5;18;5;3;5;3;0;0;1;1;0;0;0;0;362870,447112759982701;5618223,381397459656000;7,058177775000050;50,699642594000103
173223;5220521505200096045;5;1;14;0;2022;5;16;7;3;5;3;0;0;1;1;0;0;0;0;330752,999004620010965;5690244,072462010197341;6,570161440000050;51,338253395999999
173224;5220517601500690297;5;3;15;0;2022;5;17;3;2;1;3;0;0;1;1;0;0;0;0;362343,632999849971384;5647990,027999450452626;7,039543065000030;50,967046439000100
173225;5220519601600993509;5;3;15;0;2022;5;12;5;3;5;3;0;0;1;1;0;0;0;0;360311,613999766006600;5645263,731999970041215;7,011668433000070;50,942055654000100
173227;5220515518100544082;5;1;70;48;2022;5;3;1;3;3;6;2;0;1;1;0;0;0;0;335948,679035781009588;5728091,110256269574165;6,627077662000030;51,679796103000101
173228;5220514500100969384;5;1;11;0;2022;5;17;7;3;0;1;0;0;1;0;0;0;0;0;346217,713768214976881;5676998,233882790431380;6,797700730000030;51,223627898000103
173229;5220523605152081704;5;3;74;52;2022;5;12;2;3;3;6;0;0;1;0;0;0;0;0;390222,166312535002362;5664455,178706799633801;7,431409644000040;51,121040929999999
173233;5220516602600814857;5;3;62;20;2022;5;12;2;3;0;1;0;1;1;0;0;0;0;0;346320,469999739027116;5630467,101999199949205;6,818883270000070;50,805531608000102
173236;5220512500200746012;5;1;11;0;2022;5;7;5;3;5;3;0;0;1;1;0;0;0;0;345532,771995353978127;5678490,827938820235431;6,787256153000040;51,236854578000099
173237;5220514300100607540;5;9;11;0;2022;5;5;7;3;0;7;0;0;1;0;1;0;0;0;377526,123999917006586;5704944,864999569952488;7,236188391000040;51,482380929999998
173238;5220522702100174700;5;5;15;0;2022;5;1;1;3;5;2;2;0;1;1;0;0;0;0;404464,114999976998661;5757665,046999660320580;7,609534910000040;51,961462293000103
173240;5220525702100960729;5;5;15;0;2022;5;7;4;3;1;7;0;0;1;1;0;0;0;0;404893,504587973002344;5758772,919077550061047;7,615475569000070;51,971493889000001
173241;5220520513320795747;5;1;62;4;2022;5;10;6;3;0;1;0;0;1;0;0;0;0;0;348769,583083935023751;5665511,949812799692154;6,839049368000080;51,121096001000097
173242;5220516500200371802;5;1;11;0;2022;5;16;2;3;0;7;0;0;1;0;0;0;0;0;346368,527986750996206;5676984,730727359652519;6,799864603000060;51,223547173000000
173250;5220525601300524678;5;3;15;0;2022;5;12;4;3;1;5;0;0;1;1;0;0;0;0;351432,624471225019079;5645964,351227209903300;6,885087979000050;50,946132315000099
173253;5220514508000379144;5;1;19;0;2022;5;8;7;3;0;1;0;0;1;0;0;0;0;0;353362,901999799010810;5708087,470999330282211;6,887128665000030;51,504871428000101
173254;5220510601300390916;5;3;15;0;2022;5;18;3;3;2;6;0;0;1;1;0;0;0;0;353024,529736928001512;5645701,300872250460088;6,907839254000070;50,944176443000103
173255;5220526405228587142;5;7;54;28;2022;5;2;5;3;7;5;2;1;1;0;1;0;0;0;451779,615872827009298;5744051,754173110239208;8,300004416000039;51,845190830000000
173258;5220524701200395136;5;5;62;20;2022;5;9;3;3;1;5;0;0;1;1;0;0;0;0;367315,318280126026366;5719166,590418970212340;7,083859313000060;51,607883346999998
173260;5220511601200890617;5;3;15;0;2022;5;7;4;3;5;3;0;0;1;0;0;0;0;0;353118,255999793997034;5642965,682999329641461;6,910274879000040;50,919616382000100
173261;5220513405108396861;5;7;54;8;2022;5;21;6;2;0;1;2;0;1;0;0;0;0;0;457763,121056321018841;5752320,021412840113044;8,385846568000030;51,920012466999999
173262;5220522516300581335;5;1;58;28;2022;5;17;1;3;0;1;0;0;1;0;0;0;0;0;348202,850515139987692;5684875,139254099689424;6,822765044000050;51,294938033000101
173263;5220517602300846668;5;3;62;36;2022;5;17;3;3;1;5;0;0;1;1;0;0;0;0;343260,625482555013150;5654723,591279120184481;6,765070691000060;51,022676328000003
173264;5220525600310190848;5;3;14;0;2022;5;15;4;3;0;6;0;0;1;1;0;0;0;0;361999,907151862978935;5620052,629126359708607;7,045174316000040;50,715877423000101
173266;5220520500300274597;5;1;11;0;2022;5;19;6;3;7;7;0;0;1;0;0;0;0;0;343700,097728156019002;5676148,145016719587147;6,762046061000040;51,215305839000102
173269;5220524501114596086;5;1;12;0;2022;5;12;3;3;0;1;0;0;1;0;0;0;0;0;346878,405173699022271;5707986,525593860074878;6,793811297000050;51,502244832000002
173271;5220511515210095980;5;1;54;12;2022;5;7;4;2;0;7;0;0;1;0;0;0;0;0;315645,044069292023778;5711893,149652539752424;6,342231934000040;51,528012060000002
173273;5220521702100068372;5;5;15;0;2022;5;12;7;3;1;3;0;0;1;0;0;0;0;0;405677,556326091988012;5758537,095077740028501;7,626950737000070;51,969507819999997
173274;5220517601100493375;5;3;15;0;2022;5;11;3;3;1;5;0;0;1;1;0;0;0;0;355572,322808553988580;5644634,005323699675500;6,944504407000070;50,935228758999997
173276;5220525407201890735;5;7;62;4;2022;5;14;4;3;2;6;0;0;1;1;0;0;0;0;500807,184999999997672;5730284,207999650388956;9,011686018000031;51,723484906000103