OBJECTID;UIDENTSTLAE;ULAND;UREGBEZ;UKREIS;UGEMEINDE;UJAHR;UMONAT;USTUNDE;UWOCHENTAG;UKATEGORIE;UART;UTYP1;ULICHTVERH;IstStrassenzustand;IstRad;IstPKW;IstFuss;IstKrad;IstGkfz;IstSonstige;LINREFX;LINREFY;XGCSWGS84;YGCSWGS84
173277;5220515513320795666;5;1;62;4;2022;5;14;1;2;5;3;0;0;1;1;0;0;0;0;348002,172999758971855;5662375,505999229848385;6,829413241000050;51,092709241000101
173279;5220523601400293520;5;3;15;0;2022;5;8;2;3;0;1;0;1;1;0;0;0;0;0;355207,845902435015887;5653870,400914729572833;6,935642204000030;51,018142125000097
173280;5220525405108081099;5;7;54;8;2022;5;12;4;3;5;3;0;0;1;1;0;0;0;0;457537,912000000011176;5749920,642999669536948;8,382867826000050;51,898423544000103
173283;5220516705000964132;5;5;54;8;2022;5;9;2;3;5;3;0;0;1;1;0;0;0;0;335975,908999661973212;5745233,343998829834163;6,619382619000020;51,833802872000000
173286;5220511607400078277;5;3;82;68;2022;5;8;4;3;0;1;0;0;1;0;0;0;0;0;365793,860827998025343;5626232,418125200085342;7,096633819000030;50,772309432999997
173290;5220525505200052406;5;1;14;0;2022;5;16;4;3;5;3;0;0;1;1;0;0;0;0;333760,094999630004168;5692989,786998789757490;6,612010321000070;51,363808503000001
173291;5220520600110495263;5;3;14;0;2022;5;10;6;3;0;1;0;0;1;0;0;0;0;0;365624,371999867027625;5622187,742999469861388;7,095707643000030;50,735917035000099
173293;5220514609108271750;5;3;58;32;2022;5;12;7;3;0;1;0;0;1;1;0;0;0;0;314547,444999662984628;5632735,448996819555759;6,367259036000060;50,816611862999999
173294;5220524518300081581;5;1;70;20;2022;5;14;3;3;5;3;0;0;1;1;0;0;0;0;329791,426377029973082;5708612,501043840311468;6,547549040000040;51,502981621000103
173296;5220511514217795938;5;1;66;36;2022;5;7;4;3;4;2;0;0;1;1;0;0;0;0;329538,320999582007062;5682938,319998609833419;6,556229904000080;51,272256874999997
173297;5220512600110243100;5;3;14;0;2022;5;16;5;3;6;4;0;0;1;0;1;0;0;0;365632,725056305003818;5621302,794026119634509;7,096148497000060;50,727965095000101
173298;5220522600320795365;5;3;82;72;2022;5;17;1;3;4;5;0;0;1;0;0;0;0;0;366827,285727832990233;5612952,583208800293505;7,116073810000050;50,653187581000097
173299;5220517601700774217;5;3;16;0;2022;5;19;3;2;0;1;0;0;1;0;0;0;0;0;360332,200999838998541;5657891,824999430216849;7,007103718000050;51,055550203000102
173300;5220520405108096965;5;7;54;8;2022;5;20;6;3;1;5;0;1;1;1;0;0;0;0;456275,956142226001248;5749527,718368260189891;8,364577947000040;51,894793332000098
173302;5220514503100595579;5;1;24;0;2022;5;12;7;2;1;3;0;0;1;1;0;0;0;0;370511,839486016018782;5680235,794045289978385;7,144229482000070;51,258753609000102
173304;5220518516100095502;5;1;58;32;2022;5;18;4;3;0;1;0;0;1;1;0;0;0;0;364558,837696856004186;5688628,364862949587405;7,055780681000040;51,332793428000102
173305;5220511307000042314;5;9;62;36;2022;5;16;4;3;5;2;0;0;1;1;0;0;0;0;405169,383284189971164;5662083,202596300281584;7,645541587000030;51,102386716000098
173308;5220518307000996365;5;9;62;56;2022;5;14;4;2;0;7;0;0;1;0;0;0;0;0;402219,581010652997065;5679197,139975139871240;7,598766110000040;51,255737594999999
173311;5220513608312233335;5;3;34;12;2022;5;19;6;3;0;5;0;0;1;1;0;0;0;0;307596,295704264019150;5631851,889903930015862;6,269159097000060;50,806407985000099
173313;5220525300500895845;5;9;11;0;2022;5;5;4;3;5;3;1;0;1;1;0;0;0;0;378501,156065249000676;5705131,111274899914861;7,250159195000040;51,484265126000103
173314;5220510607500386340;5;3;82;56;2022;5;17;3;3;0;1;0;0;1;0;0;0;0;0;372438,208076598006301;5626593,376136570237577;7,190690002000050;50,777053186000003
173321;5220519702100579228;5;5;15;0;2022;5;15;5;3;5;3;0;1;1;1;0;0;0;0;406884,655999979993794;5757243,175999660044909;7,644867943000070;51,958080969000001
173322;5220517600380895308;5;3;14;0;2022;5;11;3;3;1;5;0;0;1;1;0;0;0;0;369912,442653758975212;5616712,596810179762542;7,158371441000040;50,687681146000003
173323;5220518506100011604;5;1;16;0;2022;5;10;4;3;1;3;0;0;1;1;0;0;0;0;320704,064987237972673;5667759,509995999746025;6,437295729000030;51,133192472000097
173325;5220525500200078826;5;1;11;0;2022;5;18;4;3;5;3;0;0;1;1;0;0;0;0;343944,284999726980459;5686844,896999130025506;6,760872116000030;51,311485449000003
173326;5220515515110596092;5;1;54;36;2022;5;8;1;3;0;1;0;0;1;0;0;0;0;0;300741,481800425972324;5739940,516652069985867;6,111677796000040;51,774819923999999
173328;5220523601200093440;5;3;15;0;2022;5;10;2;3;2;2;0;0;1;0;0;0;0;0;354047,336700891028158;5642772,355947149917483;6,923561202000030;50,918114754000001
173331;5220525609108274408;5;3;58;8;2022;5;16;4;3;0;6;0;0;1;0;0;0;0;1;322434,599053382000420;5631600,314336109906435;6,479658435000030;50,808885507000099
173335;5220518405228596973;5;7;54;28;2022;5;13;4;3;5;3;0;0;1;1;0;0;0;0;450546,880000000994187;5745718,891999660059810;8,281872254000060;51,860071357000002
173336;5220524709300891753;5;5;66;84;2022;5;15;3;3;5;3;0;0;1;1;0;0;0;0;389179,781999950006139;5775730,218999640084803;7,381314402000040;52,120983492000100
173338;5220513310110593944;5;9;54;16;2022;5;18;6;3;1;5;0;0;1;1;0;0;0;0;374785,587525704002474;5696887,195259240455925;7,199592207000020;51,409363665999997
173339;5220523301103594294;5;9;13;0;2022;5;17;2;3;1;7;1;1;1;1;0;0;0;0;391352,824489133025054;5703706,276828800328076;7,435610150000060;51,474073243000099
173343;5220516500200895590;5;1;11;0;2022;5;17;2;3;0;7;0;0;1;0;0;0;0;0;343823,334999724000227;5681746,507999129593372;6,761367695000050;51,265642338000099
173348;5220512705000809603;5;5;54;8;2022;5;15;5;3;0;3;0;0;1;1;0;0;0;0;336296,459041720023379;5745264,068303500302136;6,624016172000040;51,834172915000103
173349;5220522411240166245;5;7;74;40;2022;5;11;1;3;0;7;0;0;1;0;0;0;0;0;484504,376999999978580;5712649,664999649859965;8,776444243000070;51,564711473999999
173350;5220517515211022132;5;1;54;16;2022;5;17;3;3;6;4;0;0;1;0;1;0;0;0;304362,767948262975551;5728606,407858660444617;6,170466083000060;51,674312504000099
173351;5220519601100493371;5;3;15;0;2022;5;16;5;3;4;6;0;0;1;0;0;0;0;0;355398,290272594022099;5645563,072010619565845;6,941660539000050;50,943534474000003
173352;5220520505200472075;5;1;14;0;2022;5;23;6;3;0;7;2;0;1;0;1;0;0;0;334038,909999632975087;5692825,108998799696565;6,616088548000050;51,362410541000003
173354;5220514500200493802;5;1;11;0;2022;5;14;7;3;0;1;0;0;1;0;0;0;0;0;346566,348965368990321;5681201,628619950264692;6,800888397000050;51,261491319000100
173356;5220518503200090109;5;1;24;0;2022;5;15;4;3;0;7;0;0;1;0;0;0;0;0;374986,167858642991632;5681576,490812899544835;7,207850727000050;51,271802082000100
173358;5220521515210095974;5;1;54;20;2022;5;10;7;3;5;3;0;0;1;1;0;0;0;0;321800,435199274972547;5712693,389051790349185;6,430469047000030;51,537176176000102
173360;5220518405148079612;5;7;54;48;2022;5;13;4;3;5;3;0;0;1;0;0;0;0;0;441996,623237269988749;5765711,211119719780982;8,154350125000059;52,038980199000001
173362;5220512500300174147;5;1;11;0;2022;5;16;5;3;5;3;0;0;1;1;0;0;0;0;349783,809999771998264;5676316,561999260447919;6,849016968000060;51,218452071999998
173363;5220513606000586564;5;3;78;16;2022;5;22;6;3;1;7;2;0;1;1;0;0;0;0;360073,949999839009251;5663667,113999419845641;7,001184989000020;51,107389297000097
173364;5220523410110187106;5;7;70;24;2022;5;10;2;3;0;7;0;0;1;1;0;0;0;0;492718,687000001023989;5790826,385999679565430;8,893298734000039;52,267769903999998
173365;5220510601100778521;5;3;15;0;2022;5;19;3;3;5;3;0;0;1;1;0;0;0;0;357189,768999819993041;5643115,661999390460551;6,968103142000070;50,921986283000102
173368;5220516405108096965;5;7;54;8;2022;5;11;2;2;5;3;0;0;1;0;0;0;0;0;463233,584099152998533;5754333,500375299714506;8,465171719000070;51,938503122999997
173372;5220513505100774034;5;1;14;0;2022;5;7;6;3;5;2;0;0;1;1;0;0;0;0;334764,067581999988761;5690429,259045739658177;6,627607812000060;51,341097048999998
173373;5220522603116578293;5;3;66;16;2022;5;18;1;2;1;5;0;0;1;1;0;0;0;0;345366,535999731975608;5617669,462999190203846;6,810727660000050;50,690274324000001
173376;5220515709300387329;5;5;66;4;2022;5;18;1;3;8;1;0;0;1;0;0;0;0;0;395583,340999963984359;5768239,444999650120735;7,477104580000060;52,054905720000100
173377;5220514518100996132;5;1;70;48;2022;5;0;7;3;8;1;2;0;1;0;0;0;0;0;336163,825999660999514;5726579,552998860366642;6,630895750000040;51,666279424000003
173379;5220521500100472289;5;1;11;0;2022;5;15;7;3;0;1;0;0;1;0;0;0;0;0;345592,226999738020822;5676823,338999169878662;6,788825674000070;51,221887547000101
173380;5220516502105285368;5;1;13;0;2022;5;7;2;3;6;4;0;0;1;0;1;0;0;0;361801,224999848986045;5701547,044999450445175;7,011192497000020;51,448223484000003
173381;5220519605152393568;5;3;74;52;2022;5;7;5;3;0;1;0;0;1;0;0;0;0;0;387876,261520934000146;5664442,574507229961455;7,397907359000040;51,120473305000097
173384;5220511606100293394;5;3;78;4;2022;5;7;4;3;7;5;0;0;1;1;0;0;0;0;369442,658812233014032;5648146,037317790091038;7,140530573000040;50,970101354000100
173387;5220525601300593353;5;3;15;0;2022;5;8;4;3;5;2;0;0;1;1;0;0;0;0;351709,191999783972278;5647538,567999309860170;6,888380916000070;50,960350160000097
173391;5220524405108406336;5;7;54;8;2022;5;8;3;3;5;2;0;1;1;1;0;0;0;0;457087,849702948995400;5750570,768016220070422;8,376246216000030;51,904234064000001
173397;5220519600110195279;5;3;14;0;2022;5;19;5;3;5;3;0;1;1;1;0;0;0;0;365360,827912038017530;5622884,266844909638166;7,091720572000040;50,742116295000102
173398;5220520500300974627;5;1;11;0;2022;5;19;6;3;0;7;0;0;1;0;0;0;0;0;350969,976270243001636;5672173,219779970124364;6,867709587000040;51,181531040000003
173400;5220514410210296885;5;7;70;20;2022;5;15;7;3;0;3;0;0;1;1;0;0;0;0;472544,170999999972992;5795256,704999689944088;8,597302903000070;52,306962558000102
173401;5220523601200078523;5;3;15;0;2022;5;11;2;3;5;3;0;0;1;1;0;0;0;0;357172,929999820014928;5642013,539999379776418;6,968295231000070;50,912077379000003
173404;5220519702100072463;5;5;15;0;2022;5;7;5;3;3;6;0;0;1;0;0;0;0;0;407555,729129498009570;5751633,861029149964452;7,656138587000040;51,907773147000100
173406;5220518502401578843;5;1;17;0;2022;5;18;4;2;0;7;0;0;1;0;0;0;0;0;352455,835999793023802;5698946,683999310247600;6,877883240000070;51,422499899999998
173407;5220512500200576109;5;1;11;0;2022;5;13;5;3;5;3;0;0;1;1;0;0;0;0;343806,951999725017231;5681876,595999130047858;6,761076232000050;51,266806718000097
173409;5220523404101379107;5;7;66;20;2022;5;12;2;3;0;2;0;0;1;1;0;0;0;0;491725,560000000987202;5755796,829999670386314;8,879596681000070;51,952813198999998
173412;5220520601600095396;5;3;15;0;2022;5;12;6;2;0;7;0;0;1;1;0;0;0;0;364906,621687594975810;5640154,881416309624910;7,078926275000070;50,897234534000098
173413;5220516601500095395;5;3;15;0;2022;5;15;2;3;0;2;0;1;1;1;0;0;0;0;361896,175999847997446;5649573,190999439917505;7,032573223000040;50,981167597000102
173416;5220511607100736260;5;3;82;60;2022;5;18;4;3;5;3;0;0;1;1;0;0;0;0;375627,029999911028426;5630330,001999530009925;7,234631254000020;50,811332687000103
173417;5220513514214085929;5;1;66;8;2022;5;15;6;3;0;1;0;0;1;0;0;0;0;0;315422,365999402012676;5690857,297997670248151;6,349987658000030;51,338991837000002
173419;5220517705000196570;5;5;54;8;2022;5;7;3;3;0;6;0;0;1;0;0;0;0;0;335721,815501754987054;5745204,234890369698405;6,615712011000030;51,833466704000003
173420;5220525601300569544;5;3;15;0;2022;5;13;4;3;1;5;0;0;1;1;0;0;0;0;348936,744377168011852;5644116,178753349930048;6,850350938000080;50,928875554999998
173423;5220514602100594817;5;3;62;8;2022;5;19;7;3;5;3;0;0;1;1;0;0;0;0;333459,456120560003910;5646446,592691759578884;6,629234274000050;50,945553743000097
173427;5220512514218095939;5;1;66;36;2022;5;9;5;2;3;3;0;0;1;1;0;0;0;0;323088,112999502976891;5683881,409998260438442;6,463387183000070;51,278763152000103
173428;5220522301202877818;5;9;13;0;2022;5;13;1;3;3;3;0;0;1;0;0;1;0;0;392638,357745555986185;5709429,105338600464165;7,452371348000040;51,525758011000100
173429;5220519702100174700;5;5;15;0;2022;5;7;5;3;1;5;0;0;1;1;0;0;0;0;406444,642999977979343;5758004,780999659560621;7,638258817000060;51,964852779000097
173430;5220517601200486397;5;3;15;0;2022;5;12;3;2;1;5;0;0;1;1;0;0;0;0;354385,321040402981453;5643059,695820040069520;6,928251559000050;50,920782388000099
173431;5220525503100491360;5;1;24;0;2022;5;13;4;3;5;3;0;0;1;0;0;0;0;1;370399,663999888987746;5676585,729999519884586;7,143943892000040;51,225923536000003
173433;5220514316100082008;5;9;74;40;2022;5;22;7;3;0;1;2;0;1;0;0;0;0;0;437726,471215918019880;5714236,406853360123932;8,101352705000069;51,575751488000002
173435;5220525410110968144;5;7;70;24;2022;5;16;4;3;4;6;0;0;1;0;0;0;0;0;493895,472000001987908;5794443,629999689757824;8,910477946000070;52,300305102999999
173438;5220517500300565285;5;1;11;0;2022;5;18;3;3;6;4;0;0;1;0;1;0;0;0;342157,431248218985274;5672998,411273810081184;6,741361085000050;51,186580542000101
173440;5220518610112485829;5;3;70;8;2022;5;19;4;3;2;2;0;0;1;1;0;0;0;0;289306,121384155994747;5652612,633409310132265;5,997950171000070;50,986485770999998
173444;5220517516800295654;5;1;58;20;2022;5;18;3;3;2;6;0;0;1;1;0;0;0;0;356423,136617981013842;5663797,663166039623320;6,949017257000040;51,107659658999999
173447;5220515405108482050;5;7;54;8;2022;5;11;1;3;5;3;0;0;1;0;0;0;0;0;457971,219000000972301;5749311,804999659769237;8,389239223000059;51,892982572999998
173448;5220514500300076148;5;1;11;0;2022;5;11;7;3;5;2;0;0;1;1;0;0;0;0;351118,544979806989431;5669143,636936370283365;6,871087999000050;51,154345846000098
173449;5220523701500995026;5;5;62;24;2022;5;22;2;3;0;1;2;1;1;0;0;0;0;0;370100,013999891001731;5729741,314999530091882;7,120121569000050;51,703564047000000
173450;5220511411132496939;5;7;74;32;2022;5;17;4;3;8;1;0;0;1;0;0;0;0;0;482433,343077768979128;5729754,075960310176015;8,745706882000039;51,718443723000100
173451;5220520709500996697;5;5;66;76;2022;5;20;6;3;5;3;0;0;1;1;0;0;0;0;391697,944999956991524;5792204,342999660409987;7,412814479000080;52,269539086000101
173455;5220513600380490962;5;3;14;0;2022;5;7;6;3;4;6;0;0;1;0;0;0;0;0;368549,385071063006762;5617809,591084830462933;7,138695373000080;50,697234798000103
173457;5220510711211202816;5;5;70;4;2022;5;20;3;3;5;2;1;0;1;1;0;0;0;0;424582,208999992988538;5735767,084999660030007;7,907057289000020;51,767703321000099
173458;5220526314120690035;5;9;66;8;2022;5;15;5;2;8;1;0;0;1;0;0;0;0;0;411905,589103067002725;5657509,265234120190144;7,742843693000050;51,062340884000001
173459;5220520518300036449;5;1;70;20;2022;5;23;6;3;5;3;2;0;1;1;0;0;0;0;330080,306821671023499;5708312,416803699918091;6,551851818000050;51,500372727000098
173460;5220516601400893390;5;3;15;0;2022;5;17;2;3;3;2;0;0;1;1;0;0;0;0;353486,243999795988202;5651819,854999329894781;6,911941888000060;50,999278800000098
173461;5220524514113985967;5;1;66;32;2022;5;14;3;3;3;6;0;0;1;0;0;0;0;1;316948,250343133986462;5684240,226849580183625;6,375265740000030;51,280046874999996
173465;5220522411224937811;5;7;74;24;2022;5;12;1;3;3;6;0;0;1;0;0;0;0;0;477850,112999999022577;5741057,634999659843743;8,678640605000060;51,819913669000101
173471;5220524500200065855;5;1;11;0;2022;5;19;3;2;0;7;0;0;1;0;0;0;0;0;347230,789529785979539;5677399,799490179866552;6,812026336000030;51,227508215999997
173473;5220511500300074543;5;1;11;0;2022;5;18;4;3;4;3;0;0;1;1;0;0;0;0;352173,344302930985577;5670307,720203329809010;6,885681618000040;51,165079898000002
173475;5220521516800095766;5;1;58;20;2022;5;16;7;3;1;5;0;0;1;1;0;0;0;0;357487,766842353972606;5664615,167600809596479;6,963892142000020;51,115271968000101
173477;5220519513320795747;5;1;62;4;2022;5;7;5;3;4;2;0;0;1;1;0;0;0;0;349688,834999768005218;5663237,346999269910157;6,853122431000030;51,100898311999998
173478;5220525501126087468;5;1;12;0;2022;5;14;4;3;0;7;0;0;1;0;1;0;0;0;344161,102763032016810;5703611,197518110275269;6,756622818000040;51,462190515000003
173481;5220523702100274121;5;5;15;0;2022;5;9;2;3;5;2;0;0;1;1;0;0;0;0;412311,306999986001756;5753051,077999659813941;7,724890541000040;51,921281239000102
173483;5220525404302987112;5;7;66;48;2022;5;14;4;3;6;7;0;0;1;0;1;0;0;0;477546,935541341023054;5759774,119703129865229;8,673022514000021;51,988180733000000
173484;5220511313110094474;5;9;58;4;2022;5;14;4;3;5;3;0;0;1;1;0;0;0;0;430760,604999996023253;5698239,253999640233815;8,003986884000030;51,431118718999997
173486;5220520706000476761;5;5;58;12;2022;5;17;6;2;0;1;0;1;1;0;0;0;0;0;373245,050169678987004;5755801,921033210121095;7,156071060000040;51,938479434999998
173487;5220517400100696886;5;7;11;0;2022;5;19;3;3;0;1;0;0;1;0;0;0;0;0;468052,118784894992132;5765327,995911619625986;8,534238263000081;52,037648655000098
173490;5220513502200894966;5;1;13;0;2022;5;15;6;3;0;1;0;0;1;0;0;0;0;0;361597,922999847971369;5695260,666999439708889;7,010723490000030;51,391681800000100
173494;5220520515210496134;5;1;54;12;2022;5;8;6;3;0;7;0;0;1;0;1;0;0;0;313775,488809845992364;5710247,293876039795578;6,316180673000080;51,512615908000001
173496;5220514600360334548;5;3;82;12;2022;5;10;7;3;5;3;0;0;1;1;0;0;0;0;355970,174860379018355;5628873,184028170071542;6,956366937000040;50,793686278000102
173497;5220524516300689277;5;1;58;28;2022;5;22;3;3;0;1;2;0;1;0;0;0;0;0;349325,154146803019103;5685465,358998590148985;6,838600818000030;51,300539622000002
173498;5220518711313002632;5;5;70;8;2022;5;21;4;2;0;1;0;0;1;0;0;0;0;0;434819,734248985012528;5735166,391714669764042;8,055507146000020;51,763588630000100
173500;5220512711321776733;5;5;70;48;2022;5;6;5;2;5;3;0;0;1;1;0;0;0;0;448468,809607644972857;5732073,824299690313637;8,253726561000059;51,737207290000100
173501;5220519608100675554;5;3;34;2;2022;5;9;5;3;0;2;0;0;1;1;0;0;0;0;293610,791979731002357;5627439,534783749841154;6,073403165000060;50,761967966999997
173502;5220512506100091427;5;1;16;0;2022;5;14;5;3;0;1;0;0;1;1;0;0;0;0;318192,572999434021767;5674979,450997940264642;6,397788600000070;51,197257301999997
173503;5220513705000880974;5;5;54;8;2022;5;8;6;3;5;2;0;0;1;1;0;0;0;0;337195,737999673990998;5748149,330998879857361;6,635697843000060;51,860355599999998
173505;5220510701120561481;5;5;62;32;2022;5;20;3;3;0;6;1;0;1;1;0;0;0;0;375271,762999910977669;5715654,380999559536576;7,199946204000070;51,578137368000100
173508;5220514705000187233;5;5;54;68;2022;5;12;7;3;8;1;0;0;1;0;0;0;0;0;351652,058999793021940;5767519,836999289691448;6,837109027000050;52,038423170999998
173509;5220524601300293585;5;3;15;0;2022;5;6;3;3;5;3;0;1;1;1;0;0;0;0;348316,877999757009093;5646157,727999240159988;6,840686960000030;50,947058678000097
173510;5220519406220131814;5;7;58;24;2022;5;12;5;3;2;6;0;0;1;0;0;0;0;0;479038,209263744996861;5784279,287853700108826;8,693231511000020;52,208557122999999
173511;5220511514220991099;5;1;66;36;2022;5;15;4;3;0;7;0;0;1;1;0;0;0;0;323873,272368215024471;5681309,541277949698269;6,475900031000040;51,255902406000097
173512;5220512605152893453;5;3;74;52;2022;5;12;5;3;5;3;0;0;1;1;0;0;0;0;387402,918581925972831;5664182,852182799950242;7,391227898000070;51,118045886000097
173513;5220522302000941194;5;9;14;0;2022;5;17;1;3;0;7;0;0;1;0;1;0;0;0;393181,551353600982111;5693240,038370859809220;7,465087251000060;51,380344618999999
173514;5220517711215602925;5;5;70;4;2022;5;10;3;3;0;1;0;0;1;0;0;0;0;0;423315,594999992987141;5735038,486999659799039;7,888866236000070;51,760981428999997
173516;5220520404103086231;5;7;66;60;2022;5;16;6;2;4;1;0;0;1;1;0;0;0;0;510691,783999999985099;5751654,271999670192599;9,155449776000070;51,915526128000103
173518;5220514405220582085;5;7;54;20;2022;5;11;7;3;5;3;0;0;1;1;0;0;0;0;443042,165999998978805;5750659,888999669812620;8,172089252000029;51,903776309000101
173519;5220524303100577925;5;9;15;0;2022;5;10;3;3;5;3;0;1;1;1;0;0;0;0;418183,524219928018283;5725579,758668749593198;7,816742270000020;51,675226152999997
173520;5220518600110295332;5;3;14;0;2022;5;9;4;3;5;3;0;0;1;1;0;0;0;0;364281,237129181972705;5620745,810389850288630;7,077215671000030;50,722644850000101
173522;5220521513320895747;5;1;62;4;2022;5;11;7;3;3;2;0;0;1;1;0;0;0;0;347000,837999749986921;5658775,438999209553003;6,816648570000040;51,060093349000098
173527;5220513601700055278;5;3;16;0;2022;5;11;6;3;5;3;0;0;1;1;0;0;0;0;362640,321999853011221;5659458,854999450035393;7,039422102000060;51,070190056000101
173528;5220523701120175292;5;5;62;32;2022;5;15;2;3;0;1;0;1;1;0;0;0;0;0;375469,159999913012143;5713940,731999560259283;7,203400859000060;51,562780119000102
173530;5220510603116380738;5;3;66;16;2022;5;20;3;2;0;1;0;0;1;0;0;0;0;0;344958,514999728999101;5615950,521999180316925;6,805676346000040;50,674718654000102
173535;5220518500100060972;5;1;11;0;2022;5;18;4;3;5;2;0;0;1;1;0;0;0;0;345665,453440969984513;5676684,262764460407197;6,789933337000040;51,220657683000098
173537;5220511709500591846;5;5;66;60;2022;5;11;4;3;3;3;0;0;1;1;0;0;0;0;389048,861999951011967;5789388,481999649666250;7,374933826000070;52,243704989000001
173538;5220513405116087099;5;7;54;16;2022;5;12;6;3;0;1;0;0;1;0;0;0;0;0;446896,446490115020424;5757328,247837680391967;8,227078050000051;51,964107199000097
173539;5220522705000896533;5;5;54;48;2022;5;11;1;3;5;3;0;0;1;0;0;0;0;0;341180,786999708972871;5745793,622999019920826;6,694601068000050;51,840340505000000
173540;5220525518400595868;5;1;70;8;2022;5;7;4;3;5;7;0;0;1;0;0;0;0;0;344540,403036565985531;5715478,859158149920404;6,756844563000070;51,568923652000102
173541;5220520601100067623;5;3;15;0;2022;5;20;6;3;0;2;0;1;1;1;0;0;0;0;355077,765999806986656;5644895,249999360181391;6,937366841000030;50,937452438999998
173542;5220515609128971750;5;3;58;28;2022;5;16;1;3;0;1;0;0;1;0;0;0;0;0;320648,684999454009812;5622499,131998210214078;6,458772200000060;50,726570448000103
173545;5220518702100672345;5;5;15;0;2022;5;16;4;3;5;3;0;0;1;0;0;0;0;0;405895,695999979972839;5758391,405999659560621;7,630165142000070;51,968235279000098
173548;5220522317240394412;5;9;78;40;2022;5;21;1;3;1;1;1;0;1;1;0;0;0;0;405241,803992322005797;5725128,225998920388520;7,629750948000040;51,669133223000102
173549;5220517601200893567;5;3;15;0;2022;5;7;3;3;5;3;0;0;1;1;0;0;0;0;353629,194086891016923;5643778,994919329881668;6,917212536000020;50,927055181000100
173553;5220514500200695678;5;1;11;0;2022;5;1;7;2;0;7;2;0;1;0;0;0;0;0;350568,001999780011829;5678328,792999279685318;6,859398544000040;51,236739497000002
173555;5220511300800995821;5;9;54;36;2022;5;15;4;3;5;2;0;0;1;1;0;0;0;0;386532,324999944015872;5700535,877999600023031;7,367247714000030;51,444631005000097
173556;5220521502101373607;5;1;13;0;2022;5;23;7;3;0;1;2;0;1;0;0;0;0;0;361939,060999850975350;5702393,023999449796975;7,012844655000040;51,455859402000002
173557;5220517508000940702;5;1;19;0;2022;5;15;3;3;6;4;0;0;1;0;1;0;0;0;351278,482072198006790;5704117,672554920427501;6,858789143000020;51,468656307000103
173558;5220518316100080557;5;9;74;40;2022;5;14;4;3;5;2;0;0;1;1;0;0;0;0;438131,905999997979961;5712392,319999639876187;8,107527314000039;51,559216814000102
173564;5220524500200067523;5;1;11;0;2022;5;21;3;3;0;7;2;0;1;0;0;0;0;0;345722,514999740000349;5679749,654999179765582;6,789429680000070;51,248217013000001
173566;5220511400300076274;5;7;11;0;2022;5;15;4;3;5;2;0;0;1;1;0;0;0;0;467005,654802783974446;5762373,019705899991095;8,519267569000020;52,011020345000098
173567;5220521601400081881;5;3;15;0;2022;5;13;7;2;0;1;0;0;1;0;0;0;0;0;353768,283000056981109;5657724,816999980248511;6,913576740000050;51,052415482000100
173568;5220517411132596875;5;7;74;32;2022;5;17;3;2;5;3;0;0;1;1;0;0;0;0;485181,368000001006294;5731869,195999659597874;8,785396646000040;51,737540780000103
173569;5220518407140290638;5;7;62;16;2022;5;12;4;3;6;4;0;0;1;0;1;0;0;0;512285,333000000973698;5729491,762999650090933;9,177832447000069;51,716225745000003
173570;5220519503200007068;5;1;24;0;2022;5;7;5;3;0;7;0;0;1;1;0;0;0;0;375017,409867318987381;5682626,776945490390062;7,207931030000050;51,281248560999998
173571;5220515603220886326;5;3;66;20;2022;5;12;1;3;0;3;0;0;1;1;0;0;0;0;319978,773999436991289;5596730,031998209655285;6,461786155000030;50,494847819000000
173572;5220512410110590643;5;7;70;24;2022;5;13;5;2;7;1;0;0;1;0;0;0;0;0;494297,183000001998153;5793327,087999690324068;8,916387880000061;52,290271154999999
173573;5220513518400544472;5;1;70;8;2022;5;7;6;3;5;3;0;0;1;1;0;0;0;0;345508,621099688985851;5715773,452550739981234;6,770674220000050;51,571836617000002
173574;5220523608100973753;5;3;34;2;2022;5;18;2;3;5;3;0;1;1;1;0;0;0;0;290440,883998910023365;5628346,147994689643383;6,028001703000030;50,768974131999997
173575;5220524709500296617;5;5;66;76;2022;5;11;3;3;3;3;0;0;1;1;0;0;0;0;392965,306859239994083;5792351,403396029956639;7,431333635000040;52,271108890999997
173576;5220510601300585509;5;3;15;0;2022;5;13;3;3;5;7;0;0;1;1;0;0;0;0;354844,500561187975109;5646556,744540300220251;6,933386977000050;50,952325176999999
173580;5220516500100060972;5;1;11;0;2022;5;17;2;3;5;3;0;0;1;0;0;0;0;1;343973,449999724980444;5676601,328999140299857;6,765759631000040;51,219452599000100
173581;5220524513310381756;5;1;62;8;2022;5;12;3;3;3;2;0;0;1;0;0;0;0;1;332118,633460464014206;5662263,039260650053620;6,602845081000050;51,087269659000100
173582;5220511607400078310;5;3;82;68;2022;5;7;4;2;0;1;0;0;1;0;0;0;0;0;367868,758999878016766;5631797,722999489866197;7,124041738000070;50,822806732000103
173585;5220519709500396697;5;5;66;76;2022;5;19;5;3;0;7;0;1;1;0;0;0;0;0;394758,642999961972237;5793206,204999660141766;7,457339031000060;52,279137392000102
173586;5220525503200065844;5;1;24;0;2022;5;7;4;3;2;2;0;0;1;1;0;0;0;0;374135,114999905985314;5680941,313999540172517;7,195880455000070;51,265906010999998