OBJECTID;UIDENTSTLAE;ULAND;UREGBEZ;UKREIS;UGEMEINDE;UJAHR;UMONAT;USTUNDE;UWOCHENTAG;UKATEGORIE;UART;UTYP1;ULICHTVERH;IstStrassenzustand;IstRad;IstPKW;IstFuss;IstKrad;IstGkfz;IstSonstige;LINREFX;LINREFY;XGCSWGS84;YGCSWGS84
173589;5220514600330795365;5;3;82;48;2022;5;14;7;3;5;3;0;0;1;1;0;0;0;0;354095,818999797978904;5610127,811999339610338;6,937199369000040;50,624751023000002
173592;5220511502339473437;5;1;13;0;2022;5;15;4;3;0;1;0;0;1;0;0;0;0;0;364494,176034962001722;5706351,248617460019886;7,048080048000030;51,492047523000103
173593;5220512601700490358;5;3;16;0;2022;5;6;5;3;5;3;0;0;1;1;0;0;0;0;358868,513350362016354;5655579,400938349775970;6,987133531000040;51,034410883000099
173594;5220521705000030800;5;5;54;68;2022;5;13;7;3;0;1;0;0;1;0;0;0;0;0;350547,063491293985862;5766925,356384039856493;6,821270676000040;52,032785402999998
173599;5220514502101517295;5;1;13;0;2022;5;23;7;3;0;1;2;0;1;0;0;0;0;0;362101,099009533005301;5700786,958836230449378;7,015801330000040;51,441466136000003
173600;5220523702100372463;5;5;15;0;2022;5;18;2;3;5;2;0;1;1;1;0;0;0;0;404655,843999976990744;5752738,798999659717083;7,613690260000060;51,917216045000004
173601;5220511500100563545;5;1;11;0;2022;5;0;4;3;5;3;2;0;1;0;0;0;0;1;345124,087450689985417;5677309,613042149692774;6,781917026000030;51,226130110000000
173602;5220520610121773703;5;3;70;12;2022;5;17;6;3;5;3;0;1;1;1;0;0;0;0;304249,819999200990424;5652919,631996650248766;6,210428264000030;50,994518234000097
173604;5220516607400078277;5;3;82;68;2022;5;19;2;3;4;2;1;1;1;1;0;0;0;0;365598,637999865983147;5626198,605999469757080;7,093879078000040;50,771960331000102
173605;5220518307000130094;5;9;62;24;2022;5;8;4;2;0;1;0;0;1;0;0;0;0;0;405002,918770398013294;5689134,833304230123758;7,635994592000030;51,345542946000101
173613;5220524514118085981;5;1;66;16;2022;5;13;3;3;8;1;0;0;1;0;0;0;0;0;308175,322205825999845;5689061,371783220209181;6,247033994000050;51,320462837000001
173614;5220519500300974507;5;1;11;0;2022;5;10;5;2;0;1;0;0;1;0;0;0;0;0;352928,965999793028459;5667796,664999320171773;6,897507371000070;51,142709828000100
173615;5220512310130090526;5;9;54;20;2022;5;18;5;3;5;3;0;0;1;1;0;0;0;0;390914,839956296025775;5695964,762912710197270;7,431691695000040;51,404404790999997
173616;5220513404000382041;5;7;66;40;2022;5;13;6;3;5;2;0;0;1;1;0;0;0;0;487180,487000001012348;5759782,754999670200050;8,813311708000070;51,988564275000002
173617;5220522514111285967;5;1;66;32;2022;5;18;1;3;0;3;0;0;1;1;0;0;0;0;313630,963734658027533;5680893,231632550247014;6,329499018000040;51,248907716000097
173618;5220517702100291827;5;5;15;0;2022;5;14;3;3;1;7;0;0;1;1;0;0;0;0;408163,370125947985798;5754158,209605810232460;7,664295947000030;51,930564113000102
173619;5220512505200695871;5;1;14;0;2022;5;17;5;2;5;3;0;0;1;1;0;0;0;0;329117,960238601022866;5689107,371162019670010;6,547255830000040;51,327552509000000
173620;5220513607500573799;5;3;82;68;2022;5;7;6;3;3;2;0;0;1;1;0;0;0;0;366299,804793334973510;5629937,000808999873698;7,102457190000050;50,805722672000101
173622;5220511300600090130;5;9;16;0;2022;5;16;4;3;5;3;0;0;1;1;0;0;0;0;376493,088026255019940;5711626,881899500265718;7,218977808000030;51,542210027000102
173623;5220525701110280608;5;5;62;32;2022;5;13;4;3;0;7;0;0;1;1;0;0;0;0;374443,760324176982976;5718636,768237289972603;7,186936004000070;51,604756502999997
173624;5220520705000791736;5;5;54;12;2022;5;13;6;3;8;1;0;0;1;0;0;0;0;0;352703,667859337001573;5747666,498511309735477;6,860937048000040;51,860326429000096
173625;5220516601400185861;5;3;15;0;2022;5;13;2;3;0;1;0;1;1;0;0;0;0;0;356617,226969899027608;5647770,417266580276191;6,958130305000050;50,963676006000100
173627;5220518705000195869;5;5;54;56;2022;5;7;4;3;5;3;0;0;1;0;0;0;0;0;356821,900999824982136;5761675,165999379940331;6,914873052000080;51,987267993000003
173628;5220511602400945456;5;3;62;32;2022;5;7;4;3;9;7;0;0;1;0;0;0;0;0;337897,849999664991628;5638498,953998980112374;6,695891204000080;50,875406487000099
173632;5220525516300563501;5;1;58;28;2022;5;14;4;3;0;1;0;0;1;0;0;0;0;0;349682,515516260988079;5684761,710159510374069;6,844019516000060;51,294311338000099
173633;5220520601600393509;5;3;15;0;2022;5;16;6;2;6;7;0;1;1;0;1;0;0;0;359009,494111204985529;5642364,202745850197971;6,994267496000020;50,915680376000097
173634;5220515709800991839;5;5;66;40;2022;5;13;1;3;0;7;0;0;1;0;0;0;0;0;420725,365999991015997;5781564,198999679647386;7,840598355000050;52,178848704000103
173635;5220514601500043426;5;3;15;0;2022;5;10;7;3;0;2;0;0;1;0;0;1;0;0;363399,458497243991587;5647648,546862980350852;7,054698708000050;50,964228762000097
173636;5220524501212096056;5;1;12;0;2022;5;5;3;3;0;3;0;1;1;1;0;0;0;0;341613,644999706011731;5697081,349999059922993;6,722901850000030;51,402814614000100
173639;5220512600380095309;5;3;14;0;2022;5;15;5;3;3;6;0;0;1;0;0;0;0;0;368577,324453832989093;5617707,831763859838247;7,139126969000070;50,696326477000099
173640;5220521501318472055;5;1;12;0;2022;5;13;7;3;1;3;0;0;1;1;0;0;0;0;344059,345999728015158;5699030,150999129749835;6,757177181000030;51,421002170000101
173641;5220519702100797729;5;5;15;0;2022;5;9;5;3;3;7;0;0;1;0;0;0;0;0;406036,879999979981221;5756775,974999659694731;7,632661589000070;51,953738934999997
173642;5220517518300895949;5;1;70;20;2022;5;8;3;3;0;1;0;0;1;0;0;0;0;0;329938,982061440008692;5708638,181535329669714;6,549660624000070;51,503256735000001
173643;5220519601600993572;5;3;15;0;2022;5;17;5;3;0;5;0;1;1;1;0;0;0;0;363043,179128133982886;5639693,408177490346134;7,052616774000060;50,892648130000097
173644;5220520303200494468;5;9;15;0;2022;5;14;6;3;7;5;0;0;1;1;0;0;0;0;414292,711729543982074;5727777,100567629560828;7,759946296000070;51,694398578000097
173646;5220514317130168056;5;9;78;12;2022;5;19;7;3;5;3;1;0;1;0;0;0;0;0;411262,064587051980197;5704273,159152169711888;7,722051786000070;51,482642652999999
173647;5220523608100080780;5;3;34;2;2022;5;10;2;3;1;5;0;0;1;1;0;0;0;0;293896,284933990973514;5629040,823886039666831;6,076548864000070;50,776450834000102
173648;5220511411132082081;5;7;74;32;2022;5;14;4;3;1;5;0;0;1;1;0;0;0;0;481567,280329252011143;5729345,364792119711637;8,733191617000051;51,714741081000099
173650;5220519702100072399;5;5;15;0;2022;5;16;5;3;5;3;0;1;1;1;0;0;0;0;408233,080781958997250;5754227,788031909614801;7,665290988000040;51,931201025000099
173652;5220518307000280435;5;9;62;40;2022;5;16;4;3;6;6;0;0;1;0;1;0;0;0;418168,488999988010619;5697347,010999630205333;7,823092510000040;51,421418787999997
173654;5220513600140069526;5;3;14;0;2022;5;13;6;3;1;5;0;0;1;0;0;1;0;0;367297,932479411014356;5622500,360925300046802;7,119298072000050;50,739111665000102
173656;5220510705000274671;5;5;54;8;2022;5;7;3;3;2;6;0;0;1;0;0;0;0;0;335840,857050927006640;5746106,145803350023925;6,617010222000030;51,841603950000000
173660;5220514601500286615;5;3;15;0;2022;5;7;7;3;0;1;0;0;1;1;0;0;0;0;361633,679571789980400;5647385,670994879677892;7,029668372000060;50,961444851000103
173661;5220524601600878516;5;3;15;0;2022;5;16;3;3;2;5;0;0;1;1;0;0;0;0;362983,906999854021706;5644968,683999449945986;7,049793169000050;50,940045195000003
173662;5220518700000291449;5;5;13;0;2022;5;11;4;3;5;3;0;0;1;1;0;0;0;0;363532,475999858987052;5715501,098999469541013;7,030689731000050;51,574040172000103
173663;5220511701400095167;5;5;12;0;2022;5;14;4;3;1;5;0;0;1;1;0;0;0;0;359315,137567411991768;5711155,892191420309246;6,971609535000030;51,533957514000100
173668;5220520404301096832;5;7;66;44;2022;5;9;6;3;8;6;0;0;1;0;0;0;0;0;492800,263000001024920;5764303,334999670274556;8,895056273000019;52,029309773000101
173669;5220516303100007282;5;9;15;0;2022;5;11;2;2;5;3;0;0;1;1;0;0;0;0;413104,964999985997565;5724439,889999650418758;7,743596438000050;51,664216817000103
173670;5220514313122773195;5;9;58;8;2022;5;19;7;2;0;1;0;0;1;0;0;0;0;0;458792,414490422001109;5690226,407231160439551;8,408125727000030;51,361804382999999
173671;5220524411232778168;5;7;74;32;2022;5;16;3;3;5;3;0;0;1;1;0;0;0;0;476398,533000001974870;5734767,409999660216272;8,658008920000039;51,763298083999999
173675;5220521601500693612;5;3;15;0;2022;5;12;7;3;1;5;0;0;1;1;0;0;0;0;364407,674533728975803;5648810,899304529651999;7,068614411000060;50,974913503000003
173676;5220517513130778979;5;1;62;22;2022;5;7;3;3;0;1;0;0;1;1;0;0;0;0;339046,658999681007117;5678887,880998989567161;6,694243197000050;51,238629351000000
173677;5220518516300095679;5;1;58;28;2022;5;13;4;2;0;1;0;0;1;0;0;0;0;0;352400,223644075973425;5685904,447767869569361;6,882497753000050;51,305290812000102
173681;5220513602700585761;5;3;62;28;2022;5;17;6;3;0;1;0;0;1;0;0;0;0;0;351122,165999779012054;5638756,159999299794436;6,883612886000040;50,881275922999997
173685;5220514608200575610;5;3;34;2;2022;5;18;7;2;3;6;0;0;1;1;0;0;0;0;297841,034411619009916;5628954,002766570076346;6,132474846000040;50,777059283000000
173686;5220523705000587250;5;5;54;8;2022;5;7;2;3;5;4;0;0;1;0;1;0;0;0;336422,188999667007010;5746761,634998849593103;6,625131171000020;51,847663101000101
173687;5220518601300293601;5;3;15;0;2022;5;7;4;3;5;3;0;0;1;1;0;0;0;0;351576,199999782023951;5647998,178999300114810;6,886301040000030;50,964446182000103
173688;5220511516300078610;5;1;58;28;2022;5;12;4;3;3;6;0;0;1;1;0;0;0;0;347903,291679585992824;5684705,483406499959528;6,818544072000070;51,293333648999997
173689;5220512607100990878;5;3;82;56;2022;5;18;5;3;8;1;0;0;1;0;0;0;0;0;372629,493876126012765;5627546,968042080290616;7,193071317000030;50,785666460000101
173690;5220521709500396589;5;5;66;76;2022;5;17;7;3;0;1;0;0;1;0;0;0;0;0;395652,361710043973289;5794191,008272459730506;7,470129493000060;52,288158508000002
173691;5220517514111896125;5;1;66;32;2022;5;17;3;3;0;7;0;0;1;1;0;0;0;0;314574,798999382008333;5681619,793997629545629;6,342631265000020;51,255741620999999
173693;5220525410110079244;5;7;70;24;2022;5;16;4;2;6;1;0;0;1;0;1;0;0;0;493750,714202333008870;5792867,261568980291486;8,908384340000049;52,286131139000098
173696;5220523600360846577;5;3;82;12;2022;5;15;2;3;0;1;0;1;1;0;0;0;0;0;359316,460198896005750;5624976,063968109898269;7,005307107000020;50,759483241000098
173698;5220511316300089235;5;9;74;28;2022;5;12;4;3;5;3;0;0;1;1;0;0;0;0;454837,560999999986961;5725150,667999650351703;8,346848745000051;51,675511843000002
173699;5220521500300470340;5;1;11;0;2022;5;12;7;3;0;1;0;0;1;0;0;0;0;0;344321,071999727981165;5675623,893999139778316;6,771157689000060;51,210764889000103
173700;5220517500200050578;5;1;11;0;2022;5;6;3;3;0;1;1;0;1;0;0;0;0;0;345514,755020978976972;5680355,957557369954884;6,786193460000050;51,253608645000000
173702;5220515302130178471;5;9;14;0;2022;5;15;1;3;9;7;0;0;1;0;0;0;1;0;397787,243042749993037;5687668,627051680348814;7,532845166000070;51,331111275000097
173703;5220512410110096854;5;7;70;24;2022;5;11;5;3;1;3;0;0;1;0;0;0;0;1;496494,182316872989759;5792147,201821889728308;8,948611544000070;52,279681778000104
173704;5220513405116087008;5;7;54;16;2022;5;14;6;3;0;1;0;0;1;0;0;0;0;0;447256,045222139975522;5756755,623613039962947;8,232399437000030;51,958993423000003
173705;5220523410110743975;5;7;70;24;2022;5;17;2;3;6;7;0;0;1;0;1;0;0;0;494239,478983583976515;5792974,856015999801457;8,915547872000049;52,287103809000001
173707;5220525706200196576;5;5;58;12;2022;5;19;4;3;0;3;0;0;1;1;0;0;0;0;373371,809999903023709;5756701,301999559625983;7,157582832000060;51,946590487000002
173708;5220520600110695274;5;3;14;0;2022;5;20;6;3;5;3;0;0;1;0;0;0;0;1;366469,350999869988300;5620456,290999479591846;7,108302227000020;50,720549609999999
173709;5220516505100972143;5;1;14;0;2022;5;17;2;3;0;1;0;0;1;0;0;0;0;0;330986,929999600979500;5689257,735998669639230;6,573984684000040;51,329461821000102
173711;5220524701300889683;5;5;62;14;2022;5;19;3;3;0;1;0;0;1;0;0;0;0;0;360373,171871128026396;5716998,857643529772758;6,984533520000070;51,586725488000098
173712;5220519316100173345;5;9;74;40;2022;5;11;5;3;8;7;0;0;1;0;0;0;0;0;437967,099806410027668;5714404,561326479539275;8,104794973000031;51,577289816000103
173715;5220522502307748331;5;1;13;0;2022;5;14;1;3;6;4;0;0;1;0;1;0;0;0;359457,877898500009906;5703714,048872429877520;6,976630835000040;51,467119866000097
173717;5220520303100077883;5;9;15;0;2022;5;15;6;3;5;3;0;1;1;1;0;0;0;0;415708,721560775011312;5724918,666836350224912;7,781118974000040;51,668917377000099
173720;5220523709700242796;5;5;66;28;2022;5;17;2;3;0;2;0;0;1;0;0;0;0;0;412075,973856549011543;5792270,872733119875193;7,711349318000030;52,273773241000100
173721;5220518600110090879;5;3;14;0;2022;5;16;4;3;5;2;0;0;1;1;0;0;0;0;364869,503934390028007;5621392,620392399840057;7,085307913000070;50,728595419000001
173723;5220521601100724932;5;3;15;0;2022;5;14;7;3;5;3;0;0;1;0;0;0;0;0;355131,055991609988268;5645269,052997459657490;6,937976142000020;50,940825109000102
173724;5220516606100076822;5;3;78;4;2022;5;16;2;3;4;3;0;1;1;0;0;0;0;0;365928,107818078016862;5651001,304391659796238;7,089450431000050;50,994955794000099
173725;5220518411216291112;5;7;74;16;2022;5;8;4;3;5;3;0;0;1;1;0;0;0;0;469115,048999999009538;5710719,212999650277197;8,554596997000029;51,546721151000000
173726;5220519518100585889;5;1;70;48;2022;5;11;5;3;0;1;0;0;1;0;0;0;0;0;334776,195606482971925;5725532,514799290336668;6,611343957000030;51,656466918000000
173727;5220515505100274034;5;1;14;0;2022;5;12;1;3;0;1;0;0;1;0;0;0;0;0;337711,793648798018694;5690623,656857850030065;6,669803563000070;51,343692769000000
173730;5220525301201894262;5;9;13;0;2022;5;10;4;3;0;2;0;0;1;0;0;0;0;0;390200,386999953014310;5710241,348999620415270;7,416988797000040;51,532589889000100
173731;5220510608100585750;5;3;34;2;2022;5;15;3;3;0;1;0;0;1;0;0;0;0;0;294792,837898419005796;5628974,095202200114727;6,089285580000020;50,776169392000000
173732;5220525709110879088;5;5;66;8;2022;5;11;4;3;0;1;0;0;1;0;0;0;0;0;399194,651108057005331;5781717,690847310237586;7,525764136000020;52,176714357000002
173734;5220516600380278302;5;3;14;0;2022;5;21;2;2;5;3;2;1;1;1;0;0;0;0;370378,759074713976588;5614670,039628629572690;7,165685406000020;50,669425944000103
173735;5220524601300193536;5;3;15;0;2022;5;14;3;3;5;3;0;0;1;1;0;0;0;0;347778,672999755013734;5647600,463999230414629;6,832427829000040;50,959881433000099
173738;5220513316300994265;5;9;74;28;2022;5;10;6;3;5;2;0;0;1;1;0;0;0;0;454988,119000001985114;5724951,834999649785459;8,349051632000061;51,673736245999997
173741;5220523518301728099;5;1;70;4;2022;5;15;2;3;0;3;0;0;1;1;0;0;0;0;328099,075758851016872;5717293,724112790077925;6,518949465000050;51,580454998999997
173743;5220511301101994315;5;9;13;0;2022;5;17;4;3;1;5;0;0;1;1;0;0;0;0;391915,553239972970914;5706666,338708939962089;7,442803291000080;51,500787327000097
173746;5220516702100572346;5;5;15;0;2022;5;11;2;3;5;3;0;0;1;1;0;0;0;0;408829,663566028000787;5755966,006758489646018;7,673504701000070;51,946923293000097
173750;5220523317220275398;5;9;78;4;2022;5;13;2;3;5;3;0;0;1;1;0;0;0;0;405102,243705192988273;5719384,099157890304923;7,629291522000070;51,617476121000003
173751;5220514601200693575;5;3;15;0;2022;5;11;7;3;0;7;0;0;1;0;1;0;0;0;352825,643999790016096;5642646,782999319955707;6,906243445000030;50,916675993000098
173752;5220525601100744884;5;3;15;0;2022;5;18;4;3;4;6;0;0;1;0;0;0;0;0;356951,033999816980213;5642821,467999380081892;6,964824110000050;50,919283237999998
173754;5220516514210296131;5;1;66;12;2022;5;7;2;3;5;3;0;0;1;1;0;0;0;0;320782,605842225020751;5693642,125774510204792;6,425458342000070;51,365722520000098
173755;5220514701610880956;5;5;62;12;2022;5;16;7;2;0;1;0;0;1;0;0;0;0;0;362611,139346159994602;5727142,040311420336366;7,012836367000030;51,678423445000099
173757;5220518610211189824;5;3;70;4;2022;5;12;4;3;4;1;0;0;1;0;0;0;1;0;311717,073089000012260;5662265,605931489728391;6,311857417000060;51,080960171000100
173759;5220512709110574663;5;5;66;8;2022;5;17;5;3;5;3;0;0;1;1;0;0;0;0;399756,042999971017707;5781054,819999669678509;7,534167210000020;52,170858929000097
173761;5220517518100196132;5;1;70;48;2022;5;8;3;3;8;7;0;0;1;0;0;0;0;0;336116,094914362998679;5726371,413678810000420;6,630303793000050;51,664395629000097
173762;5220519505100076285;5;1;14;0;2022;5;13;5;3;6;4;0;0;1;0;1;0;0;0;330774,473872323986143;5689284,699940670281649;6,570925220000050;51,329640886999996
173765;5220514501112191529;5;1;12;0;2022;5;17;7;3;1;2;0;0;1;1;0;0;0;0;343638,121367102023214;5708691,953536340035498;6,746850713000070;51,507695861999998
173766;5220523709700891641;5;5;66;28;2022;5;10;2;3;0;1;0;0;1;0;0;0;0;0;408859,227765605028253;5794841,234242140315473;7,663521960000030;52,296352011000103
173767;5220518516300981324;5;1;58;28;2022;5;11;4;2;5;3;0;0;1;1;0;0;0;0;348505,429999761981890;5686430,750999240204692;6,826441197000070;51,308996658000098
173771;5220518400100096945;5;7;11;0;2022;5;18;4;3;4;6;0;0;1;0;0;0;0;0;466185,111000001023058;5764902,056999670341611;8,507062711000060;52,033708494999999
173772;5220515410230896847;5;7;70;4;2022;5;15;1;3;8;1;0;0;1;0;0;0;0;0;486849,810577814001590;5784028,992381139658391;8,807560385000039;52,206548605000101
173777;5220525607300354237;5;3;82;16;2022;5;20;4;3;8;1;0;0;1;0;0;0;0;0;389146,524118866014760;5623906,188812740147114;7,428384602000050;50,756331533999997
173779;5220516500200001154;5;1;11;0;2022;5;16;2;3;4;2;0;0;1;0;0;0;0;0;345935,537607476988342;5679516,270641350187361;6,792579993000060;51,246177533999997
173782;5220511602500889770;5;3;62;24;2022;5;18;4;3;2;6;0;0;1;1;0;0;0;0;342655,466999711003155;5646037,068999109789729;6,760209692000050;50,944457098999997
173784;5220522314130684957;5;9;66;28;2022;5;12;1;3;5;2;0;0;1;1;0;0;0;0;421152,037999989988748;5647095,178999610245228;7,877030902000060;50,970055049999999
173785;5220525602700794860;5;3;62;28;2022;5;9;4;2;6;4;0;0;1;0;1;0;0;0;352228,357999788015150;5640534,475999309681356;6,898607499000040;50,897540929000101
173786;5220519601700286944;5;3;16;0;2022;5;16;5;3;2;1;0;1;1;1;0;0;0;0;356141,591155142989010;5657568,309462999925017;6,947477669000020;51,051608390000098
173788;5220515709300541172;5;5;66;68;2022;5;19;1;2;0;1;0;0;1;0;0;0;0;0;376677,837999917974230;5786430,369999590329826;7,194910733000030;52,214490357000003
173790;5220524500200176720;5;1;11;0;2022;5;9;3;2;1;3;0;1;1;1;0;0;0;0;345016,180178110022098;5681570,264530139975250;6,778528446000050;51,264384316000097
173792;5220511503300095735;5;1;20;0;2022;5;17;4;3;5;7;0;0;1;1;0;0;0;0;378214,181999919994269;5671068,923999560065567;7,257673417000030;51,178059304999998
173793;5220512515110596097;5;1;54;36;2022;5;13;5;3;0;7;0;0;1;0;0;0;0;1;303446,838901413022541;5742044,247176060453057;6,149648897000020;51,794668139000102
173794;5220521516500895617;5;1;58;16;2022;5;16;7;3;1;5;0;0;1;1;0;0;0;0;356130,967146897979546;5669962,174492100253701;6,942384813000050;51,162983744000002
173796;5220519514210095938;5;1;66;12;2022;5;9;5;3;4;6;0;0;1;0;0;0;0;0;320105,622999466024339;5694136,110998040065169;6,415493822000030;51,369945879000099
173797;5220520410230240259;5;7;70;4;2022;5;7;6;2;6;6;0;0;1;0;1;0;0;0;487463,618247881997377;5783048,225977060385048;8,816579089000070;52,197745229000098
173800;5220523701110048734;5;5;62;32;2022;5;20;2;3;5;3;0;0;1;0;0;0;0;1;380472,318999929004349;5717997,285999589599669;7,274164275000030;51,600321067000003
173804;5220524313110294332;5;9;58;4;2022;5;19;3;3;6;6;0;0;1;0;1;0;0;0;435013,526999996975064;5694279,053999640047550;8,065882359000060;51,396017675000103
173806;5220511506100675569;5;1;16;0;2022;5;17;4;3;5;3;0;0;1;1;0;0;0;0;321627,526999482011888;5676047,939998170360923;6,446369268000070;51,207938372999998
173807;5220512514217085960;5;1;66;36;2022;5;18;5;3;8;1;0;0;1;1;0;0;0;0;329430,048590750026051;5682921,996150329709053;6,554686996000040;51,272077828000100
173809;5220517516800495787;5;1;58;20;2022;5;9;3;3;0;7;0;0;1;0;1;0;0;0;356190,835999815026298;5662904,717999369837344;6,946056935000060;51,099576921999997
173810;5220519505200591329;5;1;14;0;2022;5;10;5;3;5;3;0;0;1;1;0;0;0;0;331855,487999610020779;5690211,156998709775507;6,585990017000030;51,338284804000097
173813;5220514500300295745;5;1;11;0;2022;5;15;7;3;3;5;0;0;1;1;0;0;0;0;345455,049428965023253;5676098,688061919994652;6,787175144000060;51,215339114000102
173814;5220523608100373639;5;3;34;2;2022;5;16;2;3;5;2;0;1;1;0;0;0;0;1;294826,807999005017336;5629005,074995449744165;6,089749475000080;50,776459645000003
173816;5220521502322173454;5;1;13;0;2022;5;16;7;3;0;7;0;0;1;0;0;0;0;0;358835,466999833006412;5705096,278999409638345;6,967123889000050;51,479385819000100
173818;5220518300400543597;5;9;11;0;2022;5;16;4;3;1;5;0;0;1;0;0;0;0;1;375462,642301559972111;5701259,548778720200062;7,207784981000030;51,448809020000098
173820;5220513709110657478;5;5;66;12;2022;5;17;6;3;4;6;0;0;1;0;0;0;0;0;404541,080953171011060;5772443,012154390104115;7,606531615000050;52,094303738000100
173821;5220523411132063060;5;7;74;32;2022;5;18;2;3;0;5;0;0;1;1;0;0;0;0;483031,788579547021072;5728643,210754900239408;8,754423930000030;51,708474010000003
173822;5220511300200638377;5;9;11;0;2022;5;15;4;3;5;3;0;0;1;1;0;0;0;0;371209,887770037981682;5704851,305892540141940;7,145309017000050;51,480137151000100
173826;5220524518100896069;5;1;70;48;2022;5;16;3;3;0;2;0;1;1;1;0;0;0;0;336127,089999659976456;5726564,750998860225081;6,630371971000050;51,666135734000100
173830;5220522400300569154;5;7;11;0;2022;5;18;1;3;5;3;0;0;1;1;0;0;0;0;469434,063414722972084;5756361,948545649647713;8,555184318000039;51,957115604000101
173832;5220525513210195733;5;1;62;24;2022;5;15;4;3;5;3;0;0;1;1;0;0;0;0;339431,627140027005225;5669471,232198569923639;6,703964764000030;51,154129640000100
173834;5220516301101880686;5;9;13;0;2022;5;7;2;3;5;7;0;0;1;1;0;0;0;0;392382,120999957027379;5707149,329999620094895;7,449375216000020;51,505217689000098
173835;5220514700000571568;5;5;13;0;2022;5;23;7;3;1;7;2;0;1;1;0;0;0;0;363199,028884675004520;5710279,273224799893796;7,027911693000020;51,527034393000100
173836;5220524301301294407;5;9;78;24;2022;5;15;3;3;0;5;0;0;1;1;0;0;0;0;391991,505486510985065;5717315,059801650233567;7,440627650000070;51,596516028000103
173838;5220511600110886337;5;3;14;0;2022;5;17;4;3;0;1;0;0;1;0;0;0;0;0;366424,436284456984140;5622427,136668610386550;7,106952295000040;50,738253264000001
173839;5220512600110495256;5;3;14;0;2022;5;8;5;3;4;6;0;0;1;0;0;0;0;1;366013,097999870020431;5619597,194999470375478;7,102154341000070;50,712723033000003
173840;5220521602400077500;5;3;62;32;2022;5;16;7;3;2;2;0;0;1;1;0;0;0;0;337787,198950026999228;5637954,710849850438535;6,694561167000070;50,870485193999997
173841;5220517601500286604;5;3;15;0;2022;5;20;3;2;2;6;0;0;1;0;0;1;0;0;364794,789999862026889;5648147,391999470070004;7,074371868000070;50,969041274000098
173843;5220524709700881515;5;5;66;72;2022;5;18;3;3;0;1;0;0;1;1;0;0;0;0;412932,781817185983527;5802734,581339259631932;7,721194879000050;52,367959814000102
173845;5220514404301196805;5;7;66;44;2022;5;7;7;3;0;3;0;0;1;1;0;0;0;0;493431,525929616007488;5765777,998108509927988;8,904229252000050;52,042576144000101
173846;5220523609224094890;5;3;58;24;2022;5;9;2;2;0;1;0;0;1;0;1;0;0;0;314335,575175487028901;5644582,466128840111196;6,358241941000070;50,922967595999999
173848;5220511405244390669;5;7;54;44;2022;5;22;4;3;0;7;2;0;1;1;0;0;0;0;466351,581000000005588;5747974,616999669931829;8,511147411000019;51,881529172999997
173851;5220518502000891488;5;1;13;0;2022;5;18;4;3;0;7;0;0;1;0;0;0;0;0;367252,659023300977424;5701683,520407930016518;7,089544601000060;51,450754131000103
173852;5220512513120595742;5;1;62;20;2022;5;12;5;3;7;3;0;0;1;1;0;0;0;0;324597,959999520971905;5672652,955998360179365;6,490508941000030;51,178359197000098
173853;5220513709300074703;5;5;66;84;2022;5;9;6;3;1;1;0;0;1;1;0;0;0;0;386166,042999943019822;5778959,793999630026519;7,336233091000050;52,149395214999998
173855;5220510600380086271;5;3;14;0;2022;5;12;3;3;5;3;0;0;1;1;0;0;0;0;369216,496943761012517;5617482,292265590280294;7,148252095000030;50,694443350000000
173856;5220525700000669607;5;5;13;0;2022;5;14;4;3;5;3;0;0;1;1;0;0;0;0;365410,229999868024606;5715136,822999490424991;7,057909556000030;51,571218043000002
173861;5220530602600994926;5;3;62;20;2022;5;18;2;3;8;1;0;0;1;0;0;0;0;0;342896,822999709984288;5629195,056999119929969;6,770875699000040;50,793182803999997
173865;5220528601400493529;5;3;15;0;2022;5;22;7;2;0;1;2;0;1;0;0;0;0;0;355685,155547796981409;5648900,948895550332963;6,944417507000030;50,973603099999998
173866;5220608303100095237;5;9;15;0;2022;6;6;4;3;8;6;0;1;1;1;0;0;0;0;417406,263115746027324;5726956,382928660139441;7,805178167000070;51,687487549000103
173867;5220526608100775542;5;3;34;2;2022;5;14;5;3;3;6;0;0;1;0;0;0;0;0;290152,558014875976369;5636150,302101359702647;6,019458862000020;50,838956258000103
173873;5220612600380563585;5;3;14;0;2022;6;11;1;3;1;5;0;0;1;1;0;0;0;0;370958,279483631020412;5616136,659492149949074;7,173370194000030;50,682737299999999
173874;5220527709110974197;5;5;66;76;2022;5;0;6;3;0;1;2;1;1;0;0;0;0;0;393291,121426271973178;5793174,130766339600086;7,435846420000080;52,278566218999998
173877;5220531601200093454;5;3;15;0;2022;5;16;3;2;0;7;0;0;1;0;0;0;0;0;355034,434999806981068;5642492,174999359995127;6,937706031000060;50,915845640999997
173881;5220613610221475603;5;3;70;20;2022;6;15;2;3;5;2;0;0;1;1;0;0;0;0;305191,718999220989645;5659859,120996739715338;6,220105612000050;51,057167460000102
173882;5220608600110985343;5;3;14;0;2022;6;14;4;3;5;3;0;1;1;1;0;0;0;0;365711,803999866009690;5621940,757999470457435;7,097035932000040;50,733717370000100
173886;5220529516500774514;5;1;58;16;2022;5;14;1;3;5;3;0;0;1;1;0;0;0;0;355123,819999807979912;5671523,549999359995127;6,927361538000070;51,176760641000001