OBJECTID;UIDENTSTLAE;ULAND;UREGBEZ;UKREIS;UGEMEINDE;UJAHR;UMONAT;USTUNDE;UWOCHENTAG;UKATEGORIE;UART;UTYP1;ULICHTVERH;IstStrassenzustand;IstRad;IstPKW;IstFuss;IstKrad;IstGkfz;IstSonstige;LINREFX;LINREFY;XGCSWGS84;YGCSWGS84
173887;5220531513310991749;5;1;62;8;2022;5;12;3;3;6;4;0;0;1;0;1;0;0;0;333074,051975829002913;5666228,653662489727139;6,614640545000040;51,123177709000103
173888;5220605608328480753;5;3;34;28;2022;6;17;1;3;0;1;0;0;1;0;0;0;0;0;314823,089818035019562;5609966,104528809897602;6,382592207000070;50,612151429000100
173890;5220602601600454009;5;3;15;0;2022;6;15;5;3;0;3;0;0;1;0;0;0;0;1;357329,628616291971412;5645267,539037290029228;6,969249421000030;50,941359704000000
173891;5220613513120889773;5;1;62;20;2022;6;15;2;2;4;3;0;0;1;0;0;0;0;0;328974,317165373009630;5674385,897893129847944;6,552234791000050;51,195253688999998
173892;5220528502408978893;5;1;17;0;2022;5;20;7;3;0;7;1;0;1;0;0;0;0;0;350791,286065105989110;5698993,616802469827235;6,853940329000070;51,422485895000101
173896;5220612301205473416;5;9;13;0;2022;6;15;1;2;5;3;0;0;1;1;0;0;0;0;386574,308464672008995;5711275,101743849925697;7,364400096000050;51,541164410000100
173898;5220603711111151183;5;5;70;52;2022;6;8;6;3;5;3;0;0;1;1;0;0;0;0;430849,897878928983118;5757060,725038520060480;7,993608906000080;51,959937854000003
173900;5220530605104093662;5;3;74;12;2022;5;15;2;2;0;7;0;1;1;0;0;0;0;0;406013,378686497977469;5658587,772029469721019;7,658502187000070;51,071102152999998
173903;5220527705000896573;5;5;54;20;2022;5;16;6;3;0;1;0;0;1;0;0;0;0;0;364924,029909543984104;5786616,442305509932339;7,022899979000040;52,213406377000098
173905;5220531605108393474;5;3;74;8;2022;5;13;3;3;0;1;0;0;1;0;0;0;0;0;394820,310813355026767;5651739,732721409760416;7,500784290000070;51,007600506000102
173907;5220603602700386661;5;3;62;40;2022;6;14;6;3;5;6;0;0;1;1;0;0;0;0;354941,700999805005267;5633112,753999349661171;6,940108160000020;50,831530720000003
173908;5220613701500995026;5;5;62;24;2022;6;7;2;3;1;5;0;1;1;1;0;0;0;0;369940,799335158022586;5725550,095586850307882;7,119380495000030;51,665862392000101
173910;5220602513110776837;5;1;62;16;2022;6;17;5;3;1;1;0;0;1;1;0;0;0;0;331930,191999609989580;5678640,150998730212450;6,592506101000030;51,234351880000098
173913;5220528607400836974;5;3;82;44;2022;5;19;7;2;8;1;0;0;1;0;0;0;0;0;363861,474999858997762;5631672,112999459728599;7,067228252000060;50,820749455000097
173916;5220606610221877514;5;3;70;20;2022;6;15;2;2;0;1;0;0;1;0;0;0;0;0;306389,651972146006301;5659238,403924030251801;6,237510648000070;51,051997309999997
173918;5220613500300501483;5;1;11;0;2022;6;13;2;3;5;3;0;0;1;0;0;0;0;1;347342,073071266000625;5673492,005493910051882;6,815281819000060;51,192424010000103
173924;5220612410130576071;5;7;70;28;2022;6;23;1;3;1;5;2;0;1;1;0;0;0;0;490677,118414104974363;5800241,841585580259562;8,863120576000030;52,352388334000103
173926;5220604709500876632;5;5;66;76;2022;6;15;7;3;0;7;0;0;1;0;0;0;0;0;394585,880061724979896;5795391,055137430317700;7,454124135000030;52,298740065000104
173927;5220530500300501983;5;1;11;0;2022;5;14;2;3;2;6;0;0;1;1;0;0;0;0;344700,292480607982725;5675005,295774020254612;6,776850330000060;51,205309780000100
173928;5220601301101694423;5;9;13;0;2022;6;22;4;2;5;3;2;1;1;1;0;0;0;0;394932,525505179015454;5707816,574230929836631;7,485910225000050;51,511695202000098
173930;5220606700000677670;5;5;13;0;2022;6;22;2;3;5;3;2;0;1;1;0;0;0;0;368045,475012532027904;5709309,229851939715445;7,098097973000050;51,519470166000097
173932;5220613600380395378;5;3;14;0;2022;6;13;2;3;5;2;0;0;1;1;0;0;0;0;369175,073887621983886;5617122,153420919552445;7,147793439000050;50,691197008000103
173933;5220608608200673658;5;3;34;2;2022;6;13;4;3;2;6;0;1;1;1;0;0;0;0;296393,847999036021065;5629243,330995700322092;6,111814772000060;50,779151683000102
173936;5220604513310989802;5;1;62;8;2022;6;12;7;3;0;5;0;0;1;1;0;0;0;0;333989,077999626984820;5666544,559998819604516;6,627558687000030;51,126281874000000
173938;5220528702100076712;5;5;15;0;2022;5;14;7;2;8;1;0;0;1;0;0;0;0;0;406404,930999977979809;5763039,626999660395086;7,636306883000030;52,010101462000101
173940;5220605405108080417;5;7;54;8;2022;6;11;1;3;3;5;0;0;1;1;0;0;0;0;458003,707550304010510;5750663,563011379912496;8,389546623000060;51,905138142000098
173941;5220610515110091636;5;1;54;36;2022;6;15;6;3;5;3;0;0;1;1;0;0;0;0;302579,770999233995099;5744078,240995990112424;6,135933695000060;51,812628142000101
173943;5220613301201794387;5;9;13;0;2022;6;15;2;3;2;6;0;0;1;1;0;0;0;0;388209,913556578976568;5714651,946154519915581;7,386901847000050;51,571842082000003
173945;5220608500200650578;5;1;11;0;2022;6;15;4;2;0;3;0;1;1;1;0;0;0;0;345931,969523656007368;5678988,751943729817867;6,792755902000070;51,241436579999998
173946;5220526603236143538;5;3;66;36;2022;5;7;5;3;0;1;0;0;1;0;0;0;0;0;323089,197136924020015;5605325,781109469942749;6,501518466000050;50,573025434000002
173947;5220612301102989376;5;9;13;0;2022;6;21;1;2;0;7;1;0;1;0;0;0;0;0;395012,858500913018361;5705272,129466019570827;7,487824692000060;51,488839161000001
173948;5220606317210478674;5;9;78;20;2022;6;18;2;2;0;1;0;0;1;0;0;0;0;0;403982,210441487026401;5714706,701961380429566;7,614398978000050;51,575241298000002
173951;5220530600110085831;5;3;14;0;2022;5;8;2;3;5;2;0;0;1;1;0;0;0;0;366721,962999872979708;5618645,344999480061233;7,112532833000050;50,704330712000100
173956;5220531702100842556;5;5;15;0;2022;5;13;3;3;3;6;0;1;1;0;0;0;0;0;406325,319362792011816;5751737,670999559573829;7,638229329000070;51,908500699000101
173957;5220611500200067523;5;1;11;0;2022;6;9;7;3;5;3;0;0;1;1;0;0;0;0;345429,228861499985214;5678060,353191860020161;6,785959827000060;51,232958543000102
173959;5220613602700094766;5;3;62;28;2022;6;17;2;3;5;2;0;0;1;1;0;0;0;0;351042,211999778985046;5638674,934999289922416;6,882510220000030;50,880525385000098
173960;5220609503400095567;5;1;22;0;2022;6;17;5;3;0;7;0;1;1;0;0;0;0;0;365107,165919387014583;5670409,205273849889636;7,070514139000070;51,169188361000103
173961;5220602301303882388;5;9;13;0;2022;6;7;5;3;3;6;0;0;1;1;0;0;0;0;397913,579999967012554;5704066,032999630086124;7,529938736000080;51,478528967999999
173963;5220606502402616800;5;1;17;0;2022;6;12;2;2;6;7;0;0;1;0;1;0;0;0;352563,634789730014745;5700002,866110539995134;6,878993029000070;51,432018459000098
173964;5220604605144893343;5;3;74;44;2022;6;13;7;3;0;1;0;0;1;0;0;0;0;0;404500,793202813016251;5638054,164646250195801;7,642314039000040;50,886255388999999
173965;5220528603236542786;5;3;66;36;2022;5;20;7;3;0;1;0;0;1;0;0;0;0;0;321451,071999459993094;5600849,547998299822211;6,480553006000040;50,532310435000099
173966;5220531405220590798;5;7;54;20;2022;5;8;3;3;5;3;0;0;1;1;0;0;0;0;446555,656000001006760;5749746,200999660417438;8,223296030000030;51,895910136000097
173967;5220605601300593462;5;3;15;0;2022;6;16;1;3;2;6;0;1;1;1;0;0;0;0;347860,737999755016062;5645640,529999230057001;6,834414483000050;50,942290857000003
173973;5220526706300038857;5;5;58;4;2022;5;4;5;3;8;1;2;0;1;0;0;0;0;0;405724,951564432005398;5738893,091163439676166;7,633007320000050;51,792944366000000
173974;5220604411232272320;5;7;74;32;2022;6;20;7;3;4;6;0;0;1;1;0;0;0;0;480780,455000001995359;5732390,567999660037458;8,721634560000039;51,742094914000099
173975;5220601500300674507;5;1;11;0;2022;6;0;4;3;0;1;2;1;1;0;0;0;0;0;352367,036999789008405;5674295,454999309964478;6,886811362000060;51,200964104999997
173976;5220530603116578216;5;3;66;16;2022;5;17;2;3;4;2;0;0;1;1;0;0;0;0;343625,857999716012273;5613971,942999149672687;6,787666070000060;50,656582047000001
173977;5220610513130681645;5;1;62;22;2022;6;18;6;2;5;3;0;0;1;0;0;0;0;0;338351,183894222020172;5686126,049287569709122;6,681015916000040;51,303465652000099
173978;5220612701910474176;5;5;62;8;2022;6;13;1;3;4;6;0;0;1;1;0;0;0;0;385419,385999942023773;5724910,142999609932303;7,343298724000020;51,663480397999997
173981;5220526514121085878;5;1;66;4;2022;5;23;5;2;9;1;2;0;1;0;0;0;0;0;304606,998170529026538;5682956,551622980274260;6,199228860000060;51,264419486000101
173984;5220609705000476764;5;5;54;8;2022;6;12;5;3;5;3;0;1;1;1;0;0;0;0;337062,579753171012271;5747068,756398050114512;6,634275246000070;51,850609388000102
173986;5220601316200494438;5;9;74;52;2022;6;17;4;3;5;3;0;1;1;1;0;0;0;0;424454,276790210977197;5712565,812759550288320;7,910219544000030;51,559110332000003
173990;5220610500300279205;5;1;11;0;2022;6;7;6;2;5;3;0;0;1;1;0;0;0;0;351954,281999787024688;5669212,849999300204217;6,883001277000060;51,155184624000100
173991;5220602701110995214;5;5;62;32;2022;6;13;5;3;0;1;0;0;1;0;0;0;0;0;376022,088999914005399;5716597,710999569855630;7,210435970000050;51,586780808000100
173993;5220528501315196105;5;1;12;0;2022;5;16;7;3;2;1;0;0;1;0;0;0;0;0;346591,051883365027606;5700195,811895620077848;6,793055564000040;51,432166635999998
173994;5220608301304975445;5;9;13;0;2022;6;20;4;3;5;6;1;1;1;1;0;0;0;0;400102,381942517007701;5708885,880624409765005;7,560082112000030;51,522244835000002
173999;5220609601500490377;5;3;15;0;2022;6;20;5;3;0;1;0;0;1;0;0;0;0;0;361260,748300590028521;5649553,859840439632535;7,023534048000040;50,980841100000099
174000;5220612516800386853;5;1;58;20;2022;6;12;1;2;0;7;0;0;1;0;0;0;0;0;356371,794954660988878;5664223,229998960159719;6,948114940000040;51,111471178000002
174001;5220527709700042796;5;5;66;28;2022;5;17;6;3;0;1;0;0;1;0;0;0;0;0;412473,408999982988462;5794915,527499689720571;7,716485880000050;52,297607509999999
174002;5220607501215976425;5;1;12;0;2022;6;11;3;3;1;5;0;0;1;1;0;0;0;0;338388,297999677015468;5696556,280998960137367;6,676811176000060;51,397187394000099
174003;5220601302100971347;5;9;14;0;2022;6;14;4;3;3;6;0;0;1;1;0;0;0;0;393065,577999959990848;5690426,818999609909952;7,464267714000070;51,355035606000101
174005;5220607609108965737;5;3;58;8;2022;6;15;3;3;2;6;0;0;1;1;0;0;0;0;322865,468907062022481;5629812,492484809830785;6,486630178000040;50,792955354000100
174006;5220603302100093903;5;9;14;0;2022;6;16;6;2;4;6;0;0;1;1;0;0;0;0;397404,241999965975992;5688996,638999620452523;7,526966926000060;51,342979806000102
174008;5220609505100618069;5;1;14;0;2022;6;16;5;3;5;3;0;0;1;1;0;0;0;0;331279,447999603988137;5689450,724998690187931;6,578088068000060;51,331282477999999
174009;5220602301101394315;5;9;13;0;2022;6;16;5;3;1;5;0;0;1;1;0;0;0;0;395299,612398145021871;5705838,916115559637547;7,491785257000060;51,493986963000097
174010;5220527400300996263;5;7;11;0;2022;5;18;6;3;3;2;0;0;1;1;0;0;0;0;466098,403558766003698;5760048,797333650290966;8,506279258000060;51,990069456000100
174012;5220529501224396056;5;1;12;0;2022;5;15;1;2;0;3;0;0;1;1;0;0;0;0;338352,016999680025037;5706971,357998950406909;6,671533652000050;51,490750252000097
174013;5220531516100395565;5;1;58;36;2022;5;0;3;3;9;1;2;0;1;0;0;0;0;0;363298,186967203975655;5683246,591265110298991;7,039758204000070;51,284127098000098
174014;5220605410110587123;5;7;70;24;2022;6;11;1;3;1;7;0;0;1;1;1;0;0;0;492336,709283725009300;5794688,980343599803746;8,887613366000039;52,302491384000099
174015;5220610601500293612;5;3;15;0;2022;6;12;6;3;4;3;0;0;1;0;0;0;0;0;357752,464820361987222;5644194,740866299718618;6,975682785000060;50,931822961000101
174016;5220606602300794833;5;3;62;36;2022;6;15;2;3;0;1;0;0;1;0;0;0;0;0;346184,105999741004780;5651884,484999200329185;6,807926782000040;50,997953994000099
174017;5220603301303294292;5;9;13;0;2022;6;8;6;3;5;3;0;0;1;0;0;0;1;0;397314,539999966975302;5705725,020999619737267;7,520833034000020;51,493332768000101
174018;5220613506100096082;5;1;16;0;2022;6;20;2;2;1;5;0;0;1;1;0;0;0;0;319628,066152213024907;5675624,524226070381701;6,417988238000020;51,203506947000101
174019;5220608600380978309;5;3;14;0;2022;6;11;4;3;2;6;0;0;1;1;0;0;1;0;367323,101444944972172;5617486,132310300134122;7,121457614000060;50,694049046000004
174020;5220604316100365884;5;9;74;32;2022;6;11;7;3;0;1;0;0;1;0;0;0;0;0;434394,070198543020524;5705443,348091210238636;8,054909629000059;51,496319954000100
174021;5220601400200574533;5;7;11;0;2022;6;13;4;3;1;6;0;0;1;1;0;0;0;0;467796,864000000990927;5763742,514999669976532;8,530666351000040;52,023379447000103
174022;5220530601600793598;5;3;15;0;2022;5;8;2;3;5;3;0;0;1;1;0;0;0;0;365301,232999866013415;5637338,257999470457435;7,085572556000050;50,872011884000102
174023;5220609607000990878;5;3;82;60;2022;6;18;5;3;5;2;0;0;1;1;0;0;0;0;373448,685999902023468;5629543,079999529756606;7,203998897000080;50,803787704000101
174024;5220613500300157377;5;1;11;0;2022;6;20;2;2;5;3;0;0;1;1;0;0;0;0;344627,467999731015880;5676157,459999149665236;6,775309655000060;51,215642623000100
174027;5220526601200991750;5;3;15;0;2022;5;21;5;3;0;1;2;0;1;0;0;0;0;0;361054,168999843008351;5638149,308999430388212;7,024940034000050;50,878295741000002
174029;5220603600110295275;5;3;14;0;2022;6;13;6;3;6;4;0;0;1;0;1;0;0;0;365933,684282333997544;5621741,608704339712858;7,100250724000030;50,731978679000100
174031;5220609502208673496;5;1;13;0;2022;6;17;5;3;0;7;0;1;1;0;0;0;0;0;358192,641347701021004;5701682,203023480251431;6,959242453000060;51,448545907000003
174035;5220605301103094445;5;9;13;0;2022;6;9;1;3;0;7;0;0;1;0;0;0;0;0;391248,350999953981955;5704906,354999610222876;7,433736945000020;51,484839948999998
174041;5220614301202794366;5;9;13;0;2022;6;8;3;3;0;1;0;0;1;0;0;0;0;0;394708,150259690009989;5709303,931963269598782;7,482233652000050;51,525022609000096
174045;5220604518100827929;5;1;70;48;2022;6;7;7;2;0;7;0;0;1;0;0;0;0;0;335254,201528329984285;5726006,531971059739590;6,618024716000040;51,660865640000097
174046;5220602404101838007;5;7;66;20;2022;6;16;5;3;5;2;0;0;1;1;0;0;0;0;492009,109714719001204;5754147,454622150398791;8,883761011000050;51,937987772000000
174052;5220531608404679490;5;3;34;4;2022;5;18;3;3;0;3;0;0;1;0;0;0;0;0;303392,977999177994207;5638572,762996619567275;6,205970086000040;50,865364371000098
174053;5220611316200171386;5;9;74;52;2022;6;3;7;3;0;7;2;0;1;0;0;0;0;0;425103,431616031972226;5712280,539157040417194;7,919642861000060;51,556632290000003
174054;5220607410220653239;5;7;70;8;2022;6;7;3;3;5;1;0;0;1;1;0;0;0;0;474905,613222639018204;5802987,367450200021267;8,631360036000050;52,376576131000000
174055;5220603505200895931;5;1;14;0;2022;6;17;6;3;2;6;0;0;1;1;0;0;0;0;330057,481097433017567;5690596,198921790346503;6,560017709000020;51,341209370000101
174056;5220614405140538700;5;7;54;40;2022;6;8;3;3;5;3;0;0;1;1;0;0;0;0;460110,340867723978590;5761780,079501610249281;8,418875998000029;52,005236743000097
174057;5220609518300378902;5;1;70;20;2022;6;14;5;3;4;6;0;1;1;1;0;0;0;0;329361,123150359024294;5707311,332714390009642;6,541984329000060;51,491162901999999
174060;5220606500200468067;5;1;11;0;2022;6;12;2;3;0;4;0;0;1;0;1;0;0;0;346336,951999744982459;5679296,945999190211296;6,798420992000050;51,244315078000099
174061;5220604602400050569;5;3;62;32;2022;6;17;7;3;0;1;0;0;1;0;0;0;0;0;337572,991713134979364;5637745,401456859894097;6,691612339000070;50,868544317000001
174064;5220605503400278687;5;1;22;0;2022;6;14;1;3;3;6;0;0;1;1;0;0;0;0;360866,101173184986692;5666003,180582400411367;7,011592104000040;51,128576123000101
174065;5220610502210677752;5;1;13;0;2022;6;18;6;3;3;7;0;0;1;0;0;0;0;0;361084,054999844986014;5699654,036999439820647;7,001621288000020;51,431036789000103
174066;5220603301204576076;5;9;13;0;2022;6;13;6;3;6;4;0;0;1;0;1;0;0;1;384445,567202354024630;5706627,381328470073640;7,335241583000030;51,498959368000001
174067;5220613600110595275;5;3;14;0;2022;6;6;2;3;4;6;0;0;1;1;0;0;0;0;365303,966708298015874;5620398,777485259808600;7,091823222000070;50,719763721000000
174070;5220601315210490192;5;9;70;24;2022;6;15;4;3;0;7;0;0;1;0;0;0;0;0;429067,733338963997085;5645848,097274219617248;7,989991283000050;50,959871669000101
174072;5220609608100289923;5;3;34;2;2022;6;17;5;3;2;6;0;0;1;1;0;0;0;0;295181,097722270991653;5628711,370240029878914;6,094931497000060;50,773947008000100
174074;5220612607400290911;5;3;82;68;2022;6;17;1;3;8;1;0;0;1;0;0;0;0;0;367857,329999878013041;5629810,898999489843845;7,124595071000040;50,804946620000102
174075;5220528601100081248;5;3;15;0;2022;5;12;7;3;0;1;0;0;1;0;0;0;0;0;356005,291999812994618;5645159,298999370075762;6,950454614000020;50,940057756000002
174076;5220607701700095161;5;5;62;16;2022;6;17;3;3;5;3;0;0;1;1;0;0;0;0;374872,337999909999780;5734111,008999570272863;7,187577425000030;51,743918438000001
174078;5220611411220437885;5;7;74;20;2022;6;14;7;3;5;3;0;0;1;1;0;0;0;0;469674,560000000987202;5735121,234999660402536;8,560548753000029;51,766155529999999
174083;5220527515212595972;5;1;54;32;2022;5;9;6;2;0;1;0;1;1;0;0;0;0;0;309667,692321994982194;5717750,162099430337548;6,252994650000060;51,578632996000103
174087;5220611400100696903;5;7;11;0;2022;6;12;7;3;3;2;0;0;1;1;0;0;0;0;468415,984999999986030;5765345,445999680086970;8,539541197000061;52,037826389000003
174090;5220613602500294837;5;3;62;24;2022;6;7;2;3;5;3;0;0;1;1;0;0;0;0;345474,998999734991230;5642364,089999180287123;6,801870503000030;50,912214375000097
174094;5220601518100644189;5;1;70;48;2022;6;16;4;3;5;7;0;0;1;1;0;0;0;0;335139,353999649989419;5725710,675998819991946;6,616505264000070;51,658174086000002
174098;5220610515211085999;5;1;54;16;2022;6;13;6;3;5;3;0;0;1;1;0;0;0;0;302779,305524351017084;5729916,986795550212264;6,146854495000070;51,685528294000100
174100;5220613411132570307;5;7;74;32;2022;6;7;2;2;6;4;0;1;1;0;1;0;0;0;484362,403639463998843;5728931,465613259933889;8,773668438000071;51,711104475000099
174102;5220608301306173404;5;9;13;0;2022;6;10;4;3;5;2;0;0;1;1;0;0;0;0;396309,900967272988055;5713857,056753150187433;7,503972297000080;51,566245170999998
174103;5220526506100095893;5;1;16;0;2022;5;21;5;3;0;1;0;0;1;0;0;0;0;0;322884,782999498012941;5677648,325998250395060;6,463559204000030;51,222706426000101
174104;5220612300300786070;5;9;11;0;2022;6;17;1;3;0;1;0;0;1;0;0;0;0;0;383363,787724643014371;5703973,897467739880085;7,320540510000060;51,474887990000099
174107;5220601506100671790;5;1;16;0;2022;6;12;4;3;5;3;0;0;1;1;0;0;0;0;321708,427999483013991;5670882,393998189829290;6,450089589000070;51,161560018999999
174108;5220531301202180619;5;9;13;0;2022;5;15;3;3;0;5;0;0;1;1;0;0;0;0;392969,214309639006387;5709099,681434149853885;7,457238901000040;51,522859814000100
174109;5220609600380075889;5;3;14;0;2022;6;8;5;3;0;7;0;1;1;0;0;0;0;0;368414,762014649983030;5618234,858718929812312;7,136638710000060;50,701026748000103
174112;5220528702100076118;5;5;15;0;2022;5;13;7;3;5;3;0;0;1;1;0;0;0;0;407857,174999982002191;5757275,247999659739435;7,659008453000070;51,958531258000100
174114;5220605500300873996;5;1;11;0;2022;6;16;1;3;0;1;0;1;1;0;0;0;0;0;344267,239123579987790;5674571,022232269868255;6,770844548000070;51,201289772000102
174115;5220610410230096847;5;7;70;4;2022;6;15;6;3;0;1;0;0;1;0;0;0;0;0;486241,588932115992066;5783107,652986659668386;8,798697170000031;52,198250368000103
174116;5220602610212780809;5;3;70;40;2022;6;12;5;3;5;2;0;0;1;1;0;0;0;0;309689,461999305000063;5668949,145997200161219;6,279418557000040;51,140324153999998
174117;5220613501215796076;5;1;12;0;2022;6;9;2;3;0;7;0;1;1;0;0;0;0;0;337865,139999671024270;5696598,524998939596117;6,669278089000040;51,397417670999999
174118;5220608410220790702;5;7;70;8;2022;6;15;4;3;4;6;0;0;1;1;0;0;0;0;473829,234999999986030;5803134,327999689616263;8,615536798000051;52,377846961000003
174119;5220526702100960729;5;5;15;0;2022;5;11;5;3;7;7;0;0;1;0;0;0;0;0;407979,214158907998353;5759552,257479780353606;7,660173699000040;51,979018474999997
174121;5220614505100318054;5;1;14;0;2022;6;14;3;3;6;4;0;0;1;0;1;0;0;0;330856,919026448973455;5688217,065053979866207;6,572614191000070;51,320073866000001
174122;5220601514213085981;5;1;66;8;2022;6;0;4;1;2;6;2;1;1;0;0;0;0;0;317317,107532144989818;5689322,745115309953690;6,377946927000040;51,325819578000100
174124;5220609601200793567;5;3;15;0;2022;6;15;5;3;0;5;0;0;1;1;0;0;0;0;353454,585130122024566;5643646,659922280348837;6,914782881000060;50,925821603000003
174128;5220526503400868148;5;1;22;0;2022;5;16;5;3;1;5;0;0;1;1;0;0;0;0;361901,395857080002315;5671383,133663070388138;7,024314047000080;51,177175877000103
174129;5220611605112775894;5;3;74;12;2022;6;14;7;2;5;3;0;0;1;1;0;0;0;0;397930,541548762004822;5656611,795713979750872;7,543729387000040;51,051958493000001
174130;5220603607400090853;5;3;82;68;2022;6;22;6;3;0;7;2;0;1;0;0;0;0;0;370056,736901219002903;5630816,052353530190885;7,155436366000060;50,814478545999997
174132;5220605709300512304;5;5;66;96;2022;6;18;1;2;0;7;1;1;1;0;0;0;0;0;385127,341999940981623;5785618,318999630399048;7,318803438000030;52,209019077000100
174133;5220609515211085993;5;1;54;16;2022;6;15;5;3;1;5;0;0;1;1;0;0;0;0;303578,092761581996456;5728916,091510419733822;6,158958049000030;51,676819809000101
174136;5220527505200495988;5;1;14;0;2022;5;16;6;2;5;3;0;0;1;1;0;0;0;0;330462,534999593975954;5690536,973998649977148;6,565855906000020;51,340798242000098
174137;5220604702100772399;5;5;15;0;2022;6;14;7;3;0;1;0;0;1;0;0;0;0;0;407567,787963605020195;5751516,401571819558740;7,656345345000030;51,906719349000099
174138;5220530500200995725;5;1;11;0;2022;5;9;2;3;1;5;0;0;1;1;0;0;0;0;342698,964763458992820;5683319,336867970414460;6,744572221000060;51,279465201999997
174146;5220527301103175388;5;9;13;0;2022;5;10;6;3;6;6;0;0;1;0;1;0;0;0;391171,075999955995940;5704818,276999619789422;7,432651610000050;51,484033404999998
174147;5220604515211196080;5;1;54;16;2022;6;21;7;3;0;1;1;0;1;0;0;0;0;0;303481,150925224006642;5729407,643498419784009;6,157281132000040;51,681200229000098
174148;5220601516500391350;5;1;58;16;2022;6;4;4;3;5;3;0;0;1;1;0;0;0;0;353495,841999798023608;5670714,248999330215156;6,904417653000050;51,169073293000103
174152;5220610410130848370;5;7;70;28;2022;6;16;6;2;5;3;0;0;1;1;0;0;0;0;501895,223463319998700;5801841,719903309829533;9,027834927000070;52,366847886000102
174153;5220602709110196559;5;5;66;12;2022;6;17;5;3;0;3;0;0;1;1;0;0;0;0;404898,324972163012717;5773025,128509409725666;7,611582392000060;52,099597410999998
174154;5220613315110085257;5;9;70;40;2022;6;10;2;3;0;7;0;0;1;0;0;0;0;0;428909,703530000988394;5641290,127606219612062;7,988630955000080;50,918870617000003
174155;5220528601100793565;5;3;15;0;2022;5;18;7;3;0;7;0;0;1;0;0;0;0;0;355120,494999805989210;5644550,991999359801412;6,938111439000070;50,934369408000101
174156;5220608500200995488;5;1;11;0;2022;6;16;4;3;5;3;0;1;1;1;0;0;0;0;346681,999652412021533;5676959,609520239755511;6,804360994000040;51,223405722000102
174157;5220526602700094860;5;3;62;28;2022;5;19;5;3;0;1;0;0;1;0;0;0;0;0;350907,457999776990619;5637658,717999289743602;6,881010395000030;50,871358362000102
174158;5220612301306394365;5;9;13;0;2022;6;16;1;3;5;3;0;0;1;0;0;0;0;0;399544,707999969017692;5713026,587999629788101;7,550864702000070;51,559365860000099
174159;5220603608312832963;5;3;34;12;2022;6;14;6;3;0;1;0;0;1;0;0;0;0;0;307649,755207328009419;5636972,271507769823074;6,267230851000020;50,852419750000102
174160;5220609601100293628;5;3;15;0;2022;6;16;5;3;5;3;0;0;1;0;0;0;0;0;356718,902999815996736;5643692,553999380208552;6,961181527000060;50,927054027000104
174161;5220602516300995596;5;1;58;28;2022;6;19;5;3;0;1;0;0;1;0;0;0;0;0;349747,130999771005008;5684817,397999259643257;6,844922145000060;51,294828785000000
174162;5220612405108896861;5;7;54;8;2022;6;10;1;3;0;2;0;0;1;1;0;0;0;0;456360,565771089983173;5750604,037454170174897;8,365671189000070;51,904476676999998
174163;5220528301202094251;5;9;13;0;2022;5;15;7;3;5;2;0;0;1;1;0;0;0;0;392598,306445953028742;5709911,644871500320733;7,451647086000040;51,530087652000098
174164;5220607601200093584;5;3;15;0;2022;6;18;3;3;0;3;0;1;1;1;0;0;0;0;361126,217955576023087;5638085,219310680404305;7,025987876000040;50,877737064000002
174165;5220531601200093489;5;3;15;0;2022;5;10;3;3;0;5;0;1;1;1;0;0;0;0;353644,646693625021726;5643936,809509620070457;6,917368910000050;50,928477329000003
174166;5220611500300292700;5;1;11;0;2022;6;16;7;3;8;7;0;0;1;0;0;0;0;0;348523,698263095982838;5675109,103408919647336;6,831496845000060;51,207269263000100
174168;5220603501131728074;5;1;12;0;2022;6;11;6;3;6;7;0;0;1;0;1;0;0;0;342088,115244421991520;5712219,531455250456929;6,722953253000070;51,538958716000103
174169;5220613701800375247;5;5;62;4;2022;6;10;2;3;5;3;0;0;1;0;0;1;0;0;384246,069290851999540;5711667,101406649686396;7,330713096000070;51,544214942000103
174170;5220609406120578058;5;7;58;16;2022;6;15;5;3;5;3;0;1;1;1;0;0;0;0;475013,458000000973698;5779945,359999679960310;8,634651391000030;52,169425208000099
174172;5220527506100196129;5;1;16;0;2022;5;12;6;3;5;2;0;0;1;1;0;0;0;0;323044,236789912974928;5677543,355073910206556;6,465892133000070;51,221812881000098
174174;5220529608332041300;5;3;34;32;2022;5;13;1;3;5;3;0;0;1;1;0;0;0;0;303936,268999184016138;5630417,896996710449457;6,218041525000050;50,792300705000102
174175;5220531406110096899;5;7;58;12;2022;5;7;3;3;5;3;0;0;1;1;0;0;0;0;477522,558000001008622;5773188,213999669998884;8,671785138000081;52,108782339000101
174176;5220610601400393600;5;3;15;0;2022;6;14;6;3;5;2;0;0;1;1;0;0;0;0;356617,960999818984419;5647489,753999380394816;6,958251352000050;50,961153912000000
174180;5220611518400396050;5;1;70;8;2022;6;19;7;2;0;7;0;0;1;0;0;0;0;0;344019,527634976024274;5715810,138149370439351;6,749187930000060;51,571756245000103
174181;5220603608328590334;5;3;34;28;2022;6;14;6;3;5;7;0;0;1;0;0;0;0;1;309010,591549057979137;5609172,869945660233498;6,300938334000020;50,603151916999998