OBJECTID;UIDENTSTLAE;ULAND;UREGBEZ;UKREIS;UGEMEINDE;UJAHR;UMONAT;USTUNDE;UWOCHENTAG;UKATEGORIE;UART;UTYP1;ULICHTVERH;IstStrassenzustand;IstRad;IstPKW;IstFuss;IstKrad;IstGkfz;IstSonstige;LINREFX;LINREFY;XGCSWGS84;YGCSWGS84
174183;5220609406140190662;5;7;58;32;2022;6;11;5;3;0;1;0;0;1;0;0;0;0;0;464658,510340777982492;5777139,741035860031843;8,483540951000069;52,143635682000102
174184;5220602411232896848;5;7;74;32;2022;6;15;5;3;5;3;0;0;1;1;0;0;0;0;481456,781000001996290;5734198,623999659903347;8,731333548000070;51,758374377000102
174187;5220529601300793632;5;3;15;0;2022;5;0;1;3;0;7;2;0;1;0;0;0;0;0;354488,411999802978244;5645768,776999349705875;6,928635677000050;50,945154162000101
174188;5220531505100772300;5;1;14;0;2022;5;8;3;3;5;3;0;1;1;1;0;0;0;0;335460,382999647001270;5689728,274998860433698;6,637919966000030;51,335001141000099
174191;5220603513310795734;5;1;62;8;2022;6;13;6;3;5;3;0;0;1;1;0;0;0;0;329603,813999578997027;5662566,961998639628291;6,566827389000030;51,089258698000002
174192;5220613518100396069;5;1;70;48;2022;6;16;2;3;4;3;0;0;1;0;0;0;0;0;330362,043999600980897;5725638,401998599991202;6,547538940000040;51,656103450000003
174195;5220527307000078399;5;9;62;52;2022;5;9;6;3;1;7;0;0;1;1;0;0;0;0;421260,611999991000630;5674393,914999620057642;7,872624366000030;51,215502559000100
174197;5220601502406595138;5;1;17;0;2022;6;8;4;2;7;1;0;0;1;0;0;0;0;0;354635,537999805994332;5699424,449999350123107;6,909015125000050;51,427356224999997
174198;5220530501315376406;5;1;12;0;2022;5;8;2;3;5;3;0;0;1;1;0;0;0;0;345863,973999743000604;5699941,774999179877341;6,782714747000060;51,429686779000100
174199;5220606301202594366;5;9;13;0;2022;6;19;2;3;5;3;0;0;1;1;0;0;0;0;393806,911999960022513;5709549,915999620221555;7,469173246000030;51,527064874000096
174202;5220613301204294469;5;9;13;0;2022;6;17;2;3;5;3;0;0;1;1;0;0;0;0;383456,912266833009198;5709057,082906120456755;7,320201761000020;51,520594177000099
174203;5220528505200091475;5;1;14;0;2022;5;9;7;3;0;1;0;0;1;0;0;0;0;0;332370,604999615985435;5690906,126998740248382;6,593051222000040;51,344680543999999
174206;5220612303200244491;5;9;15;0;2022;6;11;1;3;0;5;0;0;1;1;0;0;0;0;415658,590097829990555;5727498,550823690369725;7,779770948000020;51,692101487999999
174208;5220609605152093568;5;3;74;52;2022;6;13;5;3;5;3;0;1;1;1;0;0;0;0;388731,518934745981824;5663941,985567520372570;7,410277206000050;51,116140332000001
174209;5220602600380795376;5;3;14;0;2022;6;17;5;2;5;3;0;0;1;0;0;0;0;0;366929,994999681017362;5620146,841683720238507;7,114935909000050;50,717873929000099
174211;5220527702100587866;5;5;15;0;2022;5;10;6;3;5;2;0;0;1;0;0;0;0;0;406128,618999978993088;5758081,205999660305679;7,633639462000080;51,965486447000004
174214;5220531709500396657;5;5;66;76;2022;5;8;3;3;0;7;0;0;1;0;0;0;0;1;395654,311314814025536;5792438,812691750004888;7,470700371000020;52,272411331999997
174215;5220611404301976139;5;7;66;28;2022;6;21;7;2;0;1;0;0;1;0;0;0;0;0;507817,162000000011176;5768207,443999679759145;9,114032632000031;52,064402745999999
174220;5220601601600181686;5;3;15;0;2022;6;12;4;2;0;7;0;0;1;0;0;0;1;0;358671,216999829979613;5642410,977999400347471;6,989440205000050;50,916018008000002
174221;5220527400300396921;5;7;11;0;2022;5;10;6;2;0;1;0;0;1;0;0;0;0;0;465605,354050828027539;5760837,726034809835255;8,499019945000040;51,997132102000101
174222;5220604602400586742;5;3;62;32;2022;6;13;7;3;4;6;0;0;1;1;0;0;0;0;340871,443999692972284;5637382,758999070152640;6,738607756000020;50,866203084000098
174223;5220528610212311825;5;3;70;40;2022;5;14;7;2;0;1;0;0;1;0;0;0;0;0;302590,499111911980435;5670248,942349329590797;6,177352494000050;51,149594808000103
174227;5220602711412996330;5;5;70;28;2022;6;11;5;3;1;1;0;0;1;1;0;0;0;0;441091,946910701983143;5741505,462968099862337;8,145306343000071;51,821273690000098
174229;5220608601100926274;5;3;15;0;2022;6;9;4;3;5;3;0;0;1;0;0;0;0;0;356355,813982951978687;5645128,565950149670243;6,955452478000040;50,939868990000001
174230;5220603702100668125;5;5;15;0;2022;6;18;6;3;5;3;0;0;1;0;0;0;0;0;406860,266999980027322;5757323,844999659806490;7,644491239000050;51,958801977000100
174234;5220613500200964153;5;1;11;0;2022;6;12;2;3;5;2;0;0;1;0;0;0;0;1;343310,090999721025582;5681119,956999120302498;6,754291412000040;51,259871810000000
174235;5220528500200091187;5;1;11;0;2022;5;17;7;2;0;7;0;0;1;0;0;0;0;0;345178,828630694013555;5678951,547652630135417;6,781990821000020;51,240898395000002
174239;5220608709500776740;5;5;66;76;2022;6;12;4;2;3;7;0;0;1;0;0;0;0;1;394534,638759885972831;5788159,001108179800212;7,455633469000080;52,233733760000099
174240;5220603709500396617;5;5;66;76;2022;6;20;6;3;8;7;0;0;1;0;0;0;0;0;392657,535594227025285;5792239,734339489601552;7,426860412000050;52,270045309000103
174244;5220602600320963962;5;3;82;72;2022;6;16;5;3;2;1;0;0;1;1;0;0;0;0;365433,866999864985701;5611371,742999469861388;7,096947591000060;50,638658620000101
174245;5220612608200071725;5;3;34;2;2022;6;13;1;2;1;5;0;0;1;1;0;0;0;0;295544,819948459975421;5628452,047507650218904;6,100227457000070;50,771746250000000
174248;5220526513320295753;5;1;62;4;2022;5;12;5;3;0;7;0;0;1;1;0;0;0;0;346557,008999745012261;5667476,816999199800193;6,806621687000070;51,138163431000102
174249;5220611608312289883;5;3;34;12;2022;6;16;7;3;5;3;0;0;1;1;0;0;0;0;311589,556342564988881;5633827,430138019844890;6,324755589000060;50,825466493000100
174250;5220603608200875609;5;3;34;2;2022;6;7;6;3;5;3;0;0;1;1;0;0;0;0;295815,026307029009331;5628100,279956829734147;6,104249766000070;50,768682060000103
174251;5220609518310078237;5;1;70;32;2022;6;16;5;3;5;3;0;1;1;1;0;0;0;0;333592,632406184973661;5713594,679001390002668;6,599913133000030;51,548872402000001
174256;5220605307000790145;5;9;62;52;2022;6;0;1;3;0;1;2;0;1;0;0;0;0;0;421314,780999992974102;5675119,008999629877508;7,873240644000020;51,222028928000000
174259;5220611301201294350;5;9;13;0;2022;6;15;7;3;0;1;0;0;1;0;0;0;0;0;390220,372999952000100;5708005,842999610118568;7,417973390000040;51,512500465000102
174260;5220607407324496950;5;7;62;12;2022;6;10;3;3;4;1;0;0;1;1;0;0;0;0;510889,737000001012348;5710913,670999639667571;9,157053076000070;51,549209863999998
174266;5220604607400090853;5;3;82;68;2022;6;17;7;3;5;2;0;0;1;1;0;0;0;0;371831,482999896979891;5631105,505999520421028;7,180514371000070;50,817475698000102
174267;5220529303100569762;5;9;15;0;2022;5;17;1;3;1;1;0;1;1;1;0;0;0;0;417937,328126200009137;5727552,103372390381992;7,812718791000070;51,692920655000101
174268;5220531516300495615;5;1;58;28;2022;5;14;3;3;0;1;0;0;1;0;0;0;0;0;349792,235050933028106;5684854,366200719960034;6,845553027000050;51,295172869000098
174269;5220605410230996847;5;7;70;4;2022;6;10;1;3;5;3;0;0;1;1;0;0;0;0;487060,050999999977648;5782917,402999679557979;8,810679492000080;52,196559725999997
174272;5220613515111095941;5;1;54;8;2022;6;16;2;2;0;3;0;0;1;1;0;0;0;0;309772,618009519006591;5746344,224055919796228;6,238905711000030;51,835472232000001
174277;5220530518310085898;5;1;70;32;2022;5;13;2;3;0;1;0;0;1;0;0;0;0;0;331616,438999612990301;5718782,701998669654131;6,568951751000040;51,594892930000100
174278;5220609608100080750;5;3;34;2;2022;6;16;5;3;5;3;0;0;1;0;0;0;0;1;291841,524998940993100;5628911,852994940243661;6,047517478000030;50,774558855000102
174280;5220612706000896615;5;5;58;16;2022;6;14;1;3;0;1;0;0;1;0;0;0;0;0;387122,223854411975481;5746853,312526809982955;7,360780449000060;51,861042702000098
174281;5220527608312180716;5;3;34;12;2022;5;21;6;2;5;3;0;0;1;1;0;0;0;0;306780,926623601000756;5631849,668296700343490;6,257601623000030;50,806116707000101
174282;5220607513210376336;5;1;62;24;2022;6;17;3;3;3;6;0;1;1;1;0;0;0;0;338888,544779203017242;5673297,949923600070179;6,694490983000040;51,188359888999997
174283;5220526600370095341;5;3;82;4;2022;5;13;5;3;0;3;0;0;1;1;0;0;0;0;359953,460465986980125;5618901,602777980268002;7,016640708000070;50,705043005999997
174284;5220611601700174339;5;3;16;0;2022;6;14;7;3;1;5;0;0;1;1;0;0;0;0;359262,998628225992434;5658731,434519969858229;6,991530883000050;51,062834631000001
174285;5220603601400593423;5;3;15;0;2022;6;9;6;3;0;3;0;0;1;1;0;0;0;0;356409,523576296982355;5647707,983202599920332;6,955199119000040;50,963063193000004
174288;5220602515210028735;5;1;54;20;2022;6;13;5;3;8;6;0;0;1;1;0;0;0;0;320844,767491001985036;5712166,925386999733746;6,416971771000020;51,532144744999997
174289;5220612410110104111;5;7;70;24;2022;6;17;1;3;3;6;0;0;1;1;0;0;0;0;492704,502078344987240;5792956,979248190298676;8,893044766000060;52,286924851999999
174290;5220527513110881646;5;1;62;16;2022;5;0;6;3;7;1;2;0;1;0;0;0;0;0;331922,716999609023333;5677216,438998729921877;6,593066826000040;51,221558759000096
174291;5220605300700778222;5;9;16;0;2022;6;16;1;3;6;6;0;0;1;0;1;0;0;0;371607,372290566971060;5711865,607017179951072;7,148475445000030;51,543265157000100
174292;5220530500300801189;5;1;11;0;2022;5;10;2;3;1;5;0;0;1;1;0;0;0;0;347905,890999756986275;5672025,299999229609966;6,823965456000050;51,179394936999998
174294;5220611316300576616;5;9;74;28;2022;6;16;7;3;5;3;0;0;1;1;0;0;0;0;454995,876953278027941;5725022,662911459803581;8,349154690000031;51,674373672999998
174296;5220603405228787022;5;7;54;28;2022;6;13;6;3;5;3;0;0;1;1;0;0;0;0;452755,384999999019783;5743249,078999659977853;8,314277801000060;51,838057763000101
174298;5220526514111089856;5;1;66;32;2022;5;20;5;3;0;1;1;0;1;0;0;0;0;0;315606,632283828977961;5682388,904379109852016;6,357005357000050;51,262984756999998
174299;5220611600110073846;5;3;14;0;2022;6;21;7;3;5;2;1;0;1;1;0;0;0;0;366459,285999870975502;5622200,996999479830265;7,107527843000070;50,736228736000001
174302;5220609405108090743;5;7;54;8;2022;6;14;5;3;5;3;0;1;1;1;0;0;0;0;459019,809601632994600;5749992,932652830146253;8,404395440000030;51,899184433000102
174303;5220602508000073463;5;1;19;0;2022;6;11;5;3;5;3;0;0;1;1;0;0;0;0;352455,470999792974908;5704746,171999310143292;6,875459796000030;51,474611841000097
174304;5220612601300276828;5;3;15;0;2022;6;13;1;3;0;1;0;0;1;0;0;0;0;0;350766,150999777019024;5644410,260999290272593;6,876243990000030;50,931994482999997
174305;5220527711311835328;5;5;70;8;2022;5;15;6;3;6;6;0;0;1;0;1;0;0;0;433779,490390315011609;5734155,681031440384686;8,040628378000060;51,754380208000001
174306;5220605301201494262;5;9;13;0;2022;6;5;1;3;0;1;0;0;1;0;0;0;0;0;388165,414992819016334;5711679,836375240236521;7,387205397000060;51,545119726000102
174307;5220530500300401865;5;1;11;0;2022;5;12;2;3;5;3;0;0;1;1;0;0;0;0;349123,993999766011257;5676515,734999249689281;6,839492274000070;51,220067817000000
174308;5220531601300693635;5;3;15;0;2022;5;16;3;2;7;7;0;0;1;0;1;0;0;0;354728,214999804971740;5647004,865999350324273;6,931553711000050;50,956323015000102
174310;5220611405236387038;5;7;54;36;2022;6;18;7;2;3;6;0;0;1;0;0;0;0;0;473305,362000000022817;5750047,788999670185149;8,612010360000060;51,900545210000097
174313;5220613702100170583;5;5;15;0;2022;6;11;2;3;6;1;0;0;1;0;1;0;0;0;405841,504978129989468;5757304,174000630155206;7,629674640000080;51,958453582000097
174316;5220527400300304063;5;7;11;0;2022;5;15;6;3;3;6;0;0;1;1;0;0;0;0;471452,164760729996487;5752821,671808100305498;8,584846129000031;51,925392918000099
174317;5220604514121089856;5;1;66;4;2022;6;14;7;3;0;7;0;0;1;0;0;0;0;0;303328,010999203019310;5680490,331996420398355;6,182274751000020;51,241830036000103
174318;5220528601700593589;5;3;16;0;2022;5;14;7;3;5;3;0;0;1;1;0;0;0;0;361737,863999846973456;5654935,981999440118670;7,028276476000030;51,029325906000103
174319;5220531518200089322;5;1;70;24;2022;5;15;3;2;5;7;0;0;1;1;0;0;0;0;331739,529999607999343;5698583,360998700372875;6,580362576000030;51,413465603000098
174320;5220605404101590672;5;7;66;20;2022;6;11;1;3;0;1;0;0;1;0;0;0;0;0;491807,199000002001412;5753937,465999670326710;8,880828938000040;51,936096820000003
174321;5220610411220251315;5;7;74;20;2022;6;17;6;3;1;5;0;0;1;1;0;0;0;0;469841,641176330973394;5730931,659901170060039;8,563333229000021;51,728495727999999
174322;5220603301201060819;5;9;13;0;2022;6;20;6;3;6;4;0;0;1;0;1;0;0;0;390169,824096399010159;5709932,050328689627349;7,416644812000070;51,529803893000100
174323;5220613505100685978;5;1;14;0;2022;6;12;2;3;0;1;0;0;1;0;0;0;0;0;332144,318751019018237;5686257,422903859987855;6,591994421000040;51,302849604000102
174324;5220528601600925705;5;3;15;0;2022;5;17;7;3;0;7;0;0;1;0;1;0;0;0;362725,751527159009129;5636316,034474859945476;7,049374157000050;50,862218726999998
174325;5220608405108376343;5;7;54;8;2022;6;14;4;3;4;2;0;0;1;1;0;0;0;0;457690,451999999990221;5750673,967999669723213;8,384992180000040;51,905207985000096
174326;5220611709300896514;5;5;66;68;2022;6;7;7;2;5;2;0;0;1;1;0;0;0;0;375484,084999912010971;5786467,211999589577317;7,177433530000030;52,214552949000101
174327;5220604301103276688;5;9;13;0;2022;6;11;7;3;0;5;0;0;1;1;0;0;0;0;391886,395493415999226;5705090,588353529572487;7,442866114000030;51,486618255000103
174334;5220607513120395514;5;1;62;20;2022;6;6;3;3;0;1;0;0;1;0;0;0;0;0;330942,435999596025795;5671705,562998689711094;6,581637113000060;51,171758677000099
174336;5220611601700296295;5;3;16;0;2022;6;14;7;3;2;7;0;0;1;1;0;0;0;0;356117,268227162014227;5657036,646922550164163;6,947342165000070;51,046824432999998
174337;5220603601600393456;5;3;15;0;2022;6;8;6;3;3;2;0;0;1;0;0;0;1;0;359596,309999834978953;5645439,131999409757555;7,001425758000040;50,943458249000102
174340;5220602513210695689;5;1;62;24;2022;6;9;5;3;5;3;0;0;1;0;0;0;0;1;338926,758871458005160;5673370,709915040060878;6,695004725000050;51,189024403000097
174342;5220604600310827257;5;3;14;0;2022;6;16;7;3;5;3;0;0;1;0;0;0;0;1;362180,657307485002093;5620451,302861589938402;7,047584205000020;50,719503477000003
174348;5220613505200896119;5;1;14;0;2022;6;19;2;3;0;1;0;0;1;0;0;0;0;0;330055,395999590982683;5690135,409998630173504;6,560207703000060;51,337069104000101
174350;5220601516800095766;5;1;58;20;2022;6;17;4;3;5;3;0;0;1;1;0;0;0;0;356543,653878122975584;5667377,837738100439310;6,949313008000050;51,139863243000001
174351;5220527300100989966;5;9;11;0;2022;5;8;6;3;0;1;0;0;1;0;0;0;0;0;376550,038909176015295;5704739,707793449983001;7,222210230000030;51,480324890000098
174352;5220603709500596624;5;5;66;76;2022;6;17;6;3;0;6;0;0;1;0;0;0;0;0;391949,411999956006184;5794128,466999660246074;7,415881660000030;52,286880838000101
174353;5220601505200096119;5;1;14;0;2022;6;13;4;3;1;5;0;0;1;1;0;0;0;0;329505,488702444999944;5690741,041828709654510;6,552030770000040;51,342345328000100
174354;5220528405228496991;5;7;54;28;2022;5;9;7;2;9;7;0;0;1;0;0;0;0;0;453280,570752317027654;5744130,997771539725363;8,321780782000079;51,846030902999999
174355;5220530506100556436;5;1;16;0;2022;5;12;2;3;5;3;0;0;1;1;0;0;0;0;321353,115999477973673;5675342,659998159855604;6,442796002000020;51,201516932000096
174356;5220605405108396857;5;7;54;8;2022;6;12;1;3;0;1;0;0;1;0;0;0;0;0;455674,144856215978507;5750270,035834560170770;8,355737232000020;51,901419627999999
174358;5220602602400785792;5;3;62;32;2022;6;16;5;3;5;3;0;0;1;1;0;0;0;0;336927,397999654989690;5637919,454998949542642;6,682367673000040;50,869926497999998
174360;5220528601100186448;5;3;15;0;2022;5;13;7;3;0;1;0;0;1;0;0;0;0;0;355264,471705096017104;5644089,493253489956260;6,940342326000060;50,930258166999998
174361;5220607705000296513;5;5;54;68;2022;6;16;3;2;8;1;0;0;1;0;0;0;0;0;350417,753362020011991;5766698,955992639996111;6,819486058000050;52,030716472999998
174362;5220526601200593561;5;3;15;0;2022;5;18;5;3;1;5;0;0;1;1;0;0;0;0;353930,003784168977290;5642886,133669179864228;6,921847541000030;50,919107553000103
174364;5220608705000896539;5;5;54;24;2022;6;7;4;3;0;1;0;0;1;0;0;0;0;0;369853,525796281988733;5777956,473405829630792;7,098331178000020;52,136776649000097
174365;5220601601300790446;5;3;15;0;2022;6;12;4;3;3;6;0;0;1;1;0;0;0;0;354111,859999800974037;5646570,106999339535832;6,922958157000040;50,952260283000001
174366;5220606411220696984;5;7;74;20;2022;6;13;2;3;4;6;0;0;1;1;0;0;0;0;461993,199743414006662;5732668,366095099598169;8,449510011000029;51,743633199999998
174368;5220602300300996275;5;9;11;0;2022;6;17;5;3;2;2;0;0;1;1;0;0;0;0;382074,488999932014849;5704324,237999590113759;7,301867505000080;51,477769504000001
174369;5220529502000677623;5;1;13;0;2022;5;12;1;2;0;7;0;1;1;0;0;0;0;0;366579,633803431002889;5701953,674045420251787;7,079762595000030;51,453023752000000
174371;5220605515110096053;5;1;54;4;2022;6;23;1;2;1;5;2;1;1;1;0;0;0;0;305252,951648363028653;5739898,451052170246840;6,177010120000030;51,776029770999997
174372;5220610515110596097;5;1;54;40;2022;6;17;6;3;0;7;0;0;1;0;0;0;0;0;294159,713315126020461;5741105,412531239911914;6,015719508000070;51,782898475000103
174373;5220602601400590556;5;3;15;0;2022;6;15;5;3;1;7;0;0;1;1;0;0;0;0;353014,196999792009592;5651553,493999330326915;6,905327078000030;50,996764762000097
174375;5220528601600093509;5;3;15;0;2022;5;10;7;3;5;3;0;0;1;1;0;0;0;0;359609,994999833987094;5643739,228999409824610;7,002275339000050;50,928184338999998
174377;5220526602700394860;5;3;62;28;2022;5;15;5;3;0;1;0;0;1;0;0;0;0;0;350003,519999769981951;5638949,406999270431697;6,867643091000050;50,882723224000102
174378;5220612307000993813;5;9;62;16;2022;6;13;1;3;0;1;0;0;1;0;0;0;0;0;417435,411991172004491;5693994,473138829693198;7,813332202000030;51,391173356000103
174379;5220606410130048370;5;7;70;28;2022;6;18;2;3;0;1;0;0;1;0;0;0;0;0;497927,682252871978562;5803227,513889550231397;8,969555545000050;52,379306067000101
174380;5220604314310880979;5;9;66;20;2022;6;21;7;3;0;6;2;1;1;1;0;0;0;0;432276,825969920028001;5668219,184151110239327;8,031490689000069;51,161399084000003
174381;5220601404101821640;5;7;66;20;2022;6;17;4;3;4;6;0;0;1;0;0;0;0;0;491583,245792253990658;5754700,869173630140722;8,877552677000040;51,942957259000103
174382;5220530505100576285;5;1;14;0;2022;5;11;2;3;3;5;0;0;1;1;0;0;0;0;331206,178059644997120;5689395,043201440013945;6,577063700000050;51,330760494000103
174383;5220609711114887260;5;5;70;52;2022;6;16;5;3;4;6;0;0;1;1;0;0;0;0;428698,569999995001126;5752791,819999669678509;7,963189699000050;51,921290483000099
174384;5220612603208095327;5;3;66;8;2022;6;15;1;3;0;1;0;0;1;0;0;0;0;0;342042,762517663009930;5582364,025709819979966;6,778663218000080;50,372111983000103
174385;5220527709110396689;5;5;66;12;2022;5;15;6;3;0;1;0;0;1;1;0;0;0;0;404942,865999975998420;5772507,878999670036137;7,612376743000030;52,094955939000002
174388;5220611601600154009;5;3;15;0;2022;6;12;7;3;5;3;0;0;1;1;0;0;0;0;364541,199999862001278;5639666,608999460004270;7,073914074000070;50,892760547000101
174390;5220613711112096542;5;5;70;52;2022;6;15;2;3;5;2;0;0;1;1;0;0;0;0;430258,426999995019287;5756276,982999670319259;7,985161358000030;51,952818438000101
174392;5220602404302896891;5;7;66;8;2022;6;7;5;3;1;2;0;0;1;0;0;0;0;1;477356,722999999998137;5766695,098999669775367;8,669794713000041;52,050398010999999
174395;5220528709800074768;5;5;66;44;2022;5;8;7;3;0;7;0;0;1;0;0;0;0;0;421844,327861830999609;5773851,908275299705565;7,858733534000070;52,109682978000102
174399;5220606601200853780;5;3;15;0;2022;6;8;2;3;0;1;0;1;1;0;0;0;0;0;356771,404048105992842;5635096,273943159729242;6,965297739000050;50,849812401000101
174403;5220601601400686513;5;3;15;0;2022;6;18;4;3;0;5;0;0;1;1;0;0;0;0;356861,813871869991999;5649232,775135619565845;6,961035483000050;50,976878812999999
174405;5220601500300996327;5;1;11;0;2022;6;19;4;3;3;6;0;0;1;1;0;0;0;0;344869,783771961985622;5676198,357666339725256;6,778758747000040;51,216075987000103
174409;5220612709500296564;5;5;66;76;2022;6;20;1;3;5;2;0;0;1;1;0;0;0;0;392509,260999956983142;5793208,616999659687281;7,424379489000050;52,278723824000103
174412;5220526518100091485;5;1;70;48;2022;5;19;5;3;1;6;0;0;1;1;0;0;0;0;335687,213999654981308;5725977,073998839594424;6,624293463000070;51,660727752000099
174416;5220602405108286990;5;7;54;8;2022;6;12;5;3;4;2;0;0;1;1;0;0;0;0;459043,648999998986255;5750141,814999659545720;8,404724210000040;51,900524731000097
174417;5220612313110007550;5;9;58;4;2022;6;20;1;3;0;7;0;0;1;0;0;0;0;0;430238,331619316013530;5698213,479375880211592;7,996480259000070;51,430822927000101
174418;5220527601100181877;5;3;15;0;2022;5;17;6;3;5;3;0;0;1;1;0;1;0;0;356812,243999817990698;5642691,027999379672110;6,962902065000040;50,918076558999999
174419;5220607600310090848;5;3;14;0;2022;6;13;3;3;5;2;0;0;1;1;0;0;0;0;361754,320096402021591;5619542,398820670321584;7,041888780000020;50,711233268999997
174420;5220530300800093890;5;9;54;36;2022;5;16;2;3;5;3;0;0;1;1;0;0;0;0;383677,958999936003238;5699799,090999590232968;7,326435305000080;51,437429711999997
174421;5220531610211333035;5;3;70;4;2022;5;8;3;3;3;6;0;0;1;0;0;0;0;0;312120,932999339012895;5662848,989997459575534;6,317313313000060;51,086332798000100
174422;5220611316300994265;5;9;74;28;2022;6;0;7;3;1;7;2;0;1;1;0;0;0;0;456113,772556040028576;5725349,700175070203841;8,365279404000029;51,677402493000002
174424;5220603506100896027;5;1;16;0;2022;6;9;6;3;1;5;0;0;1;1;0;0;0;0;320323,703780997020658;5674983,336525900289416;6,428256412000050;51,197966284000103
174426;5220609405108090756;5;7;54;8;2022;6;17;5;3;5;3;0;0;1;1;0;0;0;0;455608,264999999024440;5750010,859999660402536;8,354813134000040;51,899084252000101
174427;5220603608200080733;5;3;34;2;2022;6;10;6;2;3;7;0;0;1;0;0;0;0;0;297600,287999054999091;5624871,620995899662375;6,131308876000050;50,740309074000002
174430;5220602516900591365;5;1;58;26;2022;6;8;5;3;5;3;0;1;1;0;0;0;0;0;352151,966999788011890;5662433,485999310389161;6,888606444000060;51,094315096000102
174432;5220528300400038360;5;9;11;0;2022;5;16;7;3;5;3;0;0;1;1;0;0;0;0;371344,618999894009903;5699130,259999530389905;7,149329062000050;51,428752212000099
174433;5220607501133696058;5;1;12;0;2022;6;13;3;3;5;2;0;0;1;1;0;0;0;0;342671,415999718010426;5712007,160999090410769;6,731452095000070;51,537213521000098
174435;5220611518400045150;5;1;70;8;2022;6;20;7;3;2;6;0;0;1;1;0;0;0;0;343032,495999720995314;5714709,091999099589884;6,735448661000020;51,561589875000003
174437;5220603406110187172;5;7;58;12;2022;6;14;6;3;0;3;0;0;1;1;0;0;0;0;479301,514935369021259;5772945,942185579799116;8,697775726000030;52,106673598000000
174438;5220613706300011018;5;5;58;44;2022;6;18;2;3;0;7;0;0;1;0;0;0;0;0;395314,596999963978305;5746848,871999640017748;7,479705066000070;51,862599960000097
174439;5220609506100095893;5;1;16;0;2022;6;16;5;3;4;3;0;0;1;1;0;0;0;0;321017,022068783000577;5674798,228903369978070;6,438261644000020;51,196521013000101
174440;5220602513320586839;5;1;62;4;2022;6;17;5;3;0;1;0;0;1;0;0;0;0;0;347422,110921001003589;5663421,103362070396543;6,820694291000050;51,101950785000000
174441;5220527500200270419;5;1;11;0;2022;5;9;6;3;0;1;0;1;1;0;0;0;0;0;345036,478999736020342;5678497,205999160185456;6,780149708000070;51,236777317000097
174446;5220610601100690219;5;3;15;0;2022;6;16;6;3;6;6;0;0;1;0;1;0;0;0;356090,871250858996063;5645927,909387240186334;6,951368201000040;50,946986496000100
174447;5220606702100576712;5;5;15;0;2022;6;15;2;3;0;7;0;0;1;0;1;0;0;0;405443,617856826982461;5757883,270719439722598;7,623726413000040;51,963591227999999
174449;5220613503400595562;5;1;22;0;2022;6;20;2;2;0;7;0;0;1;0;0;0;0;0;366354,407999871007632;5670916,302999489940703;7,088155291000020;51,174038570999997
174454;5220530508000476339;5;1;19;0;2022;5;18;2;3;6;7;0;0;1;0;1;0;0;0;352461,398022359004244;5703934,093032320030034;6,875884113000040;51,467316381000003
174455;5220610314210763933;5;9;66;4;2022;6;17;6;3;1;6;0;0;1;0;0;1;0;0;423115,939999992027879;5664438,144999619573355;7,901312505000020;51,126247294999999
174456;5220612610121673703;5;3;70;12;2022;6;9;1;3;9;1;0;0;1;0;0;0;0;0;295003,182593829988036;5649203,336072029545903;6,080931432000060;50,957924007000003
174457;5220528515212243540;5;1;54;32;2022;5;18;7;3;4;2;0;0;1;0;0;0;0;0;308916,967999315995257;5718063,219996940344572;6,242002852000040;51,581190669000101
174459;5220526607100390906;5;3;82;60;2022;5;23;5;2;8;1;2;0;1;0;0;0;0;0;374093,264789721986745;5629156,454233259893954;7,213274497000040;50,800452979000099
174460;5220611513210795640;5;1;62;24;2022;6;2;7;3;0;1;2;0;1;0;0;0;0;0;336320,706352763983887;5670371,180346569977701;6,659110424000060;51,161334148999998
174462;5220609404102590592;5;7;66;40;2022;6;14;5;3;5;7;0;0;1;1;0;0;0;0;485988,004576364997774;5759958,395095109939575;8,795938735000050;51,990114636000001
174464;5220612501212296060;5;1;12;0;2022;6;9;1;3;3;2;0;0;1;0;0;0;0;1;340873,536999700998422;5697609,726999039761722;6,712033506000070;51,407354785000102
174465;5220527709500912577;5;5;66;76;2022;5;15;6;2;0;3;0;0;1;1;0;0;0;0;391362,181999956024811;5793466,375999649986625;7,407489329000040;52,280814824000103
174466;5220605307000377929;5;9;62;40;2022;6;10;1;3;4;6;0;0;1;0;0;0;0;0;413532,749964807997458;5701653,693658060394228;7,755385365000050;51,459446309000000
174467;5220530302000493931;5;9;14;0;2022;5;12;2;3;5;5;0;0;1;1;0;0;0;0;390591,710060156008694;5693569,965382739901543;7,427786135000080;51,382816906000102
174471;5220603410220396867;5;7;70;8;2022;6;11;6;3;5;3;0;0;1;1;0;0;0;0;474824,326000000990462;5799867,043999689631164;8,630400094000040;52,348520020000102
174474;5220601518400295930;5;1;70;8;2022;6;19;4;3;6;4;0;0;1;0;1;0;0;0;343463,569857646012679;5714877,662460690364242;6,741587444000060;51,563224220000102
174476;5220606410250490702;5;7;70;44;2022;6;2;2;3;0;7;2;1;1;0;0;0;0;0;468826,493000001995824;5812863,072999699972570;8,541138961000060;52,465046735999998