OBJECTID;UIDENTSTLAE;ULAND;UREGBEZ;UKREIS;UGEMEINDE;UJAHR;UMONAT;USTUNDE;UWOCHENTAG;UKATEGORIE;UART;UTYP1;ULICHTVERH;IstStrassenzustand;IstRad;IstPKW;IstFuss;IstKrad;IstGkfz;IstSonstige;LINREFX;LINREFY;XGCSWGS84;YGCSWGS84
174480;5220610501134396070;5;1;12;0;2022;6;11;6;3;5;2;0;0;1;1;0;0;0;0;343378,531999722996261;5710629,477999109774828;6,742252269000060;51,525032089000000
174481;5220603300100293681;5;9;11;0;2022;6;7;6;3;5;3;0;0;1;1;0;0;0;0;377103,309999916993547;5703927,538999569602311;7,230456282000030;51,473146029000098
174482;5220613506100983194;5;1;16;0;2022;6;12;2;2;0;7;0;0;1;0;0;0;0;0;320413,184506336983759;5670263,683169719763100;6,431893797000040;51,155596926999998
174484;5220604315130678233;5;9;70;8;2022;6;14;7;3;0;1;0;0;1;1;0;0;0;0;435332,847987362009007;5621864,108879899606109;8,083424408000040;50,744955225000098
174489;5220528701400996256;5;5;12;0;2022;5;16;7;3;5;3;0;0;1;0;0;0;0;1;356651,261999820999335;5719238,052999380044639;6,929931356000050;51,605911757999998
174495;5220608602250294805;5;3;62;16;2022;6;10;4;3;0;5;0;0;1;1;0;0;0;0;330071,777607280993834;5644525,222197430208325;6,581950843000070;50,927302521000101
174497;5220603701110595081;5;5;62;32;2022;6;8;6;3;5;2;0;0;1;1;0;0;0;0;375517,474999912024941;5716947,714999560266733;7,203031816000020;51,589815102000003
174498;5220601400300091275;5;7;11;0;2022;6;14;4;3;0;5;0;0;1;1;0;0;0;0;466272,853152527008206;5760302,231136539950967;8,508794796000069;51,992358610000103
174501;5220613301301309055;5;9;78;24;2022;6;8;2;3;5;3;0;0;1;1;0;0;0;0;397546,580999968980905;5720424,995999629609287;7,519890447000020;51,625507677000002
174502;5220528518300088399;5;1;70;20;2022;5;16;7;3;5;3;0;0;1;1;0;0;0;0;330827,696999602019787;5708274,237998640164733;6,562627779000020;51,500253909000001
174504;5220526601400993515;5;3;15;0;2022;5;19;5;2;8;1;0;0;1;0;0;0;0;0;354334,778307334985584;5649986,274654190056026;6,924761626000080;50,983016567999996
174505;5220611505100576302;5;1;14;0;2022;6;14;7;3;1;5;0;0;1;1;0;0;0;0;330881,962099698022939;5689478,315346740186214;6,572374722000060;51,331412283000098
174506;5220603516900696235;5;1;58;26;2022;6;9;6;3;5;3;0;0;1;1;0;0;0;0;352204,359999788983259;5661810,478999310173094;6,889609052000030;51,088730103000003
174507;5220614500100195741;5;1;11;0;2022;6;11;3;3;6;7;0;0;1;0;1;0;0;0;343231,065050248987973;5678047,052910990081728;6,754505350000040;51,232239417000102
174509;5220602502402079354;5;1;17;0;2022;6;20;5;2;0;1;0;0;1;0;0;0;0;0;352978,463999797008000;5699867,471999320201576;6,885012550000060;51,430909633000098
174510;5220612600120990960;5;3;82;24;2022;6;20;1;3;0;7;0;0;1;0;0;0;0;0;372738,070999898016453;5615053,839999520219862;7,198923048000040;50,673396309000097
174516;5220607307000090048;5;9;62;24;2022;6;7;3;3;4;6;0;0;1;1;0;0;0;0;408165,333792077028193;5694045,779804980382323;7,680119869000070;51,390209941000101
174517;5220603404102596836;5;7;66;56;2022;6;18;6;3;5;2;0;0;1;1;0;0;0;0;475160,390000000013970;5753893,926999670453370;8,638693946000050;51,935211265000099
174519;5220608601200493449;5;3;15;0;2022;6;8;4;3;0;1;0;1;1;0;0;0;0;0;352491,267974285001401;5644062,317044120281935;6,900917320000080;50,929311433000102
174520;5220601608100075510;5;3;34;2;2022;6;7;4;3;5;3;0;0;1;1;0;0;0;0;294312,556998994026799;5631668,063995339907706;6,080974961000040;50,800194236999999
174521;5220604513210195540;5;1;62;16;2022;6;10;7;3;4;2;0;0;1;1;0;0;0;0;333877,664999627973884;5677588,573998809792101;6,620863969000030;51,225474361000103
174524;5220605317110594433;5;9;78;36;2022;6;17;1;3;0;1;0;0;1;0;0;0;0;0;408357,802000920986757;5712310,479031120426953;7,678147998000040;51,554429450000001
174526;5220602608332279471;5;3;34;32;2022;6;19;5;3;2;7;0;0;1;1;0;0;0;0;304410,831807090027723;5628294,285639179870486;6,225896453000080;50,773386133000002
174527;5220613500200001154;5;1;11;0;2022;6;18;2;2;0;1;0;0;1;0;0;0;0;0;345701,309247190016322;5678459,931454240344465;6,789681831000050;51,236622560000100
174529;5220608313130084983;5;9;58;44;2022;6;14;4;2;0;1;0;1;1;0;0;0;0;0;430734,402525427984074;5686787,573862650431693;8,005843098000071;51,328158550000097
174531;5220526605124593625;5;3;74;24;2022;5;20;5;2;8;1;0;0;1;0;0;0;0;0;397246,311340641987044;5660358,050197729840875;7,532906081000020;51,085513225000099
174534;5220601508000953822;5;1;19;0;2022;6;15;4;3;0;3;0;1;1;1;0;0;0;0;348206,038999761978630;5714274,962999220006168;6,810214509000050;51,559105273000100
174535;5220531301301094368;5;9;78;24;2022;5;16;3;3;0;1;0;0;1;0;0;0;0;0;398346,578509685990866;5719656,051304429769516;7,531666778000040;51,618741046000103
174540;5220531601100790294;5;3;15;0;2022;5;16;3;3;1;7;0;0;1;1;0;0;0;0;354760,558999806002248;5645207,448999349959195;6,932730817000050;50,940178285000101
174542;5220603515212478916;5;1;54;32;2022;6;7;6;3;8;1;0;0;1;0;0;0;0;0;308290,768980876018759;5718884,365180759690702;6,232527604000040;51,588352841000102
174544;5220609513340095620;5;1;62;28;2022;6;6;5;3;5;3;0;0;1;1;0;0;0;0;337265,191287480003666;5660400,867048029787838;6,677104791000030;51,072021223000000
174548;5220606313110294416;5;9;58;4;2022;6;20;2;3;0;1;0;0;1;0;0;0;0;0;428528,591999995987862;5699261,481999640353024;7,971678361000040;51,440031772000097
174555;5220614301202294302;5;9;13;0;2022;6;20;3;3;5;3;0;0;1;1;0;0;0;0;395378,414999963017181;5709161,991999629884958;7,491933961000030;51,523871347000103
174559;5220527500300595672;5;1;11;0;2022;5;10;6;3;5;3;0;0;1;0;0;0;0;1;347562,567999753984623;5672954,443999219685793;6,818663074000030;51,187652510000099
174560;5220604705000581028;5;5;54;44;2022;6;18;7;3;0;1;0;0;1;0;0;0;0;0;364835,424771160003729;5739470,758945999667048;7,040199758000030;51,789750410000103
174562;5220531709000342437;5;5;66;8;2022;5;7;3;3;0;5;0;0;1;1;0;0;0;0;397778,982506876986008;5781430,298589999787509;7,505154762000070;52,173870910000097
174563;5220610608100289831;5;3;34;2;2022;6;20;6;2;6;4;0;0;1;0;1;0;0;0;294694,317724647000432;5628841,170384669676423;6,087964265000040;50,774940702999999
174564;5220606601600890296;5;3;15;0;2022;6;11;2;3;0;1;0;0;1;0;0;0;0;0;363826,531999856990296;5639463,634999459609389;7,063834069000050;50,890768258000001
174565;5220603515110095941;5;1;54;36;2022;6;16;6;3;0;3;0;0;1;1;0;0;0;0;303401,526374404027592;5740819,263666939921677;6,149686694000020;51,783651687000003
174566;5220613505200086042;5;1;14;0;2022;6;17;2;3;1;5;0;0;1;1;0;0;0;0;332309,013999617018271;5690706,991998730227351;6,592261489000070;51,342873345000001
174569;5220604601100593628;5;3;15;0;2022;6;1;7;3;0;1;2;0;1;0;0;0;0;0;356182,761999814014416;5642912,759999370202422;6,953865240000030;50,919912701999998
174571;5220529516100074054;5;1;58;32;2022;5;13;1;1;0;1;0;1;1;0;0;0;0;0;361959,455999850004446;5689540,243999449536204;7,018137581000080;51,340363031999999
174577;5220608316300194409;5;9;74;28;2022;6;16;4;3;4;6;0;1;1;1;0;0;0;0;461761,011906912026461;5727493,037670710124075;8,446715387000040;51,697086187000103
174578;5220526603116395305;5;3;66;16;2022;5;16;5;3;0;1;0;0;1;0;0;0;0;0;345783,076804124983028;5617350,844921779818833;6,816753351000050;50,687521650000100
174579;5220612300800589237;5;9;54;36;2022;6;12;1;2;0;1;0;0;1;0;0;0;0;0;384368,148999938974157;5699942,703999600373209;7,336313885000040;51,438861813000102
174582;5220601506100495935;5;1;16;0;2022;6;20;4;3;1;5;1;0;1;1;0;0;0;0;320867,171966273977887;5674732,108560020104051;6,436152166000060;51,195880086999999
174583;5220609709700072374;5;5;66;28;2022;6;11;5;3;5;3;0;0;1;0;0;0;0;0;417140,121419853996485;5791047,287786999717355;7,785853450000050;52,263561574999997
174584;5220612514116495879;5;1;66;16;2022;6;8;1;3;5;3;0;0;1;1;0;0;0;0;304725,473962731019128;5688461,284446230158210;6,197915228000060;51,313899750000097
174587;5220531609128005941;5;3;58;28;2022;5;18;3;3;5;3;0;0;1;1;0;0;0;0;322773,921999483020045;5625156,647998330183327;6,487575670000070;50,751098372000101
174593;5220602514210346115;5;1;66;12;2022;6;7;5;3;5;3;0;0;1;1;0;0;0;0;320319,274705137009732;5693903,336115229874849;6,418677614000050;51,367922545000098
174595;5220604508000285976;5;1;19;0;2022;6;15;7;3;0;1;0;0;1;0;0;0;0;0;349496,780964045028668;5708282,232698299922049;6,831381582000060;51,505605115000002
174596;5220528610121580723;5;3;70;12;2022;5;14;7;3;5;3;0;0;1;1;0;0;0;0;297692,615117172012106;5650739,749752310104668;6,118321416000070;50,972673133000100
174599;5220610600110073861;5;3;14;0;2022;6;10;6;3;0;1;0;0;1;0;0;0;0;0;365991,530240329972003;5621497,920243860222399;7,101158512000040;50,729801762000100
174600;5220606600360863659;5;3;82;12;2022;6;13;2;2;4;1;0;1;1;1;0;0;0;0;355139,490326463012025;5625406,562463750131428;6,945954194000020;50,762324542000002
174602;5220613600130795333;5;3;82;8;2022;6;17;2;3;5;3;0;0;1;1;0;0;0;0;374752,611678107001353;5611161,619599349796772;7,228735929000040;50,638847175000102
174603;5220608607100232320;5;3;82;60;2022;6;13;4;3;5;2;0;1;1;1;0;0;0;0;375153,650583670008928;5629815,922420790418983;7,228090324000050;50,806610049000000
174604;5220526610211133035;5;3;70;4;2022;5;17;5;3;0;1;0;0;1;0;0;0;0;0;312676,182871619006619;5660804,735827770084143;6,326291614000070;51,068151697000097
174605;5220604405228768068;5;7;54;28;2022;6;8;7;3;5;3;0;0;1;1;0;0;0;0;452769,880000000004657;5743286,063999660313129;8,314483120000030;51,838391505000097
174608;5220610500300371912;5;1;11;0;2022;6;15;6;3;3;2;0;0;1;0;0;0;0;1;347776,966999755997676;5673100,293999220244586;6,821666873000030;51,189020212999999
174609;5220604601700093534;5;3;16;0;2022;6;13;7;3;0;6;0;0;1;1;0;0;0;0;363519,741999858000781;5655803,037999459542334;7,053345058000050;51,037544224000001
174610;5220528607400790911;5;3;82;68;2022;5;20;7;2;0;3;0;0;1;1;0;0;0;0;367750,900999877019785;5631277,669999489560723;7,122556891000040;50,818105616000103
174611;5220531500200550578;5;1;11;0;2022;5;8;3;3;4;6;0;1;1;0;0;0;0;0;347710,430725024023559;5676143,618349700234830;6,819424083000060;51,216348804000098
174612;5220610610111345514;5;3;70;16;2022;6;11;6;3;5;3;0;0;1;1;0;0;0;0;296516,427999063977040;5660916,705995529890060;6,095882004000030;51,063657431000102
174613;5220606609108094806;5;3;58;8;2022;6;6;2;3;8;7;0;0;1;0;0;0;0;0;321061,656529709987808;5633535,211116240359843;6,459247792000040;50,825846081000101
174614;5220603505200581253;5;1;14;0;2022;6;8;6;3;5;3;0;0;1;1;0;0;0;0;327864,007745280978270;5689788,651136949658394;6,528946057000040;51,333294756000001
174616;5220608601400093535;5;3;15;0;2022;6;7;4;3;5;3;0;1;1;1;0;0;0;0;357956,265999824972823;5648634,427999399602413;6,976848968000070;50,971772514000101
174621;5220530711114103043;5;5;70;52;2022;5;15;2;3;3;6;0;0;1;0;0;0;0;0;428808,244659822026733;5753770,052940400317311;7,964581873000040;51,930098444000102
174623;5220610310130593852;5;9;54;20;2022;6;16;6;3;0;5;0;0;1;1;0;0;0;0;392840,258000173023902;5698859,715999829582870;7,458487198000060;51,430793435000098
174624;5220602700000875453;5;5;13;0;2022;6;19;5;3;5;3;0;0;1;1;0;0;0;0;368920,529715440992732;5710493,559810919687152;7,110262338000040;51,530317240999999
174626;5220528516100191125;5;1;58;32;2022;5;13;7;3;0;1;0;0;1;0;0;0;0;0;362564,825023853976745;5689291,789848609827459;7,026919277000050;51,338276942999997
174627;5220608301202494490;5;9;13;0;2022;6;6;4;3;5;3;0;1;1;1;0;0;0;0;394715,339999962016009;5709333,261999620124698;7,482328486000030;51,525287584000097
174629;5220612307000090016;5;9;62;28;2022;6;13;1;2;0;7;0;0;1;0;0;0;0;0;395381,869999962975271;5663265,863999609835446;7,505452943000020;51,111315379000096
174630;5220606410110596949;5;7;70;24;2022;6;16;2;2;0;1;0;1;1;0;0;0;0;0;494155,745999999984633;5792846,760999689809978;8,914322528000071;52,285951285000102
174632;5220609705000496644;5;5;54;40;2022;6;18;5;3;5;3;0;0;1;1;0;0;0;0;350230,271999779972248;5737408,119999259710312;6,829480147000030;51,767498890000098
174636;5220606515211085999;5;1;54;16;2022;6;13;2;3;5;3;0;0;1;0;0;0;0;0;304133,629999248019885;5728716,932996289804578;6,167094410000060;51,675225236000102
174637;5220601301103794331;5;9;13;0;2022;6;17;4;3;3;6;0;1;1;0;0;0;0;1;391866,323642326984555;5701633,542093539610505;7,443635038000020;51,455540931000002
174639;5220607608408769695;5;3;34;8;2022;6;7;3;3;5;3;0;0;1;0;0;0;0;0;302241,371088096988387;5642742,678624439984560;6,187369371000050;50,902425194000003
174640;5220603400200957470;5;7;11;0;2022;6;8;6;3;5;3;0;0;1;1;0;0;0;0;472498,911000002000947;5764312,418999670073390;8,599146960000040;52,028756326000099
174643;5220602513310481453;5;1;62;8;2022;6;18;5;3;4;2;0;0;1;0;0;0;0;1;330326,901999586028978;5663058,477998670190573;6,576911927000030;51,093888974999999
174644;5220527317230089242;5;9;78;8;2022;5;10;6;3;1;5;0;0;1;1;0;0;0;0;413426,089706118975300;5716928,584461890161037;7,750095680000070;51,596744389999998
174646;5220528702100079228;5;5;15;0;2022;5;9;7;3;0;1;0;0;1;0;0;0;0;0;403678,289999975997489;5761114,690999659709632;7,597133122000060;51,992333137000102
174648;5220605400200496840;5;7;11;0;2022;6;10;1;3;5;3;0;0;1;1;0;0;0;0;468862,922000001010019;5762458,610999669879675;8,546319497000070;52,011897181000101
174654;5220604400300503805;5;7;11;0;2022;6;17;7;3;0;6;0;0;1;1;0;0;0;0;464771,521946944005322;5759712,950516640208662;8,486990744000019;51,986967405000001
174656;5220530601500081716;5;3;15;0;2022;5;9;2;3;5;3;0;0;1;1;0;0;0;0;361470,385199985001236;5652063,057236880064011;7,025561651000030;51,003442161000102
174661;5220526600140375602;5;3;14;0;2022;5;20;5;2;0;1;1;0;1;0;0;0;0;0;372179,986991544021294;5622873,580363750457764;7,188321240000050;50,743561435000103
174663;5220603601100996325;5;3;15;0;2022;6;20;6;3;1;5;0;0;1;1;0;0;0;0;356586,985776989022270;5646235,064048659987748;6,958304913000060;50,949870488999998
174665;5220609502105187305;5;1;13;0;2022;6;8;5;3;1;5;0;0;1;1;0;0;0;0;361961,690754931012634;5701579,020866859704256;7,013487780000050;51,448549969000098
174667;5220612400300096889;5;7;11;0;2022;6;18;1;2;4;6;0;0;1;0;0;0;0;0;466366,173236502974760;5761742,715615459717810;8,510012489000079;52,005315134999996
174668;5220527709500953119;5;5;66;76;2022;5;19;6;3;0;1;0;0;1;0;1;0;0;0;395474,961332085018512;5791907,457400429993868;7,468237458000030;52,267601802000101
174669;5220604711413590704;5;5;70;28;2022;6;11;7;3;0;1;0;0;1;0;0;0;0;0;442662,075768465001602;5743301,163966960273683;8,167787130000020;51,837580860999999
174673;5220526502244081483;5;1;13;0;2022;5;14;5;3;5;7;0;0;1;1;0;0;0;0;366826,845167813007720;5698617,232204129919410;7,084573379000060;51,423098048000000
174674;5220611506100295958;5;1;16;0;2022;6;9;7;3;0;7;0;0;1;0;0;0;0;0;321663,563169634027872;5670202,010018480010331;6,449785828000070;51,155433917000003
174675;5220603518400997118;5;1;70;8;2022;6;7;6;2;1;6;0;0;1;1;0;0;0;0;344737,794999735022429;5714520,904999139718711;6,760113569000050;51,560371058000001
174676;5220614503400578705;5;1;22;0;2022;6;8;3;3;1;5;0;0;1;1;0;0;0;0;365932,587622565974016;5669152,254808089695871;7,082782251000030;51,158085970999998
174677;5220609705000085882;5;5;54;8;2022;6;16;5;3;5;3;0;0;1;0;0;0;0;0;335668,821999659005087;5745562,342998829670250;6,614773539000050;51,836668150999998
174680;5220527600350089881;5;3;82;32;2022;5;21;6;3;5;1;1;0;1;1;0;0;0;0;360058,568883168976754;5609796,402338810265064;7,021571359000060;50,623234006000096
174682;5220606502408075350;5;1;17;0;2022;6;14;2;2;0;1;0;1;1;0;0;0;0;0;351903,823648974997923;5700105,978431539610028;6,869464965000020;51,432772921000002
174683;5220529702100491782;5;5;15;0;2022;5;17;1;3;5;2;0;0;1;1;0;0;0;0;404762,989999977988191;5757283,393999660387635;7,613989286000050;51,958083123999998
174685;5220610605144286315;5;3;74;44;2022;6;19;6;2;5;3;0;0;1;1;0;0;0;0;402736,242999973997939;5635644,935999600216746;7,617876540000050;50,864301836000003
174691;5220527406140168201;5;7;58;32;2022;5;15;6;3;5;2;0;0;1;1;0;0;0;0;465099,204589024011511;5777629,768146740272641;8,489930376000070;52,148069233000101
174696;5220605502200375243;5;1;13;0;2022;6;10;1;3;0;1;0;0;1;0;0;0;0;0;363744,361999859975185;5699228,910999470390379;7,040030422000030;51,427862321000099
174698;5220603300200093910;5;9;11;0;2022;6;17;6;3;0;5;0;0;1;1;0;0;0;0;371723,503999895008747;5702909,099999539554119;7,153406442000060;51,462799072000102
174699;5220613516500262162;5;1;58;16;2022;6;16;2;3;5;3;0;0;1;1;0;0;0;0;355102,291028347972315;5671533,127038920298219;6,927049894000050;51,176841248000102
174701;5220527301301089310;5;9;78;24;2022;5;12;6;3;8;1;0;0;1;0;0;0;0;0;400048,638999969989527;5716044,997999629937112;7,557272938000040;51,586587162000100
174702;5220606316100581575;5;9;74;32;2022;6;17;2;3;0;5;0;0;1;1;0;0;0;0;433733,857939657988027;5704712,623334039933980;8,045537526000031;51,489673369000101
174705;5220530601100893442;5;3;15;0;2022;5;22;2;3;0;1;2;0;1;0;0;0;0;0;356750,853015906992368;5646952,828941199928522;6,960353786000040;50,956361696000002
174708;5220527705000651911;5;5;54;4;2022;5;11;6;3;0;1;0;0;1;0;0;0;0;0;362204,232659979024902;5772047,554059679619968;6,989024985000070;52,081828970000103
174710;5220526605152493626;5;3;74;52;2022;5;19;5;3;0;1;0;0;1;0;0;0;0;0;393244,834026796976104;5667650,098692400380969;7,473636399000040;51,150331625000000
174711;5220611506100182250;5;1;16;0;2022;6;3;7;3;0;7;2;0;1;0;0;0;0;0;320779,725995659013279;5674235,655361999757588;6,435149704000030;51,191392939000103
174712;5220603608200069719;5;3;34;2;2022;6;19;6;3;0;1;0;0;1;0;0;0;0;0;299015,412146863993257;5628462,878226540051401;6,149379109000050;50,773056257000100
174715;5220602505200286738;5;1;14;0;2022;6;16;5;3;4;2;0;0;1;1;0;0;0;0;331038,081277251010761;5689943,728834629990160;6,574392843000060;51,335639926000098
174716;5220612513130585054;5;1;62;22;2022;6;9;1;3;0;7;0;0;1;0;0;0;0;0;337020,004999662982300;5684063,986998920328915;6,662877376000040;51,284559373000000
174717;5220527515210682341;5;1;54;28;2022;5;11;6;2;1;5;0;0;1;1;0;0;0;0;320799,026111391023733;5702412,551557569764555;6,421263828000060;51,444510460000103
174718;5220604709110896626;5;5;66;8;2022;6;1;7;2;0;1;2;0;1;0;0;0;0;0;399189,287999970023520;5782069,224999659694731;7,525581241000050;52,179872863000099
174719;5220529705000781393;5;5;54;20;2022;5;13;1;3;0;1;0;0;1;0;0;0;0;0;366245,333999874012079;5783070,478999510407448;7,043627488000030;52,181866770000099
174720;5220531705000696646;5;5;54;32;2022;5;6;3;3;5;3;0;0;1;0;0;0;0;0;328866,535999589017592;5743843,782998500391841;6,516987659000050;51,819188070000102
174723;5220603501115091560;5;1;12;0;2022;6;13;6;3;1;5;0;0;1;1;0;0;0;0;344610,348211648000870;5707215,208758910186589;6,761499258000070;51,494695692000100
174725;5220608706000011018;5;5;58;44;2022;6;10;4;3;5;2;0;0;1;1;0;0;0;0;395415,673999961989466;5746664,701999640092254;7,481228156000040;51,860963594000097
174726;5220601601200686408;5;3;15;0;2022;6;8;4;3;5;2;0;0;1;1;0;0;0;0;361218,275999844016042;5638006,754999429918826;7,027325384000050;50,877053993000096
174728;5220602300400793721;5;9;11;0;2022;6;13;5;2;0;1;0;0;1;0;0;0;0;0;370596,771008262003306;5699656,854342619888484;7,138385178000020;51,433314479000003
174731;5220605516900095760;5;1;58;26;2022;6;15;1;3;4;3;0;0;1;1;0;0;0;0;352790,893999791995157;5662584,682999320328236;6,897662626000060;51,095838164000000
174733;5220603300600079128;5;9;16;0;2022;6;19;6;3;4;6;0;0;1;1;0;0;0;0;377851,377705532999244;5713649,236509740352631;7,237852597000030;51,560681332000101
174734;5220613405224696814;5;7;54;24;2022;6;10;2;2;0;1;0;0;1;0;0;0;0;0;453084,212805761024356;5735997,934004720300436;8,320031734000050;51,772893178000103
174736;5220530316100577975;5;9;74;32;2022;5;7;2;3;0;1;0;1;1;0;0;0;0;0;439802,332957996986806;5705897,158040540292859;8,132731232000030;51,501001862000102
174737;5220531602800094863;5;3;62;12;2022;5;14;3;3;0;1;0;0;1;0;0;0;0;0;352863,863161663990468;5630254,221651099622250;6,911769225000060;50,805317225000103
174739;5220606606100881799;5;3;78;4;2022;6;19;2;3;0;1;0;0;1;0;0;0;0;0;369522,288914398988709;5647358,011077520437539;7,141946734000040;50,963036761000097
174740;5220603501314082238;5;1;12;0;2022;6;16;6;3;5;3;0;0;1;1;0;0;0;0;345691,937136635999195;5700752,146777040325105;6,779888878000070;51,436921212000101
174742;5220609316300090686;5;9;74;28;2022;6;11;5;3;0;1;0;0;1;0;0;0;0;0;454210,741941078973468;5724552,325965720228851;8,337862616000050;51,670081481000103
174744;5220527314120591984;5;9;66;8;2022;5;21;6;3;0;7;1;0;1;0;0;1;0;0;415714,504752743989229;5651097,594152729958296;7,798677440000060;51,005268855000097
174746;5220528607100575830;5;3;82;60;2022;5;19;7;3;0;1;0;0;1;0;0;0;0;0;377274,301999914983753;5629354,823999539949000;7,258327309000040;50,802918533000103
174748;5220605404103090701;5;7;66;60;2022;6;11;1;3;2;6;0;0;1;1;0;0;0;0;507001,634362703014631;5749588,219731999561191;9,101756155000031;51,897008695000103
174749;5220610404101087045;5;7;66;20;2022;6;12;6;3;1;7;0;0;1;1;0;0;0;0;490233,009480738022830;5755638,675009409897029;8,857882790000080;51,951367016000098
174754;5220603705000265880;5;5;54;8;2022;6;16;6;3;0;3;0;0;1;1;0;0;0;0;336418,869999666989315;5745729,281998850405216;6,625571262000050;51,838388016000103
174756;5220530600110995274;5;3;14;0;2022;5;17;2;3;5;2;0;0;1;1;0;0;0;0;365112,532999862974975;5622761,332999460399151;7,088248511000070;50,740953752999999
174759;5220613300300093800;5;9;11;0;2022;6;7;2;3;5;3;0;1;1;1;0;0;0;0;379122,112999923992902;5707700,226999579928815;7,258217763000060;51,507488314000099
174761;5220607514215195938;5;1;66;28;2022;6;14;3;3;1;5;0;1;1;1;0;0;0;0;325652,485893336997833;5688888,185555499978364;6,497672025000040;51,324531782000101
174762;5220526610114485702;5;3;70;32;2022;5;17;5;3;1;3;0;0;1;0;1;0;0;0;292541,130998985026963;5660362,305994840338826;6,039544687000050;51,057256201000001
174767;5220602500200391730;5;1;11;0;2022;6;17;5;3;5;3;0;0;1;1;0;0;0;0;345188,768999736988917;5678932,483999160118401;6,782141357000060;51,240729799000100
174768;5220612317220876756;5;9;78;4;2022;6;1;1;3;0;1;2;0;1;0;0;0;0;0;401886,789961046015378;5719121,670502450317144;7,582935855000070;51,614565888000101
174771;5220529405220085586;5;7;54;20;2022;5;3;1;3;9;1;2;0;1;0;0;0;0;0;446555,656000001006760;5749746,200999660417438;8,223296030000030;51,895910136000097
174781;5220528513210095733;5;1;62;24;2022;5;11;7;2;0;1;0;0;1;0;0;0;0;0;338880,697705961007159;5674651,298873759806156;6,693771522000080;51,200517397000098
174785;5220602602100294805;5;3;62;8;2022;6;17;5;3;5;3;0;0;1;1;0;0;0;0;342349,363670310005546;5648217,781505160033703;6,754911508000020;50,963968629000099
174787;5220528502338081590;5;1;13;0;2022;5;14;7;3;0;7;0;1;1;0;0;0;0;0;363763,907054445007816;5706123,413844009861350;7,037655299000050;51,489824607000102
174789;5220526515211095957;5;1;54;16;2022;5;17;5;2;6;4;0;0;1;0;1;0;0;0;303469,186654424993321;5729043,289216729812324;6,157313346000020;51,677924005000101
174790;5220612307000773281;5;9;62;24;2022;6;2;1;2;8;1;2;0;1;0;0;0;0;0;406225,514999979990534;5698175,536999629810452;7,651156290000070;51,427016616000103
174791;5220603518100985889;5;1;70;48;2022;6;23;6;3;0;7;2;0;1;0;0;0;0;0;335561,090959673980251;5725565,860939879901707;6,622665032000040;51,656996637000098
174793;5220609709000096649;5;5;66;8;2022;6;11;5;2;0;2;0;0;1;1;0;0;0;0;398874,151079447998200;5782288,822182900272310;7,520908344000080;52,181788853999997
174794;5220602600140678305;5;3;14;0;2022;6;8;5;3;0;1;0;0;1;0;0;0;0;0;367559,952994853025302;5622589,649613250046968;7,122977303000030;50,739974015000001
174795;5220612600380495301;5;3;14;0;2022;6;1;1;2;0;1;2;0;1;0;0;0;0;0;370361,522801372979302;5616627,462599540129304;7,164755374000040;50,687016172000000
174799;5220611600350287429;5;3;82;32;2022;6;12;7;3;5;3;0;0;1;0;0;0;0;1;360920,228999843006022;5610191,132999420166016;7,033597435000050;50,626987913000100
174802;5220526501215167279;5;1;12;0;2022;5;19;5;2;8;1;0;0;1;0;0;0;0;1;338281,965999674983323;5696723,556998959742486;6,675207768000060;51,398659983000101
174803;5220611702100225584;5;5;15;0;2022;6;17;7;3;0;1;0;0;1;0;0;0;0;0;406194,403999980015215;5756059,293800000101328;7,635148765000050;51,947323652000101
174805;5220601404102521520;5;7;66;40;2022;6;19;4;3;4;3;0;1;1;1;0;0;0;0;485544,711521757999435;5758719,501165020279586;8,789535174000040;51,978964476000002
174807;5220609601100173795;5;3;15;0;2022;6;20;5;3;5;6;0;0;1;0;0;0;0;1;355788,129140058998019;5644904,058138970285654;6,947466779000020;50,937709681000101
174808;5220612607100256076;5;3;82;60;2022;6;11;1;3;2;1;0;0;1;1;0;0;0;0;374008,442999903985765;5629080,627999530173838;7,212097443000060;50,799752984000101
174809;5220528301301385574;5;9;78;24;2022;5;0;7;3;0;1;2;0;1;0;0;0;0;0;398394,863931471016258;5718068,845770999789238;7,532824092000060;51,604483002999999
174811;5220531609108165737;5;3;58;8;2022;5;16;3;3;2;2;0;0;1;1;0;0;0;0;321765,989999471988995;5633057,607998260296881;6,469470306000060;50,821772541000001
174813;5220603518210895910;5;1;70;28;2022;6;12;6;3;0;1;0;0;1;0;0;0;0;0;327830,826999566983432;5700491,792998500168324;6,523282946000050;51,429436603000099
174814;5220614300600393836;5;9;16;0;2022;6;8;3;3;5;2;0;0;1;1;0;0;0;0;372489,677293476008344;5710730,449018769897521;7,161603110000040;51,533263486000102
174815;5220609500300996310;5;1;11;0;2022;6;5;5;3;0;7;1;0;1;0;0;0;0;0;352367,036999789008405;5674295,454999309964478;6,886811362000060;51,200964104999997
174816;5220602406110070389;5;7;58;12;2022;6;7;5;3;5;3;0;0;1;1;0;0;0;0;476511,731890500988811;5773228,676690810360014;8,657022578000070;52,109104115000001