OBJECTID;UIDENTSTLAE;ULAND;UREGBEZ;UKREIS;UGEMEINDE;UJAHR;UMONAT;USTUNDE;UWOCHENTAG;UKATEGORIE;UART;UTYP1;ULICHTVERH;IstStrassenzustand;IstRad;IstPKW;IstFuss;IstKrad;IstGkfz;IstSonstige;LINREFX;LINREFY;XGCSWGS84;YGCSWGS84
175153;5220620600110195263;5;3;14;0;2022;6;3;2;3;5;3;2;1;1;1;0;0;0;0;361846,247836848022416;5623507,744943969883025;7,041704258000040;50,746894331000099
175154;5220625503400668121;5;1;22;0;2022;6;8;7;3;5;3;0;0;1;1;0;0;0;0;359895,384999837027863;5669467,977999419905245;6,996380241000050;51,159476864000098
175155;5220617706200772440;5;5;58;12;2022;6;16;6;3;0;6;0;0;1;1;0;0;0;0;373950,425999907020014;5756994,985999570228159;7,165889228000030;51,949361062999998
175156;5220621606100178223;5;3;78;4;2022;6;8;3;3;0;7;0;0;1;0;0;0;0;0;367887,385999879974406;5647243,989999500103295;7,118719823000050;50,961639394000002
175158;5220614601400980795;5;3;15;0;2022;6;9;3;3;3;2;0;0;1;1;0;0;0;0;356860,840400483983103;5649900,829754020087421;6,960758550000040;50,982882265000100
175159;5220615601500090297;5;3;15;0;2022;6;13;4;3;5;2;0;0;1;1;0;0;0;0;360229,786999836971518;5646400,255999419838190;7,010068244000020;50,952249940000101
175161;5220624702100079223;5;5;15;0;2022;6;6;6;3;5;3;0;1;1;0;0;0;0;0;403544,979066243977286;5756754,503804080188274;7,596417423000050;51,953119339000096
175162;5220623307000890500;5;9;62;16;2022;6;19;5;2;9;1;0;0;1;0;0;0;0;0;415091,426380064978730;5694408,248155769892037;7,779552151000080;51,394547203000101
175163;5220630711114176726;5;5;70;52;2022;6;16;5;3;5;3;0;0;1;1;0;0;0;0;428690,595999994024169;5753298,952999670058489;7,962968706000030;51,925848385999998
175165;5220620601700990404;5;3;16;0;2022;6;12;2;3;0;3;0;0;1;1;0;0;0;0;360955,728999843995553;5658249,125999430194497;7,015857726000040;51,058912587000101
175166;5220626701610385352;5;5;62;12;2022;6;16;1;2;0;1;0;0;1;0;0;0;0;0;359632,759999839006923;5730433,271999429911375;6,968462431000030;51,707261301000102
175167;5220619513130774103;5;1;62;22;2022;6;15;1;2;0;7;0;0;1;0;0;0;0;0;340228,010003158997279;5679196,246765210293233;6,711014675000060;51,241732034999998
175170;5220628410120093094;5;7;70;32;2022;6;18;3;3;0;1;0;0;1;0;0;0;0;0;495690,878549507993739;5790577,682514480315149;8,936856736000040;52,265565249000097
175172;5220614601600390425;5;3;15;0;2022;6;8;3;3;5;3;0;0;1;1;0;0;0;0;359634,691999835020397;5645457,781999410130084;7,001964563000060;50,943635205000099
175174;5220630500300576621;5;1;11;0;2022;6;7;5;3;6;7;0;0;1;0;1;0;0;0;347448,287075772997923;5673203,794202820397913;6,816923112000040;51,189862599999998
175176;5220622702100876765;5;5;15;0;2022;6;15;4;3;5;4;0;0;1;0;1;0;0;0;405533,378324586024974;5756146,968361830338836;7,625509869000040;51,947999844999998
175181;5220620301302577849;5;9;13;0;2022;6;19;2;3;4;6;0;0;1;1;0;0;0;0;399004,761408980004489;5709564,525435809977353;7,544071972000040;51,528149809000098
175185;5220622515111395987;5;1;54;44;2022;6;19;4;3;5;3;0;0;1;1;0;0;0;0;321607,434850546007510;5738168,847005600109696;6,414695403000050;51,765945455000100
175187;5220623601400376442;5;3;15;0;2022;6;12;5;2;0;1;0;0;1;0;0;0;0;0;355408,034999810974114;5652135,737999360077083;6,939185633000020;51,002603673000102
175188;5220624603116195265;5;3;66;16;2022;6;15;6;3;6;4;0;0;1;0;1;0;0;0;343207,939999712980352;5614331,578999140299857;6,781605901000030;50,659701487000099
175189;5220626405228090798;5;7;54;28;2022;6;0;1;3;9;1;2;0;1;0;0;0;0;0;450637,954000000027008;5744922,851999660022557;8,283308378000070;51,852922644000003
175191;5220630516100086935;5;1;58;32;2022;6;18;5;3;5;3;0;0;1;1;0;0;0;0;361966,503120295004919;5689261,885347249917686;7,018346597000060;51,337863247000001
175192;5220622500200076325;5;1;11;0;2022;6;21;4;3;5;3;0;0;1;1;0;0;0;0;345188,768999736988917;5678932,483999160118401;6,782141357000060;51,240729799000100
175193;5220616705000820910;5;5;54;4;2022;6;21;5;3;9;1;0;0;1;0;0;0;0;0;357331,553999828000087;5771265,475999389775097;6,918290654000030;52,073567896999997
175194;5220628516900295657;5;1;58;26;2022;6;20;3;2;0;7;0;0;1;0;0;0;0;0;351957,675990513002034;5662146,883315930142999;6,885951311000040;51,091689494999997
175196;5220624502226086670;5;1;13;0;2022;6;10;6;3;5;2;0;1;1;1;0;0;0;0;362363,840999852982350;5697106,357999449595809;7,021009160000060;51,408454427999999
175200;5220625603144925998;5;3;66;44;2022;6;11;7;3;0;1;0;0;1;0;0;0;0;0;333891,363612891989760;5618146,997793139889836;6,648190518000040;50,691402033000003
175201;5220618411132381977;5;7;74;32;2022;6;9;7;2;5;3;0;0;1;1;0;0;0;0;477862,532999999995809;5735988,564999650232494;8,679144433000030;51,774337499000097
175202;5220621702100076649;5;5;15;0;2022;6;8;3;2;4;2;0;0;1;1;0;0;0;0;403133,024795438977890;5758633,123601829633117;7,589894930000070;51,969933325000099
175203;5220627608100085777;5;3;34;2;2022;6;19;2;3;3;2;0;0;1;1;0;0;0;0;294490,935919429990463;5629247,602371729910374;6,084856397000070;50,778518933999997
175204;5220614600380590861;5;3;14;0;2022;6;8;3;3;1;5;0;0;1;1;0;0;0;0;369513,815301411028486;5618021,703065739944577;7,152268904000040;50,699358508000003
175205;5220615709300042419;5;5;66;68;2022;6;18;4;3;5;3;0;0;1;1;0;0;0;0;376350,438052948971745;5786007,392822279594839;7,190275618000040;52,210616048000098
175206;5220629514113696091;5;1;66;32;2022;6;7;4;2;0;7;0;0;1;0;0;0;1;0;316033,765966336010024;5686039,588557139970362;6,361241262000020;51,295915129000001
175210;5220617514210095985;5;1;66;12;2022;6;17;6;3;5;3;0;0;1;1;0;0;0;0;320070,839935727999546;5695008,855008370243013;6,414552809000040;51,377774512000002
175216;5220622514211095985;5;1;66;36;2022;6;10;4;2;0;3;0;0;1;1;0;0;0;0;328194,672999566013459;5682495,363998539745808;6,537198997000080;51,267873981000001
175221;5220625709300096514;5;5;66;84;2022;6;19;7;3;8;1;0;0;1;0;0;1;0;0;387431,090999945008662;5776112,595999640412629;7,355657103000060;52,124066635000098
175224;5220619605152185299;5;3;74;52;2022;6;11;1;3;0;1;0;0;1;0;0;0;0;0;388034,742965044977609;5664464,284028659574687;7,400164151000070;51,120699442000003
175225;5220628600380095311;5;3;14;0;2022;6;10;3;3;0;2;0;0;1;1;0;0;0;0;370133,667889864998870;5615975,275943820364773;7,161760611000030;50,681103269000097
175227;5220622600110995818;5;3;14;0;2022;6;13;4;3;5;3;0;0;1;0;0;0;0;0;364200,121999859984498;5620846,093999460339546;7,076030247000060;50,723527232999999
175228;5220616711143090988;5;5;70;44;2022;6;21;5;3;0;1;0;0;1;0;0;0;0;0;414193,193999985989649;5764993,877999669872224;7,749262515000050;52,028926575000099
175230;5220624601200593388;5;3;15;0;2022;6;11;6;3;0;5;0;1;1;1;0;0;0;0;360348,196857309027109;5638372,229985349811614;7,014826183000030;50,880129017000101
175231;5220626405228082048;5;7;54;28;2022;6;21;1;3;2;7;1;1;1;0;0;0;0;1;450474,473187057010364;5745848,516149920411408;8,280802313000040;51,861230315999997
175234;5220616603116095305;5;3;66;16;2022;6;1;5;2;0;1;2;0;1;0;0;0;0;0;348180,415018261992373;5610032,366886760108173;6,853667471000050;50,622383134000103
175235;5220628513310595734;5;1;62;8;2022;6;13;3;3;5;3;0;0;1;1;0;0;0;0;329276,805005931993946;5657888,351900660432875;6,564370797000040;51,047127637000102
175239;5220629608404489871;5;3;34;4;2022;6;20;4;3;0;7;0;0;1;1;0;0;0;0;302190,048459511017427;5638603,614213580265641;6,188880201000070;50,865231208000097
175241;5220625500200674701;5;1;11;0;2022;6;10;7;3;4;6;0;0;1;0;0;0;0;1;346245,507118428999092;5689082,768450019881129;6,792898844000040;51,332219866000102
175242;5220617601700253385;5;3;16;0;2022;6;12;6;3;4;6;0;0;1;0;0;0;0;0;357624,154996254015714;5655358,884788629598916;6,969484574000030;51,032122213000001
175244;5220627607500079329;5;3;82;56;2022;6;15;2;3;0;7;0;0;1;0;0;0;0;1;374337,498999904026277;5626097,995999529957771;7,217784411000030;50,773015127000100
175245;5220614516900095641;5;1;58;26;2022;6;19;3;3;5;3;0;0;1;1;0;0;0;0;352893,708205647999421;5665695,887369980104268;6,897861381000040;51,123822690000097
175246;5220615601200790176;5;3;15;0;2022;6;17;4;3;5;3;0;0;1;1;0;0;0;0;360368,843670725007541;5638518,845397709868848;7,015063489000060;50,881451681000001
175248;5220624607400078277;5;3;82;68;2022;6;1;6;2;1;5;2;0;1;1;0;0;0;0;371072,485153181012720;5630929,496599270030856;7,169807312000050;50,815725211000000
175250;5220701317110794489;5;9;78;36;2022;7;7;6;3;5;3;0;0;1;1;0;0;0;0;406093,082999637990724;5709761,467013279907405;7,646171494000040;51,531143545000099
175251;5220617601300793609;5;3;15;0;2022;6;18;6;3;0;1;0;0;1;0;0;0;0;0;352361,175352573976852;5645923,771958090364933;6,898313159000050;50,946006195999999
175253;5220621500300381090;5;1;11;0;2022;6;12;3;3;3;2;0;0;1;1;0;0;0;0;344357,766999727988150;5676495,207999150268734;6,771304498000060;51,218603960999999
175257;5220630700000591806;5;5;13;0;2022;6;7;5;3;2;6;0;0;1;0;0;0;0;1;363138,986869547981769;5711720,461634639650583;7,026486528000020;51,539970853000099
175258;5220622505200576405;5;1;14;0;2022;6;10;4;1;5;2;0;0;1;0;0;0;1;0;335176,066048238018993;5692272,323717829771340;6,632664117000050;51,357775259999997
175259;5220616610222963494;5;3;70;36;2022;6;13;5;3;0;1;0;0;1;0;0;0;0;0;301412,136999159003608;5666492,814996230416000;6,162595632000030;51,115452500000103
175262;5220615502101077623;5;1;13;0;2022;6;7;4;3;7;3;0;0;1;1;0;0;0;0;361668,019999849027954;5701937,142999449744821;7,009124280000040;51,451696527000102
175263;5220620608100389788;5;3;34;2;2022;6;8;2;3;5;3;0;1;1;1;0;0;0;0;294013,330998987017665;5629353,961995310150087;6,078031393000060;50,779304746999998
175267;5220616301306885078;5;9;13;0;2022;6;23;5;3;6;1;2;0;1;0;1;0;0;0;397805,487999967008363;5712073,475999630056322;7,526061125000070;51,550486208999999
175268;5220628502209570131;5;1;13;0;2022;6;9;3;3;6;6;0;0;1;0;1;0;0;0;360075,265999840979930;5701242,246999429538846;6,986491262000070;51,445060662000103
175269;5220623316100973623;5;9;74;40;2022;6;15;5;3;5;3;0;0;1;0;0;0;0;0;438301,851999997976236;5713615,432999650016427;8,109763808000030;51,570231880000101
175270;5220623705000291732;5;5;54;8;2022;6;16;5;3;2;6;0;0;1;0;0;0;0;0;334120,274999646004289;5745269,585998759604990;6,592458414000020;51,833580492000102
175271;5220615400100396972;5;7;11;0;2022;6;15;4;3;8;1;0;0;1;1;0;0;0;0;467370,806999999971595;5764343,386999670416117;8,524399857000050;52,028756754000000
175272;5220616601200790338;5;3;15;0;2022;6;2;5;2;0;1;2;0;1;0;0;0;0;0;355247,408999807026703;5643287,625999360345304;6,940418043000020;50,923047666999999
175274;5220625601500245784;5;3;15;0;2022;6;17;7;3;0;1;0;0;1;0;0;0;0;0;358214,580583883973304;5651888,588658629916608;6,979255906000050;51,001081065000101
175276;5220701313110385005;5;9;58;4;2022;7;10;6;3;0;1;0;0;1;0;0;0;0;0;429666,700560423021670;5698346,722188809886575;7,988232273000050;51,431950166000000
175277;5220617608416889755;5;3;34;16;2022;6;20;6;3;5;2;0;0;1;1;0;0;0;0;295275,841658974008169;5639382,409005519933999;6,090318230000040;50,869819119000098
175279;5220618609108448354;5;3;58;8;2022;6;17;7;3;5;3;0;0;1;1;0;0;0;0;323992,269325857982039;5629363,806520069949329;6,502817054000050;50,789267466000098
175281;5220616410220787133;5;7;70;8;2022;6;11;5;2;0;3;0;0;1;1;0;0;0;0;473275,489000000001397;5803277,212999690324068;8,607390772000031;52,379104782000098
175282;5220628505100885895;5;1;14;0;2022;6;11;3;3;0;1;0;0;1;0;0;0;0;0;331961,255999610992149;5686329,141998729668558;6,589336980000040;51,303439926000102
175285;5220615411132270369;5;7;74;32;2022;6;17;4;3;0;1;0;0;1;0;0;0;0;0;483086,750999999989290;5728965,774999660439789;8,755203723000021;51,711375949000100
175286;5220630500300545578;5;1;11;0;2022;6;15;5;3;5;7;0;0;1;0;0;0;0;1;343959,099292905011680;5676599,249616639688611;6,765555207000030;51,219429993000098
175288;5220623500300000909;5;1;11;0;2022;6;16;5;3;5;2;0;0;1;1;0;0;0;0;348231,811999758007005;5672115,962999230250716;6,828586576000020;51,180296220000102
175289;5220701500300474344;5;1;11;0;2022;7;17;6;2;5;3;0;0;1;1;0;0;0;0;352065,416999786975794;5669280,561999309808016;6,884561470000050;51,155821834000101
175291;5220621608404089791;5;3;34;4;2022;6;15;3;3;4;6;0;0;1;1;0;0;0;0;300172,375394586997572;5637866,377376849763095;6,160646549000030;50,857915849999998
175293;5220614606100093434;5;3;78;4;2022;6;16;3;3;0;3;0;0;1;1;0;0;0;0;368328,299631909001619;5650846,636777609586716;7,123689889000050;50,994119876000099
175295;5220629602700689822;5;3;62;28;2022;6;18;4;3;5;2;0;0;1;1;0;0;0;0;351371,160999780986458;5638301,642999289557338;6,887334709000070;50,877255476000101
175299;5220623700000865435;5;5;13;0;2022;6;17;5;3;5;3;0;0;1;1;0;0;0;0;366496,989999873971101;5708677,498999490402639;7,076031917000020;51,513429176999999
175304;5220630608404589757;5;3;34;4;2022;6;14;5;3;5;3;0;0;1;1;0;0;0;0;300054,959999113983940;5639332,380996179766953;6,158179391000030;50,871042393000003
175306;5220617317140266932;5;9;78;28;2022;6;15;6;3;5;3;0;0;1;1;0;0;0;0;401805,184999973978847;5699247,384999630041420;7,587297788000060;51,435902849999998
175308;5220623600380575848;5;3;14;0;2022;6;15;5;3;8;1;0;0;1;0;0;0;0;0;368728,447362679988146;5618450,976351710036397;7,141001444000040;50,703040160000100
175309;5220624600110978243;5;3;14;0;2022;6;12;6;3;0;1;0;1;1;1;0;0;0;0;365082,899826609995216;5624719,200170160271227;7,087111517000040;50,758543930000002
175312;5220625702100791756;5;5;15;0;2022;6;8;7;3;0;3;0;0;1;1;0;0;0;0;403805,151999976020306;5761690,659999660216272;7,598818565000040;51,997532093000103
175313;5220618705000796634;5;5;54;68;2022;6;10;7;3;0;7;0;0;1;0;1;0;0;0;350746,422005821019411;5767189,107504970394075;6,824059577000070;52,035208738000101
175314;5220621608332033031;5;3;34;32;2022;6;9;3;3;0;1;0;0;1;0;0;0;0;0;308608,210999267001171;5628870,810997230000794;6,285057080000060;50,779964952999997
175318;5220624406230496898;5;7;58;20;2022;6;17;6;3;4;1;0;0;1;1;0;0;0;0;476416,073510089016054;5782864,798123990185559;8,654956686000050;52,195734190000103
175319;5220614600140386257;5;3;14;0;2022;6;14;3;3;0;1;0;0;1;0;0;0;0;0;367278,296996041026432;5622493,299991689622402;7,119022494000030;50,739043713999997
175320;5220615608100489826;5;3;34;2;2022;6;13;4;2;0;7;0;0;1;0;0;0;0;0;294747,861189085000660;5628605,147005629725754;6,088854371000020;50,772839869999999
175321;5220630313130668896;5;9;58;44;2022;6;22;5;2;0;1;2;0;1;0;0;0;0;0;430502,160301338997670;5686953,420283749699593;8,002477954000030;51,329621277999998
175322;5220625601300170445;5;3;15;0;2022;6;10;7;3;0;3;0;0;1;1;0;0;0;0;353373,393999796011485;5647108,791999329812825;6,912234914000070;50,956913837000101
175325;5220617610211080774;5;3;70;4;2022;6;0;6;2;9;1;2;0;1;0;0;0;0;0;312463,119999343995005;5662966,547997489571571;6,322132593000050;51,087500727000098
175326;5220621516800691137;5;1;58;20;2022;6;8;3;2;5;3;0;0;1;1;0;0;0;0;356369,564652346016373;5664322,435991990379989;6,948043602000040;51,112362138999998
175327;5220627518400200436;5;1;70;8;2022;6;9;2;3;5;3;0;0;1;1;0;0;0;0;342717,236265580984764;5714279,657295140437782;6,731096382000030;51,557643762000097
175331;5220622502307089563;5;1;13;0;2022;6;16;4;3;0;1;0;0;1;0;0;0;0;0;358747,337999833980575;5703542,199999409727752;6,966476853000070;51,465398709000098
175333;5220623516300596226;5;1;58;28;2022;6;18;5;3;5;2;0;0;1;1;0;0;0;0;347811,520669350982644;5684830,975803149864078;6,817175371000080;51,294436744000102
175338;5220614602300094898;5;3;62;36;2022;6;23;3;3;0;1;2;0;1;0;0;0;0;0;345820,265711388026830;5652024,933163040317595;6,802686031000060;50,999118676000101
175339;5220615601400893516;5;3;15;0;2022;6;7;4;3;5;3;0;0;1;0;0;0;0;0;352386,823999789019581;5653136,661999319680035;6,895749114000070;51,010831197000101
175345;5220621501319291431;5;1;12;0;2022;6;16;3;3;5;7;0;0;1;0;0;0;0;0;343983,327999727975111;5696423,787999129854143;6,757231301000050;51,397563161999997
175346;5220620609108789898;5;3;58;8;2022;6;9;2;3;5;3;0;1;1;1;0;0;0;0;322538,690237939998042;5630847,766697850078344;6,481498109000030;50,802156433999997
175349;5220629301102080393;5;9;13;0;2022;6;11;4;3;5;3;0;0;1;1;0;0;0;0;395675,753995414997917;5704781,546476770192385;7,497514089000050;51,484552174999997
175350;5220630607200769546;5;3;82;20;2022;6;16;5;3;5;3;0;0;1;0;0;1;0;0;384234,475999936985318;5622046,689999570138752;7,359358766000070;50,738657082000003
175351;5220622404103434690;5;7;66;16;2022;6;10;4;3;0;1;0;0;1;0;0;0;0;0;506329,766000000992790;5754325,907999670132995;9,092078871000069;51,939613630000103
175354;5220623600380476742;5;3;14;0;2022;6;7;5;3;5;3;0;0;1;1;0;0;0;0;369836,076489576022141;5615155,207174030132592;7,157839223000050;50,673665716000102
175356;5220614705000196570;5;5;54;8;2022;6;7;3;3;5;3;0;0;1;1;0;0;0;0;337062,579753171012271;5747068,756398050114512;6,634275246000070;51,850609388000102
175357;5220620602300881863;5;3;62;36;2022;6;7;2;3;5;3;0;1;1;1;0;0;0;0;346371,676237263018265;5652359,395856380462646;6,810396859000040;51,002271614999998
175358;5220626411132163060;5;7;74;32;2022;6;12;1;3;4;6;0;0;1;0;0;0;0;0;480369,301442652009428;5728829,523908150382340;8,715880497000059;51,710062354999998
175359;5220618601300693506;5;3;15;0;2022;6;19;7;3;0;1;0;0;1;1;0;0;0;0;348286,117747344018426;5645369,867090860381722;6,840577551000020;50,939970713000001
175360;5220621711211491799;5;5;70;4;2022;6;19;3;3;2;6;0;0;1;0;0;0;0;0;423565,535512140020728;5734920,774477769620717;7,892512960000030;51,759957407999998
175362;5220628405148096960;5;7;54;16;2022;6;22;3;3;5;2;2;0;1;1;0;0;0;0;446922,022999998996966;5756961,714999670162797;8,227506928000031;51,960814439000004
175363;5220623709110596626;5;5;66;12;2022;6;11;5;3;5;3;0;0;1;1;0;0;0;0;405015,529999978025444;5772235,827999659813941;7,613512957000070;52,092523174000100
175364;5220614508000982214;5;1;19;0;2022;6;13;3;3;0;7;0;0;1;0;0;0;0;0;348282,025999762990978;5705226,600999229587615;6,815205060000040;51,477824874000099
175365;5220615601700574223;5;3;16;0;2022;6;16;4;2;0;6;0;0;1;1;0;0;0;0;360085,360900524014141;5658733,580688729882240;7,003258399000060;51,063054925000102
175368;5220622608100277497;5;3;34;2;2022;6;8;4;3;0;5;0;0;1;1;0;0;0;0;293245,354112314002123;5627671,250706929713488;6,068098334000070;50,763918956000097
175370;5220617702100391723;5;5;15;0;2022;6;20;6;3;0;3;0;0;1;0;0;0;0;0;404922,947999976982828;5758369,859999660402536;7,616015687000070;51,967876079000099
175372;5220627505200479549;5;1;14;0;2022;6;16;2;3;5;2;0;1;1;1;0;0;0;0;331521,259999606991187;5690101,840998699888587;6,581247888000060;51,337203771000098
175373;5220619701120585428;5;5;62;32;2022;6;20;1;2;1;7;1;0;1;0;0;1;0;0;375306,950359015027061;5715343,436925429850817;7,200564143000070;51,575350646000103
175374;5220629400200404091;5;7;11;0;2022;6;5;4;3;5;3;0;0;1;1;0;0;0;0;469449,211000000999775;5763829,955999669618905;8,554739306000039;52,024259063000002
175376;5220622601700378648;5;3;16;0;2022;6;14;4;3;4;6;0;0;1;0;0;0;0;0;362322,509643720986787;5654933,848123259842396;7,036609529000030;51,029447066000003
175378;5220623601500193459;5;3;15;0;2022;6;7;5;3;1;5;0;0;1;0;0;0;0;1;357973,636384147976059;5643330,453218850307167;6,979164878000060;50,924110101000103
175380;5220626506100082257;5;1;16;0;2022;6;15;1;3;0;7;0;0;1;1;0;0;0;0;321239,411661115998868;5675000,537811920046806;6,441340514000050;51,198408010000001
175381;5220618502210365993;5;1;13;0;2022;6;17;7;3;0;1;0;0;1;0;0;0;0;0;361230,591775276989210;5699677,126309679821134;7,003718875000060;51,431280184000101
175382;5220622500100571802;5;1;11;0;2022;6;7;4;3;5;3;0;0;1;0;0;0;0;0;342092,411999708972871;5679151,189999080263078;6,737722572000050;51,241846295000101
175383;5220616607100874411;5;3;82;28;2022;6;9;5;3;7;1;0;0;1;0;0;0;0;0;377474,985999915981665;5635625,256999550387263;7,259078041000070;50,859323492000001
175387;5220615405108096857;5;7;54;8;2022;6;10;4;3;1;2;0;0;1;1;0;0;0;0;457087,895037699025124;5750570,792753309942782;8,376246871000030;51,904234289999998
175390;5220625600380090897;5;3;14;0;2022;6;1;7;2;0;1;2;0;1;0;0;0;0;0;370730,407682201010175;5614184,493660920299590;7,170828635000020;50,665139840999998
175391;5220617700000677617;5;5;13;0;2022;6;20;6;3;4;6;0;0;1;0;0;0;0;0;367669,182646729983389;5708492,117447420023382;7,092984355000060;51,512038977000003
175393;5220628315260473269;5;9;70;32;2022;6;7;3;3;7;7;0;0;1;0;1;0;0;0;433993,129999996977858;5640276,684999610297382;8,061123125000050;50,910362282000101
175394;5220628601500976560;5;3;15;0;2022;6;10;3;2;0;1;0;0;1;0;0;0;0;0;360848,919235943001695;5648450,716454789973795;7,018093135000070;50,970827601000103
175395;5220630516300789370;5;1;58;24;2022;6;11;5;3;0;1;0;0;1;0;0;0;0;0;358611,879627407994121;5679748,736414750106633;6,973986249000060;51,251549846000003
175396;5220622313211829613;5;9;58;12;2022;6;14;4;3;5;3;0;0;1;1;0;0;0;0;469872,141227382002398;5694198,881196590140462;8,566923725000040;51,398219318000002
175397;5220617405148787063;5;7;54;48;2022;6;16;6;3;5;3;0;0;1;1;0;0;0;0;441179,390175682026893;5767260,160657639615238;8,142170270000070;52,052818967000100
175398;5220628518100073955;5;1;70;48;2022;6;8;3;3;4;7;0;0;1;0;0;0;0;1;335590,140576863021124;5727467,964622800238431;6,622189747000050;51,674093112999998
175399;5220623405112087051;5;7;54;12;2022;6;7;5;3;4;6;0;0;1;0;0;0;0;0;455882,328556322026998;5766995,624534009955823;8,356612511000041;52,051806369000097
175400;5220624404302864052;5;7;66;8;2022;6;13;6;3;2;2;0;0;1;1;0;0;0;0;482997,389090606011450;5769733,757562519982457;8,751899834000030;52,077919676000100
175402;5220615302100085544;5;9;14;0;2022;6;17;4;3;5;3;0;0;1;1;0;0;0;0;392378,067167675995734;5690453,576974609866738;7,454389819000030;51,355146306999998
175403;5220630506100011760;5;1;16;0;2022;6;17;5;3;1;5;0;0;1;1;0;0;0;0;322525,552363417984452;5672782,031367300078273;6,460826129000050;51,178879272000103
175404;5220620600110590935;5;3;14;0;2022;6;1;2;3;0;7;2;1;1;0;0;0;0;0;364965,283185767009854;5624740,987726399675012;7,085436919000070;50,758712397000103
175406;5220617603116924885;5;3;66;16;2022;6;15;6;3;0;6;0;0;1;1;0;0;0;0;343444,259999713976867;5614443,282999140210450;6,784899599000030;50,660768867999998
175407;5220621702100072452;5;5;15;0;2022;6;12;3;2;5;2;0;0;1;1;0;0;0;0;407007,232999980973545;5758548,055999659933150;7,646297954000030;51,969830399000003
175411;5220615607400836846;5;3;82;68;2022;6;7;4;3;5;3;0;0;1;1;0;0;0;0;366316,430999870004598;5629909,217999479733407;7,102703137000050;50,805476800000100
175412;5220629407301379182;5;7;62;36;2022;6;17;4;3;0;7;0;0;1;1;0;0;0;0;509914,215205290005542;5704729,627149210311472;9,142810010000060;51,493622987999998
175413;5220624608312785783;5;3;34;12;2022;6;15;6;3;0;1;0;0;1;0;0;0;0;0;307485,220999251003377;5636991,655997090041637;6,264885924000050;50,852539139000001
175415;5220617600310069533;5;3;14;0;2022;6;11;6;2;0;1;0;0;1;0;0;0;0;0;364105,209533422021195;5615968,444188280031085;7,076481294000080;50,679665286000002
175417;5220627502407691277;5;1;17;0;2022;6;17;2;3;5;3;0;1;1;1;0;0;0;0;351298,610999784024898;5696837,347999289631844;6,862135964000060;51,403243857000099
175422;5220616610111585865;5;3;70;16;2022;6;9;5;3;5;3;0;0;1;0;0;0;0;0;297010,964999073010404;5660429,800995609723032;6,103203505000070;51,059459629000102
175423;5220623600110695256;5;3;14;0;2022;6;16;5;3;0;7;0;0;1;0;0;0;0;0;365758,854125889018178;5621517,550984149798751;7,097856382000030;50,729924480000101
175425;5220615501322095876;5;1;12;0;2022;6;17;4;3;5;3;0;0;1;1;0;0;0;0;346580,177463789994363;5695789,603224540129304;6,794805651000050;51,392573063999997
175430;5220616410130190741;5;7;70;28;2022;6;16;5;2;0;1;0;0;1;0;0;0;0;0;497948,320738048991188;5803119,296087739989161;8,969859408000049;52,378333226000102
175431;5220628505200172075;5;1;14;0;2022;6;12;3;3;0;1;0;0;1;0;0;0;0;0;329953,261999587994069;5690500,871998620219529;6,558568346000070;51,340321808000098
175432;5220623505200579042;5;1;14;0;2022;6;18;5;3;0;1;0;0;1;0;0;0;0;0;326437,158999547013082;5694052,402998439967632;6,506404377000020;51,371164217000100
175434;5220615310230593696;5;9;54;12;2022;6;11;4;3;2;6;0;0;1;1;0;0;0;0;384151,761999937996734;5686627,574999590404332;7,337544123000040;51,319139677000102
175435;5220630501222496018;5;1;12;0;2022;6;12;5;3;3;6;0;0;1;1;0;0;0;0;340489,319592549989466;5702786,688889740034938;6,704182668000040;51,453759875999999
175436;5220625602600689818;5;3;62;20;2022;6;13;7;3;0;1;0;0;1;0;0;0;0;0;346181,308999740984291;5631462,118999199941754;6,816492744000070;50,814436160000099
175439;5220621701200081316;5;5;62;20;2022;6;11;3;3;0;1;0;0;1;0;0;0;0;0;367408,227999877010006;5718928,302999510429800;7,085290355000040;51,605763854000003
175440;5220627601300593384;5;3;15;0;2022;6;14;2;3;9;1;0;0;1;0;0;0;0;0;350306,722999773977790;5644451,469999279826880;6,869693742000040;50,932245751000004
175441;5220614506100770283;5;1;16;0;2022;6;21;3;2;1;5;1;0;1;1;0;0;0;0;321620,524558564997278;5676036,245321449823678;6,446274940000020;51,207831130000002
175443;5220629404301587363;5;7;66;44;2022;6;18;4;2;7;1;0;0;1;1;0;0;0;0;493711,928976445982698;5764319,318617950193584;8,908344448000040;52,029464566000101
175444;5220625307000075759;5;9;62;32;2022;6;18;7;3;0;1;0;0;1;0;0;0;0;0;405101,900999975972809;5675288,059999619610608;7,641094172000070;51,221083583999999
175445;5220623315210680407;5;9;70;24;2022;6;14;5;3;4;7;0;0;1;0;0;0;0;0;433113,396663666004315;5646723,698495679534972;8,047427951000030;50,968228365000101
175449;5220627405116786993;5;7;54;16;2022;6;17;2;3;5;3;0;0;1;1;0;0;0;0;446922,057501417002641;5757224,228454300202429;8,227466859000060;51,963174491000103