OBJECTID;UIDENTSTLAE;ULAND;UREGBEZ;UKREIS;UGEMEINDE;UJAHR;UMONAT;USTUNDE;UWOCHENTAG;UKATEGORIE;UART;UTYP1;ULICHTVERH;IstStrassenzustand;IstRad;IstPKW;IstFuss;IstKrad;IstGkfz;IstSonstige;LINREFX;LINREFY;XGCSWGS84;YGCSWGS84
175450;5220619602900567526;5;3;62;40;2022;6;17;1;3;0;3;0;0;1;0;0;0;0;1;357310,208999819995370;5632371,817999389953911;6,974007733000060;50,825460545000098
175454;5220614516100495497;5;1;58;32;2022;6;7;3;3;5;5;0;0;1;1;0;0;0;0;361681,468950169975869;5687765,535578230395913;7,014838178000050;51,324346897000098
175457;5220620701110691012;5;5;62;32;2022;6;15;2;3;5;2;0;0;1;1;0;0;0;0;374912,239714008988813;5719862,270859350450337;7,193260035000040;51,615874456000000
175459;5220622706200181907;5;5;58;8;2022;6;15;4;3;5;3;0;0;1;1;0;0;0;0;382220,222999933001120;5760261,250999609939754;7,285040135000030;51,980527510999998
175464;5220620411108078107;5;7;74;8;2022;6;17;2;2;5;2;0;0;1;1;0;0;0;0;487578,214269311982207;5736509,139256349764764;8,819941705000080;51,779318088000103
175465;5220629313211578123;5;9;58;12;2022;6;12;4;3;0;3;0;0;1;1;0;0;0;0;469887,011999999987893;5693485,769999629817903;8,567197990000070;51,391808073000000
175467;5220622601200578458;5;3;15;0;2022;6;13;4;3;1;5;0;0;1;1;0;0;0;0;355354,995643185975496;5641917,348831679672003;6,942491086000080;50,910760209999999
175469;5220623601100886373;5;3;15;0;2022;6;12;5;2;5;3;0;0;1;1;0;0;0;0;356341,567999815975782;5643759,037999380379915;6,955789690000070;50,927557668000098
175475;5220622404102996836;5;7;66;20;2022;6;22;4;2;0;6;2;0;1;0;0;0;0;0;489967,440338199026883;5755516,640444600023329;8,854022131000020;51,950265075000097
175476;5220616516800774202;5;1;58;20;2022;6;12;5;2;6;4;0;0;1;0;1;0;0;0;357034,293081665004138;5664070,182089080102742;6,957633639000050;51,110261440999999
175478;5220623405108904616;5;7;54;8;2022;6;18;5;3;5;3;0;0;1;1;0;0;0;0;458135,984841275028884;5752957,411063400097191;8,391190414000050;51,925771124000100
175479;5220624410110239372;5;7;70;24;2022;6;11;6;3;5;3;0;0;1;1;0;0;0;0;492292,490000002027955;5793194,551999690011144;8,886999065000049;52,289055125000097
175481;5220615406230996289;5;7;58;20;2022;6;7;4;3;5;3;0;0;1;1;0;0;0;0;475520,379974587005563;5783255,812761159613729;8,641824308000031;52,199210555000001
175484;5220623500200276036;5;1;11;0;2022;6;18;5;3;6;7;0;0;1;0;1;0;0;0;347009,626242062018719;5677354,552193759940565;6,808880615000020;51,227042406000102
175486;5220617701700077638;5;5;62;16;2022;6;17;6;3;0;1;0;0;1;0;0;0;0;0;375548,782365886028856;5734355,747693640179932;7,197282631000060;51,746268525000097
175487;5220621607400273847;5;3;82;68;2022;6;18;3;3;6;4;0;0;1;0;1;0;0;0;370611,297805625014007;5630794,457079609856009;7,163311726000070;50,814408602000100
175488;5220627709300091780;5;5;66;68;2022;6;15;2;3;3;6;0;0;1;1;0;0;0;0;376045,703999913996086;5785672,609999589622021;7,185940547000030;52,207539187000101
175490;5220615606100593434;5;3;78;4;2022;6;12;4;3;0;5;0;0;1;1;0;0;0;0;370534,464457326976117;5646656,687013559974730;7,156602015000030;50,956961673000102
175491;5220629405108781099;5;7;54;8;2022;6;11;4;3;0;1;0;0;1;0;0;0;0;0;457082,402999999001622;5750567,795999660156667;8,376167420000060;51,904206924000100
175493;5220622515211796095;5;1;54;16;2022;6;9;4;3;0;3;0;0;1;1;0;0;0;0;303614,043999241024721;5729951,486996210180223;6,158895020000050;51,686130630999997
175494;5220617501124674032;5;1;12;0;2022;6;15;6;3;1;5;0;0;1;1;0;0;0;0;342211,391461551014800;5703579,505442890338600;6,728593478000050;51,461365633000099
175495;5220623607400478252;5;3;82;68;2022;6;12;5;3;1;7;0;0;1;1;0;0;0;0;368041,867404241987970;5632442,569576920010149;7,126266016000050;50,828642064000100
175496;5220621601100772622;5;3;15;0;2022;6;17;3;3;5;5;0;0;1;0;0;0;0;1;355186,483341947023291;5645099,530254409648478;6,938831918000060;50,939315571000101
175500;5220630608328689836;5;3;34;28;2022;6;14;5;3;0;1;0;0;1;0;0;0;0;0;315299,510959848994389;5612174,302639219909906;6,388219460000070;50,632140326000098
175503;5220628518100875947;5;1;70;48;2022;6;11;3;3;8;1;0;0;1;0;0;0;0;0;335180,711600600974634;5725145,906704279594123;6,617368853000070;51,653112491999998
175505;5220624514213589446;5;1;66;8;2022;6;23;6;3;5;3;2;0;1;1;0;0;0;0;314550,573999385989737;5690201,842997600324452;6,337826928000030;51,332820685000101
175508;5220626307000296278;5;9;62;60;2022;6;8;1;3;0;1;0;0;1;0;0;0;0;0;414082,568999985989649;5678470,749999630264938;7,768897052000060;51,251118529000102
175509;5220619317140142230;5;9;78;28;2022;6;17;1;3;4;6;0;0;1;0;0;0;0;0;400773,043715463019907;5697090,134373069740832;7,573057789000070;51,416331371000098
175510;5220621607400136978;5;3;82;44;2022;6;17;3;3;5;3;0;0;1;1;0;0;0;0;361849,446999309002422;5631500,898002009838820;7,038745521000070;50,818734124000102
175515;5220615702100074754;5;5;15;0;2022;6;18;4;3;3;2;0;0;1;0;0;0;0;0;407123,749999979976565;5756608,623999659903347;7,648518020000040;51,952417270000097
175516;5220617300200489248;5;9;11;0;2022;6;13;6;3;5;3;0;0;1;1;0;0;0;0;371184,237137624004390;5702185,384840699844062;7,145911470000040;51,456172510999998
175517;5220623518210948286;5;1;70;28;2022;6;8;5;3;3;6;0;0;1;0;0;0;0;0;331326,473839337006211;5702787,852861319668591;6,572426213000030;51,451115035000001
175519;5220615503200991746;5;1;24;0;2022;6;19;4;3;0;6;0;0;1;1;0;0;0;0;374103,637931620993186;5681404,809091899544001;7,195266299000020;51,270064778000098
175524;5220616518300678925;5;1;70;20;2022;6;18;5;2;8;1;0;0;1;0;0;0;0;0;329909,894999590993393;5708206,059998599812388;6,549450266000060;51,499366022000103
175526;5220623503200078842;5;1;24;0;2022;6;9;5;2;5;3;0;0;1;1;0;0;0;0;373703,667999902972952;5678407,444999540224671;7,190593886000040;51,243037129000101
175527;5220624500300281079;5;1;11;0;2022;6;10;6;3;0;7;0;1;1;1;0;0;0;0;343753,117894404975232;5675655,220171869732440;6,763019326000060;51,210891265999997
175530;5220630500300374341;5;1;11;0;2022;6;12;5;2;5;3;0;0;1;0;0;0;1;0;347693,509052440000232;5670924,357482110150158;6,821395689000040;51,169445637000102
175531;5220625602200886516;5;3;62;4;2022;6;17;7;3;0;1;0;0;1;0;0;0;0;0;329821,195999580028001;5652016,031998660415411;6,574885482000070;50,994529914000097
175532;5220623300300493807;5;9;11;0;2022;6;11;5;3;4;6;0;0;1;1;0;0;0;0;380547,079999927023891;5708642,103999589569867;7,278421566000080;51,516256597000101
175533;5220701317110394433;5;9;78;36;2022;7;17;6;3;6;4;0;0;1;0;1;0;0;0;409052,048999981023371;5709992,533999639563262;7,688758141000050;51,533705100000098
175534;5220617706000296684;5;5;58;28;2022;6;14;6;2;2;5;0;0;1;1;0;0;0;0;398156,755235022981651;5732941,420703959651291;7,525050699000080;51,738121990000103
175536;5220627609108577543;5;3;58;8;2022;6;19;2;3;7;1;0;0;1;0;0;0;0;0;323396,226251018990297;5626831,615597220137715;6,495585149000020;50,766336391000003
175539;5220629500200376325;5;1;11;0;2022;6;17;4;3;5;2;0;0;1;1;0;0;0;0;346921,812999750021845;5677677,242999210022390;6,807486104000020;51,229918419000100
175542;5220617601300993494;5;3;15;0;2022;6;13;6;3;7;1;0;0;1;0;0;0;0;0;352901,397999792010523;5647401,581999319605529;6,905400782000070;50,959424721000097
175543;5220623608416689783;5;3;34;16;2022;6;8;5;3;5;3;0;0;1;1;0;0;0;0;295789,521577081992291;5639454,513766719959676;6,097568736000030;50,870648371000101
175545;5220627516900686683;5;1;58;26;2022;6;13;2;2;4;2;0;0;1;1;0;0;0;0;352341,372999789018650;5665233,643999310210347;6,890163574000040;51,119526776000001
175546;5220619709110596521;5;5;66;8;2022;6;13;1;3;3;2;0;0;1;1;0;0;0;0;399891,980999970983248;5780655,776999659836292;7,536272003000020;52,167297102000099
175548;5220630601300586759;5;3;15;0;2022;6;13;5;3;6;4;0;0;1;0;1;0;0;0;353137,887325907009654;5647118,948223549872637;6,908879905000050;50,956945136000101
175550;5220617410110178173;5;7;70;24;2022;6;21;6;3;5;3;0;0;1;0;0;0;0;1;493696,223421011993196;5794471,730386310257018;8,907555471000020;52,300555488999997
175552;5220623405228290798;5;7;54;28;2022;6;17;5;1;7;7;0;0;1;0;0;0;0;0;451739,682999998971354;5742916,028999660164118;8,299583242000040;51,834976606000097
175555;5220629705000596570;5;5;54;8;2022;6;17;4;3;5;3;0;0;1;1;0;0;0;0;333652,879999639000744;5747874,061998729594052;6,584428526000070;51,856838040000099
175556;5220620600380478309;5;3;14;0;2022;6;17;2;3;5;3;0;0;1;1;0;0;0;0;369611,888716808985919;5616154,495774599723518;7,154315771000030;50,682597473999998
175557;5220625516100195565;5;1;58;32;2022;6;17;7;3;6;4;0;0;1;0;1;0;0;0;363927,924518821993843;5689767,037609750404954;7,046294639000050;51,342875763000102
175559;5220621608408669699;5;3;34;8;2022;6;14;3;3;5;3;0;0;1;1;0;0;0;0;301709,629999149008654;5643540,907996379770339;6,179382890000060;50,909412342000103
175561;5220628405228396814;5;7;54;28;2022;6;6;3;2;5;3;0;0;1;1;0;0;0;0;451992,149992502992973;5741098,496000110171735;8,303499159000070;51,818657728000098
175562;5220614609108554051;5;3;58;8;2022;6;19;3;3;0;7;0;0;1;1;0;0;0;0;323384,324527539021801;5630277,506123630329967;6,493761154000030;50,797291450000003
175564;5220629601700186589;5;3;16;0;2022;6;11;4;3;5;3;0;0;1;1;0;0;0;0;359142,146999832009897;5656342,451999410055578;6,990736940000030;51,041335486999998
175567;5220630705000377675;5;5;54;48;2022;6;17;5;2;3;4;0;0;1;0;1;0;0;0;341160,404794660978951;5745799,027402060106397;6,694302980000030;51,840383260000102
175568;5220617502405691520;5;1;17;0;2022;6;17;6;3;8;7;0;0;1;0;0;0;0;0;356710,353339408989996;5699630,134360729716718;6,938756059000070;51,429732905000002
175569;5220621513310977580;5;1;62;8;2022;6;14;3;3;9;7;0;0;1;0;0;0;0;0;331408,665660972998012;5662252,293092190288007;6,592722125000020;51,086964895999998
175572;5220628705000877675;5;5;54;8;2022;6;18;3;3;5;3;0;0;1;1;0;0;0;0;335284,713792615977582;5744927,842948839999735;6,609505527000070;51,830855053999997
175575;5220616702100474772;5;5;15;0;2022;6;21;5;3;1;6;1;0;1;1;0;0;0;0;410980,032164952019230;5760212,742815120145679;7,703682043000070;51,985444252999997
175577;5220620702100050183;5;5;15;0;2022;6;13;2;3;5;3;0;0;1;0;0;0;0;0;406672,404999979014974;5757000,885999660007656;7,641845754000030;51,955867562000002
175579;5220622610121075539;5;3;70;28;2022;6;16;4;3;5;3;0;0;1;1;0;0;0;0;298405,325999087013770;5644357,557995909824967;6,131991528000070;50,915602640000003
175583;5220627515110076706;5;1;54;40;2022;6;18;2;2;0;2;0;1;1;0;0;0;0;0;294247,765969545987900;5740249,302018480375409;6,017501543000040;51,775243746000100
175585;5220629602700585761;5;3;62;28;2022;6;18;4;3;4;1;0;1;1;1;0;0;0;0;348944,366792350017931;5641159,816775799728930;6,851683386000050;50,902310795000098
175586;5220625400200296804;5;7;11;0;2022;6;20;7;3;9;7;0;0;1;1;0;0;0;0;470644,427000002004206;5762983,815999669954181;8,572230948000030;52,016716233000103
175587;5220622501319691555;5;1;12;0;2022;6;10;4;2;5;3;0;0;1;1;0;0;0;0;344745,704999734007288;5697138,087999150156975;6,767869117000030;51,404190324000098
175588;5220617600350286307;5;3;82;32;2022;6;23;6;3;0;1;2;0;1;0;0;0;0;0;361394,222999844991136;5610030,133999429643154;7,040355064000040;50,625653761000102
175589;5220623600110995820;5;3;14;0;2022;6;18;5;3;3;6;0;0;1;0;0;0;0;0;365696,670794547011610;5621806,403560300357640;7,096870560000070;50,732506300000097
175592;5220619315110093893;5;9;70;40;2022;6;19;1;3;1;7;0;0;1;1;0;0;0;0;430304,076952708011959;5631012,290857830084860;8,010423809000031;50,826629089999997
175593;5220630601100390384;5;3;15;0;2022;6;18;5;3;0;1;0;1;1;0;0;0;0;0;355345,916999808978289;5644599,656999359838665;6,941298055000060;50,934863334000099
175595;5220617301205375441;5;9;13;0;2022;6;9;6;3;6;4;0;0;1;0;1;0;0;0;387917,030506398994476;5714747,900307280011475;7,382646827000030;51,572646370000001
175598;5220624502321580904;5;1;13;0;2022;6;18;6;3;0;7;1;1;1;0;0;0;0;0;357231,123999823001213;5703711,926999390125275;6,944595373000030;51,466543424000101
175600;5220630405228482007;5;7;54;28;2022;6;0;5;3;1;5;2;0;1;1;0;0;0;0;453780,572823041002266;5742761,560864769853652;8,329221696000049;51,833760482000102
175602;5220618500300291134;5;1;11;0;2022;6;7;7;3;0;1;0;0;1;0;0;0;0;0;348831,178699313022662;5674617,273835419677198;6,836102494000040;51,202931260000099
175603;5220621702100776765;5;5;15;0;2022;6;14;3;2;0;7;0;0;1;0;0;0;0;0;407959,411693555011880;5754693,954919430427253;7,661187048000040;51,935346025999998
175605;5220620705000381092;5;5;54;52;2022;6;11;2;2;3;2;0;0;1;1;0;0;0;0;379515,066999925009441;5772549,581999610178173;7,241341834000020;52,090378747999999
175606;5220614701400762603;5;5;12;0;2022;6;11;3;3;5;3;0;0;1;0;0;0;0;0;356180,868686808971688;5709843,110859559848905;6,926987224000070;51,521371422000101
175610;5220622601700476524;5;3;16;0;2022;6;9;4;3;0;1;0;0;1;0;0;0;0;0;360463,651146085991058;5658803,687140430323780;7,008626495000040;51,063777039000101
175612;5220621500300481441;5;1;11;0;2022;6;7;3;3;0;1;0;0;1;0;0;0;0;0;343825,319999723986257;5676162,805999130010605;6,763831185000070;51,215471833999999
175613;5220627508000685369;5;1;19;0;2022;6;13;2;2;0;1;0;0;1;0;0;0;0;0;350744,245732116978616;5707750,427925540134311;6,849567798000070;51,501157476000103
175614;5220619516500271737;5;1;58;16;2022;6;18;1;3;0;1;0;0;1;0;0;0;0;0;355470,426101760007441;5670141,833062729798257;6,932872138000050;51,164431727000100
175615;5220628601300393383;5;3;15;0;2022;6;17;3;3;5;3;0;0;1;1;0;0;0;0;352436,449637748999521;5646687,941556829959154;6,899074257000050;50,952892700000099
175620;5220624601200490617;5;3;15;0;2022;6;14;6;3;0;1;0;1;1;0;0;0;0;0;353796,588999797997531;5643164,832999340258539;6,919839054000020;50,921578350000097
175622;5220620601100287225;5;3;15;0;2022;6;8;2;3;6;4;0;1;1;0;1;0;0;0;356431,317999815975782;5645745,112999379634857;6,956283423000060;50,945428618999998
175623;5220625610111945525;5;3;70;16;2022;6;16;7;3;5;3;0;0;1;1;0;0;0;0;297535,672758090018760;5660792,486082240007818;6,110478324000040;51,062902119999997
175624;5220619502400085450;5;1;17;0;2022;6;14;1;3;0;1;0;0;1;0;0;0;0;0;353583,070935899973847;5700505,826565589755774;6,893439914000060;51,436802273000097
175626;5220616518100028556;5;1;70;48;2022;6;12;5;3;4;6;0;0;1;0;0;0;0;0;339194,303671317000408;5724684,751917580142617;6,675549377000040;51,650131770000002
175627;5220628500300579068;5;1;11;0;2022;6;20;3;3;6;6;1;0;1;0;1;0;0;0;342079,134131964994594;5673077,945114349946380;6,740206667000050;51,187273544000000
175628;5220623501128795918;5;1;12;0;2022;6;13;5;3;5;2;0;0;1;1;0;0;0;0;340153,580999694997445;5703230,695999019779265;6,699153959000060;51,457654394000002
175630;5220615500200050578;5;1;11;0;2022;6;16;4;3;0;7;0;0;1;0;0;0;0;0;346655,245620584988501;5677204,755206219851971;6,803873281000050;51,225601303000097
175631;5220630404301278175;5;7;66;44;2022;6;19;5;3;0;1;1;0;1;0;0;0;0;0;493673,841966866981238;5762739,272497460246086;8,907818496000059;52,015258077000098
175632;5220625601700693374;5;3;16;0;2022;6;11;7;3;0;6;0;0;1;1;0;0;0;0;354055,955999801983126;5658521,093999340198934;6,917357226000040;51,059644374000101
175634;5220623506100491298;5;1;16;0;2022;6;7;5;3;4;2;0;0;1;1;0;0;0;0;317427,849999423022382;5675053,423997879959643;6,386817675000030;51,197677974000001
175637;5220618705000520896;5;5;54;20;2022;6;9;7;3;0;7;0;0;1;0;0;0;0;0;365558,361485463974532;5786132,405283120460808;7,032370941000070;52,209212276000102
175638;5220622405228390798;5;7;54;28;2022;6;14;4;3;5;3;0;0;1;0;0;1;0;0;450803,083999998983927;5744676,146999659948051;8,285740827000041;51,850719226000102
175639;5220616513210078680;5;1;62;24;2022;6;23;5;3;0;1;2;0;1;0;0;0;0;0;338253,079611598979682;5674003,823058339767158;6,685087487000030;51,194522589000002
175640;5220628500300608167;5;1;11;0;2022;6;11;3;3;4;7;0;0;1;1;0;0;0;0;344941,292753367975820;5675396,325175220146775;6,780128538000040;51,208888815000101
175643;5220615315110493716;5;9;70;40;2022;6;7;4;3;2;1;0;0;1;1;0;0;0;0;429996,956019171979278;5636037,260382689535618;8,005103178000070;50,871773432000097
175646;5220625506100211597;5;1;16;0;2022;6;9;7;3;3;5;0;0;1;0;0;0;0;0;320904,194611573999282;5670793,337931180372834;6,438644136000050;51,160508829999998
175650;5220620705000521122;5;5;54;48;2022;6;8;2;3;5;2;0;0;1;1;0;0;0;0;340845,163318543985952;5745223,782263480126858;6,689995594000040;51,835125569000098
175654;5220625400300587121;5;7;11;0;2022;6;2;7;3;0;1;2;0;1;0;0;0;0;0;467042,081340731005184;5762326,441477529704571;8,519802772000050;52,010603742000100
175656;5220701500300876299;5;1;11;0;2022;7;16;6;3;5;3;0;0;1;1;0;0;0;0;343055,462995369976852;5675622,516985449939966;6,753053553000030;51,210406128999999
175657;5220617501214896031;5;1;12;0;2022;6;14;6;2;0;7;0;0;1;1;0;0;0;0;341705,514999707986135;5696950,715999060310423;6,724279813000070;51,401666542000001
175659;5220621500200169173;5;1;11;0;2022;6;18;3;3;5;3;0;0;1;1;0;0;0;0;343174,312999719986692;5681702,589999110437930;6,752091556000040;51,265069533000002
175660;5220621317240635148;5;9;78;40;2022;6;15;3;3;6;4;0;0;1;0;1;0;0;0;404772,136527632013895;5723974,392613310366869;7,623275871000030;51,658682144000103
175661;5220627301301573373;5;9;78;24;2022;6;12;2;3;1;5;0;0;1;1;0;0;0;0;400675,838838765979744;5716585,240652480162680;7,566170170000020;51,591554188000003
175662;5220619706000011018;5;5;58;24;2022;6;12;1;3;5;3;0;0;1;0;0;0;0;0;393499,850813696975820;5736779,801497120410204;7,456456698000070;51,771756045000103
175663;5220628610114571728;5;3;70;32;2022;6;18;3;2;0;1;0;0;1;0;0;0;0;0;288898,501681757974438;5661703,532083519734442;5,986857858000060;51,067973055000003
175664;5220630607400936846;5;3;82;44;2022;6;15;5;3;8;1;0;0;1;0;0;0;0;0;361672,538720353972167;5630876,046665649861097;7,036471197000030;50,813076041999999
175665;5220622515110096102;5;1;54;36;2022;6;9;4;3;0;3;0;0;1;1;0;0;0;0;303094,343879327003378;5741199,278518579900265;6,145023487000060;51,786956272000097
175667;5220623601200275885;5;3;15;0;2022;6;16;5;3;9;1;0;0;1;0;0;0;0;0;355113,856112354027573;5642741,208166190423071;6,938736193000070;50,918103598000101
175668;5220624600120090960;5;3;82;24;2022;6;7;6;2;0;1;0;1;1;0;0;0;0;0;373884,746999902999960;5616142,672999519854784;7,214771603000030;50,683433006000001
175669;5220615501223091178;5;1;12;0;2022;6;9;4;2;5;3;0;0;1;0;0;0;0;1;339711,206999691028614;5701823,186998999677598;6,693429579000050;51,444883542000099
175670;5220620502101170125;5;1;13;0;2022;6;12;2;3;0;7;0;0;1;0;0;0;0;1;361931,314981620002072;5701958,671999329701066;7,012902771000030;51,451954258000100
175672;5220618514110389759;5;1;66;32;2022;6;13;7;3;5;3;0;0;1;1;0;0;0;0;317958,719999432971235;5681444,336997900158167;6,391161800000020;51,255255841000100
175673;5220622500100500363;5;1;11;0;2022;6;18;4;3;0;1;0;0;1;0;0;0;0;0;346232,294636344013270;5677216,739283470436931;6,797815639000020;51,225595206999998
175674;5220616501223385883;5;1;12;0;2022;6;18;5;3;5;3;0;0;1;1;0;0;0;0;339710,728999691025820;5703442,390998999588192;6,692689103000020;51,459431155000097
175678;5220621301101109777;5;9;13;0;2022;6;17;3;3;0;6;0;0;1;1;0;0;0;0;392157,836786700005177;5706779,076810849830508;7,446258076000050;51,501846944000100
175685;5220617706100096615;5;5;58;16;2022;6;18;6;3;5;3;0;0;1;1;0;0;0;0;380540,827999927976634;5743814,375999599695206;7,266300765000040;51,832361423000101
175688;5220614609224548352;5;3;58;24;2022;6;7;3;3;2;6;0;0;1;1;0;0;0;0;315527,117999384994619;5644430,331997809931636;6,375253881000050;50,921983112000099
175691;5220624702100687301;5;5;15;0;2022;6;16;6;2;0;7;0;0;1;0;0;0;0;0;407239,726561516989022;5757763,064774090424180;7,649893426000060;51,962813347000100
175692;5220622601600886592;5;3;15;0;2022;6;20;4;3;1;5;0;0;1;0;0;0;0;0;360082,476830962987151;5644781,067274440079927;7,008594358000040;50,937662311000103
175694;5220623601700576570;5;3;16;0;2022;6;5;5;3;5;2;0;0;1;1;0;0;0;0;361763,796006356016733;5654942,529874839819968;7,028643555000030;51,029390990000103
175696;5220701300100190972;5;9;11;0;2022;7;20;6;3;5;3;0;0;1;1;0;0;0;0;376371,924999913026113;5704994,292999570257962;7,219557442000050;51,482574049999997
175698;5220621700000089634;5;5;13;0;2022;6;8;3;3;5;3;0;0;1;1;0;0;0;0;362999,105999856023118;5716556,224999460391700;7,022586196000020;51,583392433000000
175699;5220628300500090149;5;9;11;0;2022;6;18;3;3;1;6;0;0;1;1;0;0;0;0;378618,622999920975417;5701196,083999579772353;7,253201432000030;51,448923925000003
175701;5220615600370595317;5;3;82;4;2022;6;21;4;3;0;6;1;0;1;1;0;0;0;0;360927,818999840994366;5617614,639999429695308;7,030915590000060;50,693710112000097
175702;5220629606100074376;5;3;78;4;2022;6;6;4;3;5;3;0;0;1;1;0;0;0;0;367642,988999877008609;5647330,034999489784241;7,115210328000050;50,962356648000103
175704;5220622701500477638;5;5;62;24;2022;6;18;4;3;5;3;0;0;1;1;0;0;0;0;369238,652999887010083;5726136,400999519973993;7,109014161000060;51,670968309999999
175707;5220621601300590207;5;3;15;0;2022;6;16;3;3;0;2;0;0;1;1;0;0;0;0;352768,628024405974429;5645092,133426009677351;6,904445358000030;50,938636823000103
175708;5220621316200178552;5;9;74;52;2022;6;17;3;3;1;5;0;0;1;1;0;0;0;0;424397,235999992000870;5711927,831999639980495;7,909534042000080;51,553367235000103
175710;5220619701500495146;5;5;62;24;2022;6;15;1;3;0;1;0;0;1;0;0;0;0;0;368833,054999883985147;5723703,328999520279467;7,104065128000060;51,649008833000003
175711;5220628603212886326;5;3;66;12;2022;6;14;3;3;4;2;0;0;1;1;0;0;0;0;325707,528999514004681;5584323,030998550355434;6,548247749000040;50,385102071000098
175713;5220622518310991599;5;1;70;32;2022;6;11;4;3;5;3;0;0;1;1;0;0;0;0;332052,759999617002904;5716150,899998690001667;6,576503875000070;51,571380256000097
175714;5220617500300174341;5;1;11;0;2022;6;2;6;3;0;6;2;0;1;1;0;0;0;0;348439,346893204026856;5675215,292081490159035;6,830245359000060;51,208201070000001
175717;5220624601200957519;5;3;15;0;2022;6;19;6;3;0;1;0;1;1;0;0;0;0;0;353816,461364286020398;5642286,152176960371435;6,920473719000030;50,913686945999999
175721;5220625709110796521;5;5;66;8;2022;6;16;7;2;2;7;0;0;1;1;0;0;0;0;399035,782889135996811;5781426,716866509988904;7,523528196000030;52,174070120000103
175723;5220622317240294257;5;9;78;40;2022;6;13;4;3;1;5;0;0;1;1;0;0;0;0;405279,813142741972115;5724623,123995150439441;7,630437345000080;51,664599322000100
175725;5220628500100391352;5;1;11;0;2022;6;18;3;2;0;4;0;0;1;0;1;0;0;0;345458,073903265001718;5677464,455892650410533;6,786629671000070;51,227611963000101
175727;5220624410110896949;5;7;70;24;2022;6;7;6;3;5;3;0;0;1;1;0;0;0;0;493539,925551178981550;5795717,876324630342424;8,905239459000031;52,311757118999999
175728;5220620711213479615;5;5;70;4;2022;6;23;2;3;0;1;2;0;1;0;0;0;0;0;425436,524391680024564;5733590,095363720320165;7,919902574000050;51,748247210000002
175729;5220614709000496649;5;5;66;12;2022;6;11;3;3;0;6;0;0;1;0;0;0;1;0;404962,630912874010392;5772121,124876770190895;7,612773015000070;52,091483120000099
175734;5220701411132096860;5;7;74;32;2022;7;20;6;3;4;6;0;0;1;0;0;0;0;0;483412,938000000023749;5729497,640999649651349;8,759899470000050;51,716167865999999
175735;5220617705000096513;5;5;54;4;2022;6;9;6;2;0;7;0;0;1;0;0;0;0;0;363035,976329571974929;5771197,643253980204463;7,001496539000070;52,074398603000098
175736;5220621516900486908;5;1;58;26;2022;6;15;3;3;7;7;0;0;1;0;0;0;0;0;352805,489999793004245;5664794,858999320305884;6,896969457000070;51,115703162999999
175737;5220627505200891558;5;1;14;0;2022;6;16;2;3;0;1;0;1;1;0;0;0;0;0;335233,310999644978438;5693461,574998850002885;6,632934541000050;51,368476407000102
175741;5220622518400589321;5;1;70;8;2022;6;18;4;3;3;3;0;0;1;1;0;0;0;0;344229,757999732973985;5714855,482999130152166;6,752642195000020;51,563237075000103
175742;5220617505100879394;5;1;14;0;2022;6;9;6;3;5;2;0;0;1;1;0;0;0;0;331125,260999599995557;5688615,081998679786921;6,576272924000020;51,323729346999997
175745;5220626701700072329;5;5;62;16;2022;6;16;1;3;0;1;0;0;1;0;0;0;0;0;374924,025121206999756;5733856,593940639868379;7,188417162000060;51,741643586000102
175746;5220619502321778749;5;1;13;0;2022;6;18;1;3;0;7;0;0;1;0;0;0;0;0;357472,233999826014042;5705240,566999389789999;6,947447560000060;51,480340550000101
175749;5220622500200893802;5;1;11;0;2022;6;19;4;3;5;3;0;0;1;1;0;0;0;0;343832,469999724009540;5679842,215999130159616;6,762329743000070;51,248534328000098
175750;5220617404302221301;5;7;66;8;2022;6;13;6;2;3;6;0;0;1;1;0;0;0;0;484413,303185441996902;5772935,809467890299857;8,772414075000031;52,106750185000102
175752;5220623410110040207;5;7;70;24;2022;6;15;5;3;5;7;0;0;1;1;0;0;0;0;493602,409258697007317;5793040,736961459740996;8,906206873000031;52,287689064000098
175753;5220624301301510591;5;9;78;24;2022;6;11;6;2;0;3;0;0;1;1;0;0;0;0;397619,439999967988115;5719473,468999629840255;7,521220727000070;51,616968096999997
175755;5220630513210058105;5;1;62;24;2022;6;12;5;3;5;2;0;0;1;1;0;0;0;0;343329,832999719015788;5670672,933999120257795;6,759137308000050;51,166007878000102
175756;5220620601100290447;5;3;15;0;2022;6;19;2;3;3;2;0;0;1;1;0;0;0;0;356810,798999818973243;5645346,158999379724264;6,961838555000040;50,941937641000003
175758;5220617610111787495;5;3;70;16;2022;6;14;6;2;0;7;0;0;1;1;0;0;0;0;296014,518043407006189;5661390,478981199674308;6,088461495000050;51,067734194000103
175759;5220627600110886255;5;3;14;0;2022;6;18;2;3;0;1;0;1;1;0;0;0;0;0;365403,466999866010156;5622854,188999470323324;7,092335539000030;50,741855843000103
175760;5220619516800795445;5;1;58;20;2022;6;13;1;3;5;3;0;0;1;1;0;0;0;0;355963,957999811973423;5666247,396999370306730;6,941483994000070;51,129559016000002