OBJECTID;UIDENTSTLAE;ULAND;UREGBEZ;UKREIS;UGEMEINDE;UJAHR;UMONAT;USTUNDE;UWOCHENTAG;UKATEGORIE;UART;UTYP1;ULICHTVERH;IstStrassenzustand;IstRad;IstPKW;IstFuss;IstKrad;IstGkfz;IstSonstige;LINREFX;LINREFY;XGCSWGS84;YGCSWGS84
175762;5220630601300493372;5;3;15;0;2022;6;17;5;3;5;2;0;0;1;1;0;0;0;0;351624,068439782015048;5646299,877480709925294;6,887674565000050;50,949196814000103
175764;5220616702100574776;5;5;15;0;2022;6;18;5;3;5;3;0;0;1;0;0;0;0;1;404320,209353971993551;5759893,966840690001845;7,606819848000040;51,981471843000101
175765;5220628514215090387;5;1;66;28;2022;6;13;3;3;1;5;0;0;1;1;0;0;0;0;325150,623569423973095;5688531,514667020179331;6,490651396000030;51,321173635999997
175766;5220623601000590436;5;3;15;0;2022;6;8;5;3;0;3;0;0;1;0;0;0;0;1;355968,114023908972740;5644988,050013580359519;6,949993504000080;50,938509485000097
175771;5220618608416432715;5;3;34;16;2022;6;17;7;3;1;5;0;0;1;1;0;0;0;0;295145,400085640023462;5639577,871752169914544;6,088357405000070;50,871528381000097
175774;5220628400200596952;5;7;11;0;2022;6;8;3;3;0;2;0;0;1;1;0;0;0;0;468701,433000000019092;5762722,535999669693410;8,543942489000070;52,014260955000097
175776;5220614601100693482;5;3;15;0;2022;6;19;3;3;6;7;0;0;1;0;1;0;0;0;356414,192533018009271;5645061,850814229808748;6,956309132000060;50,939283970000098
175777;5220615605152993453;5;3;74;52;2022;6;17;4;3;1;7;0;0;1;1;0;0;0;0;387523,390663094003685;5663923,777080659754574;7,393029264000060;51,115740780000102
175781;5220701317250479522;5;9;78;32;2022;7;15;6;3;0;5;0;0;1;1;0;0;0;0;394179,423924472997896;5727862,370670219883323;7,469013174000050;51,691733700999997
175783;5220621601200776459;5;3;15;0;2022;6;17;3;3;5;2;0;0;1;1;0;0;0;0;354253,298999799997546;5640267,103999350219965;6,927489677000040;50,895652730000101
175787;5220625301302485570;5;9;13;0;2022;6;18;7;3;5;3;0;0;1;1;0;0;0;0;395988,368501862976700;5707647,915687119588256;7,501169730000070;51,510374558000102
175790;5220623516900889214;5;1;58;26;2022;6;12;5;2;5;3;0;0;1;1;0;0;0;0;352049,041999788023531;5661226,023999310098588;6,887632199000050;51,083438002999998
175791;5220624602300986760;5;3;62;36;2022;6;12;6;3;3;6;0;1;1;1;0;0;0;0;345401,525999734003562;5652937,557999179698527;6,796334356000050;51,007207026000103
175795;5220616607500072843;5;3;82;56;2022;6;14;5;2;7;1;0;0;1;0;0;0;0;0;370505,720370684983209;5627734,805333980359137;7,162892832000070;50,786884307000001
175796;5220628515212482341;5;1;54;32;2022;6;18;3;3;8;7;0;0;1;0;0;0;0;0;308689,433776438992936;5718391,824113819748163;6,238543822000050;51,584064736000101
175797;5220623407313087109;5;7;62;36;2022;6;14;5;3;0;1;0;0;1;0;0;0;0;0;505981,134000001009554;5706732,125999649986625;9,086189717000019;51,511684181000099
175802;5220625502339981343;5;1;13;0;2022;6;9;7;3;0;1;0;0;1;0;0;0;0;0;365725,945999870018568;5706128,885999489575624;7,065896984000060;51,490343102000097
175803;5220617711214972472;5;5;70;4;2022;6;15;6;3;5;3;0;0;1;1;0;0;0;0;423152,551999991992489;5734072,143999660387635;7,886717933000060;51,752272007999998
175807;5220615518300351764;5;1;70;20;2022;6;18;4;3;0;7;0;0;1;0;1;0;0;0;329613,207955471007153;5708896,456988120451570;6,544846551000030;51,505478832999998
175809;5220625317230575335;5;9;78;8;2022;6;13;7;3;5;3;0;0;1;1;0;0;0;0;414886,757999988971278;5717057,991999640129507;7,771147302000030;51,598130316999999
175810;5220622702100876649;5;5;15;0;2022;6;15;4;3;5;3;0;0;1;1;0;0;0;0;411409,333999984024558;5760399,558999669738114;7,709883607000050;51,987192118000102
175811;5220630711211091792;5;5;70;4;2022;6;9;5;3;0;1;0;0;1;0;0;0;0;0;424210,823526847991161;5736756,781114899553359;7,901460289000060;51,776550192000101
175812;5220617506100096019;5;1;16;0;2022;6;18;6;2;7;1;0;0;1;0;0;0;0;0;321821,728999485028908;5674971,288998190313578;6,449681065000050;51,198327139000099
175814;5220627506100191375;5;1;16;0;2022;6;11;2;3;5;3;0;0;1;1;0;0;0;0;319412,897999450971838;5672560,730998029932380;6,416451856000040;51,175916761000103
175815;5220621709300876628;5;5;66;84;2022;6;13;3;3;4;6;0;0;1;0;0;0;0;0;390645,740457596024498;5775067,036597579717636;7,402930804000050;52,115315209000102
175821;5220623307000719504;5;9;62;24;2022;6;10;5;3;5;3;0;0;1;1;0;0;0;0;410594,040709169988986;5692176,397117580287158;7,715487119000040;51,373792735999999
175822;5220617501212190786;5;1;12;0;2022;6;19;6;3;5;3;0;0;1;1;0;0;0;0;341305,504999704018701;5697935,980999049730599;6,718093188000070;51,410407124000102
175823;5220621516900371936;5;1;58;26;2022;6;10;3;3;0;7;0;0;1;0;0;0;0;0;352981,588038786023390;5665091,768433840014040;6,899362598000040;51,118416478000000
175824;5220627513110974103;5;1;62;16;2022;6;21;2;2;5;3;1;0;1;1;0;0;0;0;333611,392326029017568;5678082,344387250021100;6,616824814000040;51,229833022000001
175825;5220619706200365772;5;5;58;12;2022;6;16;1;3;0;1;0;0;1;0;0;0;0;0;374367,281977927021217;5756714,407843579538167;7,172053982000020;51,946933964999999
175826;5220629315210475632;5;9;70;24;2022;6;21;4;2;9;7;1;0;1;0;0;0;0;0;428792,826981780992355;5650705,360014569945633;7,985125775000030;51,003509979000100
175829;5220617302130073200;5;9;14;0;2022;6;15;6;3;5;3;0;0;1;1;0;0;0;0;401291,507999973022379;5689287,898999620229006;7,582679427000070;51,346286397000000
175831;5220624505100076285;5;1;14;0;2022;6;16;6;3;0;1;0;0;1;0;0;0;0;0;338192,309640279971063;5690461,173073549754918;6,676770745000060;51,342369906000002
175833;5220620608312880719;5;3;34;12;2022;6;16;2;3;5;2;0;0;1;1;0;0;0;0;310982,108526022988372;5634307,124681400135159;6,315893255000050;50,829577562000097
175834;5220625610114285808;5;3;70;32;2022;6;16;7;3;0;1;0;0;1;0;0;0;0;0;291567,675998969993088;5663960,652994629926980;6,023599385000070;51,089217810000001
175836;5220622316200589250;5;9;74;56;2022;6;17;4;3;5;3;0;0;1;1;0;0;0;0;421134,874999990977813;5706024,677999639883637;7,863810499000070;51,499851731000000
175839;5220623501128091759;5;1;12;0;2022;6;17;5;3;5;3;0;0;1;1;0;0;0;0;342401,593020621978212;5702747,184320529922843;6,731700052000060;51,453940432000103
175840;5220624307000393764;5;9;62;40;2022;6;16;6;3;0;7;0;0;1;0;0;0;0;0;414581,955340676999185;5700577,368052399717271;7,770743870000050;51,449929748000002
175842;5220629705000291795;5;5;54;64;2022;6;9;4;3;5;5;0;0;1;1;0;0;0;0;361354,099940765998326;5751546,496105779893696;6,984915069000070;51,897406799000102
175843;5220625602700090929;5;3;62;28;2022;6;13;7;3;0;1;0;0;1;0;0;0;0;0;352551,700999789987691;5640131,770999319851398;6,903364890000030;50,894004615000000
175846;5220627607400078252;5;3;82;60;2022;6;14;2;3;5;3;0;0;1;1;0;0;0;0;374277,380264046019875;5629422,624940140172839;7,215794765000060;50,802885416000002
175847;5220614516400981335;5;1;58;24;2022;6;14;3;2;5;2;0;0;1;1;0;0;0;0;358913,407999832998030;5680553,666999409906566;6,977986699000040;51,258858035000102
175848;5220615515210251487;5;1;54;52;2022;6;6;4;3;5;3;0;0;1;1;0;0;0;0;308773,386612695001531;5695953,886977380141616;6,251902858000050;51,382570109000000
175849;5220629501112696055;5;1;12;0;2022;6;16;4;3;0;7;0;0;1;0;1;0;0;0;344929,751558861986268;5706654,132505849935114;6,766343229000030;51,489742173000103
175852;5220617601200693488;5;3;15;0;2022;6;7;6;3;0;1;0;0;1;0;0;0;0;0;355305,981936225027312;5643103,533036950044334;6,941323901000030;50,921407950000102
175853;5220623701300870116;5;5;62;14;2022;6;21;5;2;1;5;1;0;1;1;0;0;0;0;360009,080447895976249;5716812,713844000361860;6,979355726000050;51,584962468000100
175854;5220621411132078165;5;7;74;32;2022;6;20;3;2;0;1;0;0;1;0;0;0;0;0;482659,775000001012813;5732322,950999660417438;8,748856683000040;51,741548264000102
175856;5220627313110485062;5;9;58;4;2022;6;15;2;3;5;3;0;0;1;1;0;0;0;0;432252,304999998013955;5697806,125999639742076;8,025524556000050;51,427405001000103
175857;5220620301202994490;5;9;13;0;2022;6;18;2;3;4;6;0;0;1;0;0;0;0;0;392206,985999956028536;5708465,022999620065093;7,446450482000050;51,517010288999998
175859;5220630610221175603;5;3;70;20;2022;6;17;5;3;0;6;0;0;1;0;0;0;0;1;305323,588510725996457;5658455,859861630015075;6,222739515000060;51,044608300999997
175860;5220622600110190938;5;3;14;0;2022;6;15;4;3;0;1;0;0;1;0;0;0;0;0;366414,571425701025873;5620139,498852579854429;7,107641339000050;50,717689683000103
175861;5220616608200625242;5;3;34;2;2022;6;22;5;3;0;1;2;0;1;0;0;0;0;0;296174,408308936981484;5628158,336436649784446;6,109307430000060;50,769329847000101
175862;5220623516800186310;5;1;58;20;2022;6;18;5;3;3;6;0;0;1;0;0;0;0;0;356616,333605097024702;5664246,646762359887362;6,951596740000070;51,111742845999999
175865;5220620606100574235;5;3;78;4;2022;6;9;2;3;5;3;0;1;1;1;0;0;0;0;369904,418999886023812;5646561,797999509610236;7,147670018000040;50,955966927000098
175867;5220618601600393598;5;3;15;0;2022;6;10;7;3;5;7;0;0;1;1;0;0;0;0;366298,516999870014843;5634652,683999479748309;7,100719384000060;50,848106120000097
175868;5220622405244496913;5;7;54;44;2022;6;16;4;3;5;3;0;0;1;1;0;0;0;0;463662,382999999972526;5749245,546999669633806;8,471945911000031;51,892787001999999
175869;5220620411132080623;5;7;74;32;2022;6;18;2;3;6;3;0;0;1;0;1;0;0;0;483534,690000000002328;5729975,168999649584293;8,761639261000029;51,720465058000102
175872;5220622601300276495;5;3;15;0;2022;6;8;4;3;0;7;0;0;1;1;0;0;0;0;352462,470999789016787;5647693,125999310053885;6,899036997000050;50,961932468000001
175873;5220617405108687003;5;7;54;8;2022;6;20;6;3;6;4;0;0;1;0;1;0;0;0;456058,609989356016740;5754098,360560339875519;8,360836350000060;51,935868728999999
175874;5220623601300887235;5;3;15;0;2022;6;17;5;3;4;5;0;0;1;0;0;0;0;0;353079,590629684971645;5646810,204956009984016;6,908175048000030;50,954155733000100
175876;5220615500300471859;5;1;11;0;2022;6;22;4;2;0;5;2;0;1;1;0;0;0;0;351479,345145521976519;5670131,857275930233300;6,875835477000070;51,163319817999998
175879;5220618600380495349;5;3;14;0;2022;6;14;7;3;0;1;0;0;1;0;0;0;0;0;370277,113101402996108;5614944,682345129549503;7,164151458000050;50,671871898000099
175880;5220622411236537779;5;7;74;36;2022;6;13;4;3;5;3;0;0;1;1;0;0;0;0;472396,385999999998603;5724690,783999649807811;8,600816759000050;51,672514383000099
175882;5220628515212582170;5;1;54;64;2022;6;18;3;3;5;3;0;0;1;1;0;0;0;0;306093,559999275021255;5723502,332996579818428;6,198295999000040;51,629074232000100
175883;5220623410230287101;5;7;70;4;2022;6;15;5;3;0;3;0;0;1;0;0;0;0;0;487489,261000000988133;5783247,636999679729342;8,816946903000030;52,199538638000000
175884;5220624405112082005;5;7;54;12;2022;6;7;6;3;0;7;0;1;1;1;0;0;0;0;456436,449925598979462;5768249,970098240301013;8,364532970000029;52,063127171000097
175885;5220615410230096890;5;7;70;4;2022;6;13;4;3;0;3;0;0;1;0;0;0;0;0;486057,953000002016779;5785304,777999679557979;8,795919880000040;52,217999188000100
175886;5220630315110078581;5;9;70;40;2022;6;23;5;3;0;7;2;0;1;0;0;0;0;0;430483,012999997008592;5639963,299999619834125;8,011262925000040;50,907132427000100
175888;5220623406220131781;5;7;58;24;2022;6;21;5;3;4;6;0;0;1;1;0;0;0;0;479101,278520938009024;5783252,046827220357955;8,694217891000051;52,199324090000097
175891;5220621606100981261;5;3;78;4;2022;6;14;3;3;0;6;0;0;1;0;1;0;0;0;365524,538999866985250;5650227,119999480433762;7,083989546000050;50,987903664999997
175892;5220627711142774649;5;5;70;44;2022;6;18;2;3;5;2;0;0;1;1;0;0;0;0;416168,867107777972706;5760027,477245730347931;7,779268559000060;51,984586216000103
175893;5220614602700785397;5;3;62;28;2022;6;18;3;3;5;3;0;0;1;1;0;0;0;0;351749,859999785025138;5639746,782999309711158;6,892127602000070;50,890339629000003
175894;5220615608312033050;5;3;34;12;2022;6;9;4;3;5;3;0;0;1;1;0;0;0;0;306041,864999222976621;5631764,693996950052679;6,247169758000040;50,805106514000002
175899;5220623607400996290;5;3;82;68;2022;6;21;5;3;5;3;1;0;1;1;0;0;0;0;369722,271999884978868;5629273,913999499753118;7,151238553000040;50,800542497000002
175900;5220621601200778240;5;3;15;0;2022;6;15;3;3;5;2;0;0;1;1;0;0;0;0;354715,455999802972656;5642249,189999350346625;6,933268116000020;50,913581776000100
175905;5220622307000290532;5;9;62;16;2022;6;2;4;3;0;1;2;0;1;0;0;0;0;0;413869,927999988023657;5694261,514999629929662;7,762034716000070;51,393043972000001
175906;5220617500100374628;5;1;11;0;2022;6;15;6;3;3;6;0;0;1;1;0;0;0;0;341006,860434609989170;5679240,286270080134273;6,722143898000070;51,242345323000102
175908;5220623600110387059;5;3;14;0;2022;6;10;5;3;1;5;0;0;1;1;0;0;0;0;365571,548685695976019;5622758,814704489894211;7,094751186000050;50,741037563000098
175913;5220618516500081919;5;1;58;16;2022;6;13;7;3;2;6;0;0;1;1;0;0;0;0;356002,745320149988402;5672023,160199469886720;6,939726754000050;51,181472360999997
175917;5220623317140294450;5;9;78;28;2022;6;7;5;3;0;3;0;0;1;1;0;0;0;0;400392,362936259014532;5700360,474241759628057;7,566665467000060;51,445661760000100
175919;5220614513210681442;5;1;62;24;2022;6;17;3;3;0;1;0;0;1;0;0;0;0;0;338033,166933577973396;5671034,784701840020716;6,683281103000070;51,167783913000100
175921;5220629711313902632;5;5;70;8;2022;6;21;4;2;0;1;1;0;1;0;0;0;0;0;434386,168947279977147;5735051,009026830084622;8,049247300000051;51,762500688999999
175923;5220622602700285838;5;3;62;28;2022;6;9;4;3;5;3;0;0;1;1;0;0;0;0;352957,028999792004470;5639205,695999329909682;6,909497036000060;50,885785613000103
175927;5220627516500581434;5;1;58;16;2022;6;15;2;3;1;5;0;0;1;1;0;0;0;0;355772,696999811974820;5671331,350999370217323;6,936715206000030;51,175197505000000
175928;5220715711412580981;5;5;70;28;2022;7;13;6;3;4;2;0;0;1;1;0;0;0;0;441010,195002318010665;5743413,741775110363960;8,143795089000040;51,838420902999999
175931;5220712505200282273;5;1;14;0;2022;7;17;3;3;0;1;0;0;1;0;0;0;0;0;329917,639261386997532;5690545,899154430255294;6,558035887000070;51,340715666999998
175932;5220706516300995457;5;1;58;28;2022;7;17;4;3;0;1;0;0;1;0;0;0;0;0;349817,383817608992103;5684875,483566519804299;6,845904581000070;51,295369257000097
175933;5220701601200086633;5;3;15;0;2022;7;19;6;3;5;3;0;0;1;1;0;0;0;0;356253,297470855992287;5637143,120936360210180;6,957138625000030;50,868078896999997
175935;5220716702100060729;5;5;15;0;2022;7;10;7;2;0;7;0;0;1;0;0;0;0;0;404597,985442090022843;5760135,826701999641955;7,610795958000040;51,983693529000000
175936;5220721709110776750;5;5;66;12;2022;7;15;5;3;4;2;0;0;1;1;0;0;0;0;404572,968999976990744;5772459,365999669767916;7,606992375000060;52,094456229000102
175938;5220709701200075490;5;5;62;20;2022;7;14;7;3;5;3;0;1;1;1;0;0;0;0;371729,654999896010850;5718757,590999539941549;7,147721256000070;51,605230650000102
175940;5220705518400097118;5;1;70;8;2022;7;14;3;3;5;3;0;0;1;1;0;0;0;0;343696,317999726976268;5714917,409999120049179;6,744924918000040;51,563645888000103
175941;5220707705000090507;5;5;54;4;2022;7;10;5;3;0;5;0;0;1;1;0;0;0;0;363355,335036172997206;5770976,397556969895959;7,006241978000050;52,072489516000097
175942;5220713705000687244;5;5;54;48;2022;7;16;4;2;5;3;0;0;1;0;0;0;1;0;341861,163999715994578;5744289,895999040454626;6,705155899000030;51,827024107000099
175943;5220716601400086360;5;3;15;0;2022;7;12;7;3;5;3;0;0;1;1;0;0;0;0;356202,066999813017901;5649170,337999369949102;6,951668674000080;50,976153338000103
175944;5220711610111628729;5;3;70;16;2022;7;10;2;3;0;2;0;0;1;0;0;0;0;0;296557,498793696984649;5661059,855530870147049;6,096386867000040;51,064957587999999
175950;5220705501211991571;5;1;12;0;2022;7;16;3;3;0;7;0;0;1;0;1;0;0;0;340642,793999699992128;5697475,975999030284584;6,708778753000050;51,406088287999999
175951;5220706610212045930;5;3;70;40;2022;7;16;4;3;4;6;0;0;1;0;0;0;0;1;301808,830999168974813;5670427,271996259689331;6,166092309000020;51,150926331999997
175952;5220713411132450043;5;7;74;32;2022;7;17;4;3;5;3;0;0;1;1;0;0;0;0;482439,634000000020023;5729306,602999660186470;8,745820505000040;51,714420554000100
175957;5220714313231577791;5;9;58;48;2022;7;13;5;2;0;7;0;0;1;0;0;0;0;0;466757,548000000999309;5678979,458999630063772;8,523574528000040;51,261197183000000
175963;5220721602900286237;5;3;62;40;2022;7;11;5;3;0;7;0;0;1;0;0;0;0;0;357833,631999824021477;5632191,052999390289187;6,981504739000060;50,823964742999998
175964;5220704500200591187;5;1;11;0;2022;7;13;2;3;2;6;0;0;1;1;0;0;0;0;347541,742676120018587;5677522,834660120308399;6,816424020000060;51,228696905000000
175965;5220714514211960576;5;1;66;12;2022;7;10;5;3;0;1;0;0;1;0;0;0;0;0;322353,777109439019114;5695504,786291380412877;6,447073725000050;51,382948339999999
175968;5220715400300966130;5;7;11;0;2022;7;18;6;3;5;7;0;0;1;1;0;0;0;0;468673,720000001019798;5757688,915999669581652;8,543998626000080;51,969003694000001
175969;5220705702100191787;5;5;15;0;2022;7;18;3;3;5;2;0;0;1;0;0;0;0;1;406682,789999980013818;5754908,105999659746885;7,642564935000050;51,937058321999999
175973;5220721503400290771;5;1;22;0;2022;7;18;5;3;5;3;1;1;1;1;0;0;0;0;366022,981935370014980;5671803,440938949584961;7,083086250000060;51,181933892000103
175974;5220703313122164037;5;9;58;8;2022;7;10;1;3;0;1;0;0;1;0;0;0;0;0;457116,031161029008217;5689738,891102629713714;8,384107693000029;51,357296816000002
175975;5220709515210085907;5;1;54;12;2022;7;8;7;3;5;3;0;0;1;1;0;0;0;0;308181,172999300004449;5708744,347996889613569;6,236473546000070;51,497246296000100
175978;5220705301204011051;5;9;13;0;2022;7;12;3;3;0;5;0;0;1;1;0;0;0;0;384164,493279830028769;5706760,541583609767258;7,331150357000070;51,500098670000099
175979;5220707502406091693;5;1;17;0;2022;7;13;5;3;5;3;0;0;1;1;0;0;0;0;353464,819999799015932;5698252,838999330066144;6,892671649000020;51,416526914000002
175982;5220711603228315212;5;3;66;28;2022;7;17;2;3;0;6;0;0;1;0;0;0;0;1;334958,367686329002026;5610116,777954519726336;6,666863232000030;50,619549706000001
175983;5220702313212782044;5;9;58;36;2022;7;18;7;3;0;1;0;0;1;0;0;0;0;0;463025,391000000003260;5689540,332999640144408;8,468993334000061;51,355926853000000
175985;5220718405152587157;5;7;54;52;2022;7;10;2;3;5;2;0;0;1;1;0;0;0;0;460321,021000000007916;5769763,023999669589102;8,421018503000029;52,077022000000099
175990;5220704505200091562;5;1;14;0;2022;7;11;2;3;6;4;0;0;1;0;1;0;0;0;330272,802999590989202;5689703,482998640276492;6,563531670000030;51,333253679000101
175991;5220705601300085797;5;3;15;0;2022;7;16;3;3;0;5;0;0;1;1;0;0;0;0;348001,509174411010463;5645597,417043579742312;6,836434714000060;50,941940563999999
175992;5220708301304854247;5;9;13;0;2022;7;10;6;3;5;1;0;0;1;1;0;0;0;0;402056,519874656980392;5709584,613876709714532;7,588045355000080;51,528867996000002
175994;5220716301302028254;5;9;13;0;2022;7;12;7;3;4;3;0;0;1;1;0;0;0;0;396145,210857174999546;5707888,472810620442033;7,503358167000040;51,512565691000098
175996;5220721518120089303;5;1;70;44;2022;7;13;5;3;5;2;0;1;1;1;0;0;0;0;339378,372999690007418;5718697,224998979829252;6,680953078000070;51,596391497000099
176003;5220715701500477638;5;5;62;24;2022;7;16;6;3;5;3;0;0;1;0;0;0;0;0;369061,708564181986731;5724096,786855340003967;7,107220916000070;51,652597970999999
176005;5220704518400595926;5;1;70;8;2022;7;14;2;3;5;3;0;0;1;1;0;0;0;0;342987,892999721982051;5716033,372999089770019;6,734214075000070;51,573475580000000
176006;5220711601100386448;5;3;15;0;2022;7;11;2;3;0;1;0;0;1;0;0;0;0;0;355422,531999807979446;5644965,414999360218644;6,942242559000020;50,938169538000103
176010;5220701601200380749;5;3;15;0;2022;7;18;6;3;0;1;0;0;1;0;0;0;0;0;353417,678999795985874;5644321,686999330297112;6,913986688000020;50,931878456000000
176012;5220718316100581982;5;9;74;40;2022;7;15;2;2;0;1;0;0;1;0;1;0;0;0;437853,842999998014420;5714386,424999649636447;8,103163973000051;51,577114285000100
176014;5220715307000073245;5;9;62;4;2022;7;21;6;3;0;1;2;0;1;0;0;0;0;0;412925,264999985985924;5683744,294999630190432;7,751033406000030;51,298351829000097
176017;5220714516400591373;5;1;58;24;2022;7;18;5;3;4;6;0;0;1;1;0;0;0;0;357874,598367096972652;5678776,334038600325584;6,963814630000060;51,242628146000101
176019;5220712317210694383;5;9;78;20;2022;7;13;3;3;5;2;0;0;1;1;0;0;0;0;407486,797999979986344;5716807,141999639570713;7,664403907000060;51,594708547000003
176020;5220714711211091792;5;5;70;4;2022;7;21;5;3;5;2;1;0;1;1;0;0;0;0;423732,068416711001191;5735789,021945470012724;7,894734828000030;51,767785353000100
176021;5220705515110591541;5;1;54;36;2022;7;9;3;3;5;3;0;0;1;1;0;0;0;0;303091,634999240981415;5741639,320996070280671;6,144734563000040;51,790906948999996
176022;5220708405108190743;5;7;54;8;2022;7;18;6;3;5;3;0;0;1;1;0;0;0;0;458095,245999999984633;5753483,604999669827521;8,390533925000060;51,930498837000101
176024;5220716702100876731;5;5;15;0;2022;7;19;7;3;4;3;0;0;1;1;0;0;0;0;407925,166999981971458;5758290,443999660201371;7,659725499000050;51,967667665000100
176027;5220709709500996235;5;5;66;60;2022;7;10;7;2;0;7;0;0;1;0;0;0;0;0;388418,995238571020309;5789556,833675599656999;7,365656824000040;52,245090624000099
176031;5220706711112387306;5;5;70;52;2022;7;15;4;2;0;3;0;0;1;0;0;0;0;0;430072,874195856973529;5757491,740747449919581;7,982214484000050;51,963715327999999
176032;5220713602900176757;5;3;62;40;2022;7;12;4;3;5;2;0;0;1;1;0;0;0;0;358162,232882627984509;5631448,349039570428431;6,986454369000060;50,817370493000098
176036;5220714301202867121;5;9;13;0;2022;7;13;5;3;0;3;0;0;1;1;0;0;0;0;392615,540031075011939;5709591,530856589786708;7,451993039000060;51,527213618000097
176037;5220702518200091497;5;1;70;24;2022;7;1;7;3;1;5;2;0;1;1;0;0;0;0;335111,555370064976159;5704677,425280010327697;6,625969761000020;51,469205891000101
176039;5220719609108478426;5;3;58;8;2022;7;16;3;2;0;5;0;0;1;1;0;0;0;0;321727,538381075020880;5629545,340512130409479;6,470630387000030;50,790206409000099
176042;5220704602900080772;5;3;62;40;2022;7;10;2;3;5;2;0;0;1;1;0;0;0;0;357424,529999820981175;5632254,803999390453100;6,975675341000060;50,824437086000003
176043;5220710602250586763;5;3;62;16;2022;7;11;1;3;2;6;0;0;1;0;0;0;0;0;327529,540999551012646;5646212,169998560100794;6,545012185000080;50,941704239000003
176044;5220712513210581642;5;1;62;24;2022;7;18;3;3;2;7;0;0;1;1;0;0;0;0;338041,770999670028687;5676263,015998959541321;6,681046299000060;51,214761172000102
176045;5220705709700357409;5;5;66;92;2022;7;18;3;2;0;7;0;0;1;0;1;0;0;0;423872,458422042021994;5796399,954376629553735;7,883271994000040;52,312648758000101
176047;5220708518400045755;5;1;70;8;2022;7;8;6;3;5;5;0;0;1;1;0;0;0;0;343386,558806082990486;5715146,196226029656827;6,740357659000040;51,565615516999998
176048;5220718300300571468;5;9;11;0;2022;7;16;2;3;1;1;0;0;1;1;0;0;0;0;384751,878135823004413;5702735,875748380087316;7,340922465000060;51,464045130000002
176049;5220719508000078922;5;1;19;0;2022;7;10;3;3;0;6;0;0;1;0;0;0;0;0;353626,496937824995257;5709222,157491490244865;6,890452954000070;51,515135612999998
176050;5220721602700996120;5;3;62;28;2022;7;6;5;3;0;1;0;1;1;0;0;0;0;0;351214,455999778991099;5638079,447999290190637;6,885199280000050;50,875218384000000
176053;5220720602800190964;5;3;62;12;2022;7;7;4;3;5;2;0;0;1;1;0;0;0;0;351364,648999780009035;5633788,451999300159514;6,889074805000060;50,836695526000000
176057;5220712518100091638;5;1;70;48;2022;7;12;3;3;0;1;0;0;1;0;0;0;0;0;333166,932999629992992;5723321,618998739868402;6,589155080000070;51,636129978000000
176058;5220705711112587219;5;5;70;52;2022;7;9;3;3;5;3;0;0;1;1;0;0;0;0;429954,648999996017665;5756421,689999669790268;7,980712214000050;51,954081119000101
176062;5220719601100778671;5;3;15;0;2022;7;8;3;3;1;5;0;0;1;1;0;0;0;0;356806,805999818025157;5642708,184999380260706;6,962818017000070;50,918229398999998
176065;5220709601600886470;5;3;15;0;2022;7;18;7;3;3;6;0;0;1;1;0;0;0;0;358949,208177060994785;5642250,346470070071518;6,993454449000070;50,914642405999999
176066;5220715410110287114;5;7;70;24;2022;7;10;6;3;3;1;0;0;1;0;0;0;0;0;494140,062000001023989;5793535,487999689765275;8,914080621000039;52,292143121999999
176067;5220705706000268251;5;5;58;44;2022;7;6;3;3;8;7;0;0;1;0;1;0;0;0;395488,377999963006005;5746995,069999639876187;7,482183614000060;51,863946568000102
176069;5220708602250775586;5;3;62;16;2022;7;10;6;3;5;3;0;0;1;1;0;0;0;0;329460,134999573987443;5646108,067998659797013;6,572514956000020;50,941343158999999
176070;5220717307000996178;5;9;62;24;2022;7;13;1;3;0;5;0;0;1;1;0;0;0;0;407029,045999980997294;5702456,480999640189111;7,661586053000060;51,465631950999999
176071;5220721317110618826;5;9;78;36;2022;7;7;5;3;0;1;0;1;1;0;0;0;0;0;410185,967999982996844;5710776,089999640360475;7,704901970000040;51,540930318000100
176072;5220702702100376728;5;5;15;0;2022;7;19;7;3;0;2;0;0;1;0;0;0;0;0;405771,577999976987485;5756493,690999659709632;7,628879546000060;51,951156750000102
176076;5220705411132179080;5;7;74;32;2022;7;17;3;3;5;3;0;0;1;1;0;0;0;0;482702,813251523999497;5729697,835072239860892;8,749610457000070;51,717946421000100
176077;5220707411132048535;5;7;74;32;2022;7;18;5;3;5;1;0;0;1;0;0;0;0;0;483712,271743547986262;5732106,041136450134218;8,764110299000039;51,739629549000000
176078;5220713514214086050;5;1;66;8;2022;7;10;4;3;5;7;0;0;1;1;0;0;0;0;317346,230592194013298;5689227,710442779585719;6,378413167000080;51,324975274000103
176080;5220711602400273865;5;3;62;32;2022;7;20;2;3;4;6;0;0;1;1;0;0;0;0;337497,529999659978785;5638409,651998969726264;6,690245701000040;50,874491658000103
176081;5220714404301887414;5;7;66;44;2022;7;20;5;3;4;2;0;0;1;1;0;0;0;0;492695,218829480989370;5764643,558999489992857;8,893517881000040;52,032367318000098
176082;5220702404302087414;5;7;66;8;2022;7;8;7;3;0;1;0;0;1;0;0;0;0;0;482652,585000001010485;5770721,826999680139124;8,746818285000071;52,086792459000002