OBJECTID;UIDENTSTLAE;ULAND;UREGBEZ;UKREIS;UGEMEINDE;UJAHR;UMONAT;USTUNDE;UWOCHENTAG;UKATEGORIE;UART;UTYP1;ULICHTVERH;IstStrassenzustand;IstRad;IstPKW;IstFuss;IstKrad;IstGkfz;IstSonstige;LINREFX;LINREFY;XGCSWGS84;YGCSWGS84
176084;5220718518320578902;5;1;70;52;2022;7;16;2;3;6;3;0;0;1;0;1;0;0;0;323907,366989687026944;5726462,596233949996531;6,453905777000050;51,661522127000097
176086;5220715501213479016;5;1;12;0;2022;7;6;6;3;1;5;0;0;1;1;0;0;0;0;339630,228543497971259;5698228,877977529540658;6,693892379000030;51,412567396000000
176087;5220722610221375577;5;3;70;20;2022;7;16;6;3;0;1;0;0;1;0;0;0;0;0;306058,361212648975197;5662216,457702199928463;6,231193077000060;51,078634120000103
176088;5220704601200781353;5;3;15;0;2022;7;7;2;3;0;3;0;0;1;1;0;0;0;0;356837,178999817988370;5637630,829999379813671;6,965239984000050;50,872606845000099
176089;5220710701200775229;5;5;62;20;2022;7;19;1;3;5;3;0;0;1;1;0;0;0;0;371221,154999893973581;5716852,686999539844692;7,141081688000040;51,587995524000100
176090;5220712501212582302;5;1;12;0;2022;7;11;3;3;5;3;0;0;1;1;0;0;0;0;340593,193999697978143;5698192,625999029725790;6,707744116000070;51,412513210999997
176092;5220701600380290861;5;3;14;0;2022;7;20;6;3;0;3;1;0;1;0;0;0;0;1;369611,409309529000893;5616154,120209460146725;7,154309121000040;50,682593990999997
176093;5220708518110724448;5;1;70;12;2022;7;14;6;3;0;7;0;0;1;1;0;0;0;0;329035,739999587996863;5734792,257998519577086;6,523897382000030;51,737931086000103
176094;5220717307000080395;5;9;62;40;2022;7;20;1;3;8;7;0;0;1;0;0;0;0;0;416460,460065673978534;5698983,107108269818127;7,798147382000020;51,435877883000003
176095;5220721709300379098;5;5;66;68;2022;7;17;5;3;0;7;0;1;1;0;0;0;0;0;375357,020278587995563;5784536,125707210041583;7,176285480000050;52,197171318000102
176097;5220709608332289927;5;3;34;32;2022;7;14;7;3;0;1;0;0;1;0;0;0;0;0;306793,384999228001107;5621636,917997069656849;6,263138422000050;50,714383984999998
176100;5220707601100893553;5;3;15;0;2022;7;8;5;3;0;1;0;1;1;0;0;0;0;0;355654,703000186011195;5643562,740999859757721;6,946100249000040;50,925622121000103
176102;5220716508000281043;5;1;19;0;2022;7;23;7;3;1;5;2;0;1;1;0;0;0;0;351835,175944723014254;5708370,925369470380247;6,865013167000030;51,507019954999997
176103;5220711709110791847;5;5;66;12;2022;7;17;2;3;0;7;0;0;1;0;0;0;0;0;404674,356302171014249;5772195,653262360021472;7,608545671000060;52,092103410999997
176106;5220708709110496563;5;5;66;8;2022;7;5;6;3;5;3;1;0;1;1;0;0;0;0;401005,918999973975588;5779549,300999670289457;7,552876436000080;52,157553205000099
176107;5220718518310086178;5;1;70;32;2022;7;11;2;3;0;7;0;0;1;0;0;0;0;1;333570,836999633000232;5713628,397998760454357;6,599583125000040;51,549168897000101
176108;5220719601200996149;5;3;15;0;2022;7;9;3;3;0;1;0;0;1;0;0;0;0;0;353774,558999798027799;5642047,608999339863658;6,919973652000070;50,911532615000098
176109;5220704705000874671;5;5;54;8;2022;7;6;2;3;5;3;0;0;1;1;0;0;0;0;336052,271999664022587;5746707,214998840354383;6,619791410000060;51,847065723000100
176112;5220715705000587336;5;5;54;12;2022;7;21;6;3;5;3;1;0;1;0;0;0;0;0;352829,133999797981232;5747341,823999320156872;6,862895998000060;51,857442359000103
176113;5220704515110095883;5;1;54;36;2022;7;15;2;3;0;6;0;0;1;1;0;0;0;0;301725,079254565003794;5740947,193820820190012;6,125341103000040;51,784209082000103
176115;5220713711212002946;5;5;70;4;2022;7;10;4;3;5;3;0;0;1;1;0;0;0;0;423043,680756750982255;5735897,910675710067153;7,884736705000020;51,768670014000101
176118;5220721515210996111;5;1;54;52;2022;7;15;5;3;1;5;0;1;1;1;0;0;0;0;310126,395341942028608;5702767,920029040426016;6,267674450000070;51,444225459999998
176119;5220703515000395867;5;1;54;4;2022;7;0;1;3;0;1;2;0;1;0;0;0;0;0;304868,624371797021013;5738179,776530769653618;6,172411650000070;51,760461634000102
176120;5220709317140894450;5;9;78;28;2022;7;18;7;3;0;1;0;1;1;0;0;0;0;0;399757,402308181975968;5698116,019932799972594;7,558167023000070;51,425374374000100
176121;5220718600310996167;5;3;14;0;2022;7;10;2;3;0;1;0;0;1;0;0;0;0;0;362698,296161726990249;5619654,840936410240829;7,055209179000030;50,712467605000001
176122;5220719706000679112;5;5;58;12;2022;7;13;3;3;0;5;0;0;1;1;0;0;0;0;373776,024587450025138;5756482,424868959933519;7,163541170000030;51,944715427000098
176124;5220707300100457764;5;9;11;0;2022;7;10;5;3;3;5;0;1;1;1;0;0;0;0;376022,844324627018068;5705388,502815119922161;7,214394332000040;51,486040553000102
176125;5220712601300263937;5;3;15;0;2022;7;9;3;3;0;6;0;0;1;0;0;0;0;0;352337,442999787977897;5645926,658999309875071;6,897974394000070;50,946026062000001
176127;5220705501112097117;5;1;12;0;2022;7;22;3;3;5;3;2;0;1;1;0;0;0;0;343858,934689906018320;5708008,738626239821315;6,750332403000070;51,501618378000003
176129;5220711601100572043;5;3;15;0;2022;7;16;2;3;5;3;0;0;1;0;0;0;0;0;356251,027999814017676;5645431,777999379672110;6,953842384000040;50,942567799000102
176130;5220714410230070312;5;7;70;4;2022;7;14;5;2;0;1;0;0;1;0;0;0;0;0;488310,620999999984633;5782756,360999680124223;8,828981670000079;52,195139794000099
176132;5220708603144795305;5;3;66;44;2022;7;23;6;2;0;1;2;0;1;0;0;0;0;0;330619,978176719974726;5614591,824604759924114;6,603544222000040;50,658515081000097
176134;5220719516500086676;5;1;58;16;2022;7;23;3;3;0;7;2;0;1;0;0;0;0;0;355303,582417025987525;5669724,258945900015533;6,930655503000030;51,160637070000099
176135;5220715602100289756;5;3;62;8;2022;7;15;6;3;0;1;0;0;1;0;0;0;0;0;334122,256516791996546;5647873,623027809895575;6,638010737000060;50,958566587000099
176137;5220710608416780799;5;3;34;16;2022;7;15;1;3;0;1;0;0;1;0;0;0;0;0;295060,716699528973550;5640678,176319830119610;6,086538835000060;50,881380267000097
176139;5220706411132978092;5;7;74;32;2022;7;7;4;3;5;1;0;0;1;1;0;0;0;0;484082,460000002000015;5729176,577999649569392;8,769605497000040;51,713300486999998
176140;5220701518400889444;5;1;70;8;2022;7;19;6;3;0;1;0;0;1;0;0;0;0;0;343157,103999725019094;5715228,753999100066721;6,737012987000070;51,566293498999997
176141;5220708515111055228;5;1;54;8;2022;7;12;6;3;0;1;0;0;1;0;0;0;0;0;310835,469979247020092;5746554,214132050052285;6,254198729000050;51,837719059000101
176143;5220722501317676144;5;1;12;0;2022;7;15;6;3;5;3;0;0;1;1;0;0;0;0;344769,097999734978657;5699692,531999150291085;6,767086704000060;51,427148475000102
176147;5220705518300045115;5;1;70;20;2022;7;15;3;3;5;3;0;0;1;0;0;0;0;1;329603,962999588984530;5708931,112998589873314;6,544696727000030;51,505787376999997
176149;5220713601300990363;5;3;15;0;2022;7;21;4;3;0;4;0;0;1;0;1;0;0;0;350218,366999772028066;5648978,066999279893935;6,866574935000070;50,972900350000003
176151;5220712307000290027;5;9;62;16;2022;7;5;3;2;0;1;0;0;1;0;0;0;0;0;416459,286313380987849;5692485,014891830272973;7,799661122000030;51,377460548999998
176156;5220720411132996127;5;7;74;32;2022;7;17;4;2;5;3;0;0;1;1;0;0;0;0;483501,404661823995411;5730614,472251620143652;8,761127119000040;51,726212251000000
176157;5220705501126927760;5;1;12;0;2022;7;0;3;3;9;1;2;0;1;0;0;0;0;0;343944,222292285005096;5703442,362821410410106;6,753577808000050;51,460613805000001
176160;5220715501215182302;5;1;12;0;2022;7;14;6;3;0;5;0;0;1;1;0;0;0;0;336520,641999660001602;5696403,106998899951577;6,650058056000030;51,395276160000002
176162;5220704600350395341;5;3;82;32;2022;7;10;2;3;0;6;0;0;1;1;0;0;0;0;359843,896760871983133;5610078,290391130372882;7,018431838000030;50,625715972000101
176167;5220701600140576535;5;3;14;0;2022;7;21;6;2;0;1;0;0;1;0;0;0;0;0;366956,288144905993249;5623829,868552950210869;7,113978791000020;50,750983135000098
176168;5220717711111439521;5;5;70;52;2022;7;0;1;2;0;1;2;0;1;0;0;0;0;0;430738,900451891007833;5756449,238809909671545;7,992117032000070;51,954427001000099
176171;5220721601300370445;5;3;15;0;2022;7;14;5;3;0;3;0;1;1;1;0;0;0;0;352383,406880926981103;5647189,773405689746141;6,898116098000060;50,957388836000099
176174;5220712315110996232;5;9;70;40;2022;7;10;3;3;1;1;0;0;1;1;0;0;0;0;429802,270070981001481;5635820,768027420155704;8,002378266000051;50,869803262000097
176176;5220705601500453743;5;3;15;0;2022;7;18;3;3;4;6;0;0;1;0;0;0;0;0;358422,050967858987860;5644842,001220700331032;6,984953855000070;50,937804659999998
176181;5220702500300590201;5;1;11;0;2022;7;22;7;3;0;1;2;0;1;0;0;0;0;0;348833,764484665996861;5674613,454810939729214;6,836141089000020;51,202897626999999
176182;5220717601100324932;5;3;15;0;2022;7;15;1;3;4;6;0;0;1;0;0;0;0;0;354790,943226023984607;5644344,610750920139253;6,933506827000030;50,932431832000098
176186;5220710601300590395;5;3;15;0;2022;7;11;1;2;0;1;0;0;1;0;0;0;0;0;350178,968999772972893;5644449,762999280355871;6,867877704000020;50,932197240999997
176187;5220712600110667679;5;3;14;0;2022;7;10;3;3;1;5;0;0;1;1;0;0;0;0;365154,845035199017730;5620929,034547540359199;7,089518087000040;50,724495048999998
176188;5220714705000391736;5;5;54;12;2022;7;16;5;3;3;3;0;0;1;1;0;0;0;0;351998,302835932991002;5745387,171410979703069;6,851677105000020;51,839660368000096
176189;5220706601400978453;5;3;15;0;2022;7;14;4;3;0;5;0;0;1;1;0;0;0;0;356109,560999813023955;5646806,801999369636178;6,951286735000050;50,954889612999999
176191;5220708601200986379;5;3;15;0;2022;7;20;6;3;0;1;0;0;1;0;0;0;0;0;351753,756721225974616;5643084,150702689774334;6,890827635000050;50,920332058000000
176194;5220703406210596834;5;7;58;4;2022;7;11;1;3;0;1;0;0;1;0;0;0;0;0;473268,086399456020445;5782805,326221589930356;8,608906023000030;52,195055857000099
176196;5220718601600490554;5;3;15;0;2022;7;8;2;3;2;6;0;0;1;1;0;0;0;0;363345,912999854015652;5639258,545999449677765;7,057081347000060;50,888811515000000
176197;5220720609108265737;5;3;58;8;2022;7;19;4;3;0;1;0;1;1;0;0;0;0;0;322621,258050183998421;5631034,972019559703767;6,482578260000030;50,803863588000098
176198;5220705513210795463;5;1;62;24;2022;7;11;3;2;5;3;0;0;1;1;0;0;0;0;337221,245569274004083;5676990,388761940412223;6,668978047000050;51,221063107000099
176199;5220714505200386738;5;1;14;0;2022;7;17;5;3;6;4;0;0;1;0;1;0;0;0;330225,980999591003638;5689875,030998639762402;6,562778422000060;51,334780862000102
176200;5220707709110270536;5;5;66;8;2022;7;14;5;3;3;6;0;0;1;1;0;0;0;0;399826,918999971006997;5781254,939999669790268;7,535144154000020;52,172670429000000
176203;5220712300500071341;5;9;11;0;2022;7;15;3;3;0;6;0;0;1;0;0;0;0;0;378770,684999537013937;5700705,702900920063257;7,255556660000020;51,444549132000098
176204;5220721505100889086;5;1;14;0;2022;7;21;5;3;0;1;2;0;1;0;0;0;0;0;331510,729999605973717;5689695,543998699635267;6,581289055000070;51,333550494000100
176206;5220708610113589913;5;3;70;24;2022;7;13;6;3;0;6;0;0;1;0;0;0;0;1;281069,578308121999726;5657303,789112930186093;5,877946327000070;51,025535634999997
176207;5220718513210290365;5;1;62;24;2022;7;17;2;3;5;3;0;0;1;0;0;1;0;0;337463,994806737988256;5675532,057661569677293;6,673112071000050;51,208029535999998
176209;5220707505200279036;5;1;14;0;2022;7;16;5;3;1;5;0;0;1;1;0;0;0;0;330137,990576256997883;5689835,458066640421748;6,561535359000060;51,334399068000003
176210;5220713410110487384;5;7;70;24;2022;7;15;4;3;0;1;0;0;1;0;0;0;0;0;492394,945301760977600;5794680,903949630446732;8,888467612000060;52,302419583000102
176211;5220715700000475282;5;5;13;0;2022;7;17;6;3;0;7;0;0;1;0;0;0;0;0;365817,403999871981796;5716039,260999489575624;7,063436607000030;51,579424828000100
176213;5220704505200885910;5;1;14;0;2022;7;5;2;3;5;3;0;0;1;1;0;0;0;0;331633,657999606977683;5690334,423998700454831;6,582750020000050;51,339326583000101
176215;5220713303000575271;5;9;15;0;2022;7;15;4;3;1;5;0;0;1;1;0;0;0;0;418156,848999989975709;5730354,902999649755657;7,815236045000060;51,718148439000103
176217;5220714315250996215;5;9;70;12;2022;7;17;5;3;4;5;0;0;1;1;0;0;0;0;448140,158999998995569;5648843,131999620236456;8,261108850000030;50,988834946000097
176218;5220701709110296689;5;5;66;12;2022;7;13;6;2;5;3;0;0;1;1;0;0;0;0;405682,179776931006927;5772287,201157960109413;7,623226768000050;52,093098953000002
176219;5220717709300812304;5;5;66;68;2022;7;22;1;3;0;1;2;0;1;0;1;0;0;0;374185,448693908983842;5782053,384596239775419;7,160074529000040;52,174595225000097
176221;5220715407211704666;5;7;62;4;2022;7;15;6;2;3;6;0;0;1;0;1;0;0;0;501785,447975002985913;5734220,321022639982402;9,025869018000041;51,758873635000000
176224;5220710313110289737;5;9;58;4;2022;7;11;1;3;0;1;0;0;1;0;0;0;0;0;428176,668029375025071;5700493,193624629639089;7,966365808000030;51,451060769999998
176226;5220705709300791742;5;5;66;84;2022;7;16;3;2;1;1;0;0;1;0;0;0;0;0;390030,703079220023938;5775946,939653390087187;7,393667957000050;52,123101132999999
176230;5220721500300001076;5;1;11;0;2022;7;17;5;3;3;7;0;1;1;0;0;0;0;1;343763,138999724003952;5675728,241999129764736;6,763130877000040;51,211550132000099
176232;5220709502320891752;5;1;13;0;2022;7;10;7;2;0;7;0;0;1;0;0;0;0;0;356977,803999821015168;5705055,373999389819801;6,940407164000020;51,478551619000001
176235;5220705307000093762;5;9;62;28;2022;7;10;3;3;0;1;0;0;1;0;0;0;0;0;401001,363999972003512;5665848,302999610081315;7,584995387000050;51,135528721000099
176236;5220707501114773994;5;1;12;0;2022;7;17;5;3;3;6;0;0;1;0;0;1;0;0;347669,542990819027182;5706591,044037209823728;6,805803446000030;51,489920015000102
176238;5220716410120074524;5;7;70;32;2022;7;14;7;3;0;1;0;0;1;0;0;0;0;0;494326,014000002003741;5788503,184999680146575;8,916891723000051;52,246901974000103
176241;5220721405108994200;5;7;54;8;2022;7;14;5;3;5;3;0;0;1;1;0;0;0;0;456408,760999999998603;5753549,986999670043588;8,365998734000071;51,930966110999996
176242;5220702705000696667;5;5;54;24;2022;7;21;7;3;8;1;1;0;1;0;0;0;0;0;369993,876999892003369;5774995,266999539919198;7,101512144000030;52,110200804000002
176243;5220710313123953616;5;9;58;16;2022;7;12;1;2;0;1;0;0;1;0;0;0;0;0;441884,934573656006251;5678683,362826820462942;8,167184104000061;51,256541742000103
176246;5220705500300982034;5;1;11;0;2022;7;15;3;3;0;7;0;0;1;0;0;0;0;0;353019,575999794993550;5667932,513999319635332;6,898746329000060;51,143953867999997
176247;5220707503100491181;5;1;24;0;2022;7;16;5;3;0;1;0;1;1;0;0;0;0;0;369814,541504561027978;5679653,955254909582436;7,134453482000030;51,253365627999997
176248;5220713702100668125;5;5;15;0;2022;7;13;4;3;0;1;0;0;1;0;0;0;0;0;405269,928585962974466;5759528,781021179631352;7,620745054000050;51,978352158000099
176249;5220716505200079042;5;1;14;0;2022;7;20;7;3;0;1;0;0;1;0;0;0;0;0;329104,150517995993141;5689092,185084429569542;6,547065091000040;51,327411932000103
176250;5220711600120534054;5;3;82;24;2022;7;14;2;3;5;3;0;0;1;0;0;0;0;1;371705,573999895015731;5617854,127999509684741;7,183346420000020;50,698339939000000
176251;5220702607100832320;5;3;82;28;2022;7;18;7;3;5;3;0;0;1;1;0;0;0;0;377082,109999915992375;5639063,179999539628625;7,252342876000060;50,890141913999997
176252;5220709300000493776;5;9;11;0;2022;7;15;7;3;5;3;0;1;1;1;0;0;0;0;375803,569999911997002;5703794,924999560229480;7,211798171000050;51,471670357000100
176254;5220719608100077534;5;3;34;2;2022;7;7;3;3;6;4;0;0;1;0;1;0;0;0;292057,071627713972703;5629176,495271789841354;6,050420810000050;50,777012890999998
176256;5220715601200781465;5;3;15;0;2022;7;19;6;3;5;3;0;0;1;1;0;0;0;0;354476,222369769995566;5642988,129391320049763;6,929572520000020;50,920162171000101
176258;5220704505100076285;5;1;14;0;2022;7;9;2;3;5;3;0;0;1;1;0;0;0;0;335400,368999646976590;5689885,547998859547079;6,636986529000070;51,336396764000000
176259;5220710705000096614;5;5;54;20;2022;7;15;1;2;0;1;0;1;1;0;0;0;0;0;366822,051533176971134;5783569,995640530250967;7,051861394000070;52,186494695000100
176261;5220706400200496990;5;7;11;0;2022;7;17;4;3;5;4;0;0;1;0;1;0;0;0;467785,818749481986742;5763823,553103289566934;8,530497753000081;52,024107389000100
176263;5220701602700980759;5;3;62;28;2022;7;15;6;3;5;3;0;0;1;1;0;0;0;0;351418,945576304977294;5640266,348975979723036;6,887214636000070;50,894923710000100
176264;5220717601700676524;5;3;16;0;2022;7;17;1;3;4;2;0;0;1;1;0;0;0;0;363822,202999859000556;5659463,101999459788203;7,056279423000030;51,070509861000097
176266;5220721711213087313;5;5;70;4;2022;7;18;5;3;5;2;0;1;1;1;0;0;0;0;425011,321999993990175;5734775,476999660022557;7,913488743000070;51,758846703000103
176268;5220709709110979617;5;5;66;12;2022;7;12;7;3;5;2;0;0;1;1;0;0;0;0;404882,428863647975959;5772748,648702190257609;7,611427574000060;52,097109632000098
176269;5220714709300170597;5;5;66;84;2022;7;19;5;3;5;3;0;0;1;1;0;0;0;0;388773,984999948996119;5775299,982999639585614;7,375530344000030;52,117035397999999
176270;5220705600110086321;5;3;14;0;2022;7;18;3;3;0;7;0;0;1;0;0;0;0;0;367111,336934198974632;5618486,961458910256624;7,118100923000040;50,702996268000000
176271;5220707608200569719;5;3;34;2;2022;7;11;5;3;5;3;0;0;1;1;0;0;0;0;296692,055888207978569;5631781,570124880410731;6,114634942000070;50,802053274000102
176272;5220708515210595873;5;1;54;12;2022;7;15;6;2;0;3;0;0;1;1;0;0;0;0;313859,735865239985287;5710704,238204959779978;6,317152124000070;51,516747868000003
176273;5220717515211078590;5;1;54;16;2022;7;18;1;3;8;1;0;0;1;0;0;0;0;0;306386,781076853978448;5729079,032944330014288;6,199439852000070;51,679258154000102
176276;5220708701910473490;5;5;62;8;2022;7;15;6;3;5;3;0;0;1;1;0;0;0;0;385078,756102895014919;5722789,050948150455952;7,339072975000020;51,644347085000000
176278;5220720410230440099;5;7;70;4;2022;7;5;4;3;5;3;1;0;1;1;0;0;0;0;487754,656000001006760;5783707,589999680407345;8,820813426000029;52,203679852999997
176280;5220707313220255560;5;9;58;24;2022;7;16;5;2;0;6;0;0;1;0;0;0;0;0;489373,188478540978394;5701257,977792710065842;8,847029840000060;51,462393909000099
176281;5220712709300791070;5;5;66;84;2022;7;21;3;3;5;3;1;0;1;1;0;0;0;0;385719,293999942019582;5778546,203999630175531;7,329845633000050;52,145586056000099
176284;5220714500300072321;5;1;11;0;2022;7;8;5;3;5;2;0;0;1;1;0;0;0;0;345591,669999737991020;5674382,062999179586768;6,789868523000050;51,199951372000001
176287;5220717609108571749;5;3;58;8;2022;7;21;1;3;1;5;2;0;1;1;0;0;0;0;322114,422096477006562;5631985,616717110387981;6,474931857000060;50,812248865000100
176290;5220704600380575850;5;3;14;0;2022;7;15;2;3;3;6;0;0;1;1;0;0;0;0;371837,018651070015039;5614388,621625700034201;7,186408135000020;50,667219289999998
176291;5220710518100195900;5;1;70;48;2022;7;0;1;3;0;1;2;0;1;0;0;0;0;0;334836,203205943980720;5725678,943090770393610;6,612141509000030;51,657800016000103
176298;5220720502101077623;5;1;13;0;2022;7;9;4;3;0;1;0;0;1;0;0;0;0;0;361979,471999850997236;5702251,079999449662864;7,013481315000040;51,454593691000099
176299;5220715515210585907;5;1;54;52;2022;7;12;6;2;2;6;0;0;1;1;0;0;0;0;309358,340204471023753;5697714,943862330168486;6,259353303000070;51,398583964000103
176300;5220722610221577592;5;3;70;20;2022;7;6;6;3;0;1;0;0;1;0;0;0;0;0;302106,596729800978210;5661073,815708049573004;6,175473715000070;51,067022448000003
176302;5220710606100574329;5;3;78;4;2022;7;18;1;3;0;7;0;0;1;0;0;0;0;0;366744,388999874005094;5651579,557999479584396;7,100863524000030;51,000342478000100
176304;5220706518400373961;5;1;70;8;2022;7;11;4;3;0;3;0;0;1;1;0;0;0;0;342975,612999721022788;5714907,968999099917710;6,734539875000050;51,563360871000000
176305;5220701601200193440;5;3;15;0;2022;7;17;6;3;0;7;0;0;1;0;0;0;0;0;353563,559291152982041;5643903,770702210254967;6,916229126000080;50,928159842000099
176306;5220708506100583194;5;1;16;0;2022;7;10;6;3;6;4;0;0;1;0;1;0;0;0;321229,331610321009066;5673044,825745699927211;6,442169770000020;51,180836235000100
176309;5220721601500566076;5;3;15;0;2022;7;18;5;3;1;5;0;1;1;0;0;0;0;1;362523,801039770012721;5649744,172023300081491;7,041444091000070;50,982854451000001
176311;5220709601300393592;5;3;15;0;2022;7;16;7;3;0;1;0;0;1;0;0;0;0;0;353767,763764992996585;5647412,849562860094011;6,917724065000070;50,959746494999997
176314;5220707601500576465;5;3;15;0;2022;7;9;5;3;5;3;0;1;1;1;0;0;0;0;363656,043769319017883;5647713,308004840277135;7,058326171000030;50,964871576000100
176316;5220717302100085537;5;9;14;0;2022;7;12;1;3;1;5;0;0;1;1;0;0;0;0;393102,904202994017396;5690927,762344979681075;7,464653012000040;51,359545468000100
176317;5220711711113374649;5;5;70;52;2022;7;9;2;3;5;3;0;0;1;1;0;0;0;0;430337,993367820978165;5755187,426384219899774;7,986539783000070;51,943033699000097
176322;5220719700000381313;5;5;13;0;2022;7;9;3;2;0;5;0;0;1;1;0;0;0;0;368399,211138751998078;5709074,762801630422473;7,103281029000070;51,517445591000097
176326;5220716601200681744;5;3;15;0;2022;7;13;7;3;0;1;0;0;1;0;0;0;0;0;352277,423999787017237;5642597,026999319903553;6,898470011000030;50,916088787000000
176329;5220714300700990511;5;9;16;0;2022;7;16;5;3;5;3;0;0;1;1;0;0;0;0;372619,242999899026472;5710631,517999540083110;7,163505896000060;51,532403635999998
176330;5220702607300954237;5;3;82;76;2022;7;6;7;3;0;7;0;0;1;0;0;0;0;0;399000,118987561028916;5626456,657251279801130;7,567333946000080;50,781058967000000
176331;5220717711313081007;5;5;70;8;2022;7;3;1;3;0;1;2;0;1;0;0;0;0;0;433375,013843745982740;5734898,313080290332437;8,034627040000030;51,761008542000098
176333;5220715406150331833;5;7;58;36;2022;7;16;6;3;6;6;0;0;1;0;1;0;0;0;490883,996426268015057;5779796,117373869754374;8,866710214000021;52,168573821000102
176336;5220710503100091175;5;1;24;0;2022;7;10;1;3;0;1;0;1;1;0;0;0;0;0;368450,370902895985637;5679490,819715079851449;7,114976295000080;51,251586411000098
176338;5220706500100568120;5;1;11;0;2022;7;16;4;3;5;2;0;0;1;0;0;0;0;1;341894,828434898983687;5679061,826024699956179;6,734933700000060;51,240988628000103
176339;5220701513310686719;5;1;62;8;2022;7;18;6;3;5;3;0;1;1;1;0;0;0;0;333631,832893124024849;5664409,328099659644067;6,623442952000060;51,106994084000100
176341;5220716706300281019;5;5;58;24;2022;7;23;7;3;1;5;2;0;1;1;0;0;0;0;393444,571856460010167;5736783,742102920077741;7,455654626000070;51,771780943000103
176342;5220722410230070312;5;7;70;4;2022;7;14;6;3;5;3;0;0;1;1;0;0;0;0;484503,673000000999309;5784944,728999679908156;8,773185399000059;52,214720616000101
176348;5220713607400881178;5;3;82;44;2022;7;15;4;3;5;3;0;0;1;1;0;0;0;0;361084,022999844979495;5632768,333999429829419;7,027405926000030;50,829942019000001
176349;5220716317140089311;5;9;78;28;2022;7;0;7;3;8;1;2;0;1;0;0;0;0;0;397486,190999965998344;5697835,841999620199203;7,525591760000050;51,422449603000103
176351;5220721600110569535;5;3;14;0;2022;7;11;5;3;0;5;0;0;1;1;0;0;0;0;366588,768653697974514;5620112,530809380114079;7,110117319000040;50,717487308999999
176353;5220708609256971721;5;3;58;56;2022;7;12;6;2;0;7;0;0;1;0;0;0;0;1;315507,000363920989912;5651594,184546180069447;6,371337586000040;50,986330370000097
176354;5220718516600286746;5;1;58;4;2022;7;18;2;3;3;6;0;0;1;0;0;0;0;0;357901,440999826008920;5675466,997999399900436;6,965511146000040;51,212895582999998
176355;5220720317000552925;5;3;70;40;2022;7;12;4;3;0;7;0;0;1;0;1;0;0;0;566937,257372990949079;5937491,939739369787276;10,011084319000100;53,582002137000103
176356;5220722301101082379;5;9;13;0;2022;7;18;6;3;4;7;0;0;1;1;0;0;0;0;392580,982097116997465;5708003,007868490181863;7,451979325000020;51,512928748000000
176358;5220709601100786405;5;3;15;0;2022;7;18;7;3;0;1;0;0;1;0;0;0;0;0;356619,909008790971711;5645342,015023849904537;6,959124891000040;50,941852961000102
176359;5220720610111541132;5;3;70;16;2022;7;19;4;3;9;1;0;0;1;0;0;0;0;0;297014,264419444021769;5661027,336617530323565;6,102915323000050;51,064827203000000
176360;5220705515210295974;5;1;54;52;2022;7;13;3;3;6;4;0;0;1;0;1;0;0;0;310199,919999326986726;5702854,939997140318155;6,268684534000040;51,445031678000099
176363;5220716601700996193;5;3;16;0;2022;7;11;7;2;0;2;0;0;1;1;0;0;0;0;361435,510999844991602;5659820,601999440230429;7,022097751000050;51,073151484000100
176364;5220711706200796654;5;5;58;12;2022;7;21;2;3;5;3;0;0;1;1;0;0;0;0;374018,479999905976001;5756698,827999570406973;7,166987453000050;51,946715075999997
176368;5220709406150253934;5;7;58;36;2022;7;17;7;3;0;6;0;0;1;0;1;0;0;0;490554,386935746995732;5779791,082243990153074;8,861890979000069;52,168523009000097
176369;5220718518300286005;5;1;70;20;2022;7;15;2;3;0;1;0;0;1;0;0;0;0;1;330099,882999592984561;5708284,097998609766364;6,552147226000050;51,500124208999999
176374;5220715602900073641;5;3;62;40;2022;7;16;6;3;0;1;0;0;1;0;0;0;0;0;357204,305999820004217;5632523,612999379634857;6,972445954000020;50,826798635999999
176379;5220717601600390296;5;3;15;0;2022;7;17;1;3;0;1;0;0;1;1;0;0;0;0;361528,731902987987269;5636264,565093649551272;7,032395013000040;50,861470720000099
176380;5220718709500976632;5;5;66;76;2022;7;14;2;2;0;1;0;0;1;0;0;0;0;0;396647,024999965971801;5787236,973999660462141;7,486835894000020;52,225847643000101
176385;5220715500300279164;5;1;11;0;2022;7;1;6;2;3;6;2;0;1;0;0;0;0;0;343879,454614832997322;5675028,587508699856699;6,765099281000060;51,205295314000097
176386;5220706406110890824;5;7;58;12;2022;7;8;4;3;2;6;0;0;1;1;0;0;0;0;478005,619628563988954;5775119,435187100432813;8,678713861000061;52,126164670000001
176387;5220701607400779338;5;3;82;68;2022;7;10;6;3;5;2;0;0;1;1;0;0;0;0;369226,456999884976540;5630760,972999500110745;7,143676636000070;50,813796611000001
176388;5220708518100285871;5;1;70;48;2022;7;11;6;3;3;6;0;0;1;1;0;0;0;0;332548,595518168993294;5723683,692817579954863;6,580055061000050;51,639198950000001
176389;5220717506100679039;5;1;16;0;2022;7;16;1;3;4;6;0;0;1;0;0;0;0;0;321661,170180261018686;5675048,129799320362508;6,447347211000020;51,198967331000098
176390;5220721505100279384;5;1;14;0;2022;7;15;5;3;1;5;0;1;1;1;0;0;0;0;331852,419904196984135;5686512,340259970165789;6,587690785000060;51,305053651000001