OBJECTID;UIDENTSTLAE;ULAND;UREGBEZ;UKREIS;UGEMEINDE;UJAHR;UMONAT;USTUNDE;UWOCHENTAG;UKATEGORIE;UART;UTYP1;ULICHTVERH;IstStrassenzustand;IstRad;IstPKW;IstFuss;IstKrad;IstGkfz;IstSonstige;LINREFX;LINREFY;XGCSWGS84;YGCSWGS84
176391;5220703518400596096;5;1;70;8;2022;7;18;1;3;5;3;0;0;1;1;0;0;0;0;344968,798999738995917;5715250,745999149978161;6,763121522000060;51,566992052000003
176396;5220706701700872329;5;5;62;16;2022;7;17;4;3;5;2;0;0;1;1;0;0;0;0;375496,550999910978135;5734709,381999569945037;7,196399844000040;51,749434993000101
176397;5220713601500090377;5;3;15;0;2022;7;15;4;3;5;3;0;0;1;1;0;0;0;0;358216,301999825984240;5642887,367999400012195;6,982787642000060;50,920187763000101
176399;5220711605112593474;5;3;74;12;2022;7;12;2;3;0;1;0;0;1;0;0;0;0;0;403477,141926125972532;5652165,495473859831691;7,624024431000070;51,012945969999997
176400;5220702505100385895;5;1;14;0;2022;7;10;7;3;0;1;0;0;1;0;0;0;0;0;331708,392999605974182;5689871,710998700000346;6,584040622000030;51,335191708000103
176401;5220709503100781536;5;1;24;0;2022;7;19;7;3;0;7;0;0;1;1;0;0;0;0;370518,497999890008941;5678358,715999529697001;7,145003961000040;51,241885081000099
176405;5220715608200532135;5;3;34;2;2022;7;17;6;3;5;3;0;0;1;1;0;0;0;0;299228,085999093018472;5628671,426996120251715;6,152277714000040;50,775003028000100
176406;5220722602700428738;5;3;62;28;2022;7;7;6;3;4;6;0;0;1;0;0;0;0;0;352130,344898012001067;5639378,926033110357821;6,897682442000080;50,887131367999999
176407;5220704603144690951;5;3;66;44;2022;7;12;2;3;0;3;0;0;1;1;0;0;0;0;336288,538999643991701;5617978,221998940221965;6,682175291000020;50,690565028000002
176409;5220712518300978570;5;1;70;20;2022;7;9;3;3;5;2;0;0;1;1;0;0;0;0;330031,673999594000634;5708484,029998609796166;6,551069143000060;51,501899795000000
176411;5220714405108457652;5;7;54;8;2022;7;12;5;3;5;3;0;0;1;1;0;0;0;0;456316,144000001018867;5751833,329999660141766;8,364869641000039;51,915525204000097
176414;5220719316300063779;5;9;74;28;2022;7;22;3;3;0;1;2;0;1;0;0;0;0;0;454612,664676866028458;5725295,993371100164950;8,343577574000051;51,676800315000001
176415;5220721609108673747;5;3;58;8;2022;7;17;5;3;0;1;0;1;1;0;0;0;0;0;322515,110682355007157;5630829,255984310060740;6,481172763000070;50,801982911000003
176417;5220704702100242514;5;5;15;0;2022;7;16;2;2;0;1;0;0;1;0;0;0;0;0;405980,348542447027285;5759203,063139230012894;7,631174695000030;51,975545130999997
176418;5220707410110304111;5;7;70;24;2022;7;9;5;3;5;3;0;1;1;1;0;0;0;0;494507,164000132994261;5796899,193900669924915;8,919408231000030;52,322388241000098
176419;5220712601600581686;5;3;15;0;2022;7;17;3;3;0;3;0;0;1;0;0;0;0;1;359436,504886146984063;5643749,468249379657209;6,999804266000070;50,928234111000101
176422;5220704600130095363;5;3;82;8;2022;7;23;2;3;0;1;2;0;1;0;0;0;0;0;374382,285845838021487;5611638,207623270340264;7,223339852000040;50,643051389000000
176424;5220711518100578977;5;1;70;48;2022;7;9;2;3;0;3;0;0;1;1;0;0;0;0;336095,187357746006455;5725930,895241700112820;6,630208331000060;51,660432011000097
176426;5220706601200186637;5;3;15;0;2022;7;10;4;3;0;1;0;0;1;0;0;0;0;0;354201,487040692009032;5643375,369356970302761;6,925511670000050;50,923572836000098
176427;5220714405148090711;5;7;54;48;2022;7;14;5;3;0;1;0;0;1;0;0;0;0;0;442074,471999999019317;5766087,502999669872224;8,155421216000040;52,042371171000099
176428;5220701610111065679;5;3;70;16;2022;7;20;6;3;0;1;0;0;1;0;0;0;0;0;300569,481828740972560;5660526,719776850193739;6,153864965000030;51,061576929000097
176429;5220717702100591866;5;5;15;0;2022;7;17;1;3;0;7;0;0;1;0;1;0;0;0;406874,836999979976099;5750866,107999649830163;7,646450911000040;51,900758714000098
176431;5220715410110372626;5;7;70;24;2022;7;8;6;3;5;3;0;0;1;1;0;0;0;0;493474,450000001001172;5795255,413999689742923;8,904287990000061;52,307598590000097
176435;5220710515211072081;5;1;54;16;2022;7;12;1;3;0;1;0;0;1;0;0;0;0;0;304338,956845482985955;5730760,521429649554193;6,168914907000040;51,693649151999999
176437;5220715500200501154;5;1;11;0;2022;7;13;6;3;5;3;0;0;1;1;0;0;0;0;344045,208796592021827;5679638,848054439760745;6,765464115000040;51,246765220999997
176438;5220705503300090038;5;1;20;0;2022;7;19;3;2;6;7;0;0;1;0;1;0;0;0;374777,855754863005131;5670876,599556869827211;7,208604093000080;51,175588441000102
176439;5220708410120778121;5;7;70;32;2022;7;20;6;2;0;1;0;0;1;0;0;0;0;0;497612,918000000994653;5782397,761999679729342;8,965078882000061;52,192034509000102
176440;5220716700000289519;5;5;13;0;2022;7;3;7;3;0;1;2;0;1;0;0;0;0;0;368386,183734169986565;5709427,627715510316193;7,102961595000070;51,520613670000003
176446;5220705317250985064;5;9;78;40;2022;7;8;3;3;4;2;0;0;1;1;0;0;0;0;405733,827296642994042;5724703,106748769991100;7,636978369000080;51,665394630999998
176447;5220706610111085865;5;3;70;16;2022;7;15;4;1;8;7;0;0;1;0;0;0;0;0;296121,998507754993625;5656855,339035729877651;6,092546603000070;51,027043055000000
176448;5220713515111578934;5;1;54;8;2022;7;11;4;3;1;5;0;0;1;1;0;0;0;0;310327,837020694976673;5746229,070120769552886;6,247017609000070;51,834626852000000
176454;5220718601500876564;5;3;15;0;2022;7;7;2;3;5;3;0;0;1;1;0;0;0;0;358267,156999826023821;5651902,817999400198460;6,979999178000070;51,001221896000096
176455;5220719602400069734;5;3;62;32;2022;7;11;3;2;0;1;0;0;1;0;0;0;0;0;337833,999999664025381;5639115,999998980201781;6,694710746000060;50,880932983000001
176457;5220715600140885758;5;3;14;0;2022;7;19;6;3;5;3;0;0;1;1;0;0;0;0;370826,800978399987798;5623269,313148490153253;7,169013253000060;50,746818929000000
176461;5220712513210895463;5;1;62;24;2022;7;14;3;2;0;7;0;0;1;0;0;0;0;0;341323,659077764023095;5669504,874428049661219;6,730982027000040;51,154959665000000
176462;5220705709700281515;5;5;66;92;2022;7;16;3;3;5;3;0;0;1;1;0;0;0;0;424224,609999993990641;5796857,280999680049717;7,888333709000050;52,316808283999997
176463;5220701601700786396;5;3;16;0;2022;7;15;6;3;5;3;0;0;1;1;0;0;0;0;354731,339999802992679;5658311,146999349817634;6,927072570000060;51,057928953999998
176464;5220708601500674375;5;3;15;0;2022;7;10;6;3;0;5;0;0;1;1;0;0;0;0;361893,211072501027957;5649547,235037479549646;7,032540874000060;50,980933614000001
176465;5220717601200996176;5;3;15;0;2022;7;18;1;3;0;1;0;0;1;0;0;0;0;0;355278,664472581993323;5642477,879485329613090;6,941183734000050;50,915778467000102
176472;5220708405228081992;5;7;54;28;2022;7;11;6;3;1;5;0;0;1;1;0;0;0;0;451070,677999999024905;5744684,438999660313129;8,289624360000060;51,850817298000003
176474;5220717503100981566;5;1;24;0;2022;7;16;1;3;1;5;0;0;1;1;0;0;0;0;369917,289620994008146;5679450,485429080203176;7,135998981000060;51,251560423000100
176475;5220721601200186633;5;3;15;0;2022;7;8;5;3;5;3;0;0;1;1;0;0;0;0;361387,317999843973666;5637864,999999440275133;7,029780405000050;50,875820558999997
176477;5220709300400393682;5;9;11;0;2022;7;12;7;3;5;3;0;0;1;0;0;0;0;0;375868,069670421013143;5701505,073495170101523;7,213530283000070;51,451104676000099
176478;5220718601100093493;5;3;15;0;2022;7;17;2;3;0;5;0;0;1;1;0;0;0;0;354945,101097310020123;5645397,507664679549634;6,935280000000030;50,941932748000099
176480;5220705502208472182;5;1;13;0;2022;7;14;3;3;6;4;0;0;1;0;1;0;0;0;359679,766902061004657;5701296,621344580315053;6,980782288000060;51,445451431999999
176481;5220706610211932769;5;3;70;4;2022;7;18;4;3;5;3;0;0;1;1;0;0;0;0;312303,549497839994729;5662061,600739659741521;6,320326740000040;51,079319828000102
176482;5220709600360786299;5;3;82;12;2022;7;16;7;2;0;5;0;1;1;1;0;0;0;0;353544,289366097014863;5626821,137658979743719;6,922787732000070;50,774636821000101
176483;5220714605152269896;5;3;74;52;2022;7;17;5;3;0;1;0;0;1;0;0;0;0;0;391779,948999956017360;5668371,272999599575996;7,452483032000030;51,156539111000001
176484;5220705516800486848;5;1;58;20;2022;7;12;3;2;5;3;0;0;1;1;0;0;0;0;358710,491999830002896;5666335,557999409735203;6,980675623000020;51,131035420000003
176488;5220717516900086724;5;1;58;26;2022;7;9;1;3;2;1;0;0;1;0;0;0;0;0;351533,352999782015104;5662080,500999299809337;6,879923690000060;51,090983285000000
176490;5220703400200396829;5;7;11;0;2022;7;18;1;3;0;1;0;0;1;0;0;0;0;0;466904,084860083996318;5765175,220935770310462;8,517516725000061;52,036207777000101
176493;5220720705000996128;5;5;54;44;2022;7;16;4;3;0;3;0;0;1;1;0;0;0;0;365749,073764247994404;5744030,965513910166919;7,051672051000030;51,830948659999997
176494;5220705411132474562;5;7;74;32;2022;7;14;3;3;5;3;0;0;1;1;0;0;0;0;482631,587000000989065;5732411,915999660268426;8,748443990000061;51,742347299000102
176496;5220713516100081610;5;1;58;32;2022;7;14;4;3;4;6;0;0;1;0;0;0;0;1;367161,656999877013732;5686266,219999499619007;7,094001378000030;51,312178811000102
176497;5220716407106082069;5;7;62;20;2022;7;17;7;2;0;1;0;0;1;0;0;0;0;0;520169,174000000988599;5728078,729999659582973;9,291869427000050;51,703292644999998
176500;5220702405116387063;5;7;54;16;2022;7;10;7;3;0;1;0;0;1;0;0;0;0;0;448143,839529890974518;5756261,856371220201254;8,245393118000040;51,954637845000001
176502;5220718601200757519;5;3;15;0;2022;7;11;2;3;5;2;0;0;1;0;0;0;0;1;354954,566999804985244;5642101,756999350152910;6,936725815000050;50,912316965999999
176503;5220720500300074081;5;1;11;0;2022;7;11;4;3;2;6;0;0;1;0;0;0;0;0;344734,786230886005796;5676213,968779030255973;6,776820577000020;51,216179566999998
176504;5220715503300248450;5;1;20;0;2022;7;16;6;2;4;2;0;0;1;1;0;0;0;0;372718,018194429983851;5671767,351361810229719;7,178836906000070;51,183139422000103
176505;5220722603116913151;5;3;66;16;2022;7;21;6;3;6;3;0;0;1;0;1;0;0;0;343329,391999713028781;5614491,408999140374362;6,783255264000050;50,661170450999997
176507;5220714515111056263;5;1;54;44;2022;7;20;5;3;3;1;0;0;1;0;0;0;0;0;320625,591912573028821;5737830,198420939967036;6,400656880000040;51,762590049000003
176509;5220712508000882182;5;1;19;0;2022;7;17;3;3;4;2;0;0;1;1;0;0;0;0;353931,843999803997576;5704443,378999340347946;6,896828249000070;51,472274122999998
176511;5220701515211022041;5;1;54;16;2022;7;13;6;3;1;1;0;0;1;1;0;0;0;0;303406,809469869011082;5729411,883272999897599;6,156204795000060;51,681212290000097
176512;5220708601100381788;5;3;15;0;2022;7;14;6;3;3;6;0;0;1;1;0;0;0;0;356661,817033031024039;5642573,076306539587677;6,960809773000050;50,916979191000102
176514;5220719600110996152;5;3;14;0;2022;7;8;3;3;0;3;0;0;1;0;0;1;0;0;364270,576712219975889;5622499,371701589785516;7,076419162000040;50,738403099999999
176517;5220709705000791732;5;5;54;48;2022;7;13;7;3;2;6;0;0;1;0;0;0;0;0;344408,767999736999627;5750867,561999119818211;6,739133062000060;51,886834311000001
176518;5220720600330089882;5;3;82;48;2022;7;11;4;3;0;1;0;0;1;0;0;0;0;0;355038,044792941014748;5610158,295698329806328;6,950499579000050;50,625259999999997
176520;5220707706000320577;5;5;58;12;2022;7;16;5;3;0;1;0;0;1;1;0;0;0;0;374154,734982563997619;5756330,887915310449898;7,169103525000030;51,943439442000098
176521;5220713608200073685;5;3;34;2;2022;7;8;4;3;2;6;0;0;1;1;0;0;0;0;295865,247999023005832;5627080,941995630040765;6,105526406000020;50,759544672000096
176522;5220716515212043540;5;1;54;32;2022;7;11;7;3;3;6;0;0;1;1;0;0;0;0;309597,495780926023144;5718437,360488539561629;6,251610202000050;51,584781192999998
176523;5220711711112587306;5;5;70;52;2022;7;5;2;3;5;3;0;1;1;1;0;0;0;0;430770,721004594990518;5755206,793536409735680;7,992830259000070;51,943261819999996
176525;5220703500100071892;5;1;11;0;2022;7;19;1;2;3;6;0;0;1;1;0;0;0;1;346111,604999742994551;5677147,057999189943075;6,796118470000070;51,224936562000003
176526;5220709505200095888;5;1;14;0;2022;7;15;7;3;5;2;0;0;1;1;0;0;0;0;335419,825054073997308;5694006,004007340408862;6,635359500000050;51,373421780000101
176528;5220719605112051751;5;3;74;12;2022;7;18;3;3;0;1;0;0;1;0;0;0;0;0;401148,990662565978710;5654997,757748270407319;7,590073925000070;51,038011785999998
176529;5220705307000593937;5;9;62;32;2022;7;18;3;2;0;7;0;0;1;0;0;0;0;0;405509,840976706007496;5674142,536783750168979;7,647235835000060;51,210853395000100
176535;5220711515211596080;5;1;54;16;2022;7;15;2;3;6;7;0;0;1;0;0;0;0;1;303401,684440599987283;5728936,297711069695652;6,156398494000030;51,676939563000097
176536;5220702301101071300;5;9;13;0;2022;7;21;7;3;5;3;0;0;1;1;0;0;0;0;395206,927809839020483;5707261,790689970366657;7,490027948000030;51,506759444000103
176537;5220717601700078648;5;3;16;0;2022;7;13;1;2;8;1;0;0;1;0;0;0;0;0;367239,607889408012852;5657785,668008279986680;7,105644113000040;51,056234635000102
176543;5220714608416271803;5;3;34;16;2022;7;11;5;1;0;1;0;0;1;0;0;0;0;0;295701,922999031026848;5640030,896995520219207;6,096003476000020;50,875793999000102
176544;5220712607400941636;5;3;82;44;2022;7;12;3;2;0;1;0;0;1;0;0;0;0;0;361392,392585628025699;5631183,192749329842627;7,032381059000040;50,815769537999998
176546;5220711515210390977;5;1;54;52;2022;7;12;2;3;5;3;0;0;1;1;0;0;0;0;309692,277166094980203;5702260,470212619751692;6,261707827000070;51,439522098000097
176547;5220714315210990408;5;9;70;24;2022;7;11;5;3;0;1;0;0;1;0;0;0;0;0;426855,885999994003214;5647087,037999619729817;7,958253008000040;50,970734505999999
176551;5220718709500572447;5;5;66;76;2022;7;18;2;2;5;1;0;0;1;1;0;0;0;0;392724,762999958998989;5793008,288999659940600;7,427600802000030;52,276965545000103
176552;5220715706000281060;5;5;58;16;2022;7;2;6;3;7;1;2;0;1;0;0;0;0;0;382351,756999933975749;5743408,086999599821866;7,292708017000050;51,829094375000103
176555;5220710610221875603;5;3;70;20;2022;7;15;1;3;0;2;0;0;1;0;1;0;0;0;305156,883999218989629;5658320,180996740236878;6,220437283000020;51,043333147000098
176556;5220712502325078818;5;1;13;0;2022;7;14;3;3;0;1;0;0;1;0;0;0;0;0;362246,580990054004360;5706647,530000019818544;7,015609201000070;51,494166888999999
176558;5220701601200063927;5;3;15;0;2022;7;19;6;3;0;1;0;0;1;0;0;0;0;0;355257,077999808010645;5642305,206999359652400;6,940945360000060;50,914221277000102
176560;5220717310130780524;5;9;54;20;2022;7;11;1;3;0;1;0;0;1;0;0;0;0;0;392189,086999956984073;5696110,508999610319734;7,449959895000060;51,405958501000001
176561;5220722502209678588;5;1;13;0;2022;7;10;6;3;4;7;0;0;1;0;0;0;0;1;361082,370999847014900;5701019,457999439910054;7,001061372000040;51,443306526000100
176563;5220710405112096868;5;7;54;12;2022;7;14;1;3;5;3;0;1;1;1;0;0;0;0;458469,478759742982220;5765046,162506889551878;8,394576573000050;52,034479878000099
176565;5220705513210372148;5;1;62;24;2022;7;9;3;3;5;2;0;0;1;1;0;0;0;0;337751,749585778976325;5672861,951357940211892;6,678434598000020;51,184120963000098
176566;5220707602500081730;5;3;62;24;2022;7;8;5;3;5;3;0;1;1;1;0;0;0;0;347956,188999755016994;5643873,153999229893088;6,836509463000030;50,926434072000099
176567;5220713701120273591;5;5;62;32;2022;7;9;4;2;1;5;0;0;1;1;0;0;0;0;373662,332058399973903;5715117,557878809981048;7,176924867000030;51,572954478000000
176568;5220716600140067674;5;3;14;0;2022;7;17;7;2;0;1;0;0;1;0;0;0;0;0;370328,773487853002734;5621114,170452930033207;7,162716036000060;50,727336884000103
176569;5220711701620791630;5;5;62;12;2022;7;5;2;3;5;3;0;0;1;1;0;0;0;0;362966,783999857027084;5730978,497999469749629;7,016469911000060;51,712984878000000
176572;5220709513320395747;5;1;62;4;2022;7;17;7;3;0;1;0;0;1;1;0;0;0;0;348652,851840263989288;5662459,095831580460072;6,838663057000080;51,093632456000101
176576;5220707600120071665;5;3;82;24;2022;7;15;5;3;2;6;0;0;1;1;0;0;0;0;375476,567838608985767;5617341,883317220024765;7,236889133000030;50,694555221000002
176577;5220713400200374633;5;7;11;0;2022;7;22;4;3;5;3;2;0;1;1;0;0;0;0;468430,815000000002328;5763886,448999670334160;8,539892051000040;52,024709946000002
176578;5220715514121077526;5;1;66;4;2022;7;16;6;3;6;1;0;0;1;0;1;0;0;0;304797,860802222974598;5681425,337065470404923;6,202796551000060;51,250732460000101
176581;5220711607400490853;5;3;82;68;2022;7;19;2;3;0;7;0;0;1;0;0;0;0;0;368743,148718836018816;5631021,790325559675694;7,136726665000030;50,816031516000102
176582;5220706601300285530;5;3;15;0;2022;7;9;4;3;0;2;0;0;1;1;0;0;0;0;352901,397999792010523;5647401,581999319605529;6,905400782000070;50,959424721000097
176584;5220701601300075550;5;3;15;0;2022;7;14;6;3;0;3;0;0;1;1;0;0;0;0;351925,926999785995577;5648969,088999309577048;6,890882613000030;50,973261209999997
176588;5220714709110906884;5;5;66;12;2022;7;19;5;3;0;1;0;0;1;0;0;0;0;0;404496,491999976977240;5772118,102999660186470;7,605971971000030;52,091375711000097
176589;5220721709110672380;5;5;66;8;2022;7;14;5;3;5;3;0;0;1;1;0;0;0;0;399030,840999968990218;5781588,218999659642577;7,523407883000060;52,175520749000000
176590;5220703601100569924;5;3;15;0;2022;7;5;1;3;1;5;1;0;1;0;0;0;0;1;354757,468264547991566;5645068,883549589663744;6,932742096000030;50,938932256000001
176591;5220710605116876601;5;3;74;16;2022;7;9;1;3;4;6;0;0;1;0;0;0;0;0;384904,816999054979533;5666548,372978069819510;7,354795488000040;51,138812216000098
176593;5220715314320289292;5;9;66;16;2022;7;9;6;2;0;7;0;0;1;0;0;0;0;0;429862,903876990021672;5654370,349963369779289;7,999665554000050;51,036593729000103
176594;5220705600360231257;5;3;82;12;2022;7;8;3;2;5;3;0;0;1;0;0;0;0;1;361050,694298713991884;5624776,288739879615605;7,029955888000070;50,758105592000000
176597;5220716705000180892;5;5;54;8;2022;7;13;7;3;5;3;0;0;1;1;0;0;0;0;333156,112999633012805;5746328,206998709589243;6,577967741000070;51,842803123000103
176598;5220721405148579097;5;7;54;48;2022;7;10;5;3;5;3;0;1;1;1;0;0;0;0;442061,985298676998354;5765532,087165519595146;8,155333299000061;52,037376723000101
176599;5220702709700591161;5;5;66;28;2022;7;23;7;3;9;1;2;0;1;0;0;0;0;0;413395,627181833027862;5794747,138240199536085;7,730049219000020;52,296240146000102
176601;5220718602400393392;5;3;62;32;2022;7;13;2;3;0;7;0;0;1;0;1;0;0;0;336310,737301337008830;5641778,982714430429041;6,671882432000070;50,904431033999998
176603;5220705307000932200;5;9;62;40;2022;7;14;3;3;0;6;0;0;1;1;0;0;0;0;414908,605084936018102;5698970,081784349866211;7,775829973000040;51,435529811999999
176606;5220716313110385005;5;9;58;4;2022;7;16;7;3;0;1;0;0;1;0;0;0;0;0;429657,397215077013243;5698351,587841150350869;7,988097497000070;51,431992755000103
176608;5220714513310378782;5;1;62;8;2022;7;13;5;3;5;3;0;0;1;1;0;0;0;0;332232,817999607999809;5663179,883998749777675;6,604048131000070;51,095540448000101
176609;5220701702100065835;5;5;15;0;2022;7;23;6;3;1;5;2;0;1;1;0;0;0;0;404319,405712986015715;5758429,941704460419714;7,607216307000040;51,968312552000000
176610;5220708601300567882;5;3;15;0;2022;7;12;6;3;0;1;0;0;1;0;0;0;0;0;353327,982999795000069;5648156,518999329768121;6,911166455000060;50,966317762000102
176615;5220720705000080892;5;5;54;8;2022;7;22;4;3;0;1;2;1;1;0;0;0;0;0;336238,338221808022354;5745295,937304509803653;6,623158312000040;51,834442173000099
176619;5220716600140034157;5;3;14;0;2022;7;19;7;3;3;6;0;0;1;1;0;0;0;0;367515,539465531008318;5622297,140781849622726;7,122453368000040;50,737334793000102
176620;5220711609236633250;5;3;58;36;2022;7;17;2;3;4;6;0;1;1;0;0;0;0;1;308654,372140081017278;5649500,152724719606340;6,274919081000060;50,965284435999997
176623;5220709313121079455;5;9;58;32;2022;7;11;7;2;5;3;0;0;1;1;0;0;0;0;447853,502857043000404;5689410,045392080210149;8,251140159000039;51,353565340999999
176625;5220719608416533507;5;3;34;16;2022;7;17;3;3;5;3;0;0;1;1;0;0;0;0;294162,093122631020378;5637473,986253599636257;6,075584058000060;50,852284148000102
176630;5220704505100991604;5;1;14;0;2022;7;11;2;3;0;1;0;0;1;0;0;0;0;0;332034,095706066000275;5686363,886748040094972;6,590364583000050;51,303773572000097
176633;5220706317140908077;5;9;78;28;2022;7;19;4;3;2;1;0;0;1;0;0;0;0;0;400316,199191037972923;5699913,447598270140588;7,565695763000060;51,441630038000000
176636;5220718316100348704;5;9;74;28;2022;7;10;2;3;0;7;0;0;1;0;1;0;0;0;454278,711989649978932;5723708,026899480260909;8,338955919000060;51,662496032000000
176642;5220711500300865902;5;1;11;0;2022;7;13;2;3;1;5;0;0;1;1;0;0;0;0;347446,609999754989985;5672920,094999220222235;6,817019626000050;51,187312924000103
176643;5220712600110034452;5;3;14;0;2022;7;21;3;3;5;3;0;0;1;1;0;0;0;0;363536,742527541005984;5621904,235151380300522;7,066245787000070;50,732882168000103
176644;5220715500200265753;5;1;11;0;2022;7;17;6;2;0;1;0;0;1;0;0;0;0;0;345454,616976063000038;5678850,634920960292220;6,785982221000040;51,240066429000102
176645;5220705608312081361;5;3;34;12;2022;7;9;3;2;1;5;0;0;1;1;0;0;0;0;306655,176320096012205;5631738,319568890146911;6,255877642000030;50,805074573000098
176647;5220716709500076632;5;5;66;76;2022;7;19;7;3;3;3;0;0;1;1;0;0;0;0;400114,041999972017948;5793498,469999670051038;7,535725020000030;52,282763381999999
176651;5220718602100569688;5;3;62;8;2022;7;19;2;3;5;3;0;0;1;1;0;0;0;0;333985,014999624982011;5648243,785998839884996;6,635889422000050;50,961852944000000
176653;5220705310120893869;5;9;54;32;2022;7;14;3;3;0;1;0;0;1;0;0;0;0;0;388439,466997505980544;5693891,023740489967167;7,396770100000030;51,385283753000103
176654;5220707502338279288;5;1;13;0;2022;7;16;5;3;5;2;0;0;1;1;0;0;0;0;363553,345999858982395;5705619,573999470099807;7,034819020000040;51,485246104000097
176657;5220711601600086573;5;3;15;0;2022;7;7;2;3;0;6;0;0;1;0;0;0;0;1;363879,636999859008938;5645346,863999459892511;7,062393327000050;50,943656220999998
176659;5220702600310890949;5;3;14;0;2022;7;0;7;3;4;6;2;0;1;1;0;0;0;0;361514,644403879996389;5619798,627906920388341;7,038399990000070;50,713479122000102
176660;5220718601400778574;5;3;15;0;2022;7;8;2;3;4;6;0;0;1;0;0;0;0;0;355595,471567569009494;5648380,363935359753668;6,943347665000030;50,968902256000000
176663;5220722702100691863;5;5;15;0;2022;7;21;6;2;0;6;1;0;1;0;0;0;0;0;406150,441043076978531;5757160,902282530441880;7,634208464000040;51,957218017999999
176664;5220704608436489905;5;3;34;36;2022;7;11;2;3;5;3;0;0;1;1;0;0;0;0;297916,091999070020393;5633813,046995899640024;6,130864824000070;50,820727125000097
176666;5220712502134785490;5;1;13;0;2022;7;18;3;3;1;5;0;0;1;1;0;0;0;0;366537,984690186975058;5702431,641540899872780;7,078983177000050;51,457309305000102
176668;5220701516500662021;5;1;58;16;2022;7;17;6;3;1;6;0;0;1;1;0;0;0;0;355035,022999807028100;5672084,549999359995127;6,925865774000040;51,181779464000002
176669;5220711601600487472;5;3;15;0;2022;7;4;2;2;0;1;1;0;1;0;0;0;0;0;362700,465643080999143;5636559,293497259728611;7,048923796000050;50,864399012000000
176672;5220718505200776213;5;1;14;0;2022;7;8;2;3;5;3;0;0;1;1;0;0;0;0;329659,810999585024547;5690818,220998610369861;6,554207443000050;51,343084951000002
176675;5220715608436289928;5;3;34;36;2022;7;13;6;3;2;6;0;0;1;1;0;0;0;0;298510,390482044022065;5633185,993828429840505;6,139635616000020;50,815302271000100
176678;5220711411132138033;5;7;74;32;2022;7;5;2;3;5;3;1;1;1;0;0;0;0;0;481468,775721536017954;5730654,840143900364637;8,731696132000019;51,726511707000000
176679;5220712513310478782;5;1;62;8;2022;7;12;3;3;0;3;0;0;1;1;0;0;0;0;331366,487375760974828;5662710,282838200218976;6,591906648000080;51,091067268000103
176680;5220706406130586236;5;7;58;8;2022;7;5;4;2;0;7;0;0;1;0;0;0;0;0;471610,904706963978242;5778195,421583480201662;8,585047559000030;52,153527873000002
176681;5220714316300078160;5;9;74;28;2022;7;10;5;3;5;3;0;0;1;1;0;0;0;0;454530,303000000014435;5725201,342999650165439;8,342398813000051;51,675942663999997
176682;5220701602800071782;5;3;62;12;2022;7;10;6;3;0;1;0;0;1;0;0;0;0;0;351118,523530979990028;5633801,487316929735243;6,885576566000050;50,836749404999999
176683;5220717601300067882;5;3;15;0;2022;7;15;1;3;1;5;0;0;1;1;0;0;0;0;351901,605441697000060;5649776,389883380383253;6,890207572000070;50,980509713000103
176684;5220719301205036129;5;9;13;0;2022;7;10;3;3;1;5;0;0;1;1;0;0;0;0;386807,303920909005683;5711604,250277739949524;7,367652554000070;51,544169576999998
176686;5220704500100676251;5;1;11;0;2022;7;20;2;3;4;5;0;0;1;1;0;0;0;0;345494,583232351986226;5676794,639180069789290;6,787440867000040;51,221603248000100
176688;5220710313231584920;5;9;58;48;2022;7;16;1;3;1;5;0;1;1;1;0;0;0;0;465465,896999999997206;5670259,126999629661441;8,505903708000060;51,182708716999997
176689;5220714602700267566;5;3;62;28;2022;7;18;5;3;1;5;0;0;1;1;0;0;0;0;351166,202983607014176;5638366,948604839853942;6,884396897000040;50,877789600000000
176690;5220705516100174054;5;1;58;12;2022;7;12;3;3;5;3;0;0;1;1;0;0;0;0;357610,265943581005558;5688060,826847350224853;6,956329200000030;51,325995890000101
176693;5220717516100791121;5;1;58;36;2022;7;12;1;3;0;6;0;0;1;1;0;0;0;0;360903,110759144008625;5685649,527557039633393;7,004499784000070;51,305141468000002
176697;5220709317210389251;5;9;78;20;2022;7;12;7;3;0;3;0;0;1;0;0;0;0;0;403738,525999973993748;5714426,829999639652669;7,610960256000060;51,572683977000104
176699;5220720609108465737;5;3;58;8;2022;7;18;4;2;6;6;0;0;1;0;1;0;0;0;323152,866999490011949;5632868,405998350121081;6,489231845000060;50,820497928000101
176700;5220704709800124005;5;5;66;44;2022;7;16;2;3;0;1;0;0;1;1;0;0;0;0;429388,957299623987637;5777530,418842770159245;7,968119870000070;52,143765024000103
176703;5220716500200778876;5;1;11;0;2022;7;12;7;3;0;1;0;0;1;0;0;0;0;0;344962,626525304978713;5678513,251091930083930;6,779085679000050;51,236901426000003
176704;5220711601300093462;5;3;15;0;2022;7;16;2;3;0;1;0;0;1;0;0;0;0;0;350578,908588827995118;5645898,500559940002859;6,872970961000020;50,945319914999999
176705;5220714300800689202;5;9;54;36;2022;7;15;5;3;5;3;0;0;1;1;0;0;0;0;384600,276267966022715;5700486,456059049814939;7,339474904000040;51,443796414000097