OBJECTID;UIDENTSTLAE;ULAND;UREGBEZ;UKREIS;UGEMEINDE;UJAHR;UMONAT;USTUNDE;UWOCHENTAG;UKATEGORIE;UART;UTYP1;ULICHTVERH;IstStrassenzustand;IstRad;IstPKW;IstFuss;IstKrad;IstGkfz;IstSonstige;LINREFX;LINREFY;XGCSWGS84;YGCSWGS84
176707;5220717705000886945;5;5;54;8;2022;7;0;1;3;8;1;2;0;1;0;0;0;0;0;337497,971999676025007;5745597,741998899728060;6,641282156000050;51,837521332000101
176708;5220719500200076303;5;1;11;0;2022;7;11;3;2;0;1;0;0;1;0;0;0;0;0;344937,923999733000528;5678438,581999160349369;6,778764424000030;51,236223784000103
176710;5220704601200687055;5;3;15;0;2022;7;22;2;3;0;1;2;0;1;0;0;0;0;0;358651,815183868980967;5639036,774919440038502;6,990470591000080;50,885688909000102
176711;5220714515110092788;5;1;54;24;2022;7;20;5;2;0;3;0;0;1;0;0;0;0;0;312883,459999381972011;5734309,988997300155461;6,290490439000050;51,728440996000103
176715;5220701600110590959;5;3;14;0;2022;7;14;6;3;1;5;0;0;1;1;0;0;0;0;366108,453316363971680;5620894,737203110009432;7,103033303000070;50,724407320000097
176717;5220716609108389795;5;3;58;8;2022;7;17;7;3;3;3;0;0;1;1;0;0;0;0;321951,333916503994260;5634356,863133409991860;6,471468182000020;50,833502071000098
176720;5220709701300175291;5;5;62;14;2022;7;16;7;3;5;2;0;0;1;1;0;0;0;0;361721,740329835971352;5712670,385063219815493;7,005690047000030;51,548161648000097
176722;5220705601300493623;5;3;15;0;2022;7;16;3;2;5;3;0;0;1;1;0;0;0;0;352522,950999788998161;5646806,587999319657683;6,900256865000070;50,953981059999997
176724;5220713514116579479;5;1;66;16;2022;7;16;4;3;1;5;0;0;1;1;0;0;0;0;304620,035181211016607;5689232,803357699885964;6,195981446000080;51,320792752999999
176725;5220716405228996191;5;7;54;28;2022;7;13;7;3;0;1;0;0;1;0;0;0;0;0;452755,384999999019783;5743249,078999659977853;8,314277801000060;51,838057763000101
176726;5220711705000591737;5;5;54;12;2022;7;16;2;3;5;3;0;0;1;1;1;0;0;0;347029,320948528009467;5752387,301814190112054;6,776506474000030;51,901213353999999
176728;5220718400100587165;5;7;11;0;2022;7;6;2;3;5;3;0;0;1;1;0;0;0;0;472829,812817847006954;5766694,173706050030887;8,603780744000060;52,050186236999998
176731;5220703701110585659;5;5;62;32;2022;7;15;1;3;5;3;0;0;1;1;0;0;0;0;373011,334746750013437;5718500,358155559748411;7,166312154000020;51,603209397000100
176737;5220717411232574504;5;7;74;32;2022;7;22;1;2;0;1;1;0;1;0;0;1;0;0;479142,901580121018924;5731827,062543559819460;8,697951252000051;51,736969741000102
176738;5220714601200074324;5;3;15;0;2022;7;9;5;2;1;5;0;0;1;1;0;0;0;0;353701,076919992978219;5643924,375696419738233;6,918176333000080;50,928379905000000
176742;5220718600110090879;5;3;14;0;2022;7;19;2;3;1;5;0;0;1;0;0;0;1;0;361704,656996575009543;5623540,987095570191741;7,039686014000040;50,747159388000100
176747;5220716601600590425;5;3;15;0;2022;7;15;7;3;0;2;0;0;1;1;0;0;0;0;359596,309999834978953;5645439,131999409757555;7,001425758000040;50,943458249000102
176751;5220714404101490672;5;7;66;20;2022;7;13;5;3;5;3;0;0;1;0;0;0;1;0;486008,509000000020023;5754848,589999659918249;8,796445583000040;51,944173139999997
176753;5220717607400190883;5;3;82;68;2022;7;11;1;3;3;2;0;0;1;1;0;0;0;0;369918,439999887021258;5630582,754999499768019;7,153557014000060;50,812350596999998
176757;5220704600110795324;5;3;14;0;2022;7;9;2;3;3;6;0;0;1;0;0;0;0;0;366265,544870967976749;5621260,893541839905083;7,105124881000050;50,727734514000097
176762;5220701601100687082;5;3;15;0;2022;7;12;6;3;5;3;0;0;1;1;0;0;0;0;356440,277999815996736;5645783,368999379687011;6,956395803000020;50,945774651000100
176764;5220717300400054052;5;9;11;0;2022;7;18;1;3;0;1;0;0;1;0;0;0;0;0;372144,457281040027738;5698814,896337679587305;7,160941932000070;51,426099002999997
176765;5220722411132572222;5;7;74;32;2022;7;18;6;3;0;5;0;0;1;1;0;0;0;0;483317,798247549973894;5729673,725588560104370;8,758513887000049;51,717748276000101
176766;5220703500300172316;5;1;11;0;2022;7;21;1;3;0;7;0;0;1;0;0;0;0;0;350738,414094202977140;5670032,211824960075319;6,865287782000050;51,162231565000098
176768;5220721301302782388;5;9;13;0;2022;7;18;5;3;4;6;0;1;1;1;0;0;0;0;396872,577435246028472;5707216,809294319711626;7,514032833000040;51,506661560000097
176769;5220705508000889497;5;1;19;0;2022;7;13;3;2;5;3;0;0;1;1;0;0;0;0;351162,616999784018844;5703921,487999290227890;6,857204845000070;51,466863031999999
176771;5220713609224989625;5;3;58;24;2022;7;14;4;2;0;1;0;0;1;0;0;0;0;0;313976,278849015012383;5643961,163243199698627;6,353452304000030;50,917270700000103
176772;5220716410110476071;5;7;70;24;2022;7;20;7;2;0;1;0;0;1;0;0;0;0;0;491968,232303116004914;5792620,132423910312355;8,882258776000070;52,283886162000002
176773;5220712307000693764;5;9;62;40;2022;7;13;3;3;0;1;0;0;1;0;0;0;0;0;413699,783473175019026;5698725,428256769664586;7,758503207000050;51,433147583999997
176775;5220702601100793538;5;3;15;0;2022;7;3;7;3;0;1;2;0;1;0;0;0;0;0;356604,014779353979975;5643275,752367639914155;6,959711748000070;50,923279722000103
176776;5220708711143503041;5;5;70;44;2022;7;15;6;2;5;3;0;0;1;1;0;0;0;0;414045,120043146016542;5765213,475152189843357;7,747049540000030;52,030877553000003
176777;5220718500300974341;5;1;11;0;2022;7;18;2;3;5;2;0;0;1;1;0;0;0;0;351988,819999788014684;5668637,060999309644103;6,883731582000050;51,150019448000101
176779;5220705313211513754;5;9;58;12;2022;7;14;3;2;5;1;0;0;1;1;0;0;0;0;478048,518060130998492;5695206,264514150097966;8,684391355000059;51,407652809000098
176782;5220715705000520896;5;5;54;20;2022;7;15;6;3;5;3;0;0;1;1;0;0;0;0;365127,414999870001338;5786243,818999500013888;7,026023461000020;52,210108065999997
176789;5220701506100096111;5;1;16;0;2022;7;16;6;3;4;2;0;0;1;1;0;0;0;0;317427,849999423022382;5675053,423997879959643;6,386817675000030;51,197677974000001
176790;5220717605144169569;5;3;74;44;2022;7;14;1;3;5;3;0;0;1;1;0;0;0;0;402117,827438462991267;5636423,887939579784870;7,608883137000020;50,871200279000000
176791;5220719501134128074;5;1;12;0;2022;7;11;3;3;6;7;0;0;1;0;1;0;0;0;343386,561086839006748;5710811,631237659603357;6,742286936000030;51,526670908000000
176792;5220721500300074341;5;1;11;0;2022;7;15;5;3;5;2;0;1;1;1;0;0;0;0;347131,173999749997165;5674156,968999209813774;6,811982836000030;51,198342755000098
176793;5220702609108491018;5;3;58;8;2022;7;14;7;3;0;7;0;0;1;1;0;0;0;0;322555,352019648009446;5631848,924657169729471;6,481250435000050;50,811156044000001
176794;5220708702100691794;5;5;15;0;2022;7;13;6;3;5;3;0;0;1;0;0;0;0;0;405229,093258201028220;5757881,447180420160294;7,620605475000050;51,963538309000100
176796;5220720404101821754;5;7;66;4;2022;7;12;4;3;5;3;0;0;1;1;0;0;0;0;480578,224999854981434;5750456,183999920263886;8,717692151000049;51,904518084000102
176798;5220707301202177629;5;9;13;0;2022;7;12;5;3;5;2;0;1;1;1;0;0;0;0;392293,089999957010150;5708271,501999620348215;7,447750092000040;51,515287269000098
176799;5220712709110270516;5;5;66;8;2022;7;16;3;3;8;1;0;0;1;0;0;0;0;0;399331,896176702983212;5782302,477283869870007;7,527596983000020;52,181995308000097
176800;5220715701400178918;5;5;12;0;2022;7;18;6;3;5;3;0;0;1;0;0;0;0;0;356874,073999823012855;5708713,395999389700592;6,937430863000030;51,511396034000001
176801;5220704508000889592;5;1;19;0;2022;7;17;2;3;5;3;0;0;1;1;0;0;0;0;350711,449999780976214;5709314,530999279581010;6,848433488000070;51,515202862000102
176802;5220711608320773681;5;3;34;20;2022;7;16;2;3;0;7;0;0;1;0;0;0;0;0;304484,916157517000102;5604343,281030239537358;6,239598772000020;50,558270633000099
176810;5220712600110090947;5;3;14;0;2022;7;18;3;3;1;5;0;0;1;1;0;0;0;0;366511,779356690007262;5621757,278025289997458;7,108432012000040;50,732252655000103
176813;5220701601300887361;5;3;15;0;2022;7;22;6;3;0;1;2;0;1;0;0;0;0;0;350043,026999772002455;5649089,103999280370772;6,864033532000060;50,973852534999999
176814;5220708500100271836;5;1;11;0;2022;7;12;6;3;5;3;0;0;1;1;0;0;0;0;344778,137042097980157;5677106,274528119713068;6,777054488000030;51,224209066000100
176815;5220716705000074716;5;5;54;8;2022;7;16;7;3;0;3;0;0;1;0;0;0;0;0;338860,009999689005781;5746904,333998950198293;6,660425551000060;51,849653986000099
176817;5220703600110097767;5;3;14;0;2022;7;13;1;3;0;1;0;0;1;0;0;0;0;0;362457,523044536006637;5623164,365224359557033;7,050491782000050;50,743953284000000
176818;5220709601500693459;5;3;15;0;2022;7;14;7;3;6;4;0;0;1;0;1;0;0;0;357614,490999823028687;5645188,046999390237033;6,973332468000020;50,940715728000001
176820;5220720600110878215;5;3;14;0;2022;7;10;4;3;4;6;0;0;1;0;0;0;0;0;364820,473285995016340;5624302,692078109830618;7,083545929000020;50,754739351000097
176821;5220705608100886854;5;3;34;2;2022;7;16;3;3;3;6;0;0;1;0;0;1;0;0;294626,242796374019235;5628552,868699899874628;6,087160989000040;50,772327306000101
176822;5220707602600785737;5;3;62;20;2022;7;14;5;3;5;3;0;0;1;1;0;0;0;0;346295,517999740026426;5631211,611999199725688;6,818217649000080;50,812215358000103
176826;5220702600110167679;5;3;14;0;2022;7;13;7;3;5;3;0;0;1;0;0;0;0;0;366383,700655173975974;5619385,552776860073209;7,107477272000040;50,710906096000002
176829;5220720503100680360;5;1;24;0;2022;7;17;4;3;2;6;0;1;1;1;0;0;0;0;370444,222999890975188;5680463,244999519549310;7,143178596000040;51,260782434000099
176830;5220713300100667612;5;9;11;0;2022;7;9;4;2;0;1;0;0;1;0;0;0;0;0;375434,128254814015236;5706854,139964880421758;7,205402411000020;51,499083342000098
176835;5220712500200937189;5;1;11;0;2022;7;6;3;3;5;3;0;0;1;1;0;0;0;0;350522,945999777992256;5678482,435999279841781;6,858689484000020;51,238108308000101
176837;5220714501213072131;5;1;12;0;2022;7;10;5;3;0;3;0;0;1;0;0;0;0;1;339599,862999689008575;5698795,830998999997973;6,693199609000030;51,417652633000003
176838;5220701705000124235;5;5;54;12;2022;7;12;6;3;5;3;0;0;1;1;0;0;0;0;352528,472999795980286;5745984,312999309971929;6,859112400000070;51,845165889999997
176839;5220717601600996174;5;3;15;0;2022;7;18;1;3;3;6;0;0;1;0;0;0;0;0;360851,781073182995897;5640172,056119999848306;7,021294735000030;50,896426095000002
176841;5220721702100060729;5;5;15;0;2022;7;2;5;3;0;7;2;1;1;0;0;0;0;0;406262,516999978979584;5758124,735999659635127;7,635575956000030;51,965900309000098
176844;5220714608200377595;5;3;34;2;2022;7;14;5;3;5;7;0;0;1;1;0;0;0;0;296423,788397344003897;5628178,202637059614062;6,112828398000030;50,769595827000003
176848;5220717514110677593;5;1;66;32;2022;7;18;1;3;5;3;0;0;1;0;0;0;0;0;318140,425821903976612;5681591,307528279721737;6,393688243000040;51,256634023000103
176849;5220721600120996115;5;3;82;24;2022;7;11;5;3;5;3;0;1;1;0;0;0;0;0;374942,944664668990299;5622406,721696110442281;7,227620740000020;50,739966717000101
176850;5220702608416189920;5;3;34;16;2022;7;19;7;3;0;1;0;0;1;0;0;0;0;0;295630,607047529018018;5639230,911866449750960;6,095438102000060;50,868584017000003
176851;5220714711213387303;5;5;70;4;2022;7;15;5;3;3;6;0;0;1;0;0;0;0;1;424114,580138448975049;5733462,984419119544327;7,900784911000070;51,746927014000100
176852;5220721705000996106;5;5;54;8;2022;7;16;5;3;4;3;0;0;1;1;0;0;0;0;335700,220999660028610;5745610,285998820327222;6,615206097000050;51,837108080000100
176854;5220710518120289444;5;1;70;44;2022;7;2;1;2;1;1;2;0;1;1;0;0;0;0;336380,610764633980580;5720436,674943660385907;6,636899288000050;51,611155887000102
176857;5220705601300367882;5;3;15;0;2022;7;13;3;3;0;1;0;0;1;0;0;0;0;0;353985,827999798988458;5647210,545999339781702;6,920908173000040;50,957983765999998
176858;5220708411220596871;5;7;74;20;2022;7;11;6;3;5;3;0;0;1;1;0;0;0;0;469940,501999999978580;5734747,480999659746885;8,564434785000060;51,762809427000001
176863;5220718700000680914;5;5;13;0;2022;7;10;2;3;5;3;0;0;1;1;0;0;0;0;366753,355999874998815;5709222,483999500051141;7,079518255000040;51,518387286000099
176864;5220720607100884933;5;3;82;60;2022;7;13;4;2;5;3;0;0;1;1;0;0;0;0;376701,968511397019029;5629806,405799539759755;7,250057356000070;50,806856110000098
176867;5220713702100155355;5;5;15;0;2022;7;18;4;3;5;3;0;0;1;0;0;0;0;0;405183,704953912994824;5758317,120124179869890;7,619824755000020;51,967446573000103
176871;5220702505100076302;5;1;14;0;2022;7;16;7;3;1;5;0;0;1;1;0;0;0;0;332686,540894891018979;5688709,566397090442479;6,598615171000060;51,325039563000097
176872;5220708702100279141;5;5;15;0;2022;7;8;6;3;0;7;0;0;1;0;0;0;0;1;407430,957129115995485;5757176,980984330177307;7,652833861000030;51,957577188000101
176874;5220720516300987578;5;1;58;28;2022;7;8;4;3;1;5;0;0;1;1;0;0;0;0;350334,930999776988756;5685182,017999269999564;6,853193724000050;51,298259963000099
176876;5220715601100786469;5;3;15;0;2022;7;11;6;3;0;7;0;0;1;1;0;0;0;0;356839,934999816992786;5644765,574999379925430;6,962481132000050;50,936727224999998
176878;5220704503400578895;5;1;22;0;2022;7;20;2;3;0;6;0;0;1;0;0;1;0;0;362241,292259225971065;5667338,080208409577608;7,030722489000030;51,140905243000098
176881;5220706601300790916;5;3;15;0;2022;7;17;4;3;5;3;0;0;1;1;0;0;0;0;351614,280594861018471;5645376,093832880258560;6,887911684000070;50,940892742000102
176883;5220717601400892302;5;3;15;0;2022;7;6;1;3;4;6;0;0;1;1;0;0;0;0;356090,063027448020875;5648049,827444749884307;6,950517727000030;50,966055570999998
176884;5220718711314090829;5;5;70;8;2022;7;14;2;3;1;5;0;0;1;1;0;0;0;0;432839,713999997009523;5739028,894999659620225;8,026072710000051;51,798078518000104
176886;5220704406210164185;5;7;58;4;2022;7;15;2;3;3;2;0;0;1;1;0;0;0;0;470860,038947690976784;5781532,793847460299730;8,573786167000041;52,183493237999997
176889;5220705602600590186;5;3;62;20;2022;7;14;3;3;1;5;0;0;1;1;0;0;0;0;342495,257984651019797;5629590,103802800178528;6,765013169000040;50,796623705000101
176890;5220707706000791755;5;5;58;12;2022;7;10;5;3;6;7;0;1;1;0;1;0;0;0;373674,634656629990786;5756016,738872420042753;7,162237926000050;51,940507566000100
176891;5220713600310996227;5;3;14;0;2022;7;8;4;2;1;5;0;0;1;1;0;0;0;0;362688,795163746981416;5620440,426253530196846;7,054782347000070;50,719526008000102
176892;5220717505100818187;5;1;14;0;2022;7;16;1;3;0;1;0;0;1;0;0;0;0;0;330551,504999594006222;5688739,536998660303652;6,567987033000070;51,324676817000103
176893;5220721411132753240;5;7;74;32;2022;7;18;5;3;5;3;0;0;1;1;0;0;0;0;481422,326000000000931;5729865,740999650210142;8,731065716000050;51,719415153999996
176897;5220718601100679340;5;3;15;0;2022;7;19;2;3;0;3;0;0;1;1;0;0;0;0;356800,120654271973763;5645347,368528380058706;6,961686186000070;50,941945859000000
176902;5220716400300996186;5;7;11;0;2022;7;17;7;2;5;3;0;0;1;1;0;0;0;0;472420,063592103018891;5756281,945659969933331;8,598643772000059;51,956552443000099
176907;5220717608200886644;5;3;34;2;2022;7;0;1;2;0;1;2;0;1;0;0;0;0;0;298753,875993638008367;5622253,032417939975858;6,149066434000080;50,717190371000100
176908;5220718711111981965;5;5;70;52;2022;7;15;2;3;0;5;0;0;1;1;0;0;0;0;430861,248850814998150;5757098,552406139671803;7,993766463000040;51,960279319000101
176910;5220718608200180840;5;3;34;2;2022;7;15;2;3;7;7;0;0;1;0;0;0;0;0;297495,510485965001862;5628940,363815289922059;6,127587838000070;50,776816259000000
176914;5220713600110375846;5;3;14;0;2022;7;17;4;2;0;1;0;0;1;0;0;0;0;0;366506,877999869990163;5618998,535999479703605;7,109360887000040;50,707455869999997
176917;5220714307000575675;5;9;62;16;2022;7;17;5;3;1;5;0;0;1;1;0;0;0;0;413786,153743468981702;5695688,223409580066800;7,760484245000040;51,405857039000097
176921;5220720502200086935;5;1;13;0;2022;7;23;4;2;0;1;2;1;1;0;0;0;0;0;356366,487999817996752;5690804,199999379925430;6,937383510000070;51,350335514000101
176922;5220715513320481460;5;1;62;4;2022;7;17;6;2;3;7;0;0;1;1;0;0;0;0;340242,310999691020697;5664074,944999040104449;6,717939283000020;51,105870064999998
176923;5220722608100277534;5;3;34;2;2022;7;14;6;3;5;2;0;0;1;1;0;0;0;0;294161,312495047983248;5627687,679535729810596;6,081059943000070;50,764392117000099
176924;5220704602900680772;5;3;62;40;2022;7;11;2;2;5;2;0;0;1;1;0;0;0;0;357631,823999824002385;5632090,419999389909208;6,978680413000060;50,823010748999998
176926;5220712405108578110;5;7;54;8;2022;7;13;3;3;5;2;0;0;1;1;0;0;0;0;458607,996487415977754;5749815,576399119570851;8,398431815000039;51,897559450000102
176928;5220701506100391458;5;1;16;0;2022;7;23;6;3;0;1;2;0;1;0;0;0;0;0;320769,709467098989990;5674872,149795380420983;6,434688821000070;51,197107543000101
176931;5220719600330733855;5;3;82;48;2022;7;11;3;3;0;2;0;0;1;1;0;0;0;0;354631,207305015006568;5610544,038788549602032;6,944600370000050;50,628625495999998
176933;5220703709700068285;5;5;66;92;2022;7;17;1;2;0;7;0;0;1;0;0;0;0;0;419228,466179732989985;5794374,664451610296965;7,815649692000020;52,293780724999998
176934;5220709601100690339;5;3;15;0;2022;7;21;7;3;6;4;0;0;1;0;1;0;0;0;354888,789981256006286;5644980,220101280137897;6,934645231000050;50,938168522000097
176937;5220707709800696553;5;5;66;40;2022;7;6;5;3;0;1;0;1;1;0;0;0;0;0;421003,936999991012271;5781633,687999679706991;7,844655406000070;52,179513290999999
176938;5220713701200770599;5;5;62;20;2022;7;14;4;3;1;5;0;0;1;1;0;0;0;0;367382,951596959028393;5718993,727547709830105;7,084900823000050;51,606345842000103
176940;5220711608404889920;5;3;34;4;2022;7;18;2;2;5;3;0;0;1;1;0;0;0;0;302615,858406017010566;5637504,396244839765131;6,195516487000020;50,855503618000100
176942;5220703503200978203;5;1;24;0;2022;7;14;1;3;6;4;0;0;1;0;1;0;0;0;373895,703276235028170;5681648,936926670372486;7,192201009000030;51,272212927000098
176944;5220718505200476213;5;1;14;0;2022;7;13;2;3;1;5;0;0;1;1;0;0;0;0;330550,990106844983529;5691379,338628999888897;6,566723720000030;51,348392294000099
176946;5220704701300889516;5;5;62;14;2022;7;10;2;3;1;5;0;0;1;1;0;0;0;0;360652,733161930984352;5717604,301161569543183;6,988325839000030;51,592235231000103
176950;5220704601300986383;5;3;15;0;2022;7;9;2;3;5;6;0;0;1;0;0;0;0;0;351650,958999784023035;5646987,974999300204217;6,887776724000050;50,955387295000001
176953;5220702410230390740;5;7;70;4;2022;7;17;7;3;5;3;0;0;1;1;0;0;0;0;487995,982000000018161;5783528,165999679826200;8,824351100000060;52,202072031999997
176955;5220719505100118018;5;1;14;0;2022;7;17;3;3;0;1;0;0;1;0;0;0;0;0;330572,946409960975870;5689794,346262720413506;6,567792901000080;51,334159488000097
176958;5220710501212854299;5;1;12;0;2022;7;12;1;3;0;3;0;0;1;0;0;1;0;0;340539,431999696011189;5697556,902999030426145;6,707257523000070;51,406786340000103
176961;5220706313122894254;5;9;58;8;2022;7;17;4;3;7;1;0;0;1;0;0;0;0;0;460009,691572165000252;5691353,998221869580448;8,425481949000069;51,372030109000001
176963;5220708514215386191;5;1;66;28;2022;7;12;6;3;0;1;0;0;1;0;0;0;0;0;325146,890999529976398;5688745,808998369611800;6,490492767000030;51,323097574000002
176964;5220716701400481303;5;5;12;0;2022;7;19;7;3;5;3;0;0;1;1;0;0;0;0;357524,131999825011007;5708016,992999389767647;6,947073654000060;51,505302491000101
176967;5220720709110370516;5;5;66;8;2022;7;8;4;3;5;2;0;0;1;1;0;0;0;0;399882,700999970023986;5781429,269999659620225;7,535908132000030;52,174247387999998
176968;5220728608100285809;5;3;34;2;2022;7;18;5;3;1;1;0;0;1;1;0;0;0;0;293609,009889633976854;5630382,559833040460944;6,071726539000050;50,788398937000103
176969;5220805601500995661;5;3;15;0;2022;8;10;6;3;0;5;0;1;1;1;0;0;0;0;364776,090934897016268;5648858,515620060265064;7,073841272000040;50,975428078000000
176971;5220808608320685728;5;3;34;20;2022;8;14;2;2;0;1;0;0;1;0;0;0;0;0;304170,311186524981167;5604639,235572050325572;6,235006834000050;50,560823792000100
176972;5220723405224572262;5;7;54;24;2022;7;17;7;3;5;3;0;0;1;1;0;0;0;0;452988,588695154991001;5733200,577625730074942;8,319024383000061;51,747734987999998
176973;5220811316300089751;5;9;74;28;2022;8;11;5;3;5;3;0;0;1;1;0;0;0;0;454530,303000000014435;5725201,342999650165439;8,342398813000051;51,675942663999997
176978;5220727514217995988;5;1;66;36;2022;7;6;4;2;0;7;0;0;1;0;0;0;0;0;328272,130066247016657;5682472,019555759616196;6,538319442000050;51,267687602000102
176980;5220729411108137562;5;7;74;8;2022;7;18;6;3;5;3;0;0;1;1;0;0;0;0;486660,456000001984648;5736390,582999659702182;8,806643101000081;51,778230993000101
176981;5220810600110995398;5;3;14;0;2022;8;10;4;3;0;3;1;0;1;1;0;0;0;0;365850,836057602020446;5623599,966800609603524;7,098400873000060;50,748662375000002
176982;5220731400200995855;5;7;11;0;2022;7;15;1;3;5;3;0;0;1;1;0;0;0;0;468584,391708103008568;5765603,642509319819510;8,541972565000041;52,040157302000097
176984;5220802601500072509;5;3;15;0;2022;8;15;3;3;1;5;0;0;1;1;0;0;0;0;365221,512982464977540;5648721,952897819690406;7,080232767000040;50,974305141000102
176986;5220809313110080633;5;9;58;4;2022;8;17;3;3;5;3;0;0;1;1;0;0;0;0;427588,742046259983908;5700349,955381380394101;7,957935581000070;51,449698125000097
176987;5220724608404085787;5;3;34;4;2022;7;17;1;3;0;3;0;0;1;1;0;0;0;0;299566,238983386021573;5638600,475180690176785;6,151643302000020;50,864299486999997
176990;5220728601500995934;5;3;15;0;2022;7;18;5;2;0;1;0;0;1;0;0;0;0;0;360848,919235943001695;5648450,716454789973795;7,018093135000070;50,970827601000103
176993;5220801701800881554;5;5;62;4;2022;8;16;2;3;5;3;0;0;1;1;0;0;0;0;384214,741999937978107;5717185,266999600455165;7,328443200000040;51,593804659000099
176996;5220724313110066139;5;9;58;4;2022;7;20;1;3;0;1;0;0;1;0;0;0;0;0;434896,776415799977258;5694410,479593100026250;8,064180311000030;51,397185895000099
176997;5220811514210091565;5;1;66;12;2022;8;10;5;3;0;5;0;0;1;1;0;0;0;0;320191,501999469008297;5693324,721998039633036;6,417136604000060;51,362684539999997
176998;5220725601100772042;5;3;15;0;2022;7;13;2;3;1;5;0;0;1;1;0;0;0;0;356486,903573348012287;5645447,384814280085266;6,957191462000030;50,942766814999999
177000;5220810405108995403;5;7;54;8;2022;8;10;4;3;3;7;0;0;1;1;0;0;0;0;458127,005000000994187;5749815,133999669924378;8,391441831000069;51,897519535000100
177001;5220728314220069345;5;9;66;12;2022;7;19;5;3;0;6;0;0;1;0;0;0;0;1;429950,696104092989117;5669171,543677969835699;7,998044543000050;51,169681502000103
177004;5220810301202651890;5;9;13;0;2022;8;15;4;3;1;5;0;0;1;1;0;0;0;0;392919,003184431989212;5709749,000553079880774;7,456318044000060;51,528686650000097
177005;5220805600330591248;5;3;82;48;2022;8;9;6;3;0;2;0;0;1;1;0;0;0;0;354567,392047805013135;5610678,621929869987071;6,943645909000050;50,629819116000100
177008;5220808601400091026;5;3;15;0;2022;8;20;2;3;5;3;0;0;1;1;0;0;0;0;356091,606999812996946;5647651,467999369837344;6,950697274000050;50,962475981000097
177013;5220804513320991728;5;1;62;4;2022;8;7;5;3;5;3;0;0;1;1;0;0;0;0;346841,921999747981317;5662847,610999209806323;6,812657068000020;51,096642807000102
177016;5220726706300074662;5;5;58;24;2022;7;8;3;3;8;1;0;0;1;0;0;0;0;0;392629,339716168993618;5736585,815893590450287;7,443905053000040;51,769846206000103
177018;5220729518200994146;5;1;70;24;2022;7;16;6;3;5;2;0;0;1;1;0;0;0;0;335050,380999645974953;5702876,569998829625547;6,625929845000030;51,453009072999997
177019;5220810609108874408;5;3;58;8;2022;8;10;4;3;0;7;0;0;1;0;0;0;0;0;322050,087995567999315;5631663,794425739906728;6,474175615000040;50,809337839000101
177021;5220806411132995621;5;7;74;32;2022;8;9;7;2;0;7;0;0;1;0;0;0;0;0;482317,842999999993481;5728153,206999650225043;8,744116166000030;51,704046179999999
177022;5220802501112076178;5;1;12;0;2022;8;12;3;3;5;3;0;0;1;1;0;0;0;0;344581,098248887981754;5708008,790678059682250;6,760728687000040;51,501817873999997
177024;5220809310130685460;5;9;54;20;2022;8;10;3;3;0;1;0;0;1;0;0;0;0;0;390864,747999953979161;5698185,303999610245228;7,430288248000070;51,424354451000099
177025;5220724606100381261;5;3;78;4;2022;7;21;1;3;6;4;0;0;1;0;1;0;0;0;368552,208756380015984;5650495,763436029665172;7,127005730000060;50,991017517000003
177027;5220726609204996008;5;3;58;4;2022;7;7;3;3;0;7;0;1;1;0;1;0;0;0;308281,463725498993881;5641265,086385760456324;6,273944835000070;50,891189748000002
177029;5220728702100070631;5;5;15;0;2022;7;15;5;2;0;6;0;0;1;0;0;0;0;0;407395,573999979998916;5752999,052999660372734;7,653444043000040;51,920017719000001
177032;5220808600330537071;5;3;82;48;2022;8;15;2;3;5;3;0;0;1;1;0;0;0;0;355031,370840411982499;5609906,460166330449283;6,950503711000070;50,622995013000001
177039;5220724601300272514;5;3;15;0;2022;7;10;1;3;8;1;0;0;1;1;0;0;0;0;352493,004999789001886;5644828,915999320335686;6,900631766000060;50,936200966999998
177040;5220726702100251212;5;5;15;0;2022;7;14;3;3;3;2;0;1;1;1;0;0;0;0;406444,642999977979343;5758004,780999659560621;7,638258817000060;51,964852779000097
177044;5220730608312080844;5;3;34;12;2022;7;13;7;3;1;6;0;0;1;1;0;0;0;0;306334,077008571999613;5633128,145637099631131;6,250592599000070;50,817451364000100
177045;5220806505200481920;5;1;14;0;2022;8;17;7;3;1;5;0;0;1;1;0;0;0;0;332752,106804093986284;5690546,306840100325644;6,598692972000040;51,341560274000102
177046;5220807601100781781;5;3;15;0;2022;8;16;1;3;6;6;0;0;1;0;1;0;0;0;357225,625772411003709;5642983,292049519717693;6,968664788000070;50,920805551999997
177048;5220809516300078768;5;1;58;28;2022;8;15;3;3;0;1;0;0;1;0;0;0;0;0;349775,394606970017776;5684840,225315789692104;6,845317616000050;51,295041361000102
177049;5220809301101993641;5;9;13;0;2022;8;18;3;3;0;7;0;0;1;0;0;0;0;1;392955,277910940989386;5707565,723575830459595;7,457503985000070;51,509069283000002
177050;5220724405108955550;5;7;54;8;2022;7;13;1;3;8;1;0;0;1;0;0;0;0;1;459878,639874274027534;5747325,720870790071785;8,417187185000049;51,875266926999998
177052;5220725601200287596;5;3;15;0;2022;7;16;2;3;1;5;0;0;1;1;0;0;0;0;354145,288089400972240;5643850,666581129655242;6,924522477000040;50,927829990000099