OBJECTID;UIDENTSTLAE;ULAND;UREGBEZ;UKREIS;UGEMEINDE;UJAHR;UMONAT;USTUNDE;UWOCHENTAG;UKATEGORIE;UART;UTYP1;ULICHTVERH;IstStrassenzustand;IstRad;IstPKW;IstFuss;IstKrad;IstGkfz;IstSonstige;LINREFX;LINREFY;XGCSWGS84;YGCSWGS84
177055;5220803513110791167;5;1;62;16;2022;8;20;4;3;0;3;0;0;1;1;0;0;0;0;333682,439832644013222;5678408,409569700248539;6,617690132000060;51,232783218000101
177057;5220810301101182061;5;9;13;0;2022;8;15;4;3;5;3;0;0;1;1;0;0;0;0;393481,424112970998976;5706057,447954939678311;7,465538208000050;51,495611588000003
177059;5220807516100089277;5;1;58;32;2022;8;7;1;2;0;1;0;0;1;0;0;0;0;0;363647,035375075007323;5689493,565190070308745;7,042368930000070;51,340350833000102
177060;5220728316300076616;5;9;74;16;2022;7;9;5;3;0;3;0;0;1;1;0;0;0;0;454786,389999999024440;5718147,826999650336802;8,347013837000080;51,612545738999998
177062;5220723500200574139;5;1;11;0;2022;7;22;7;2;5;3;2;0;1;0;0;1;0;0;344640,587999731011223;5679042,747999150305986;6,774246507000040;51,241571543000099
177063;5220811310110985291;5;9;54;16;2022;8;21;5;3;0;1;2;0;1;0;0;0;0;0;373856,099917905987240;5694989,593514179810882;7,186909288000040;51,392103208000002
177064;5220731706000291755;5;5;58;12;2022;7;5;1;3;5;3;2;0;1;1;0;0;0;0;373162,980999902996700;5756160,501999559812248;7,154745606000060;51,941683081000100
177066;5220804500200060585;5;1;11;0;2022;8;7;5;3;5;7;0;0;1;1;0;0;0;0;344889,298685236019082;5680407,627101950347424;6,777215362000050;51,253903129999998
177067;5220804709500276365;5;5;66;76;2022;8;23;5;3;0;7;2;0;1;1;0;0;0;0;394293,562448395998217;5795164,763148140162230;7,449910080000050;52,296650159000102
177068;5220725514121994192;5;1;66;4;2022;7;15;2;3;5;2;0;0;1;1;0;0;0;0;303197,084999200014863;5680539,219996400177479;6,180374540000060;51,242223965000100
177070;5220808516500181919;5;1;58;16;2022;8;15;2;3;3;6;0;0;1;0;0;0;0;0;354911,573049750004429;5672061,602520279586315;6,924109981000070;51,181541934000101
177075;5220801701800381153;5;5;62;4;2022;8;5;2;3;3;6;2;1;1;1;0;0;0;0;385366,874842463992536;5717529,185450630262494;7,344956315000050;51,597131363000102
177076;5220803700000976318;5;5;13;0;2022;8;16;4;3;5;3;0;0;1;0;0;0;0;1;369392,520068323006853;5708418,402917480096221;7,117832120000060;51,511777519000098
177082;5220805513210995666;5;1;62;24;2022;8;8;6;3;0;1;0;1;1;0;0;0;0;0;341081,146999700984452;5672874,028999060392380;6,726028042000050;51,185164740000097
177083;5220807503200995566;5;1;24;0;2022;8;17;1;3;1;5;0;0;1;1;0;0;0;0;373367,271780684997793;5680723,721179890446365;7,184957322000060;51,263780300000100
177087;5220725600370996027;5;3;82;4;2022;7;7;2;3;0;1;0;0;1;0;0;0;0;0;360092,926041162980255;5619727,971082709729671;7,018301381000070;50,712503623000003
177088;5220801601100090442;5;3;15;0;2022;8;14;2;3;0;1;0;0;1;0;0;0;0;0;355469,948557901021559;5645675,170446510426700;6,942635377000040;50,944559846000097
177092;5220727518400344428;5;1;70;8;2022;7;11;4;3;5;3;0;0;1;1;0;0;0;0;344143,202999730012380;5715124,264999129809439;6,751275289000030;51,565628087999997
177094;5220807515111565318;5;1;54;44;2022;8;19;1;3;5;3;0;0;1;1;0;0;0;0;320827,489999491022900;5738059,166997989639640;6,403461317000050;51,764711292000101
177096;5220724307000280441;5;9;62;24;2022;7;14;1;2;0;1;0;0;1;0;0;0;0;0;402916,597843591007404;5691142,170177490450442;7,605499985000050;51,363234910000102
177098;5220725601400769802;5;3;15;0;2022;7;15;2;3;0;1;0;0;1;0;0;0;0;0;353046,987999793025665;5652501,174999319948256;6,905410449000040;51,005289458000000
177099;5220801601700778580;5;3;16;0;2022;8;16;2;3;0;3;0;0;1;1;0;0;0;0;360700,674999841023237;5654870,677999430336058;7,013519946000030;51,028488589000098
177100;5220803300400995728;5;9;11;0;2022;8;16;4;3;0;1;0;0;1;0;0;0;0;0;376940,086999916005880;5699473,805999560281634;7,229656678000030;51,433082625000097
177104;5220808609248995543;5;3;58;48;2022;8;10;2;3;5;3;0;0;1;1;0;0;0;0;320316,936999453988392;5641993,017998159863055;6,444531744000070;50,901598472000003
177108;5220802502214179531;5;1;13;0;2022;8;16;3;3;0;7;0;0;1;0;0;0;0;0;363530,620522440993227;5699091,790414130315185;7,037010615000040;51,426578648000003
177111;5220725515212591515;5;1;54;32;2022;7;12;2;3;5;3;0;0;1;1;0;0;0;0;309073,274999318993650;5718125,761996960267425;6,244222098000020;51,581805334000101
177112;5220727505200076401;5;1;14;0;2022;7;4;4;2;5;2;1;0;1;1;0;0;0;0;335383,620999646023847;5694299,856998859904706;6,634703688000060;51,376051336000003
177115;5220810505200042307;5;1;14;0;2022;8;17;4;3;5;2;0;0;1;1;0;0;0;0;329131,273999580007512;5689042,240998580120504;6,547477970000050;51,326971395999998
177116;5220731317240995851;5;9;78;40;2022;7;19;1;3;0;1;0;1;1;0;0;0;0;0;404365,324790467973799;5723935,244790299795568;7,617407082000060;51,658261173000000
177117;5220806405108995604;5;7;54;8;2022;8;17;7;3;4;6;0;0;1;0;0;1;0;0;457272,296775048016571;5750817,733479820191860;8,378896469000040;51,906468603000100
177118;5220802411236182118;5;7;74;36;2022;8;11;3;3;5;3;0;0;1;1;0;0;0;0;472855,206000000005588;5724890,789999649859965;8,607436162000059;51,674335047000099
177119;5220803606700995739;5;3;78;32;2022;8;7;4;3;5;3;0;0;1;1;0;0;0;0;374561,402999905985780;5666468,868999539874494;7,207045735000070;51,135924982000098
177120;5220809601300386383;5;3;15;0;2022;8;12;3;3;1;5;0;0;1;1;0;0;0;0;351748,835846484987997;5645778,603007500059903;6,889661706000030;50,944544495999999
177121;5220808709300974703;5;5;66;84;2022;8;11;2;3;0;7;0;0;1;1;0;0;0;0;386297,360648008994758;5778874,031665230169892;7,338180223000050;52,148651526000002
177125;5220730515212591268;5;1;54;64;2022;7;18;7;3;5;2;0;0;1;0;0;0;0;1;305243,514090173004661;5722932,163814470171928;6,186346831000040;51,623660180999998
177127;5220807502200175243;5;1;13;0;2022;8;16;1;3;0;1;0;0;1;0;0;0;0;0;364046,727210366982035;5696772,232981990091503;7,045319256000030;51,405857718000000
177128;5220808601500774347;5;3;15;0;2022;8;19;2;3;0;6;0;0;1;1;0;0;0;0;361896,175999847997446;5649573,190999439917505;7,032573223000040;50,981167597000102
177129;5220723502229685376;5;1;13;0;2022;7;11;7;3;8;7;0;0;1;0;0;1;0;1;361301,066999846021645;5694481,831999439746141;7,006763726000030;51,384610352000003
177130;5220811400300003902;5;7;11;0;2022;8;10;5;3;3;6;0;0;1;1;0;0;0;0;467372,335885068983771;5761691,834105299785733;8,524674855000059;52,004917732000102
177131;5220801503400995789;5;1;22;0;2022;8;20;2;3;0;1;0;0;1;0;0;0;0;0;359579,978351782017853;5669753,569437099620700;6,991761138000070;51,161966071999998
177133;5220729705000920728;5;5;54;20;2022;7;22;6;3;5;3;2;0;1;1;0;0;0;0;365562,035999873012770;5786575,832999509759247;7,032248588000070;52,213197516000001
177134;5220805301306066984;5;9;13;0;2022;8;14;6;3;0;3;0;0;1;1;0;0;0;0;397168,128083705028985;5711403,462216540239751;7,517067706000030;51,544347889999997
177135;5220727516300657801;5;1;58;28;2022;7;13;4;3;0;7;0;0;1;0;0;0;0;0;350514,780667119019199;5685157,929838309995830;6,855781648000060;51,298090763000097
177136;5220808411220044843;5;7;74;20;2022;8;19;2;3;5;3;0;0;1;1;0;0;0;0;470263,309999999997672;5735305,692999660037458;8,569064378000061;51,767845585000003
177138;5220810600140475867;5;3;14;0;2022;8;15;4;3;0;1;0;0;1;0;0;0;0;0;367770,908999876002781;5622589,340999489650130;7,125965505000070;50,740019314999998
177139;5220731709500769125;5;5;66;76;2022;7;0;1;2;8;1;2;0;1;0;0;0;0;0;393612,637094760022592;5793216,997087460011244;7,440543820000070;52,279013785000103
177140;5220806701700048703;5;5;62;16;2022;8;19;7;2;0;1;0;0;1;0;0;0;0;0;375308,612181867996696;5733785,680720149539411;7,194009894000030;51,741092003000098
177143;5220809400300995422;5;7;11;0;2022;8;16;3;3;0;5;0;0;1;1;0;0;0;0;466749,374826823011972;5762420,203072329983115;8,515529095000030;52,011429257000003
177145;5220726500200002247;5;1;11;0;2022;7;11;3;3;0;1;0;0;1;0;0;0;0;0;345838,688999739999417;5678508,046999179758132;6,791627509000020;51,237092034000099
177147;5220728518100091447;5;1;70;48;2022;7;18;5;3;0;7;0;0;1;0;0;0;0;0;336605,835458466026466;5728591,143235309980810;6,636340357000050;51,684479848000102
177148;5220810501124276178;5;1;12;0;2022;8;8;4;3;0;1;0;0;1;0;0;0;0;0;342546,651999716006685;5704047,510999090038240;6,733207149000070;51,465663897000098
177149;5220805701910438825;5;5;62;8;2022;8;17;6;3;3;6;0;0;1;1;0;0;0;0;385453,367376910988241;5723308,675400960259140;7,344314540000030;51,649093770000000
177150;5220808502146916019;5;1;13;0;2022;8;15;2;3;1;3;0;0;1;0;0;0;0;1;368173,327999881003052;5699534,779999510385096;7,103586929000070;51,431658738000102
177151;5220723314210889411;5;9;66;4;2022;7;15;7;3;5;3;0;0;1;1;0;0;0;0;423011,139458815974649;5664460,962524919770658;7,899810308000040;51,126438362000002
177152;5220810601300993592;5;3;15;0;2022;8;16;4;3;4;6;0;0;1;1;0;0;0;0;353110,570753259991761;5646675,275849149562418;6,908670267000050;50,952951079000101
177155;5220802606700857926;5;3;78;8;2022;8;9;3;2;6;4;0;0;1;0;1;0;0;0;367797,316064045997337;5661071,735066870227456;7,112395973000050;51,085896861999998
177156;5220804513310981453;5;1;62;8;2022;8;6;5;3;0;7;0;0;1;0;0;0;1;0;333141,326011769997422;5662476,824891109950840;6,617335661000030;51,089488822000099
177157;5220809405228995466;5;7;54;28;2022;8;9;3;3;0;1;0;0;1;0;0;0;0;0;449980,511115787026938;5745790,015507169999182;8,273638206000040;51,860660304000099
177160;5220808317110995493;5;9;78;36;2022;8;17;2;3;0;1;0;0;1;0;0;0;0;0;408255,953318569983821;5710771,188731320202351;7,677080772000070;51,540575822999998
177165;5220805709110742371;5;5;66;12;2022;8;11;6;3;5;3;0;1;1;1;0;0;0;0;404931,070082748017740;5773613,007050629705191;7,611896236000060;52,104886986000103
177166;5220801711214781052;5;5;70;4;2022;8;7;2;3;0;7;0;1;1;0;1;0;0;0;424091,805200000992045;5733269,395999659784138;7,900497331000050;51,745183628000099
177172;5220725709500379230;5;5;66;16;2022;7;18;2;3;3;1;0;0;1;0;0;0;0;0;403021,495635199011303;5794674,690338489599526;7,577993795000050;52,293855650000097
177173;5220802301301873341;5;9;78;24;2022;8;7;3;3;5;3;0;0;1;1;0;0;0;0;396332,142999964999035;5718853,921999629586935;7,502817140000050;51,611163691000101
177177;5220808601300385530;5;3;15;0;2022;8;18;2;3;0;3;0;0;1;0;0;0;0;0;353976,274506108020432;5647870,185839190147817;6,920507528000030;50,963909286000003
177178;5220723514115075581;5;1;66;24;2022;7;11;7;3;0;1;0;0;1;0;0;0;0;0;307724,201259271998424;5678383,286106520332396;6,246310861000040;51,224403589000097
177183;5220804605116542270;5;3;74;16;2022;8;10;5;3;0;1;0;0;1;0;0;0;0;0;380956,914999926986638;5666567,675999569706619;7,298382858000020;51,138178475000103
177187;5220810600380378213;5;3;14;0;2022;8;19;4;3;0;1;0;0;1;0;0;0;0;0;370914,759662881027907;5614823,427441219799221;7,173212893000030;50,670923760000100
177194;5220726503200577525;5;1;24;0;2022;7;19;3;3;4;6;0;0;1;1;0;0;0;0;378434,201413811009843;5682795,296307690441608;7,256840842000030;51,283502613000103
177195;5220808307000675736;5;9;62;32;2022;8;15;2;2;0;1;0;0;1;0;0;0;0;0;403383,221943007025402;5673987,031047079712152;7,616841482000040;51,209099622000103
177196;5220728514121995946;5;1;66;4;2022;7;14;5;3;0;1;0;0;1;0;0;0;0;0;303547,276391152990982;5680270,338363230228424;6,185532776000060;51,239929753000098
177198;5220730609224185853;5;3;58;24;2022;7;17;7;3;0;1;0;0;1;0;0;0;0;0;314094,500999361975119;5645837,266997680068016;6,354175865000060;50,934161875000001
177199;5220805705000995654;5;5;54;8;2022;8;12;6;3;0;3;0;0;1;1;0;0;0;0;335893,402999660000205;5744411,720998830161989;6,618575784000030;51,826397634000003
177202;5220803706000068251;5;5;58;24;2022;8;20;4;3;2;3;0;0;1;1;0;0;0;0;389474,374042504001409;5735965,897864690050483;7,398397193000050;51,763660505000097
177205;5220811506100456347;5;1;16;0;2022;8;13;5;3;3;2;0;0;1;1;0;0;0;0;320401,782228761003353;5674427,840171840041876;6,429650609000020;51,193000726999998
177206;5220725518200996013;5;1;70;24;2022;7;22;2;3;8;1;2;0;1;0;0;0;0;0;337120,209311667014845;5704358,636263670399785;6,655010647000040;51,466923518000002
177207;5220801317240995808;5;9;78;40;2022;8;8;2;3;0;3;0;0;1;1;0;0;0;0;405735,341805808013305;5724446,701108619570732;7,637069429000060;51,663090074000102
177208;5220727705000995977;5;5;54;12;2022;7;10;4;3;5;2;0;0;1;0;0;0;0;1;352857,465999799023848;5746097,438999320380390;6,863836767000070;51,846269117000098
177210;5220729711312087401;5;5;70;8;2022;7;12;6;3;0;3;0;0;1;1;0;0;0;0;433725,484166965994518;5731206,036279929801822;8,040408026000019;51,727856238000101
177211;5220805505100091543;5;1;14;0;2022;8;18;6;3;4;6;0;0;1;1;0;0;0;0;330246,976234433008358;5688719,212198389694095;6,563630197000070;51,324403425000099
177214;5220808602200290224;5;3;62;4;2022;8;18;2;3;3;6;0;0;1;1;0;0;0;0;329801,156457828998100;5651962,134151929989457;6,574625441000020;50,994039746000098
177216;5220810711111048067;5;5;70;52;2022;8;20;4;3;5;3;1;0;1;0;0;0;0;0;430613,706999998015817;5757654,329999670386314;7,990052096000060;51,965244710000000
177217;5220731500300972197;5;1;11;0;2022;7;13;1;3;0;1;0;0;1;0;0;0;0;0;351358,991999781981576;5669997,183999300003052;6,874171088000030;51,162078377999997
177218;5220802317250995760;5;9;78;32;2022;8;16;3;2;5;3;0;0;1;1;0;0;0;0;393075,367999960028101;5728171,482999630272388;7,452951459000080;51,694302845000003
177220;5220809518100785889;5;1;70;48;2022;8;15;3;3;3;6;0;0;1;1;0;0;0;0;335595,416127234988380;5725615,759811390191317;6,623137356000030;51,657454956000002
177221;5220724513110267135;5;1;62;16;2022;7;11;1;3;4;3;0;0;1;1;0;0;0;0;331026,098999597015791;5675991,660998689942062;6,580816211000070;51,210290515000104
177222;5220811600330995346;5;3;82;48;2022;8;7;5;3;3;6;0;0;1;1;0;0;0;0;354530,714536311978009;5610338,677104859612882;6,943261012000050;50,626754788000000
177224;5220801501324074520;5;1;12;0;2022;8;16;2;3;5;3;0;0;1;1;0;0;0;0;342783,298671593016479;5694207,935273139737546;6,740976035000070;51,377322667999998
177225;5220727602800880772;5;3;62;12;2022;7;18;4;3;0;1;0;0;1;0;0;0;0;0;352486,818879708996974;5631799,187061919830739;6,905800815000020;50,819105614000101
177226;5220805601300995664;5;3;15;0;2022;8;9;6;3;0;7;0;0;1;0;1;0;0;0;352931,304172861971892;5648037,681327209807932;6,905569217000050;50,965148691000103
177227;5220807313211673299;5;9;58;12;2022;8;11;1;3;7;7;0;0;1;0;0;0;0;0;468662,308549157984089;5693337,597649269737303;8,549609468000030;51,390409439000102
177228;5220727600360246577;5;3;82;12;2022;7;15;4;3;0;1;0;0;1;0;0;0;0;0;353334,344450886012055;5628026,783886889927089;6,919331174000040;50,785418800999999
177229;5220808705000995515;5;5;54;68;2022;8;17;2;3;5;7;0;0;1;1;0;0;0;0;348347,226186978979968;5765402,404974349774420;6,789901881000050;52,018505728999997
177230;5220723518100191993;5;1;70;48;2022;7;15;7;3;5;3;0;0;1;1;0;0;0;0;336010,081142887996975;5725644,816471990197897;6,629113168000060;51,657837119000099
177231;5220811500200873889;5;1;11;0;2022;8;12;5;3;3;6;0;0;1;0;0;0;0;0;347580,959955169993918;5678989,335974370129406;6,816361289000040;51,241884777000102
177232;5220731600110995854;5;3;14;0;2022;7;16;1;3;0;7;0;0;1;0;0;0;0;0;364757,305999860982411;5617084,742999459616840;7,085297440000030;50,689850450999998
177236;5220725500300674597;5;1;11;0;2022;7;18;2;3;9;1;0;0;1;0;0;0;0;0;343855,739931003015954;5676766,340950730256736;6,764003580000060;51,220903102000101
177238;5220809705000091108;5;5;54;56;2022;8;7;3;3;5;1;0;0;1;1;0;0;0;0;356225,979885199980345;5762016,188698089681566;6,906057840000070;51,990178161000102
177242;5220730709300987307;5;5;66;68;2022;7;20;7;3;0;1;0;0;1;0;0;0;0;0;376238,551129512023181;5785740,129148740321398;7,188736637000030;52,208189263000101
177244;5220802600380081180;5;3;14;0;2022;8;9;3;2;4;6;0;0;1;0;0;0;0;1;370814,000621811021119;5617135,268792009912431;7,170979930000040;50,691681185000000
177245;5220804405228082085;5;7;54;28;2022;8;13;5;3;5;3;0;0;1;1;0;0;0;0;451497,910194635973312;5745304,855598179623485;8,295739512000070;51,856432445000102
177246;5220809400100995468;5;7;11;0;2022;8;9;3;3;1;5;0;0;1;1;0;0;0;0;467935,165426472027320;5765169,237453930079937;8,532548172000080;52,036214569000002
177247;5220724601200690451;5;3;15;0;2022;7;0;1;3;0;1;2;0;1;0;0;0;0;0;354258,376999801024795;5643149,848999350331724;6,926410687000040;50,921560520000099
177250;5220729300500589254;5;9;11;0;2022;7;21;6;3;0;1;2;0;1;0;0;0;0;0;378618,622999920975417;5701196,083999579772353;7,253201432000030;51,448923925000003
177251;5220810410260376385;5;7;70;36;2022;8;18;4;1;4;6;0;0;1;0;0;0;0;1;466137,479000001971144;5792372,639999680221081;8,503628771000020;52,280676610999997
177256;5220724316100990591;5;9;74;48;2022;7;13;1;3;4;3;0;0;1;0;0;0;0;0;433642,684206317004282;5717264,004943439736962;8,041857148000080;51,602504634000098
177257;5220811300100189970;5;9;11;0;2022;8;8;5;3;1;5;0;0;1;1;0;0;0;0;375966,114399306010455;5705383,810280079953372;7,213579344000040;51,485985939999999
177262;5220730307000580390;5;9;62;12;2022;7;19;7;2;0;7;0;0;1;0;0;0;0;0;398862,059999970020726;5674068,178999610245228;7,552115655000020;51,209046305000101
177263;5220804705000995682;5;5;54;12;2022;8;19;5;3;6;7;0;0;1;0;1;0;0;0;352394,251961254980415;5745791,725023009814322;6,857247539000070;51,843400039000102
177264;5220727700000291718;5;5;13;0;2022;7;15;4;3;0;7;0;0;1;0;0;0;0;0;363579,545991213002708;5716975,713925110176206;7,030795677000070;51,587302880000003
177265;5220808607400536846;5;3;82;68;2022;8;19;2;3;8;1;0;0;1;0;0;0;0;0;368262,186639340012334;5629372,057198390364647;7,130495093000040;50,801094503000101
177266;5220723608100089866;5;3;34;2;2022;7;20;7;3;0;2;0;0;1;1;0;0;0;0;293884,359833207970951;5629029,751618660055101;6,076386154000030;50,776347155000103
177267;5220810601300995361;5;3;15;0;2022;8;17;4;3;5;3;0;0;1;1;0;0;0;0;350399,001999775005970;5649295,528999280184507;6,869015303000030;50,975800111000098
177268;5220731600360590745;5;3;82;12;2022;7;21;1;3;0;1;1;0;1;0;0;0;0;0;356231,626256653980818;5629066,327100530266762;6,959998557000060;50,795486987000103
177269;5220802518401791623;5;1;70;36;2022;8;21;3;3;1;5;1;0;1;1;0;0;0;0;352950,170726589974947;5729241,087795820087194;6,872318166000070;51,694837786000100
177272;5220725500300067523;5;1;11;0;2022;7;21;2;3;5;3;1;0;1;1;0;0;0;0;343454,068143279000651;5676227,949013739824295;6,758491380000070;51,215955505000103
177274;5220808516300478768;5;1;58;28;2022;8;14;2;3;0;5;0;0;1;1;0;0;0;0;350364,708701597992331;5685514,144831529818475;6,853481284000050;51,301252189000103
177277;5220806503400995290;5;1;22;0;2022;8;16;7;3;5;3;0;0;1;1;0;0;0;0;361670,212999848008621;5668830,408999440260231;7,021990640000070;51,154178969000000
177278;5220802315110535640;5;9;70;40;2022;8;5;3;3;6;7;0;0;1;0;1;0;0;0;432247,705829042999540;5639030,649067659862339;8,036531335000060;50,898956446000099
177279;5220803702100544344;5;5;15;0;2022;8;16;4;3;5;2;0;0;1;1;0;0;0;0;407447,235999979020562;5757311,139999659731984;7,653034554000040;51,958785791000103
177281;5220804502249681483;5;1;13;0;2022;8;16;5;3;1;1;0;0;1;1;0;0;0;0;356154,650344870984554;5691024,828779139555991;6,934254396000030;51,352264526000098
177283;5220725514211086016;5;1;66;12;2022;7;18;2;3;0;3;0;0;1;1;0;0;0;0;322532,703996123978868;5695511,203218650072813;6,449639112000060;51,383061949000101
177285;5220808516600578853;5;1;58;4;2022;8;14;2;3;5;3;0;0;1;1;0;0;0;0;356057,936999814002775;5674175,331999369896948;6,939653246000030;51,200826510000098
177287;5220810608436885719;5;3;34;36;2022;8;18;4;3;0;3;0;0;1;1;0;0;0;0;299096,909999091993086;5633498,221996069885790;6,147779921000050;50,818310308000001
177288;5220730610121969713;5;3;70;12;2022;7;15;7;3;3;5;0;0;1;1;0;0;0;0;297655,215293827990536;5649890,608667260035872;6,118261732000060;50,965033722999998
177291;5220803518300379055;5;1;70;20;2022;8;16;4;3;5;3;0;0;1;1;0;0;0;0;329723,761999588983599;5707108,570998590439558;6,547300709000070;51,489450707000103
177292;5220809406220995429;5;7;58;24;2022;8;18;3;2;5;3;0;0;1;1;0;0;0;0;480276,146342620020732;5783385,462314769625664;8,711400096000030;52,200566858000101
177293;5220725313110177869;5;9;58;4;2022;7;17;2;3;5;3;0;0;1;1;0;0;0;0;429049,531522192992270;5701314,535076630301774;7,978760559000020;51,458554989000000
177294;5220726608404677565;5;3;34;4;2022;7;20;3;3;0;7;0;0;1;0;0;0;0;0;299752,095206881000195;5639424,504486340098083;6,153830011000030;50,871764982000101
177295;5220807706300408328;5;5;58;24;2022;8;19;1;3;1;5;0;0;1;0;0;0;0;1;393677,173123038024642;5736068,668080420233309;7,459243370000020;51,765398044000101
177297;5220810514111086016;5;1;66;32;2022;8;15;4;3;2;7;0;0;1;1;0;0;0;0;313999,541999374981970;5680792,687997579574585;6,334826519000050;51,248124905000097
177300;5220807500200874713;5;1;11;0;2022;8;4;1;3;0;1;2;0;1;0;0;0;0;0;343724,433850413013715;5679739,683862919919193;6,760827761000030;51,247583460000001
177301;5220809705000995442;5;5;54;8;2022;8;15;3;2;0;1;0;0;1;0;0;0;0;0;334723,019549498974811;5743784,112791270017624;6,601907376000040;51,820414642999999
177304;5220725518100291567;5;1;70;48;2022;7;16;2;3;5;3;0;0;1;1;0;0;0;0;339882,686999693978578;5725824,409998989664018;6,684969341000060;51,660567076000099
177307;5220730500200264153;5;1;11;0;2022;7;20;7;3;0;7;0;0;1;0;0;0;0;0;341921,160999708983582;5689159,899999080225825;6,730841436000050;51,331727251000103
177309;5220727602300995974;5;3;62;36;2022;7;10;4;2;4;3;0;0;1;0;0;0;0;1;346226,712999741022941;5652043,659999200142920;6,808466101000020;50,999395714999999
177312;5220810600140090918;5;3;14;0;2022;8;19;4;3;0;1;0;0;1;0;0;0;0;0;367400,469378117006272;5622536,476439280435443;7,120737433000040;50,739459695999997
177316;5220809301205489241;5;9;13;0;2022;8;19;3;3;6;7;0;0;1;0;1;0;0;0;387066,246279267012142;5712827,759144299663603;7,370992324000040;51,555218371000102
177318;5220726505200995994;5;1;14;0;2022;7;17;3;3;0;1;0;0;1;0;0;0;0;0;329166,605833054985851;5691118,948015959933400;6,546988514000020;51,345638595000104
177319;5220807601400286477;5;3;15;0;2022;8;17;1;3;0;1;0;0;1;0;0;0;0;0;353844,073656446998939;5657798,690491810441017;6,914627521000060;51,053098634999998
177321;5220810518100995359;5;1;70;48;2022;8;19;4;3;5;2;0;0;1;1;0;0;0;0;336095,187357746006455;5725930,895241700112820;6,630208331000060;51,660432011000097
177324;5220801711311581007;5;5;70;8;2022;8;14;2;3;4;2;0;0;1;1;0;0;0;0;433438,131084255001042;5734859,160244859755039;8,035548948000040;51,760664061999996
177325;5220803601300276516;5;3;15;0;2022;8;14;4;3;5;2;0;0;1;1;0;0;0;0;354503,777999802026898;5646345,521999349817634;6,928623826000030;50,950341074999997
177326;5220809601100995469;5;3;15;0;2022;8;7;3;3;1;7;0;0;1;1;0;0;0;0;356640,711945028975606;5646045,429099299944937;6,959143925000030;50,948179629000002
177331;5220805608200075604;5;3;34;2;2022;8;1;6;3;0;7;2;1;1;0;0;0;0;0;294750,301646880980115;5630749,007465939968824;6,087692126000040;50,792095205000102
177335;5220810711216374480;5;5;70;4;2022;8;8;4;3;5;3;0;0;1;1;0;0;0;0;423101,739925761008635;5735261,940816890448332;7,885718718000020;51,762960867000103
177337;5220724711231091769;5;5;70;40;2022;7;17;1;2;0;1;0;0;1;0;0;0;0;0;419212,000367167987861;5745168,134753280319273;7,827058177000030;51,851463626000097
177338;5220726602800573730;5;3;62;12;2022;7;16;3;2;2;3;0;0;1;1;0;0;0;0;351846,868999783007894;5634262,557999310083687;6,895726682000030;50,841079811000000
177340;5220730513210995890;5;1;62;24;2022;7;10;7;3;1;1;0;0;1;1;0;0;0;0;342113,419907585019246;5667095,467841410078108;6,743322337000050;51,133528884999997
177342;5220807513310481446;5;1;62;8;2022;8;19;1;3;5;3;0;0;1;1;0;0;0;0;332258,653999608999584;5663198,424998760223389;6,604408148000060;51,095714587000003
177348;5220803404302376067;5;7;66;8;2022;8;19;4;3;5;3;0;0;1;1;0;0;0;0;483260,920000000973232;5769175,333999670110643;8,755772608000029;52,072907053999998
177349;5220729702100068134;5;5;15;0;2022;7;9;6;3;5;2;0;0;1;1;0;0;0;0;400888,894547805015463;5761669,825967139564455;7,556360527000040;51,996831965000098
177350;5220805301303780481;5;9;13;0;2022;8;7;6;3;0;1;0;1;1;0;0;0;0;0;397320,938999967009295;5705785,878999629989266;7,520907470000050;51,493880966000098
177351;5220727518100995964;5;1;70;48;2022;7;18;4;3;5;3;0;0;1;1;0;0;0;0;334767,718999648001045;5727583,781998800113797;6,610251643000030;51,674892290000102
177353;5220723601200996023;5;3;15;0;2022;7;14;7;3;4;2;0;0;1;1;0;0;0;0;355593,591999810014386;5642103,498999360017478;6,945809011000050;50,912492855000004
177354;5220810705000995373;5;5;54;8;2022;8;18;4;3;3;2;0;0;1;1;0;0;0;0;335026,135999651974998;5745003,977998790331185;6,605720062000050;51,831462704000003
177355;5220731513210286774;5;1;62;24;2022;7;14;1;3;0;1;0;0;1;0;0;0;0;0;342197,005057759990450;5669716,541491569951177;6,743367351000070;51,157103050000003
177357;5220802601700986475;5;3;16;0;2022;8;12;3;3;0;3;0;0;1;1;0;0;0;0;360955,728999843995553;5658249,125999430194497;7,015857726000040;51,058912587000101
177359;5220809513310993650;5;1;62;8;2022;8;17;3;3;5;3;0;0;1;0;0;0;0;0;332619,989742001984268;5663548,668276729993522;6,609401377000040;51,098966930000103
177364;5220810508000075285;5;1;19;0;2022;8;15;4;3;0;7;0;0;1;0;0;0;0;1;349029,394999768002890;5705728,220999250188470;6,825744693000050;51,482532011000004
177365;5220731300300789954;5;9;11;0;2022;7;17;1;3;0;1;0;1;1;0;0;0;0;0;381247,377062411978841;5704663,545839619822800;7,289848662000050;51,480646088000100
177367;5220802313110177869;5;9;58;4;2022;8;10;3;3;1;2;0;0;1;1;0;0;0;0;427216,138673129025847;5701073,053108789958060;7,952425646000050;51,456151213000098