OBJECTID;UIDENTSTLAE;ULAND;UREGBEZ;UKREIS;UGEMEINDE;UJAHR;UMONAT;USTUNDE;UWOCHENTAG;UKATEGORIE;UART;UTYP1;ULICHTVERH;IstStrassenzustand;IstRad;IstPKW;IstFuss;IstKrad;IstGkfz;IstSonstige;LINREFX;LINREFY;XGCSWGS84;YGCSWGS84
177368;5220803600130434810;5;3;82;8;2022;8;11;4;3;0;1;0;0;1;0;0;0;0;1;374878,082759178010747;5611003,375968320295215;7,230562879000050;50,637451712000001
177369;5220809515211622037;5;1;54;16;2022;8;14;3;3;0;3;0;0;1;1;0;0;0;0;303683,666999240987934;5729141,713996220380068;6,160356226000030;51,678882893000001
177370;5220724411132582092;5;7;74;32;2022;7;18;1;3;6;6;0;0;1;0;1;0;0;0;482811,420537273981608;5729576,563922240398824;8,751188596000080;51,716859374000101
177372;5220725711213790683;5;5;70;4;2022;7;11;2;3;0;1;0;0;1;0;0;0;0;0;424262,067698121012654;5734253,242084080353379;7,902748730000040;51,754051145000098
177373;5220801608416889755;5;3;34;16;2022;8;11;2;3;2;3;0;0;1;1;0;0;0;0;295474,532576158992015;5639171,503452319651842;6,093256181000070;50,867995274000101
177375;5220730515212995883;5;1;54;32;2022;7;15;7;3;2;6;0;0;1;0;0;0;0;0;306058,703496830014046;5714965,405069439671934;6,202509911000050;51,552393404999997
177378;5220808601200995510;5;3;15;0;2022;8;17;2;3;2;6;0;0;1;0;0;1;0;0;352519,623999789007939;5644078,844999319873750;6,901313857000050;50,929467213000102
177379;5220723500300100525;5;1;11;0;2022;7;11;7;3;0;7;0;0;1;0;1;0;0;0;349771,928999771014787;5674435,879999269731343;6,849634538000030;51,201549448999998
177385;5220727501125091535;5;1;12;0;2022;7;0;4;3;0;1;2;0;1;1;0;0;0;0;344341,457986894994974;5704146,953821330331266;6,758981091000070;51,467053858000000
177386;5220808405232995513;5;7;54;32;2022;8;16;2;3;8;1;0;0;1;0;0;0;0;0;460204,005846704007126;5739434,972216550260782;8,422821156000049;51,804346514000002
177387;5220729601100985201;5;3;15;0;2022;7;11;6;3;0;5;0;0;1;1;0;0;0;0;356807,792999817000236;5644868,979999380186200;6,961983346000070;50,937648535000100
177392;5220809410210940221;5;7;70;20;2022;8;18;3;3;0;7;0;0;1;0;0;0;0;0;472762,920427992998157;5794718,762199250049889;8,600554760000019;52,302137199000100
177393;5220724602700686331;5;3;62;28;2022;7;19;1;3;0;1;0;0;1;0;0;0;0;0;351099,218853123020381;5637914,534126159735024;6,883629671000050;50,873706697999999
177396;5220730300200590015;5;9;11;0;2022;7;18;7;3;3;2;0;0;1;1;0;0;0;0;369121,568790426012129;5703961,609675330109894;7,115582340000060;51,471662205000001
177399;5220808514214995528;5;1;66;8;2022;8;10;2;2;0;1;0;0;1;0;0;0;0;0;317548,387205437989905;5689183,126963799819350;6,381334241000050;51,324639674000103
177401;5220810608100073714;5;3;34;2;2022;8;5;4;2;8;7;2;0;1;1;0;0;0;0;293593,321618028974626;5627560,868881730362773;6,073087741000050;50,763051470999997
177402;5220731610111914461;5;3;70;16;2022;7;1;1;3;5;3;2;0;1;0;0;0;0;1;295841,215893027023412;5661510,013528400100768;6,085923865000040;51,068746101999999
177403;5220806605112290459;5;3;74;12;2022;8;14;7;3;5;2;0;0;1;1;0;0;0;0;399409,335984446981456;5649982,444143559783697;7,566660081000070;50,992623903999998
177405;5220804601200995679;5;3;15;0;2022;8;22;5;2;0;7;0;0;1;0;0;0;0;0;353775,792623226006981;5643153,471386150456965;6,919547930000020;50,921470977000098
177406;5220809702100545123;5;5;15;0;2022;8;6;3;3;5;3;0;0;1;0;0;0;0;0;405241,017540519009344;5750673,539856010116637;7,622764071000060;51,898752350000102
177410;5220808307000273444;5;9;62;52;2022;8;19;2;3;0;7;0;0;1;1;0;0;0;0;420978,292339836014435;5673007,507595170289278;7,868888430000030;51,202999165999998
177412;5220810410220590816;5;7;70;8;2022;8;16;4;3;5;3;0;0;1;1;0;0;0;0;474686,826000000990462;5803231,910999690182507;8,628127628000071;52,378764556000100
177413;5220730701500275471;5;5;62;24;2022;7;17;7;3;5;3;0;0;1;1;0;0;0;0;369480,135961953026708;5726108,541668830439448;7,112514697000050;51,670774102999999
177419;5220811501112978936;5;1;12;0;2022;8;11;5;3;5;3;0;0;1;0;0;0;0;0;344444,996091865003109;5708222,774927769787610;6,758674982000060;51,503703047999998
177423;5220803516200586708;5;1;58;12;2022;8;18;4;3;0;1;0;0;1;0;0;0;0;0;356659,222404901986010;5688208,118868280202150;6,942629366000060;51,327080598000101
177424;5220805600380995662;5;3;14;0;2022;8;11;6;3;0;1;0;0;1;1;0;0;0;0;369773,457647195027675;5616526,035002389922738;7,156470673000060;50,685973173000001
177426;5220728301302575317;5;9;13;0;2022;7;17;5;2;6;4;0;0;1;0;1;0;0;0;396734,327734553022310;5707041,338538539595902;7,512092892000060;51,505059062000001
177429;5220811400100496922;5;7;11;0;2022;8;16;5;3;3;6;0;0;1;0;0;0;0;0;468440,338176983001176;5766963,865046270191669;8,539746781000080;52,052378333000000
177430;5220731506100995850;5;1;16;0;2022;7;18;1;3;0;5;0;0;1;1;0;0;0;0;314389,140999379975256;5676169,998997629620135;6,342796511000070;51,206728689000002
177433;5220805500100591817;5;1;11;0;2022;8;11;6;3;5;3;0;1;1;0;0;0;1;0;345881,593999741016887;5675639,401999180205166;6,793475035000030;51,211327484999998
177435;5220727316100073345;5;9;74;40;2022;7;10;4;2;1;5;0;0;1;1;0;0;0;0;437581,078976298973430;5714185,301874349825084;8,099263962000069;51,575275947000101
177438;5220810600320291158;5;3;82;72;2022;8;20;4;3;4;6;0;0;1;1;0;0;0;0;364677,088686436007265;5611798,124655179679394;7,086095773000070;50,642315721999999
177439;5220730701920309483;5;5;62;28;2022;7;10;7;3;0;1;0;0;1;0;0;0;0;0;379682,521048051014077;5723682,642173640429974;7,260813046000070;51,651249428000000
177443;5220809404101721753;5;7;66;20;2022;8;17;3;3;5;3;0;0;1;1;0;0;0;0;490755,423894525971264;5754457,425739849917591;8,865516066000049;51,940755313000103
177446;5220726701200069387;5;5;62;20;2022;7;16;3;2;2;6;0;0;1;0;0;0;0;0;372423,833140732022002;5718134,128968830220401;7,157966688000040;51,599785342000096
177447;5220807706000995580;5;5;58;12;2022;8;11;1;3;0;1;0;0;1;0;0;0;0;0;373739,949823857983574;5756270,859329249709845;7,163094290000060;51,942806023999999
177450;5220730606100381286;5;3;78;4;2022;7;23;7;3;0;1;2;0;1;0;0;0;0;0;368247,692999880004209;5649875,288999499753118;7,122894200000080;50,985371260000100
177451;5220805601500995631;5;3;15;0;2022;8;17;6;3;4;6;0;0;1;0;0;0;0;1;362229,342904869001359;5649011,365189909934998;7,037529469000050;50,976198144000101
177458;5220803502408670171;5;1;17;0;2022;8;9;4;3;5;3;0;0;1;1;0;0;0;0;351982,562999791000038;5699695,563999310135841;6,870768384000030;51,429105667999998
177460;5220808301203573341;5;9;13;0;2022;8;17;2;3;5;3;0;0;1;1;0;0;0;0;394251,156920764013194;5712644,778069320134819;7,474644888000060;51,554966342000100
177461;5220728709300312303;5;5;66;84;2022;7;11;5;3;5;3;0;0;1;1;0;0;0;0;390196,023956640972756;5775644,848653250373900;7,396179270000060;52,120419030000100
177462;5220810410110372231;5;7;70;24;2022;8;8;4;3;4;2;0;0;1;1;0;0;0;0;492287,579000000027008;5792268,619999689981341;8,886948253000069;52,280730461000097
177463;5220730515110085927;5;1;54;4;2022;7;10;7;2;5;3;0;0;1;1;0;0;0;0;306117,590999284991995;5738348,651996510103345;6,190392291000020;51,762411943000103
177465;5220806518210995593;5;1;70;28;2022;8;18;7;3;5;2;0;0;1;0;0;0;0;0;329391,544999585021287;5702198,425998579710722;6,544889933000040;51,445240249999998
177466;5220807601200886600;5;3;15;0;2022;8;15;1;3;4;6;0;0;1;0;0;0;0;0;352802,606999790994450;5644125,568999320268631;6,905319036000040;50,929959384000000
177468;5220809518120089303;5;1;70;44;2022;8;10;3;3;5;3;0;1;1;1;0;0;0;0;335207,775999647972640;5719884,504998830147088;6,620235624000030;51,605853267000001
177469;5220724405228996034;5;7;54;28;2022;7;18;1;1;0;7;0;0;1;0;0;0;0;0;451807,231037808000110;5743846,225862800143659;8,300433906000020;51,843345407000101
177473;5220727706000165766;5;5;58;32;2022;7;10;4;3;5;2;0;0;1;1;0;0;0;0;386949,281999945989810;5754388,527999619953334;7,355799551000080;51,928729836999999
177474;5220802608100948593;5;3;34;2;2022;8;17;3;2;0;1;0;0;1;0;0;0;0;0;294038,248369476990774;5629323,621664740145206;6,078401354000050;50,779041104999997
177475;5220729610222486143;5;3;70;36;2022;7;7;6;3;0;2;0;1;1;0;0;0;0;1;302256,944999173982069;5665257,039996350184083;6,175327620000080;51,104645628000100
177476;5220810301303080556;5;9;13;0;2022;8;12;4;2;0;3;0;0;1;0;0;0;1;0;400630,137974883022252;5705610,118946249596775;7,568609726000030;51,492892428000097
177477;5220805503200995635;5;1;24;0;2022;8;18;6;3;5;3;0;0;1;1;0;0;0;0;373113,024999902001582;5681420,340999539941549;7,181067925000040;51,269984667000102
177478;5220807516400067172;5;1;58;24;2022;8;14;1;3;0;1;0;0;1;0;0;0;0;0;359256,026999833993614;5683608,178999410010874;6,981691028000060;51,286392084000099
177481;5220810711142076143;5;5;70;44;2022;8;11;4;3;4;6;0;0;1;1;0;0;0;0;416573,032973735011183;5760122,134699489921331;7,785129481000070;51,985497932999998
177489;5220729513320995609;5;1;62;4;2022;7;10;6;3;0;1;0;1;1;0;0;0;0;0;343929,222969970025588;5660678,443924429826438;6,772029471000050;51,076366292000003
177490;5220810600110995367;5;3;14;0;2022;8;18;4;3;0;1;0;0;1;0;0;0;0;0;364175,328616662998684;5622986,352727389894426;7,074890593000020;50,742757729000097
177496;5220724706000996050;5;5;58;36;2022;7;13;1;3;0;3;0;0;1;1;0;0;0;0;388595,808999949018471;5729732,090999620035291;7,387667081000070;51,707458203000002
177498;5220726605144032564;5;3;74;44;2022;7;16;3;3;5;3;0;0;1;1;0;0;0;0;402509,639460297999904;5636877,826755399815738;7,614328865000060;50,875347441000002
177499;5220807607400831816;5;3;82;68;2022;8;19;1;3;9;1;0;0;1;0;0;0;0;0;369980,029987659014296;5629024,271727840416133;7,154982737000070;50,798356571000099
177501;5220730501115487464;5;1;12;0;2022;7;20;7;3;9;1;0;0;1;0;0;0;0;0;345208,553868795977905;5707008,738773640245199;6,770200367000030;51,493004671000101
177502;5220805515111995651;5;1;54;8;2022;8;15;6;3;4;2;0;0;1;1;0;0;0;0;309973,402369703981094;5746479,620697230100632;6,241742040000080;51,836756539000099
177503;5220807513320991725;5;1;62;4;2022;8;17;1;3;1;5;0;0;1;1;0;0;0;0;348698,014105618000031;5662763,126110790297389;6,839180127000020;51,096376374000002
177505;5220724300800842126;5;9;54;36;2022;7;19;1;2;5;3;0;0;1;1;0;0;0;0;383501,269999935990199;5699782,748999590054154;7,323899766000070;51,437246521000098
177506;5220811307000991056;5;9;62;24;2022;8;13;5;3;5;3;0;0;1;1;0;0;0;0;406593,335999979986809;5692320,671999629586935;7,657986861000040;51,374445588000100
177507;5220725609108669683;5;3;58;8;2022;7;14;2;3;0;2;0;0;1;0;0;0;0;0;323975,719468599010725;5631889,247876870445907;6,501372041000020;50,811951649000001
177508;5220801515110591541;5;1;54;36;2022;8;12;2;3;0;6;0;0;1;1;0;0;0;0;303164,250199334986974;5741913,485062940046191;6,145630564000040;51,793394524000099
177509;5220803500300845578;5;1;11;0;2022;8;10;4;3;5;2;0;0;1;1;0;0;0;0;348998,774249344016425;5675272,243924059905112;6,838224073000050;51,208860999000102
177511;5220804702100968375;5;5;15;0;2022;8;9;5;3;6;2;0;0;1;0;1;0;0;0;402358,535999974003062;5757921,008999659679830;7,578826833000050;51,963397149999999
177514;5220723405108476255;5;7;54;8;2022;7;12;7;3;5;3;0;0;1;1;0;0;0;0;457175,162000000011176;5751053,322999670170248;8,377455293000031;51,908579228000100
177515;5220810601600995368;5;3;15;0;2022;8;13;4;3;0;5;0;0;1;1;0;0;0;0;364053,201683506020345;5639504,987095650285482;7,067039594000050;50,891193305999998
177517;5220802602800995756;5;3;62;12;2022;8;18;3;2;4;2;0;0;1;1;0;0;0;0;351778,427366801013704;5634482,018716430291533;6,894666492000060;50,843034504999999
177518;5220804601600995684;5;3;15;0;2022;8;16;5;3;0;6;0;0;1;0;0;1;0;0;362660,382999852008652;5640237,292999450117350;7,046972676000050;50,897445361000102
177520;5220724706000305114;5;5;58;20;2022;7;14;1;3;0;1;0;0;1;0;0;0;0;0;390986,929999955988023;5759395,148999639786780;7,412909885000030;51,974532646000100
177521;5220726518310491519;5;1;70;32;2022;7;16;3;3;5;3;0;0;1;1;0;0;0;0;333596,479999633971602;5713641,155998759903014;6,599946592000040;51,549291074000102
177524;5220809705000995479;5;5;54;8;2022;8;8;3;3;5;3;0;0;1;1;0;0;0;0;336589,196999668027274;5745935,624998860061169;6,627943857000050;51,840291557999997
177525;5220808607400379338;5;3;82;44;2022;8;9;2;3;0;3;0;0;1;1;0;0;0;0;364041,799351025023498;5626608,768915359862149;7,071661164000030;50,775283955000099
177527;5220810518300995399;5;1;70;20;2022;8;11;4;3;5;3;0;0;1;1;0;0;0;0;329644,494305496977177;5708103,088036520406604;6,545680027000060;51,498361060000001
177528;5220731500300481079;5;1;11;0;2022;7;12;1;3;5;3;0;0;1;1;0;0;0;0;344726,685468391980976;5675219,134703500196338;6,777135312000040;51,207238384000000
177531;5220809410240995464;5;7;70;40;2022;8;9;3;2;5;3;0;0;1;1;0;0;0;0;474043,922015003976412;5809318,408997380174696;8,618210941000029;52,433452914000000
177534;5220808505200995511;5;1;14;0;2022;8;18;2;3;0;7;0;0;1;1;0;0;0;0;330501,535999595012981;5689934,709998649545014;6,566701969000060;51,335399215999999
177535;5220729503100779609;5;1;24;0;2022;7;13;6;3;4;5;0;0;1;1;0;0;0;0;369813,343587259005290;5678809,608476289547980;7,134743451000080;51,245776919999997
177540;5220809602100485726;5;3;62;8;2022;8;13;3;3;5;3;0;0;1;0;0;0;0;1;337426,142999662028160;5645243,530998960137367;6,686188531000030;50,935876153000002
177541;5220808709700070260;5;5;66;28;2022;8;17;2;3;0;3;0;1;1;1;0;0;0;0;411104,789999982982408;5794191,535999679937959;7,696612720000080;52,290880372000103
177543;5220811601300995335;5;3;15;0;2022;8;8;5;3;0;3;0;0;1;1;0;0;0;0;351918,308455500984564;5646005,427941209636629;6,891980158000020;50,946626410000100
177544;5220726513210994189;5;1;62;24;2022;7;16;3;3;0;2;0;0;1;1;0;0;0;0;337686,145999667001888;5672802,148998949676752;6,677523738000050;51,183565026000103
177548;5220805513120291356;5;1;62;20;2022;8;14;6;3;5;3;0;0;1;1;0;0;0;0;325926,480999535007868;5674072,481998439878225;6,508809093000020;51,191517791000102
177549;5220807505100085965;5;1;14;0;2022;8;18;1;3;4;6;0;0;1;1;0;0;0;0;329359,506999582983553;5689011,785998599603772;6,550765223000040;51,326766312000103
177550;5220808601200995505;5;3;15;0;2022;8;18;2;3;2;2;0;0;1;1;0;0;0;0;354159,255643429001793;5642785,765799899585545;6,925146972000050;50,918263561000103
177552;5220811411132081975;5;7;74;32;2022;8;14;5;3;5;3;0;0;1;1;0;0;0;0;483905,976000001013745;5732020,852999660186470;8,766919568000050;51,738869195000099
177554;5220801505200085920;5;1;14;0;2022;8;17;2;3;1;6;0;0;1;1;0;0;0;0;327027,562728649005294;5693933,348145930096507;6,514936118000040;51,370274827000102
177555;5220802701120089553;5;5;62;32;2022;8;13;3;3;4;5;0;0;1;1;0;0;0;0;376072,177999912993982;5714103,681999569758773;7,212038542000070;51,564377421000103
177556;5220730411224437562;5;7;74;24;2022;7;18;7;3;5;3;0;0;1;1;0;0;0;0;474345,056000000971835;5744153,595999670214951;8,627559363000049;51,847599591000098
177557;5220804701400249493;5;5;12;0;2022;8;10;5;3;4;2;0;0;1;1;0;0;0;0;355717,610999812022783;5710249,999999370425940;6,920147916000080;51,524909485000101
177558;5220727518100795900;5;1;70;48;2022;7;17;4;3;5;3;0;0;1;1;0;0;0;0;335473,810999653011095;5725547,611998829990625;6,621412961000030;51,656807155000102
177559;5220808405140287128;5;7;54;40;2022;8;18;2;3;0;1;0;0;1;0;0;0;0;0;459708,219000000972301;5761975,984999669715762;8,412995059000020;52,006968983000000
177561;5220810705000391247;5;5;54;8;2022;8;13;4;3;5;3;0;0;1;1;0;0;0;0;334633,810999648005236;5743835,229998780414462;6,600589819000050;51,820847457000099
177562;5220731317250775398;5;9;78;32;2022;7;14;1;3;0;1;0;0;1;0;0;0;0;0;395159,241236030997243;5727571,088132929988205;7,483271083000030;51,689299418000097
177565;5220804405232061510;5;7;54;32;2022;8;12;5;3;5;2;0;0;1;0;0;0;0;0;458221,995407601003535;5733983,444522400386631;8,394733061000069;51,755188353000101
177566;5220809502400079601;5;1;17;0;2022;8;17;3;3;0;7;0;0;1;1;0;0;0;0;351766,664359032991342;5697066,580076030455530;6,868764323000050;51,405426169000101
177568;5220726513210375925;5;1;62;24;2022;7;15;3;3;3;6;0;0;1;1;0;0;0;0;338164,290999673015904;5675718,536998970434070;6,683044682000060;51,209903865999998
177569;5220807601300758575;5;3;15;0;2022;8;23;1;3;7;1;2;0;1;0;0;0;0;0;351837,567999784019776;5644661,459999309852719;6,891378193000040;50,934528104000002
177570;5220728601200793444;5;3;15;0;2022;7;18;5;3;0;1;0;0;1;0;0;0;0;0;355280,956722473027185;5641985,273707199841738;6,941411705000060;50,911352080000000
177571;5220810505100585884;5;1;14;0;2022;8;15;4;3;4;2;0;0;1;1;0;0;0;0;330512,712999593990389;5688804,072998650372028;6,567400118000020;51,325245043999999
177574;5220806300300843598;5;9;11;0;2022;8;11;7;2;5;3;0;0;1;1;0;0;0;0;379000,109999921987765;5706913,576999579556286;7,256730515000070;51,500392143000099
177575;5220801705000995816;5;5;54;8;2022;8;0;2;3;3;6;2;0;1;0;0;0;0;0;331836,521369301015511;5748716,587505009956658;6,557668394000070;51,863862159000099
177576;5220804313110995688;5;9;58;4;2022;8;18;5;3;5;3;0;0;1;0;0;0;0;0;429953,812999995017890;5697368,115999639965594;7,992555303000070;51,423187628000100
177581;5220728315260735102;5;9;70;32;2022;7;17;5;3;0;1;0;0;1;0;0;0;0;0;434302,331699947011657;5641234,196102529764175;8,065348118000029;50,919006961000001
177583;5220807600120055309;5;3;82;24;2022;8;4;1;3;0;1;2;0;1;0;0;0;0;0;382432,329901352990419;5616458,927742860279977;7,335610167000030;50,688065834000000
177584;5220727601100690219;5;3;15;0;2022;7;9;4;3;5;3;0;0;1;1;0;0;0;0;355934,304999811982270;5644371,285999369807541;6,949756464000070;50,932958282000101
177585;5220808400100995542;5;7;11;0;2022;8;8;2;3;5;2;0;0;1;1;0;0;0;0;467574,612058944010641;5766462,264360249973834;8,527169446000070;52,047818672000098
177588;5220731301103173256;5;9;13;0;2022;7;18;1;3;0;1;0;1;1;0;0;0;0;0;390996,280999953974970;5705561,394999610260129;7,429905789000030;51,490679160000099
177590;5220801702100799922;5;5;15;0;2022;8;11;2;3;5;3;0;1;1;1;0;0;0;0;408221,226999979990069;5757038,935999659821391;7,664368221000070;51,956467358000097
177593;5220808709700070261;5;5;66;28;2022;8;19;2;3;0;1;0;0;1;0;0;0;0;0;411439,330999985977542;5792691,927999679930508;7,701910430000050;52,277455600000103
177594;5220724407243590678;5;7;62;24;2022;7;19;1;3;5;3;0;0;1;1;0;0;0;0;512692,528999999980442;5740255,166999660432339;9,184119915000050;51,812993392000102
177595;5220725702100576712;5;5;15;0;2022;7;11;2;3;0;5;0;0;1;1;0;0;0;0;405978,029172125970945;5757776,285703210160136;7,631531685000030;51,962720238000003
177596;5220802317130118826;5;9;78;12;2022;8;17;3;3;0;7;0;0;1;1;0;0;0;0;415204,891441991028842;5703134,140099680051208;7,779093165000060;51,473008110000102
177597;5220728601300893341;5;3;15;0;2022;7;9;5;3;0;1;0;0;1;0;0;0;0;0;354184,252906630979851;5646579,630256899632514;6,923984293000050;50,952364185000100
177598;5220730518400065301;5;1;70;8;2022;7;13;7;2;0;1;0;0;1;0;0;0;0;0;344229,757999732973985;5714855,482999130152166;6,752642195000020;51,563237075000103
177600;5220807500200569173;5;1;11;0;2022;8;19;1;3;5;2;0;0;1;1;0;0;0;0;341744,979108455998357;5680989,462601640261710;6,731936431000070;51,258267021000101
177601;5220808606700995535;5;3;78;16;2022;8;9;2;3;0;1;0;0;1;0;0;0;0;0;367659,455189053027425;5664386,088152360171080;7,109213622000030;51,115652642999997
177602;5220723301101080687;5;9;13;0;2022;7;14;7;3;6;4;0;0;1;0;1;0;0;0;392399,705062496999744;5707937,234992260113358;7,449388037000060;51,512303057000103
177603;5220811400200995327;5;7;11;0;2022;8;12;5;2;0;6;0;0;1;1;0;0;0;0;468249,678132191009354;5762684,701681629754603;8,537363620000059;52,013895134999999
177604;5220801315110790151;5;9;70;40;2022;8;11;2;2;5;3;0;0;1;0;0;0;0;1;429546,189413061016239;5640504,326810609549284;7,997836229000030;50,911883355000001
177605;5220803500100995735;5;1;11;0;2022;8;10;4;3;3;6;0;0;1;0;0;0;1;0;340477,191501414985396;5678091,866056369617581;6,715073381000020;51,231878933000097
177606;5220730315130074372;5;9;70;8;2022;7;12;7;3;5;3;0;0;1;1;0;0;0;0;438329,755999997025356;5623362,322999609634280;8,125645463000071;50,758753022000100
177607;5220804607400671632;5;3;82;44;2022;8;8;5;3;5;3;0;0;1;0;0;0;0;0;361629,559999845980201;5630666,096999430097640;7,035940669000070;50,811178853000101
177608;5220727301101907096;5;9;13;0;2022;7;15;4;3;6;7;0;0;1;0;1;0;0;0;393706,578691855014767;5708233,157366120256484;7,468124680000070;51,515210341000099
177610;5220729410110774524;5;7;70;24;2022;7;5;6;3;1;5;1;0;1;1;1;0;0;0;493523,802000001014676;5793217,822999689728022;8,905051034000049;52,289280236000103
177611;5220810701300789528;5;5;62;14;2022;8;15;4;3;5;3;0;0;1;1;0;0;0;0;362390,498565340007190;5712572,780248849652708;7,015367107000030;51,547448030000098
177614;5220802516300581364;5;1;58;28;2022;8;12;3;3;5;3;0;0;1;1;0;0;0;0;348723,103403699991759;5684898,469459599815309;6,830211421000060;51,295286125000104
177615;5220804405108995699;5;7;54;8;2022;8;16;5;3;5;3;0;0;1;1;0;0;0;0;457723,163000000000466;5752174,168999670073390;8,385283497000049;51,918698139000099
177616;5220809314110075710;5;9;66;24;2022;8;17;3;3;5;3;0;0;1;1;0;0;0;0;419156,272856089984998;5653060,623735710047185;7,847284661000060;51,023411803000002
177619;5220808313240213651;5;9;58;40;2022;8;12;2;3;8;1;0;0;1;0;0;0;0;0;448665,374000000010710;5663712,442999630235136;8,266481980000041;51,122582096000002
177620;5220728516600686676;5;1;58;4;2022;7;19;5;3;0;7;0;0;1;0;0;0;0;0;357256,228999821993057;5675038,266999389976263;6,956450249000060;51,208881899000097
177622;5220730609224994124;5;3;58;24;2022;7;21;7;2;0;1;1;0;1;0;0;0;0;0;314848,660999373998493;5644032,276997749693692;6,365813484000060;50,918190050000099
177623;5220805706000995650;5;5;58;16;2022;8;13;6;2;5;3;0;0;1;1;0;0;0;0;386700,354999943985604;5746890,483999620191753;7,354644570000060;51,861291279000099
177625;5220804301304573589;5;9;13;0;2022;8;11;5;3;4;6;0;0;1;1;0;0;0;0;400137,716673767019529;5708145,956157930195332;7,560800938000060;51,515600007000003
177626;5220809610111077553;5;3;70;16;2022;8;7;3;3;5;3;0;0;1;1;0;0;0;0;296457,190933528996538;5660954,587816890329123;6,095016425000040;51,063976645000103
177627;5220724500300291764;5;1;11;0;2022;7;12;1;3;1;1;0;0;1;1;0;0;0;0;344736,769414270005655;5676252,199154620058835;6,776832399000060;51,216523622000103
177629;5220725518310996011;5;1;70;32;2022;7;23;2;3;0;7;2;0;1;0;0;0;0;0;334307,443126943020616;5712694,159065170213580;6,610637154000070;51,540992619000100
177635;5220805503400970546;5;1;22;0;2022;8;6;6;3;0;7;1;1;1;0;0;0;0;0;360515,848449276993051;5670832,513688660226762;7,004718414000020;51,171891259000098
177636;5220807508000176901;5;1;19;0;2022;8;17;1;3;5;3;0;0;1;1;0;0;0;0;352921,052999796986114;5704464,807999320328236;6,882276043000050;51,472204836000103
177637;5220727601600774402;5;3;15;0;2022;7;12;4;3;5;2;0;0;1;1;0;0;0;0;359133,298925375973340;5645000,120445270091295;6,995009105000070;50,939399876000003
177642;5220802518300991405;5;1;70;20;2022;8;16;3;3;0;3;0;0;1;1;0;0;0;0;330157,560999594978057;5708478,865998609922826;6,552883649000020;51,501891243000003
177643;5220804506100995704;5;1;16;0;2022;8;12;5;3;0;1;0;0;1;0;0;0;0;0;318649,819999440980610;5672416,266997979953885;6,405619819000040;51,174377562000103
177644;5220805410120995638;5;7;70;32;2022;8;17;6;3;2;6;0;0;1;1;0;0;0;0;493951,971919429022819;5790021,442788110114634;8,911385846000030;52,260547976000097
177646;5220726705000995995;5;5;54;68;2022;7;14;3;3;5;6;0;0;1;0;0;0;0;0;350383,927999784995336;5767533,016999259591103;6,818628530000070;52,038200875000001
177650;5220809705000381549;5;5;54;20;2022;8;16;3;3;0;6;0;0;1;1;0;0;0;0;364665,314999867987353;5786498,836999489925802;7,019162652000030;52,212286183000103
177652;5220723406110076279;5;7;58;12;2022;7;21;7;3;0;2;1;0;1;1;0;0;0;0;477345,383000001020264;5774327,876999679952860;8,669122235000030;52,119021402000001
177653;5220811500300467195;5;1;11;0;2022;8;17;5;3;5;3;0;0;1;1;0;0;0;0;348408,118999761005398;5674428,344999239780009;6,830131079000070;51,201121489999998
177654;5220731405228072229;5;7;54;28;2022;7;5;1;3;7;1;0;0;1;1;0;0;0;0;452939,640998471004423;5743374,912287729792297;8,316934821000070;51,839204634000097
177655;5220803502101775908;5;1;13;0;2022;8;9;4;3;0;7;0;0;1;0;0;0;0;0;362100,321999850973953;5702252,430999450385571;7,015219051000030;51,454635279999998
177656;5220729700000580912;5;5;13;0;2022;7;16;6;3;4;7;0;0;1;0;0;0;0;0;365148,344764068024233;5710513,750030630268157;7,055905237000050;51,529610385000097
177662;5220730701920989510;5;5;62;28;2022;7;13;7;2;0;1;0;0;1;0;0;0;0;0;378725,117999922018498;5724153,042999579571187;7,246817609000060;51,655271339000102
177663;5220806711111802754;5;5;70;52;2022;8;11;7;2;5;3;0;0;1;0;0;0;0;0;430647,631908582989126;5755830,022184800356627;7,990914086000030;51,948849094000103
177664;5220802601100186469;5;3;15;0;2022;8;7;3;3;0;2;0;0;1;0;0;0;1;0;356172,125999814015813;5645425,582999370060861;6,952722487000070;50,942492448000102
177666;5220809400300066201;5;7;11;0;2022;8;1;3;1;5;3;2;0;1;1;0;0;0;0;465465,652957172016613;5759933,740862119942904;8,497076259000041;51,988996041000100
177667;5220724607300590909;5;3;82;52;2022;7;10;1;3;0;3;0;0;1;1;0;0;0;0;385948,371999931987375;5630311,746892030350864;7,381074344000070;50,813292965000102
177669;5220807702100074121;5;5;15;0;2022;8;17;1;3;3;6;0;0;1;0;0;1;0;0;402351,350999974994920;5754447,556999649852514;7,579709016000040;51,932175557000100
177670;5220728503400291344;5;1;22;0;2022;7;17;5;3;6;7;0;0;1;0;1;0;0;0;364968,907999864022713;5673317,444999479688704;7,067444750000050;51,195292381000101
177671;5220810506100995408;5;1;16;0;2022;8;9;4;3;3;2;0;0;1;1;0;0;0;0;321834,152999483980238;5676600,559998190030456;6,449049797000040;51,212967186000100
177672;5220730606400995861;5;3;78;28;2022;7;16;7;3;6;2;0;0;1;0;1;0;0;0;373144,765049253008328;5643017,994430970400572;7,195016014000030;50,924837211000103