OBJECTID;UIDENTSTLAE;ULAND;UREGBEZ;UKREIS;UGEMEINDE;UJAHR;UMONAT;USTUNDE;UWOCHENTAG;UKATEGORIE;UART;UTYP1;ULICHTVERH;IstStrassenzustand;IstRad;IstPKW;IstFuss;IstKrad;IstGkfz;IstSonstige;LINREFX;LINREFY;XGCSWGS84;YGCSWGS84
177676;5220808709110995538;5;5;66;8;2022;8;11;2;3;0;7;0;0;1;0;0;0;0;0;398701,211015955021139;5781784,115899140015244;7,518530551000030;52,177220987000098
177677;5220723610212132769;5;3;70;40;2022;7;17;7;3;0;1;0;0;1;0;0;0;0;0;310018,074293656973168;5671193,410596120171249;6,282926221000030;51,160591603000100
177680;5220801701400081435;5;5;12;0;2022;8;9;2;3;5;3;0;0;1;1;0;0;0;0;354203,227999805007130;5710045,356999349780381;6,898418263000050;51,522681722000101
177681;5220727601300786634;5;3;15;0;2022;7;22;4;3;5;2;2;0;1;1;0;0;0;0;351922,727999785973225;5648858,546999310143292;6,890882094000060;50,972267008000102
177682;5220803505000576313;5;1;14;0;2022;8;11;4;3;1;5;0;0;1;1;0;0;0;0;331542,723949893028475;5688947,784549700096250;6,582101447000070;51,326842120000002
177683;5220729601100995904;5;3;15;0;2022;7;20;6;3;0;7;0;0;1;1;0;0;0;0;355652,240999809990171;5644793,057999369688332;6,945578017000060;50,936678145000002
177686;5220807503300086877;5;1;20;0;2022;8;18;1;3;1;2;0;0;1;1;0;0;0;0;379543,813382658001501;5673024,877424569800496;7,276030543000050;51,195921364000100
177687;5220727601300374413;5;3;15;0;2022;7;9;4;3;5;2;0;0;1;1;0;0;0;0;353922,640999799012206;5645837,430999339558184;6,920560025000040;50,945628054000103
177689;5220810602700995392;5;3;62;28;2022;8;14;4;3;6;7;0;0;1;0;1;0;0;0;346161,627421469020192;5638019,466400399804115;6,813459827000030;50,873356540000003
177691;5220802514114438251;5;1;66;24;2022;8;14;3;3;0;2;0;0;1;1;0;0;0;0;309598,256047674978618;5677182,069955959916115;6,273755319000030;51,214242403000100
177692;5220804317230995700;5;9;78;8;2022;8;15;5;3;4;2;0;0;1;1;0;0;0;0;413265,865687065001111;5716423,967241779901087;7,747907801000050;51,592183518000098
177694;5220725502249577651;5;1;13;0;2022;7;15;2;2;0;7;0;0;1;0;0;0;0;0;356955,152320705994498;5693666,949443549849093;6,944679424000070;51,376209095000000
177695;5220727313231779442;5;9;58;48;2022;7;15;4;3;5;2;0;0;1;1;0;0;0;0;466324,563000001013279;5671186,349999629892409;8,518101650000061;51,191097441000103
177697;5220729307000090973;5;9;62;28;2022;7;21;6;2;0;7;2;0;1;0;0;0;0;0;402919,001999974017963;5665152,562999620102346;7,612583288000050;51,129602607999999
177699;5220805709500516765;5;5;66;76;2022;8;13;6;3;5;3;0;0;1;1;0;0;0;0;393592,552999960025772;5795712,033999660052359;7,439461612000060;52,301433236999998
177703;5220724602500575613;5;3;62;24;2022;7;13;1;3;0;1;0;0;1;0;0;0;0;0;344405,558999727014452;5645318,204999160021544;6,785409172000070;50,938472451000102
177705;5220726605108678600;5;3;74;8;2022;7;14;3;3;0;1;0;0;1;0;0;0;0;0;392413,943603454972617;5652101,299365970306098;7,466390085000060;51,010405664000103
177706;5220728700000020590;5;5;13;0;2022;7;13;5;3;5;2;0;0;1;1;0;0;0;0;368923,237999885983299;5714160,011999519541860;7,108935436000020;51,563267385000103
177708;5220805601400065952;5;3;15;0;2022;8;18;6;3;4;6;0;0;1;0;0;0;0;1;357857,380999823973980;5648306,945999399758875;6,975569466000020;50,968805062000101
177709;5220807500300079164;5;1;11;0;2022;8;16;1;2;0;1;0;0;1;0;0;0;0;0;344278,507999728026334;5674608,817999140359461;6,770989321000060;51,201632453000101
177710;5220805709500995653;5;5;66;76;2022;8;13;6;3;6;4;0;0;1;0;1;0;0;0;393141,156999959028326;5792952,607999660074711;7,433719312000050;52,276546226000100
177711;5220802301301973341;5;9;78;24;2022;8;8;3;3;0;6;0;0;1;0;0;0;0;0;397544,556919462978840;5719470,396335310302675;7,520140407000040;51,616926852000098
177712;5220803607300534409;5;3;82;76;2022;8;15;4;3;1;5;0;0;1;1;0;0;0;0;402252,079999972018413;5627365,913999600335956;7,613205954000020;50,789790715000002
177713;5220809407220995458;5;7;62;32;2022;8;12;3;2;0;1;0;0;1;0;0;0;0;0;505951,806047543010209;5746470,990113729611039;9,086445035000050;51,868993487000097
177714;5220725313211389266;5;9;58;12;2022;7;11;2;3;2;3;0;0;1;1;0;0;0;0;471096,004752504988573;5694328,079557639546692;8,584505256000060;51,399444709000100
177716;5220726500100002262;5;1;11;0;2022;7;17;3;3;0;1;0;0;1;0;0;0;0;0;345860,183461147011258;5676804,373016219586134;6,792668004000060;51,221789539000000
177717;5220807706000025215;5;5;58;44;2022;8;1;1;1;9;1;2;0;1;0;0;0;0;0;399855,498916397977155;5740304,102018980309367;7,547521078000050;51,804607003000100
177718;5220728607500490632;5;3;82;56;2022;7;14;5;3;5;2;0;0;1;0;0;0;0;1;371646,422313740011305;5628270,228335799649358;7,178879926000040;50,791950516000000
177722;5220807514210995579;5;1;66;12;2022;8;12;1;3;5;3;0;0;1;1;0;0;0;0;321015,920026161009446;5693758,683952320367098;6,428747709000050;51,366843113000101
177723;5220809607100071650;5;3;82;60;2022;8;12;3;3;5;3;0;0;1;1;0;0;0;0;375774,547999911010265;5630259,575999540276825;7,236747926000020;50,810731318000101
177725;5220811411132995330;5;7;74;32;2022;8;11;5;3;8;1;0;0;1;0;1;0;0;0;482480,207000000984408;5729427,331999650225043;8,746401706000031;51,715507334000101
177727;5220801515110017807;5;1;54;36;2022;8;11;2;3;5;2;0;0;1;1;0;0;0;0;302649,752999233023729;5741614,547996009700000;6,138349765000040;51,790528801000100
177728;5220802609204995776;5;3;58;4;2022;8;11;3;3;1;5;0;0;1;1;0;0;0;0;309434,142870191019028;5641675,403867829591036;6,290101159000070;50,895256861000099
177729;5220729601300376828;5;3;15;0;2022;7;6;6;3;5;3;0;0;1;0;0;0;0;0;347088,109609414008446;5647898,596358249895275;6,822476773000060;50,962377628000098
177730;5220810300100591671;5;9;11;0;2022;8;9;4;3;5;2;0;0;1;1;0;0;0;0;375282,846999910019804;5706144,061999560333788;7,203475049000080;51,492668294000097
177732;5220727602400315037;5;3;62;32;2022;7;18;4;2;8;7;0;0;1;1;0;0;0;0;342508,398195192974526;5635870,020224460400641;6,762502563000060;50,853058079000000
177734;5220723301302977614;5;9;13;0;2022;7;11;7;3;0;3;0;0;1;1;0;0;0;0;396508,357999966014177;5707824,756999620236456;7,508608242000040;51,512059610999998
177735;5220810518300085918;5;1;70;20;2022;8;14;4;3;5;3;0;0;1;0;0;0;0;0;329971,076173826993909;5708628,095840459689498;6,550127461000050;51,503175786000000
177737;5220810313130995396;5;9;58;44;2022;8;13;4;3;0;1;0;0;1;0;0;0;0;0;427031,179999993008096;5683806,564999629743397;7,953310766000070;51,300894624000101
177738;5220802506100391508;5;1;16;0;2022;8;10;3;2;9;1;0;0;1;0;0;0;0;0;324046,149999513989314;5677609,100998319685459;6,480192915000030;51,222713166000098
177739;5220804600110390959;5;3;14;0;2022;8;21;5;3;0;2;2;0;1;0;0;1;0;0;365143,661999863979872;5622833,112999469973147;7,088663167000050;50,741606134000101
177741;5220725505200285879;5;1;14;0;2022;7;8;2;3;5;3;0;0;1;1;0;0;0;0;326595,156999550992623;5694772,714998439885676;6,508320582000070;51,377683343000101
177742;5220727316300560730;5;9;74;28;2022;7;20;4;3;0;1;0;0;1;0;0;0;0;0;453884,425999998988118;5729811,705999660305679;8,332448948000041;51,717340923000101
177746;5220730702100076765;5;5;15;0;2022;7;23;7;2;7;1;2;0;1;0;0;0;0;0;406421,969999978027772;5756871,130999660119414;7,638237737000050;51,954659174000000
177747;5220806404301995614;5;7;66;48;2022;8;13;7;3;5;3;0;0;1;1;0;0;0;0;479216,117907261999790;5760667,268746740184724;8,697275806000050;51,996275868000097
177748;5220802300600273302;5;9;16;0;2022;8;15;3;3;5;3;0;0;1;1;0;0;0;0;377298,105999918014277;5711538,608999569900334;7,230611310000030;51,541592278000103
177750;5220809600110286337;5;3;14;0;2022;8;12;3;3;2;6;0;0;1;0;0;0;0;0;363794,264129169983789;5625833,563288469798863;7,068439484000070;50,768258529999997
177752;5220811600110478227;5;3;14;0;2022;8;8;5;3;1;5;0;0;1;1;0;0;0;0;366007,566602598002646;5621481,868074559606612;7,101391440000040;50,729661184000101
177753;5220725601300996014;5;3;15;0;2022;7;17;2;2;2;6;0;0;1;1;0;0;0;0;354235,921367953007575;5646534,723832629621029;6,924737374000070;50,951973695000000
177755;5220809711221002814;5;5;70;16;2022;8;14;3;3;0;5;0;0;1;1;0;0;0;0;413280,826703605009243;5739234,658213700167835;7,742452746000030;51,797237279000100
177756;5220805608200080709;5;3;34;2;2022;8;7;6;3;5;3;0;1;1;1;0;0;0;0;296505,976353008009028;5629140,305796509608626;6,113460186000050;50,778265721000103
177758;5220808601100390877;5;3;15;0;2022;8;17;2;3;5;2;0;0;1;1;0;0;0;0;355821,218999810982496;5645285,764999370090663;6,947786360000070;50,941148286000001
177759;5220723600380996066;5;3;14;0;2022;7;19;7;3;1;7;0;0;1;1;0;0;0;0;368333,895706778974272;5618186,451610390096903;7,135511478000070;50,700573350000099
177760;5220810709110874676;5;5;66;8;2022;8;9;4;3;0;3;0;0;1;1;0;0;0;0;399560,497075275983661;5781324,829759120009840;7,531228893000050;52,173250149000097
177761;5220801411132875040;5;7;74;32;2022;8;8;2;3;5;3;0;0;1;1;0;0;0;0;484425,547000000020489;5730614,413999649696052;8,774507088000060;51,726238162000101
177762;5220802705000780992;5;5;54;20;2022;8;16;3;3;0;3;0;0;1;1;0;0;0;0;366917,786069558002055;5787679,657457269728184;7,051645916000040;52,223444946000001
177763;5220730407311087109;5;7;62;36;2022;7;20;7;3;0;1;0;0;1;0;0;0;0;0;508318,038626498018857;5707914,870628160424531;9,119892977000060;51,522289469000000
177767;5220729317210995902;5;9;78;20;2022;7;17;6;3;3;5;0;0;1;1;0;0;0;0;407040,696850494015962;5716794,114135409705341;7,657968976000060;51,594517996000000
177771;5220808608100380780;5;3;34;2;2022;8;19;2;2;0;1;0;0;1;0;0;0;0;0;291326,974251163017470;5627933,755831729620695;6,040784292000070;50,765589849999998
177774;5220725602700996029;5;3;62;28;2022;7;9;2;3;0;1;0;0;1;0;0;0;0;0;352536,902808942017145;5640166,529228439554572;6,903140586000060;50,894313197000002
177776;5220802607400971632;5;3;82;68;2022;8;16;3;3;0;7;0;0;1;0;1;0;0;0;367146,036908434005454;5630683,900048590265214;7,114190037000070;50,812630415999998
177778;5220804602500680843;5;3;62;24;2022;8;20;5;3;0;7;0;0;1;0;0;0;0;0;342583,165223733987659;5640737,366329370066524;6,761468655000040;50,896815579000098
177780;5220808405108887126;5;7;54;8;2022;8;17;2;3;5;3;0;0;1;1;0;0;0;0;457233,609000000986271;5749204,556999660097063;8,378534276000041;51,891962235999998
177782;5220810518210591633;5;1;70;28;2022;8;7;4;2;0;3;0;0;1;1;0;0;0;0;330992,889999601989985;5701358,287998659536242;6,568312470000020;51,438172785000098
177786;5220804601600490167;5;3;15;0;2022;8;13;5;3;5;3;0;0;1;1;0;0;0;0;359142,867995909997262;5645042,355378109961748;6,995128885000040;50,939781782000097
177787;5220809514215995417;5;1;66;28;2022;8;20;3;3;0;1;0;0;1;0;0;0;0;0;324842,962747452023905;5689143,623375239782035;6,485939758000030;51,326577774999997
177788;5220724607100469545;5;3;82;60;2022;7;0;1;3;0;1;2;0;1;0;0;0;0;0;377932,232201525010169;5628803,984898050315678;7,267842927000060;50,798106195999999
177791;5220729501112573983;5;1;12;0;2022;7;17;6;3;7;7;0;0;1;0;0;0;0;0;342275,627999713993631;5707769,469999079592526;6,727646418000060;51,499029053000100
177794;5220810310110085322;5;9;54;16;2022;8;16;4;3;5;2;0;0;1;0;0;0;0;1;375035,477052735979669;5696431,707668379880488;7,203343853000040;51,405325120000001
177796;5220802405244806707;5;7;54;44;2022;8;16;3;3;0;3;0;0;1;1;0;0;0;0;464339,367000001017004;5747339,096999670378864;8,481980391000040;51,875690281000097
177800;5220811506100591563;5;1;16;0;2022;8;15;5;3;4;2;0;0;1;1;0;0;0;0;319206,116999446996488;5675023,522998009808362;6,412257364000030;51,197974774000002
177801;5220726400300090811;5;7;11;0;2022;7;12;3;3;0;3;0;1;1;1;0;0;0;0;466614,945057720993645;5761981,403407639823854;8,513613266000050;52,007476105000102
177802;5220802313211995772;5;9;58;12;2022;8;13;3;2;0;7;0;0;1;0;0;0;0;0;470052,619479510001838;5693859,200871310196817;8,569546618000061;51,395174594000103
177804;5220730513320686898;5;1;62;4;2022;7;23;7;3;4;7;0;0;1;1;0;0;0;0;349334,531797909003217;5665920,239932600408792;6,846945251000020;51,124913723000098
177805;5220809709800402638;5;5;66;88;2022;8;17;3;3;4;1;0;0;1;1;0;0;0;0;419257,792165890976321;5788116,978103220462799;7,817577024000060;52,237536992999999
177806;5220805516300657801;5;1;58;28;2022;8;11;6;3;4;7;0;0;1;1;0;0;0;0;348140,430469561018981;5686175,657380170188844;6,821317041000040;51,306607234000097
177808;5220808601500995150;5;3;15;0;2022;8;16;2;3;5;3;0;0;1;0;0;0;0;0;361964,948999847983941;5647369,159999440424144;7,034388929000040;50,961375921000098
177810;5220810709700576770;5;5;66;28;2022;8;17;4;3;5;3;0;0;1;1;0;0;0;0;409345,758999983023386;5792486,739999679848552;7,671287632000030;52,275270085999999
177814;5220804602500995693;5;3;62;24;2022;8;16;5;2;0;1;0;0;1;0;0;0;0;0;345059,322335574019235;5641957,666451909579337;6,796134693000060;50,908450829000103
177815;5220727516100078721;5;1;58;32;2022;7;9;4;3;0;7;0;0;1;1;0;0;0;0;364417,796363389992621;5688578,006774799898267;7,053776493000040;51,332307257000103
177816;5220808501126995524;5;1;12;0;2022;8;15;2;3;5;3;0;0;1;1;0;0;0;0;344837,078154923976399;5704141,394572700373828;6,766113144000030;51,467140008999998
177817;5220729406120667813;5;7;58;16;2022;7;5;6;3;0;7;1;0;1;0;0;0;0;1;475622,476000001013745;5777359,679999680258334;8,643741794000050;52,146205782999999
177821;5220802601100995779;5;3;15;0;2022;8;11;3;3;6;4;0;0;1;0;1;0;0;0;355406,144999807991553;5644980,988999360240996;6,942003305000070;50,938305389000000
177822;5220804600380686271;5;3;14;0;2022;8;18;5;2;5;2;0;0;1;1;0;0;0;0;369380,365750505006872;5616053,974136469885707;7,151075825000020;50,681642028000098
177827;5220728601100994161;5;3;15;0;2022;7;16;5;3;6;4;0;0;1;0;1;0;0;0;356619,909008790971711;5645342,015023849904537;6,959124891000040;50,941852961000102
177828;5220810502214380936;5;1;13;0;2022;8;16;4;3;0;7;0;0;1;0;0;0;0;0;364851,780468787997961;5699511,622350379824638;7,055842329000030;51,430668134000001
177829;5220730601300995878;5;3;15;0;2022;7;16;7;3;4;2;0;0;1;1;0;0;0;0;353034,179413138015661;5646542,041255200281739;6,907637210000080;50,951734283000100
177830;5220806518400089420;5;1;70;8;2022;8;17;7;3;4;6;0;0;1;1;0;0;0;0;343307,822999724012334;5714444,107999100349844;6,739535538000040;51,559285645000003
177832;5220803608324175541;5;3;34;24;2022;8;12;4;2;0;1;0;0;1;0;0;0;0;0;302796,196690751006827;5613196,184200529940426;6,211087356000060;50,637224380000099
177833;5220809601300981879;5;3;15;0;2022;8;12;3;3;0;2;0;0;1;1;0;0;0;0;354297,103352360019926;5646886,026771740056574;6,925467213000050;50,955146209000098
177834;5220724400100996035;5;7;11;0;2022;7;21;1;3;9;1;0;0;1;0;0;0;0;0;468588,747219345998019;5766583,514252009801567;8,541946011000050;52,048967185999999
177836;5220725700000491718;5;5;13;0;2022;7;15;2;3;1;3;0;0;1;1;0;0;0;0;367645,836999878985807;5714520,260999510064721;7,090381481000070;51,566206475000101
177840;5220809502101478856;5;1;13;0;2022;8;9;3;3;0;1;0;0;1;1;0;0;0;0;362196,479251122975256;5702037,906589359976351;7,016685715000050;51,452730889000101
177843;5220807601100081816;5;3;15;0;2022;8;19;1;2;0;1;0;0;1;0;0;0;0;0;355799,083999812020920;5643794,917999370023608;6,948061419000060;50,927744766000004
177846;5220730709110779238;5;5;66;80;2022;7;15;7;2;5;2;0;0;1;1;0;0;0;0;406731,279999979014974;5780819,714999670162797;7,636195851000020;52,169968810999997
177848;5220802301205771296;5;9;13;0;2022;8;10;3;3;0;5;0;0;1;1;0;0;0;1;388016,455299168999773;5714683,569641499780118;7,384101415000030;51,572087920999998
177849;5220803610122589832;5;3;70;28;2022;8;19;4;2;9;1;0;0;1;0;0;0;0;0;297564,790401893027592;5646577,494555749930441;6,118817385000060;50,935246251000102
177853;5220725601500181718;5;3;15;0;2022;7;18;2;3;0;4;0;0;1;0;1;0;0;0;360449,517663672973868;5647702,904307999648154;7,012695075000070;50,964010282000103
177854;5220801405108582022;5;7;54;8;2022;8;15;2;3;5;2;0;1;1;1;0;0;0;0;457822,062162327987608;5751247,021036090329289;8,386834979000071;51,910370047000100
177855;5220728301103076688;5;9;13;0;2022;7;18;5;3;0;5;0;0;1;1;0;0;0;0;389334,122012644016650;5701901,231029549613595;7,407120337000040;51,457457668000103
177860;5220808705000821180;5;5;54;4;2022;8;13;2;3;5;2;0;0;1;0;0;0;0;0;360896,464355033007450;5770771,057159029878676;6,970472861000080;52,070032359999999
177862;5220811317220218740;5;9;78;4;2022;8;21;5;3;5;2;1;0;1;1;0;0;0;0;405853,876999977976084;5719458,810999640263617;7,640124774000070;51,618273933000097
177864;5220802610121280765;5;3;70;12;2022;8;10;3;3;5;3;0;0;1;1;0;0;0;0;296718,542999060009606;5651236,025995619595051;6,104188166000030;50,976787296000097
177868;5220727514113585264;5;1;66;32;2022;7;19;4;3;5;7;0;0;1;1;0;0;0;0;317792,132999430992641;5684216,680997890420258;6,387364443000020;51,280105869000103
177869;5220808518100995540;5;1;70;48;2022;8;9;2;3;2;1;0;0;1;0;0;0;0;0;335270,690999650978483;5726501,300998819991946;6,618029716000020;51,665315330000098
177870;5220729316200819157;5;9;74;52;2022;7;13;6;3;3;6;0;0;1;0;0;0;0;1;424113,334912968974095;5712069,151985120028257;7,905409466000040;51,554599582000002
177871;5220810607400736846;5;3;82;44;2022;8;9;4;3;0;1;0;0;1;0;0;0;0;0;363782,460478927008808;5631491,214531799778342;7,066174335000030;50,819105020999999
177872;5220730701930486653;5;5;62;36;2022;7;17;7;2;0;1;0;0;1;0;0;0;0;0;389149,883584622992203;5721825,245019949972630;7,398192015000060;51,636501688000102
177873;5220806601300093592;5;3;15;0;2022;8;2;7;3;0;5;2;0;1;1;0;0;0;0;354814,901320554025006;5646933,314779680222273;6,932815671000070;50,955701851000100
177876;5220809410210995435;5;7;70;20;2022;8;16;3;3;5;3;0;0;1;1;0;0;0;0;473598,770342302974313;5795061,048448709771037;8,612785761000049;52,305255268000103
177877;5220724514215025991;5;1;66;28;2022;7;12;1;3;0;7;0;0;1;0;0;0;0;0;325703,325001109973527;5688523,333938119933009;6,498579356000050;51,321269745000102
177878;5220811505200171915;5;1;14;0;2022;8;17;5;3;0;1;0;0;1;0;0;0;0;0;336184,522999654989690;5691779,006998879835010;6,647362399000030;51,353634786999997
177879;5220726500300545578;5;1;11;0;2022;7;16;3;3;5;2;0;0;1;1;0;0;0;0;347828,227309120993596;5675993,467940400354564;6,821173170000070;51,215031009000000
177881;5220728701110070161;5;5;62;32;2022;7;16;5;3;3;2;0;0;1;1;0;0;0;0;374429,688042340974789;5718608,713919529691339;7,186742952000030;51,604501239999998
177883;5220730607500014879;5;3;82;56;2022;7;15;7;3;0;1;0;0;1;0;0;0;0;0;369896,449999886972364;5627902,582999500446022;7,154194623000020;50,788255908000103
177884;5220805601200657560;5;3;15;0;2022;8;10;6;3;0;1;0;1;1;1;0;0;0;0;354150,280490993987769;5643350,443599039688706;6,924793560000070;50,923335893000100
177885;5220807501112672054;5;1;12;0;2022;8;15;1;3;6;1;0;0;1;0;1;0;0;0;343989,102732895989902;5707793,999610920436680;6,752301261000070;51,499724933000003
177886;5220809601300376516;5;3;15;0;2022;8;8;3;3;1;3;0;0;1;0;0;0;0;0;353755,665271089994349;5645943,160699339583516;6,918142313000030;50,946535875999999
177889;5220726404101995990;5;7;66;20;2022;7;18;3;3;0;7;0;1;1;0;0;0;0;0;493724,372290618019179;5753162,550658529624343;8,908729900000029;51,929154441999998
177892;5220730500300478428;5;1;11;0;2022;7;19;7;2;0;1;0;0;1;0;0;0;0;0;348951,945999765011948;5673007,385999250225723;6,838507183000050;51,188497089000101
177894;5220727607100869545;5;3;82;40;2022;7;8;4;2;0;1;0;0;1;0;0;0;0;0;382926,710999933013227;5633830,894999559968710;7,337078088000060;50,844323600999999
177895;5220808601100086405;5;3;15;0;2022;8;17;2;3;0;5;0;0;1;1;0;0;0;1;355253,910498777986504;5643671,165795969776809;6,940358233000040;50,926496094000100
177896;5220723606100081261;5;3;78;4;2022;7;2;7;3;0;1;2;0;1;0;0;0;0;0;368048,800091200973839;5652395,993911569938064;7,119146205000050;51,007980938999999
177897;5220810600340087420;5;3;82;64;2022;8;22;4;3;3;6;2;0;1;1;0;0;0;0;352253,807810703990981;5620903,932630719617009;6,906871091000030;50,721132334000103
177899;5220802518100076426;5;1;70;48;2022;8;12;3;3;0;1;0;0;1;0;0;0;0;0;339194,303671317000408;5724684,751917580142617;6,675549377000040;51,650131770000002
177900;5220804502249781483;5;1;13;0;2022;8;16;5;3;1;1;0;0;1;1;0;0;0;0;356154,651312174974009;5691024,828229499980807;6,934254410000050;51,352264521000102
177901;5220727702100942799;5;5;15;0;2022;7;13;4;3;5;2;0;0;1;1;0;0;0;0;404538,546850587998051;5752717,082428280264139;7,611991313000030;51,917000751000003
177903;5220729601400995926;5;3;15;0;2022;7;9;6;3;0;1;0;0;1;0;0;0;0;0;355140,351999806996901;5651091,164999360218644;6,935789813000040;50,993149114000097
177904;5220805518100485932;5;1;70;48;2022;8;13;6;2;6;7;0;0;1;0;1;0;0;0;335498,787999655003659;5727167,824998830445111;6,621011111000030;51,671370005000000
177906;5220727609204986410;5;3;58;4;2022;7;23;4;2;6;4;2;0;1;0;1;0;0;0;308556,683361564006191;5641602,587446919642389;6,277676621000070;50,894312626000001
177908;5220811500100700318;5;1;11;0;2022;8;12;5;3;2;3;0;0;1;1;0;0;0;1;344991,032074355985969;5676685,182017940096557;6,780282999000060;51,220483231000102
177909;5220731405220995872;5;7;54;20;2022;7;2;1;3;0;1;2;0;1;0;0;0;0;0;446878,483081804006360;5749205,521865379996598;8,228070496000040;51,891080133000102
177910;5220802503400278722;5;1;22;0;2022;8;17;3;3;4;6;0;0;1;1;0;0;0;0;365408,291912475018762;5674764,944849790073931;7,073186523000060;51,208404870999999
177913;5220725501211168099;5;1;12;0;2022;7;19;2;3;0;1;0;0;1;0;0;0;0;0;340344,922999696980696;5697431,907999020069838;6,704519518000040;51,405608583000102
177914;5220727500300079217;5;1;11;0;2022;7;13;4;3;5;3;0;0;1;1;0;0;0;0;348590,544999761972576;5671708,848999240435660;6,833886705000050;51,176733093999999
177915;5220808513110935767;5;1;62;16;2022;8;13;2;3;4;6;0;0;1;0;0;0;0;1;332196,532817340979818;5678299,414747900329530;6,596477247000050;51,231369010999998
177919;5220802500300565285;5;1;11;0;2022;8;21;3;3;5;3;1;0;1;1;0;0;0;0;345508,135999738005921;5675629,640999170020223;6,788136680000040;51,211138874000000
177920;5220803600380375848;5;3;14;0;2022;8;11;4;3;5;3;0;0;1;1;0;0;0;0;368994,811830142978579;5617289,342486170120537;7,145183453000070;50,692659178000000
177921;5220809602100995414;5;3;62;8;2022;8;22;3;3;0;1;2;0;1;0;0;0;0;0;333555,128009818028659;5646784,918990889564157;6,630440329000070;50,948621194000097
177922;5220809505200871915;5;1;14;0;2022;8;9;3;3;5;3;0;0;1;0;0;0;0;0;329793,671324805996846;5690695,093053289689124;6,556186432000060;51,342018892000098
177925;5220726607100314803;5;3;82;60;2022;7;9;3;3;3;2;0;1;1;1;0;0;0;0;373883,360297931998502;5629062,398657140322030;7,210329623000060;50,799561921000098
177928;5220810506100995387;5;1;16;0;2022;8;14;4;3;3;6;0;0;1;0;0;0;0;1;319566,781974235025700;5675437,114982809871435;6,417206128000030;51,201804090000103
177933;5220811411132382000;5;7;74;32;2022;8;11;5;3;5;2;0;0;1;0;0;0;0;0;482157,332000000984408;5729719,988999660126865;8,741713164000030;51,718128523000097
177934;5220725701610502177;5;5;62;12;2022;7;8;2;2;5;3;0;0;1;1;0;0;0;0;358663,996999835013412;5725272,668999410234392;6,956540579000030;51,660646406000097
177936;5220802711215087086;5;5;70;4;2022;8;17;3;3;5;3;0;0;1;1;0;0;0;0;423289,569793401984498;5734576,025955329649150;7,888591297000060;51,756820507999997
177937;5220729706000276761;5;5;58;12;2022;7;11;6;2;5;3;0;0;1;1;0;0;0;0;373318,288999904994853;5756442,159999559633434;7,156900032000070;51,944249552000002
177941;5220723502339391854;5;1;13;0;2022;7;12;7;3;6;7;0;1;1;0;1;0;0;0;364243,157999864022713;5707178,555999469943345;7,044148200000050;51,499421898999998
177944;5220802505200078947;5;1;14;0;2022;8;16;3;2;5;2;0;0;1;1;0;0;0;0;330029,873999589006416;5690230,727998630143702;6,559796165000020;51,337917795000102
177945;5220804601600995708;5;3;15;0;2022;8;9;5;3;3;5;0;0;1;1;0;0;0;0;364209,390999861003365;5633699,474999460391700;7,071413719000020;50,839052402000000
177946;5220809702100995254;5;5;15;0;2022;8;17;3;3;0;6;0;0;1;0;0;0;0;0;408529,221703407005407;5756922,450678340159357;7,668880087000050;51,955471067000097
177947;5220809506100995420;5;1;16;0;2022;8;19;3;3;0;1;0;0;1;0;0;0;0;0;321401,923999477992766;5674854,497998160310090;6,443736773000070;51,197146918000001
177949;5220726601300567880;5;3;15;0;2022;7;9;3;3;6;6;0;0;1;1;1;0;0;0;355035,955999807978515;5645982,544999349862337;6,936339486000070;50,947213181000102
177950;5220808400200496795;5;7;11;0;2022;8;9;2;3;5;2;0;0;1;0;0;0;0;0;468425,130000000004657;5764692,527999670244753;8,539734800000080;52,031956776000101
177951;5220729405108995919;5;7;54;8;2022;7;13;6;3;5;3;0;0;1;0;0;0;0;0;456088,193999999028165;5751174,488999670371413;8,361639640000019;51,909583943000001
177953;5220730709110476669;5;5;66;12;2022;7;14;7;2;0;3;0;0;1;1;0;0;0;0;405682,179776931006927;5772287,201157960109413;7,623226768000050;52,093098953000002
177954;5220805701800073590;5;5;62;4;2022;8;16;6;3;0;1;0;0;1;0;0;0;0;0;385896,342999943997711;5713960,226999609731138;7,353757003000060;51,565161478999997
177957;5220809601400590213;5;3;15;0;2022;8;19;3;3;2;6;0;0;1;1;0;0;0;0;350172,014112699020188;5658799,135092600248754;6,861858456000050;51,061142556999997
177959;5220723700000877491;5;5;13;0;2022;7;11;7;3;3;7;0;0;1;1;0;0;0;0;363321,128999857988674;5716664,076999469660223;7,027189186000040;51,584439809000102
177962;5220809411132995433;5;7;74;32;2022;8;17;3;3;5;3;0;0;1;0;0;0;0;0;482470,459000002010725;5732882,831999659538269;8,746086576000041;51,746576410000003
177964;5220727405112995966;5;7;54;12;2022;7;17;4;2;0;1;0;0;1;0;0;0;0;0;455725,209000001021195;5767833,256999679841101;8,354212749000061;52,059324407000098
177967;5220810513310489767;5;1;62;8;2022;8;6;4;3;0;1;0;0;1;0;0;0;0;0;332270,146082143008243;5667771,166000490076840;6,602445659000070;51,136801499000100