OBJECTID;UIDENTSTLAE;ULAND;UREGBEZ;UKREIS;UGEMEINDE;UJAHR;UMONAT;USTUNDE;UWOCHENTAG;UKATEGORIE;UART;UTYP1;ULICHTVERH;IstStrassenzustand;IstRad;IstPKW;IstFuss;IstKrad;IstGkfz;IstSonstige;LINREFX;LINREFY;XGCSWGS84;YGCSWGS84
177970;5220804300600177606;5;9;16;0;2022;8;9;5;3;5;5;0;0;1;1;0;0;0;0;376371,754757713992149;5713517,606536829844117;7,216564526000070;51,559175955000100
177972;5220809301101082117;5;9;13;0;2022;8;18;3;3;1;5;0;0;1;1;0;0;0;0;395149,237378661986440;5707198,980509649962187;7,489215668000040;51,506184168000097
177975;5220726601600890290;5;3;15;0;2022;7;16;3;3;0;6;0;0;1;1;0;0;0;0;364304,883718992990907;5638701,503850379958749;7,070914349000020;50,884031125000000
177976;5220728702100591805;5;5;15;0;2022;7;18;5;2;5;7;0;0;1;1;0;0;0;0;412544,210032631992362;5752566,347159069962800;7,728399480000060;51,916960691000000
177979;5220807502212277752;5;1;13;0;2022;8;10;1;3;0;1;0;0;1;0;0;0;0;0;363964,655746394011658;5699124,950439119711518;7,043237170000050;51,426980994000097
177982;5220811400300995323;5;7;11;0;2022;8;14;5;2;5;3;0;0;1;1;0;0;0;0;466013,307000001019333;5761222,713999669998884;8,504923619000071;52,000618504999998
177984;5220801314210990230;5;9;66;4;2022;8;6;2;3;5;5;0;0;1;0;0;0;1;0;422570,197037062025629;5663773,612541070207953;7,893658029000050;51,120199210000102
177985;5220803307000165200;5;9;62;40;2022;8;4;4;3;6;3;2;0;1;0;1;0;0;0;415560,634999989008065;5698990,783999639563262;7,785203210000080;51,435813484999997
177986;5220729601400995923;5;3;15;0;2022;7;10;6;3;0;7;0;0;1;0;1;0;0;0;356330,777661382977385;5646542,973477040417492;6,954538394000050;50,952573820000097
177988;5220727515110995969;5;1;54;40;2022;7;15;4;3;0;1;0;0;1;0;0;0;0;0;293950,859174925019033;5741699,368063160218298;6,012343368000070;51,788154785000103
177992;5220731405108995841;5;7;54;8;2022;7;21;1;3;0;1;1;1;1;0;0;0;0;0;456282,608999998017680;5750649,695999659597874;8,364532317000061;51,904881060000001
177994;5220802502213486113;5;1;13;0;2022;8;14;3;3;0;1;0;0;1;0;0;0;0;0;364212,378433450998273;5700363,783856580033898;7,046323272000050;51,438173305000099
177999;5220808313121995520;5;9;58;32;2022;8;16;2;2;0;1;0;0;1;0;0;0;0;0;453777,212999999988824;5690618,803999640047550;8,336045102000069;51,364946541000101
178001;5220810515210065215;5;1;54;32;2022;8;13;4;3;4;6;0;0;1;0;0;0;0;1;308917,950083923002239;5717432,375362980179489;6,242360187000030;51,575525270000099
178003;5220806503300491066;5;1;20;0;2022;8;23;7;3;8;7;2;0;1;0;0;0;0;0;370833,056999891006853;5669061,022999520413578;7,152853911000020;51,158393332000102
178005;5220803711131076143;5;5;70;12;2022;8;16;4;3;5;3;0;0;1;1;0;0;0;0;439338,312200745975133;5753703,482180990278721;8,117722365000080;51,930747281000002
178006;5220809702100070631;5;5;15;0;2022;8;14;3;3;0;2;0;0;1;1;0;0;0;0;405913,416000034019817;5756161,670999660156667;7,631033687000070;51,948196410999998
178007;5220723610112733242;5;3;70;8;2022;7;12;7;3;4;6;0;0;1;1;0;0;0;0;289494,291998916014563;5653642,814994299784303;6,000030493000050;50,995805813000104
178010;5220801608200075609;5;3;34;2;2022;8;11;2;3;0;1;0;1;1;0;0;0;0;0;299327,960553803015500;5629698,943992310203612;6,153131717000060;50,784266471000102
178011;5220728405220082006;5;7;54;20;2022;7;17;5;3;5;3;0;0;1;0;0;1;0;0;447151,684411229973193;5749096,071006819605827;8,232056878000041;51,890122107000103
178013;5220807301304585546;5;9;13;0;2022;8;12;1;3;2;6;0;0;1;0;0;0;0;0;401599,640734789019916;5708883,465324129909277;7,581657011000060;51,522485983000102
178015;5220808601100995498;5;3;15;0;2022;8;17;2;3;1;1;0;0;1;0;0;0;0;0;356465,551674703019671;5643833,454806050285697;6,957523437000020;50,928257305999999
178016;5220722711221387086;5;5;70;16;2022;7;19;6;3;5;3;0;0;1;1;0;0;0;0;411679,130028187006246;5739717,643459830433130;7,719109113000060;51,801328182000098
178017;5220811307000885235;5;9;62;40;2022;8;11;5;2;1;7;0;0;1;1;0;0;0;0;416270,529441198974382;5699362,272674020379782;7,795325895000080;51,439258478000099
178018;5220731606700995864;5;3;78;32;2022;7;12;1;3;7;1;0;0;1;1;0;0;0;0;375301,966060673003085;5667215,372203379869461;7,217367001000070;51,142796256000103
178019;5220803500200990506;5;1;11;0;2022;8;16;4;3;5;3;0;0;1;1;0;0;0;0;345872,368999743019231;5688809,646999180316925;6,787664996000050;51,329664781000098
178024;5220826601300981879;5;3;15;0;2022;8;7;6;3;0;3;0;0;1;0;1;0;0;0;353628,483381811995059;5645845,469649650156498;6,916372360000030;50,945625685000003
178029;5220820501122091632;5;1;12;0;2022;8;0;7;3;1;1;1;0;1;1;0;0;0;0;342789,263102164026350;5705415,560317990370095;6,736088386000060;51,478022918000100
178031;5220815610211380751;5;3;70;4;2022;8;14;2;3;5;3;0;1;1;1;0;0;0;0;312305,662999338994268;5662062,882997480221093;6,320356213000030;51,079332038000103
178032;5220818410250994915;5;7;70;44;2022;8;16;5;3;0;7;0;0;1;1;0;0;0;0;457827,830515035020653;5810168,803085230290890;8,379592664000031;52,440087235000099
178033;5220824600110478250;5;3;14;0;2022;8;19;4;3;0;3;0;0;1;1;0;0;0;0;366175,584188714972697;5620676,714095359668136;7,104062960000020;50,722463195000003
178038;5220818301202560906;5;9;13;0;2022;8;6;5;2;5;3;0;0;1;1;0;0;0;0;392633,658208693028428;5709389,611210219562054;7,452315668000040;51,525402128000103
178039;5220825608404977506;5;3;34;4;2022;8;8;5;3;0;5;0;0;1;0;0;0;0;0;299603,473777607025113;5639985,212935280054808;6,151413187000060;50,876749525000001
178041;5220823300100936401;5;9;11;0;2022;8;13;3;3;6;4;0;0;1;0;1;0;0;0;376108,857999911997467;5702926,539999560452998;7,216495861000060;51,463932749000001
178044;5220819502401079601;5;1;17;0;2022;8;15;6;3;8;3;0;0;1;1;0;0;0;0;352527,093999792006798;5699308,407999319955707;6,878756842000030;51,425768779000101
178047;5220817307000390158;5;9;62;24;2022;8;8;4;3;4;6;0;0;1;0;0;0;0;0;410146,539319751027506;5694577,967968259938061;7,708451874000050;51,395311300000103
178049;5220813513210278729;5;1;62;24;2022;8;9;7;2;0;1;0;0;1;0;0;0;0;0;339223,912999681022484;5673924,777998999692500;6,699005342000020;51,194086339000101
178051;5220816501323972156;5;1;12;0;2022;8;14;3;2;6;7;0;0;1;0;1;0;0;0;344174,782985993020702;5694887,372445779852569;6,760655567000070;51,383811053999999
178054;5220819317110984911;5;9;78;36;2022;8;10;6;3;5;3;0;0;1;1;0;0;0;0;408894,276999981026165;5710319,876999639905989;7,686399395000020;51,536622247000103
178055;5220816705000191746;5;5;54;64;2022;8;20;3;2;1;5;1;0;1;1;0;0;0;0;361830,018538884003647;5751594,196848119609058;6,991808375000060;51,897953615000098
178060;5220814301304890827;5;9;13;0;2022;8;10;1;2;0;7;0;0;1;0;0;0;0;0;402754,196093549020588;5709543,434519340284169;7,598111185000050;51,528618426999998
178061;5220820405108587003;5;7;54;8;2022;8;16;7;3;4;6;0;1;1;1;0;0;0;0;456681,642246778996196;5751259,599069500342011;8,370255522000040;51,910395601000097
178068;5220819317210684899;5;9;78;20;2022;8;16;6;3;0;7;0;0;1;0;0;0;0;0;407273,870156791002955;5716493,976962730288506;7,661413570000040;51,591858456000097
178069;5220815317230737290;5;9;78;8;2022;8;20;2;3;0;1;1;0;1;1;0;0;0;0;415010,820354163995944;5717456,292199860326946;7,772841539000070;51,601729575000000
178070;5220821606700990208;5;3;78;16;2022;8;15;1;3;8;6;0;0;1;1;0;0;0;0;361062,693999845010694;5663797,989999439567327;7,015249492000070;51,108805986999997
178071;5220817608100533226;5;3;34;2;2022;8;7;4;3;3;6;0;0;1;1;0;0;0;0;294582,609429015021306;5626642,491608169861138;6,087609190000020;50,755154314000002
178072;5220825502210075243;5;1;13;0;2022;8;14;5;3;5;3;0;0;1;1;0;0;0;0;361146,235999843978789;5701352,149999439716339;7,001849224000070;51,446311870000002
178074;5220826515211994501;5;1;54;16;2022;8;11;6;3;5;3;0;0;1;1;0;0;0;0;303321,340720971988048;5728744,384015929885209;6,155346009000030;51,675187985000001
178076;5220812400200995259;5;7;11;0;2022;8;13;6;3;5;2;0;0;1;1;0;0;0;0;470255,987000001012348;5763559,351999670267105;8,566520767000039;52,021870000000000
178077;5220819307000480355;5;9;62;16;2022;8;18;6;3;0;1;0;0;1;0;0;0;0;0;413898,574062418018002;5693691,764787260442972;7,762584537000070;51,387926381000099
178080;5220817316100119355;5;9;74;40;2022;8;7;4;3;4;6;0;0;1;0;0;0;0;0;438801,399470146978274;5713697,232930730096996;8,116956552000030;51,571021755000103
178082;5220822303200387649;5;9;15;0;2022;8;14;2;3;2;6;0;0;1;1;0;0;0;0;414182,330999985977542;5727779,334999649785459;7,758349109000050;51,694401798000101
178084;5220825500300374082;5;1;11;0;2022;8;17;5;3;5;3;0;0;1;1;0;0;0;0;349790,505999771005008;5676436,368999269790947;6,849062586000060;51,219530397000000
178088;5220812405108690674;5;7;54;8;2022;8;10;6;3;4;2;0;0;1;1;0;0;0;0;457180,076630589028355;5750593,398265359923244;8,377583891000031;51,904444619000103
178089;5220819600110576598;5;3;14;0;2022;8;17;6;3;5;3;0;0;1;0;0;0;0;0;370310,330923156987410;5619530,815393550321460;7,163011521000040;50,713101088000002
178090;5220814601400995158;5;3;15;0;2022;8;8;1;3;5;3;0;0;1;0;0;0;0;0;357420,499589331971947;5648927,309797530062497;6,969108242000060;50,974272231000000
178094;5220825301204382381;5;9;13;0;2022;8;15;5;3;0;1;0;0;1;0;0;0;0;0;384430,682939411024563;5706761,407703580334783;7,334983341000050;51,500160945000097
178095;5220813515110995200;5;1;54;36;2022;8;8;7;2;5;3;0;0;1;1;0;0;0;0;302782,324298474006355;5741672,256485559977591;6,140236711000060;51,791093772000103
178096;5220826302100113617;5;9;14;0;2022;8;12;6;3;5;1;0;0;1;1;0;0;0;0;393746,114999959012493;5690937,980999610386789;7,473884769000050;51,359757999000102
178102;5220822601100042596;5;3;15;0;2022;8;10;2;2;3;2;0;0;1;0;0;0;1;0;355828,142117796000093;5645261,504846519790590;6,947894436000070;50,940931996000103
178103;5220824600110071624;5;3;14;0;2022;8;12;4;3;5;3;0;0;1;0;0;0;0;0;366067,899909936008044;5621652,611917150206864;7,102183808000060;50,731209740000097
178104;5220816603228129773;5;3;66;28;2022;8;12;3;3;0;1;0;0;1;0;0;0;0;0;333421,895999612985179;5609203,799998849630356;6,645571892000020;50,610909333999999
178107;5220819603116224148;5;3;66;16;2022;8;11;6;2;5;3;0;0;1;0;0;0;1;0;343625,857999716012273;5613971,942999149672687;6,787666070000060;50,656582047000001
178109;5220816317110352925;5;9;78;36;2022;8;20;3;3;3;6;0;0;1;0;0;0;0;1;406796,261187658004928;5713406,589784320443869;7,655340276000060;51,564026724000001
178112;5220822711413874649;5;5;70;28;2022;8;19;2;3;1;5;0;0;1;1;0;0;0;0;441415,687573631003033;5742580,727684539742768;8,149820941000030;51,830974610000098
178114;5220812601100471808;5;3;15;0;2022;8;10;6;3;0;3;0;0;1;0;0;0;0;0;356136,983248671982437;5644972,983566979877651;6,952401328000060;50,938416240000002
178117;5220821513210994800;5;1;62;24;2022;8;14;1;2;3;6;0;0;1;0;0;0;0;0;339361,576892858021893;5674590,860295600257814;6,700675824000030;51,200109768000097
178122;5220813500200974065;5;1;11;0;2022;8;22;7;3;0;1;2;0;1;0;0;0;0;0;345234,755173126992304;5678332,041108120232821;6,783059089000060;51,235347058999999
178123;5220826405108257427;5;7;54;8;2022;8;7;6;3;2;6;0;0;1;0;0;0;0;0;456927,342015978007112;5748316,122613320127130;8,374194947000030;51,883951098000097
178124;5220816513320991717;5;1;62;4;2022;8;18;3;3;4;6;0;0;1;0;0;0;0;0;348587,403999760979787;5662683,063999240286648;6,837635224000050;51,095627745999998
178125;5220823706000710704;5;5;58;44;2022;8;12;3;2;0;1;0;0;1;0;0;0;0;1;396020,976999963982962;5746408,538999649696052;7,490092142000040;51,858774312999998
178126;5220811609108977586;5;3;58;8;2022;8;12;5;3;5;3;0;0;1;0;0;0;0;1;322484,549999482987914;5631519,805998310446739;6,480405633000030;50,808177520000100
178130;5220826601100478671;5;3;15;0;2022;8;12;6;2;3;3;0;0;1;1;0;0;0;0;352334,453236842004117;5646429,823553680442274;6,897727826000050;50,950546996000099
178131;5220824702100574700;5;5;15;0;2022;8;18;4;3;5;3;0;0;1;1;0;0;0;0;402435,924999975017272;5758368,699999660253525;7,579825659000050;51,967434694000097
178135;5220820514210591589;5;1;66;12;2022;8;12;7;3;0;3;0;0;1;1;0;0;0;0;320070,839935727999546;5695008,855008370243013;6,414552809000040;51,377774512000002
178136;5220823518200430831;5;1;70;24;2022;8;18;3;3;5;2;0;0;1;0;0;1;0;0;335291,046999646991026;5702514,838998840190470;6,629558887000030;51,449829303000101
178140;5220812502226576419;5;1;13;0;2022;8;8;6;3;0;1;0;0;1;0;0;0;0;0;360550,413560227025300;5697759,489662120118737;6,994695137000060;51,413880679000002
178141;5220819706300674662;5;5;58;24;2022;8;14;6;3;2;1;0;0;1;1;0;0;0;0;393736,881999959994573;5736336,210999630391598;7,460026451000030;51,767814073000103
178142;5220826609224306025;5;3;58;24;2022;8;13;6;3;9;6;0;0;1;0;0;0;0;0;312934,228999343991745;5644694,066997589543462;6,338268319000060;50,923517502000003
178145;5220825705000019860;5;5;54;8;2022;8;18;5;3;5;3;0;0;1;1;0;0;0;0;337063,531984588014893;5747069,871128969825804;6,634288534000060;51,850619680000101
178147;5220816514220677508;5;1;66;36;2022;8;15;3;3;1;5;0;0;1;1;0;0;0;0;324182,916604258993175;5681086,806210240349174;6,480442421000020;51,253997042000002
178148;5220823515211069477;5;1;54;16;2022;8;12;3;3;5;2;0;0;1;1;0;0;0;0;303658,239999239973258;5729066,188996230252087;6,160031381000070;51,678195760999998
178150;5220818500200071614;5;1;11;0;2022;8;18;5;3;1;5;0;0;1;1;0;0;0;0;345095,236895837006159;5678432,290992639958858;6,781018809000050;51,236209986000098
178151;5220822515212994770;5;1;54;32;2022;8;10;2;3;0;2;0;0;1;1;0;0;0;0;309362,525789769017138;5717303,408287379890680;6,248838184000020;51,574517483000101
178153;5220812601100995221;5;3;15;0;2022;8;17;6;3;5;3;0;0;1;1;0;0;0;0;355381,594999808992725;5645355,987999360077083;6,941505269000060;50,941669268000098
178154;5220820302000994867;5;9;14;0;2022;8;8;7;3;0;2;0;1;1;1;0;0;0;0;400505,003999972017482;5687413,838999619707465;7,571913691000020;51,329302982000101
178155;5220815705000995050;5;5;54;8;2022;8;16;2;3;5;3;0;0;1;1;0;0;0;0;335282,810999654000625;5745604,613998809829354;6,609155821000060;51,836934185000104
178156;5220821709800994810;5;5;66;40;2022;8;10;1;3;8;1;0;0;1;0;0;0;0;0;422111,892855816986412;5785087,983679750002921;7,860062050000070;52,210721086000000
178157;5220818313130387295;5;9;58;44;2022;8;16;5;3;0;7;0;0;1;0;0;0;0;0;432538,744366253027692;5684553,551734000444412;8,032159268000040;51,308289995000102
178158;5220825608100680780;5;3;34;2;2022;8;20;5;3;1;5;1;0;1;1;0;0;0;0;293708,382037108007353;5628265,985023849643767;6,074321800000060;50,769425122000001
178166;5220825518210791440;5;1;70;28;2022;8;18;5;3;5;3;0;0;1;1;0;0;0;0;331487,939999609021470;5703244,875998679548502;6,574530127000060;51,455268883000002
178167;5220813501323069433;5;1;12;0;2022;8;9;7;3;1;6;0;0;1;1;0;0;0;0;344506,937999730987940;5694325,673999140039086;6,765670891000070;51,378855244000100
178168;5220826503100076224;5;1;24;0;2022;8;17;6;3;5;7;0;0;1;0;0;0;0;1;370644,394533929007594;5680003,097742349840701;7,146212279000050;51,256692368000103
178172;5220818711211291831;5;5;70;4;2022;8;17;5;3;3;6;0;0;1;0;0;0;0;0;423399,090699921012856;5735147,205650860443711;7,890051851000070;51,761970199000103
178174;5220822502339517439;5;1;13;0;2022;8;7;2;3;0;7;0;0;1;1;0;0;0;0;364843,062999867019244;5707243,005999480374157;7,052760973000030;51,500144840000097
178177;5220812706000958239;5;5;58;16;2022;8;18;6;3;5;1;0;0;1;1;0;0;0;0;381021,062231705989689;5744046,924750509671867;7,273186977000020;51,834553867000103
178180;5220820600380994859;5;3;14;0;2022;8;10;7;3;0;1;0;0;1;0;0;0;0;0;367338,119828945025802;5617496,266262000426650;7,121666495000060;50,694143557000103
178181;5220823505200991707;5;1;14;0;2022;8;18;3;3;5;3;0;0;1;1;0;0;0;0;330696,695999597024638;5689834,651998659595847;6,569548512000040;51,334558448000102
178182;5220815705000320910;5;5;54;4;2022;8;17;2;2;5;3;0;0;1;1;0;0;0;0;357310,199002920009661;5777342,238680140115321;6,915434403000060;52,128161229000099
178184;5220824601300994604;5;3;15;0;2022;8;16;4;3;0;1;0;0;1;0;0;0;0;0;353910,150285793992225;5646293,982827720232308;6,920199187000040;50,949727761000098
178186;5220819608312889892;5;3;34;12;2022;8;10;6;2;0;7;0;0;1;0;0;0;0;0;312071,398999326978810;5634589,547997539862990;6,331198746000040;50,832469185999997
178187;5220815601200586397;5;3;15;0;2022;8;13;2;3;1;5;0;0;1;1;0;0;0;0;353882,122989073977806;5644161,983698810450733;6,920655551000040;50,930561099999998
178191;5220813600110067679;5;3;14;0;2022;8;12;7;3;5;3;0;0;1;1;0;0;0;0;362726,010274683008902;5623657,427246940322220;7,054111191000060;50,748448318000001
178195;5220819600110994913;5;3;14;0;2022;8;9;6;3;1;5;0;0;1;1;0;0;0;0;366377,603458201978356;5620344,684881740249693;7,107043643000050;50,719525402000002
178196;5220814608404271803;5;3;34;4;2022;8;17;1;2;0;1;0;0;1;0;0;0;0;0;298452,223888130974956;5637798,014010399580002;6,136275003000040;50,856704996000097
178197;5220821411224994790;5;7;74;24;2022;8;19;1;3;8;1;0;0;1;0;0;0;0;0;476951,254860964021645;5741420,398887599818408;8,665575699000041;51,823138953000097
178199;5220825506100994561;5;1;16;0;2022;8;10;5;3;3;2;0;0;1;0;0;0;0;0;318426,334999436978251;5675302,080997950397432;6,400967567000070;51,200229792000101
178200;5220813411132995159;5;7;74;32;2022;8;12;7;3;0;1;0;0;1;0;0;0;0;0;485485,755999999993946;5729341,333999649621546;8,789910141000060;51,714819933000101
178201;5220826513210994491;5;1;62;24;2022;8;9;6;3;4;2;0;0;1;1;0;0;0;0;337258,397999664011877;5675317,962998930364847;6,670268430000020;51,206047409000099
178204;5220817609128089814;5;3;58;28;2022;8;15;4;3;0;6;0;0;1;0;1;0;0;0;322845,010908574971836;5624659,073281220160425;6,488821734000060;50,746649736999998
178207;5220823400200993615;5;7;11;0;2022;8;12;3;3;0;3;0;0;1;1;0;0;0;0;472059,231000000028871;5760841,907999670132995;8,593021596000030;51,997531987000102
178208;5220824303100994617;5;9;15;0;2022;8;13;4;1;5;3;0;0;1;1;0;0;0;0;419408,926999991992489;5728769,822999649681151;7,833723653000050;51,704080628000000
178212;5220821400200994792;5;7;11;0;2022;8;18;1;3;2;1;0;0;1;0;0;1;0;0;467741,184000000008382;5763588,277999670244753;8,529869431000069;52,021989525999999
178214;5220825502350168336;5;1;13;0;2022;8;11;5;3;0;7;0;0;1;1;0;0;0;0;360861,533551322005223;5706550,172488450072706;6,995708508000060;51,492952848000101
178216;5220813405108995195;5;7;54;8;2022;8;11;7;3;1;5;0;0;1;1;0;0;0;0;456887,320321127015632;5750916,911987390369177;8,373288278000080;51,907330611000098
178217;5220826411132994462;5;7;74;32;2022;8;20;6;3;1;5;2;0;1;1;0;0;0;0;482827,630093185987789;5729703,073670109733939;8,751416996000049;51,717997357999998
178220;5220811711214191105;5;5;70;4;2022;8;13;5;3;8;1;0;0;1;0;0;0;0;0;423363,268427654984407;5734203,468486329540610;7,889740994000020;51,753481438999998
178221;5220818602900994939;5;3;62;40;2022;8;19;5;3;5;3;1;0;1;1;0;0;0;0;357601,013999824004713;5630887,084999389946461;6,978710343000050;50,812188584000097
178223;5220826601300076516;5;3;15;0;2022;8;6;6;2;4;6;0;0;1;1;0;0;0;0;352735,580228108970914;5647250,774117659777403;6,903102347000070;50,958027127000001
178224;5220824709500074704;5;5;66;76;2022;8;18;4;3;5;3;0;0;1;1;0;0;0;0;394185,330999961995985;5788766,839999659918249;7,450330170000030;52,239129574000103
178227;5220813608416032891;5;3;34;16;2022;8;19;7;3;5;3;0;0;1;1;0;0;0;0;296345,502385554020293;5641176,821180719882250;6,104500821000040;50,886312875999998
178229;5220823505100485899;5;1;14;0;2022;8;20;3;3;5;3;0;0;1;1;0;0;0;0;330084,636999589973129;5689013,338998629711568;6,561162265000060;51,326997345999999
178232;5220824513210994658;5;1;62;24;2022;8;0;4;3;0;1;2;0;1;0;0;0;0;0;339016,915246821008623;5674141,349401920102537;6,695948299000070;51,195973940999998
178233;5220812502215085364;5;1;13;0;2022;8;17;6;3;0;3;0;0;1;1;0;0;0;0;358265,013720198010560;5699292,425093149766326;6,961239904000020;51,427089186000003
178237;5220817709300172411;5;5;66;84;2022;8;14;4;3;0;3;0;0;1;0;0;0;0;0;389761,588999953004532;5775786,189999639987946;7,389790739000030;52,121602838999998
178241;5220824500300478795;5;1;11;0;2022;8;21;4;3;0;1;2;0;1;0;0;0;0;0;343572,350561390980147;5675322,262747270055115;6,760578584000030;51,207850060000098
178244;5220814513130286874;5;1;62;22;2022;8;1;1;3;0;1;2;0;1;0;0;0;0;0;336926,935755049984436;5684027,548267870210111;6,661560596000070;51,284205350999997
178245;5220820705000994839;5;5;54;8;2022;8;17;7;3;5;3;0;0;1;1;0;0;0;0;336858,263962258992251;5745500,754668449983001;6,632051061000030;51,836463556000098
178249;5220813516700586676;5;1;58;8;2022;8;12;7;3;5;3;0;0;1;0;0;0;0;0;359426,931818909011781;5672577,497638639993966;6,988469412000030;51,187306243000101
178250;5220826307000971208;5;9;62;36;2022;8;9;6;3;5;3;0;0;1;1;0;0;0;0;404824,034999976982363;5662673,424999619834125;7,640454821000050;51,107635465999998
178251;5220814602250575895;5;3;62;16;2022;8;0;1;3;0;4;2;0;1;0;1;0;0;0;327275,381377122015692;5646003,577665519900620;6,541496864000070;50,939754106000102
178252;5220816515111995046;5;1;54;8;2022;8;15;3;3;3;2;0;0;1;1;0;0;0;0;310368,749814954004250;5746331,332430300302804;6,247554660000050;51,835559142000101
178254;5220811603224865619;5;3;66;24;2022;8;14;5;3;0;3;0;0;1;1;0;0;0;0;326114,217507769993972;5602308,383237699978054;6,545607476000040;50,546822598000098
178256;5220822513210335842;5;1;62;24;2022;8;7;2;3;5;7;0;0;1;1;0;0;0;0;341405,689981781004462;5669131,803885130211711;6,732318448000060;51,151630286000099
178258;5220812602900886699;5;3;62;40;2022;8;14;6;3;5;3;0;0;1;1;0;0;0;0;360654,954120399022941;5629932,961762320250273;7,022393985000060;50,804356214000101
178259;5220814411132456302;5;7;74;32;2022;8;19;1;3;5;2;0;0;1;0;0;0;0;0;483155,656000001996290;5730298,630999660119414;8,756136568000040;51,723362146000099
178262;5220815709800170347;5;5;66;40;2022;8;14;2;3;5;3;0;0;1;1;0;0;0;0;421270,327999990026001;5781483,143999679945409;7,848585561000050;52,178198154000000
178263;5220818515110994958;5;1;54;36;2022;8;13;5;3;0;5;0;0;1;1;0;0;0;0;303246,901900952972937;5743120,830996000207961;6,146142558000070;51,804265694999998
178264;5220816502210889602;5;1;13;0;2022;8;18;3;3;0;3;0;0;1;1;0;0;0;0;356685,611999818996992;5691733,644999380223453;6,941588629000020;51,358768212000001
178266;5220811601600777532;5;3;15;0;2022;8;7;5;3;5;3;0;0;1;1;0;0;0;0;359521,782999836024828;5644682,196999410167336;7,000657467000050;50,936637435000101
178267;5220818610111373702;5;3;70;16;2022;8;16;5;3;5;2;0;0;1;1;0;0;0;0;296272,659515534993261;5660757,184264919720590;6,092497551000060;51,062138355999998
178268;5220822600110086328;5;3;14;0;2022;8;13;2;3;6;4;0;0;1;0;1;0;0;0;365817,418133814004250;5621793,465218869969249;7,098585299000040;50,732417917000099
178269;5220827300100789970;5;9;11;0;2022;8;0;7;2;0;1;2;1;1;0;0;0;0;0;375987,468999910983257;5704478,264999560080469;7,214204736000060;51,477852140000003
178271;5220812709110468373;5;5;66;8;2022;8;10;6;3;0;7;0;0;1;0;0;0;0;0;399297,319794295995962;5779980,988255470059812;7,527780467000070;52,161124096000002
178273;5220813700000476318;5;5;13;0;2022;8;16;7;2;5;3;0;0;1;0;0;0;0;1;362906,504999855998904;5711699,527999459765851;7,023144476000030;51,539726319000103
178274;5220820405140994865;5;7;54;40;2022;8;9;7;3;5;3;0;0;1;1;0;0;0;0;460879,272000000986736;5761925,536999669857323;8,430060791000070;52,006599204000103
178275;5220823502209071471;5;1;13;0;2022;8;8;3;3;4;6;0;0;1;1;0;0;0;0;360442,515999842027668;5700991,246999429538846;6,991871443000040;51,442895718000003
178277;5220818502147978754;5;1;13;0;2022;8;21;5;3;7;1;0;0;1;1;0;0;0;0;367100,681799045007210;5702287,443671420216560;7,087131812000050;51,456145810000102
178280;5220812501322291555;5;1;12;0;2022;8;16;6;3;6;7;0;0;1;0;1;0;0;0;347177,495999753999058;5695278,456999209709466;6,803604489000070;51,388141456000000
178281;5220819701200994911;5;5;62;20;2022;8;11;6;3;4;7;0;0;1;1;0;0;0;0;371048,212999893992674;5717458,333999539725482;7,138364155000030;51,593398824000097
178284;5220821602300973719;5;3;62;36;2022;8;19;1;3;0;1;0;0;1;0;0;0;0;0;345195,118999733007513;5651653,371999169699848;6,793942114000060;50,995612047000101
178285;5220817702100168314;5;5;15;0;2022;8;17;4;3;0;1;0;0;1;0;0;0;0;0;404477,128758647013456;5755177,121014379896224;7,610415734000070;51,939102087999999
178288;5220826317110071243;5;9;78;36;2022;8;12;6;3;5;5;0;0;1;1;0;0;0;0;409074,606109347019810;5710744,428322579711676;7,688889051000050;51,540467747999998
178291;5220819518100944104;5;1;70;48;2022;8;18;6;3;5;3;0;0;1;1;0;0;0;0;334704,266672177996952;5727488,715468579903245;6,609379784000050;51,674019581000003
178293;5220821500200353449;5;1;11;0;2022;8;11;1;3;0;5;0;0;1;1;0;0;0;0;345236,243001908995211;5679811,920941670425236;6,782440783000030;51,248644755999997
178294;5220817405116994995;5;7;54;16;2022;8;15;4;3;4;6;0;0;1;0;0;0;0;0;449491,362955996999517;5755709,852553250268102;8,265081545000040;51,949799197000097
178295;5220826705000787233;5;5;54;68;2022;8;7;6;3;5;3;0;0;1;1;0;0;0;0;350055,548999782011379;5767135,980999260209501;6,814018667000030;52,034545065000003
178297;5220813513310993644;5;1;62;8;2022;8;9;7;3;0;1;0;0;1;0;0;0;0;0;338125,137473657028750;5665833,934635159559548;6,686933397000080;51,121080648000003
178298;5220826300400994355;5;9;11;0;2022;8;13;6;3;5;3;0;0;1;1;0;0;0;0;372436,708282892999705;5698215,091738349758089;7,165359241000030;51,420774278000103
178299;5220814600360034430;5;3;82;12;2022;8;9;1;3;9;1;0;0;1;0;0;0;0;0;359308,931999831984285;5625977,546999409794807;7,004817543000060;50,768482153999997
178303;5220818601300994946;5;3;15;0;2022;8;14;5;3;5;3;0;0;1;1;0;0;0;0;352494,802375752013177;5644424,438005950301886;6,900821040000040;50,932566560000097