OBJECTID;UIDENTSTLAE;ULAND;UREGBEZ;UKREIS;UGEMEINDE;UJAHR;UMONAT;USTUNDE;UWOCHENTAG;UKATEGORIE;UART;UTYP1;ULICHTVERH;IstStrassenzustand;IstRad;IstPKW;IstFuss;IstKrad;IstGkfz;IstSonstige;LINREFX;LINREFY;XGCSWGS84;YGCSWGS84
178304;5220822518310045069;5;1;70;32;2022;8;16;2;3;0;5;0;0;1;1;0;0;0;0;333794,166333150991704;5713152,188233369961381;6,603026122000070;51,544956556000002
178305;5220824607400087654;5;3;82;44;2022;8;17;4;3;4;1;0;0;1;1;0;0;0;0;359801,312096745008603;5632352,030507680028677;7,009362422000040;50,825891314000003
178307;5220820314310676499;5;9;66;20;2022;8;12;7;3;0;1;0;1;1;0;0;0;0;0;438320,706759202003013;5662735,402972009964287;8,118851808000040;51,112776813000004
178308;5220815711211287231;5;5;70;4;2022;8;8;2;3;4;6;0;0;1;0;0;0;0;0;423391,597845444979612;5735058,501033959910274;7,889962859000040;51,761171751000099
178309;5220822405112994748;5;7;54;12;2022;8;15;2;3;5;3;0;0;1;1;0;0;0;0;456864,724000002024695;5765797,950999669730663;8,371089441000040;52,041116211000002
178310;5220817601600086481;5;3;15;0;2022;8;6;4;3;6;3;0;0;1;0;1;0;0;0;367982,438132796029095;5637511,512466380372643;7,123595005000030;50,874187706000001
178311;5220822602700815115;5;3;62;28;2022;8;11;2;3;1;5;0;0;1;1;0;0;0;0;351615,585999783012085;5638886,495999299921095;6,890569148000050;50,882574118999997
178312;5220824404302887395;5;7;66;56;2022;8;18;4;3;5;3;0;0;1;1;0;0;0;0;476662,030000001017470;5755996,366999669931829;8,660392986000030;51,954179066999998
178313;5220812405116072283;5;7;54;16;2022;8;10;6;3;5;3;0;0;1;1;0;0;0;0;447321,851000001013745;5757356,820999669842422;8,233264825000051;51,964404553000101
178314;5220819516900071936;5;1;58;26;2022;8;8;6;3;5;3;0;0;1;1;0;0;0;0;352161,395178620005026;5662256,273580409586430;6,888813533000080;51,092725053000002
178315;5220815503200995094;5;1;24;0;2022;8;16;2;3;5;3;0;0;1;1;0;0;0;0;375267,101538532995619;5681953,348805000074208;7,211744455000030;51,275250729000000
178318;5220825600110185831;5;3;14;0;2022;8;16;5;3;0;7;0;0;1;0;0;0;0;0;365721,070974953996483;5622128,005942770279944;7,097098961000030;50,735402487000002
178319;5220813500100970611;5;1;11;0;2022;8;2;7;2;7;1;2;0;1;0;0;0;0;0;346372,148070959025063;5675518,377025879919529;6,800544608000050;51,210372180000000
178320;5220826503100994473;5;1;24;0;2022;8;15;6;3;0;5;0;0;1;1;0;0;0;0;370626,759115313005168;5678613,174748529680073;7,146462131000020;51,244196570000000
178324;5220819514113085981;5;1;66;32;2022;8;14;6;2;5;3;0;0;1;1;0;0;0;0;317136,709999423008412;5685454,259997829794884;6,377343504000070;51,291012606000002
178325;5220815410230140397;5;7;70;4;2022;8;15;2;3;5;3;0;0;1;1;0;0;0;0;486259,451000000000931;5783751,991999680176377;8,798932371000030;52,204043804999998
178327;5220817600340091248;5;3;82;64;2022;8;18;4;3;5;3;0;0;1;0;0;0;0;1;352230,306999786000233;5620484,504999320022762;6,906706387000040;50,717356993000102
178329;5220813506100911605;5;1;16;0;2022;8;10;7;3;1;1;0;0;1;1;0;0;0;0;321242,477761486021336;5672991,948383360169828;6,442383965000030;51,180365334999998
178333;5220818605104086385;5;3;74;4;2022;8;17;5;2;8;1;0;0;1;0;0;0;0;0;406231,552756600023713;5653716,916272699832916;7,662876976000060;51,027348992999997
178335;5220820701110994838;5;5;62;20;2022;8;17;7;3;0;7;0;0;1;0;0;0;0;0;371548,134314608993009;5714967,818246459588408;7,146488406000060;51,571131043000001
178336;5220817300100736476;5;9;11;0;2022;8;18;4;3;0;1;0;0;1;0;0;0;0;0;378565,749999922001734;5705356,478999580256641;7,251011509000020;51,486304504000003
178338;5220824706000994599;5;5;58;20;2022;8;16;4;3;2;2;0;0;1;0;0;0;0;0;391314,097999955993146;5758992,152999640442431;7,417798669000040;51,970974773000101
178339;5220813300100995184;5;9;11;0;2022;8;14;7;3;0;5;0;0;1;1;0;0;0;0;375980,078351520001888;5705370,524668710306287;7,213785024000060;51,485869600000100
178341;5220814407120090766;5;7;62;8;2022;8;19;1;3;6;6;0;0;1;0;1;0;0;0;526173,525999999954365;5723910,162999650463462;9,378444366000050;51,665564066000101
178343;5220816601100325941;5;3;15;0;2022;8;8;3;3;1;5;0;0;1;1;0;0;0;0;355023,281906494987197;5643952,285482309758663;6,936967021000040;50,928964540999999
178345;5220811701120170191;5;5;62;32;2022;8;22;5;2;0;7;2;0;1;0;0;0;0;0;375336,675553057983052;5715099,676208419725299;7,201079384000020;51,573166499000102
178347;5220822602300286760;5;3;62;36;2022;8;10;2;1;5;3;0;0;1;0;0;0;0;1;346971,605999746010639;5647771,196999209932983;6,820872579000020;50,961201879999997
178348;5220824518320994589;5;1;70;52;2022;8;14;4;2;5;2;0;0;1;0;0;0;0;1;323434,804999520012643;5726150,554998200386763;6,447237980000070;51,658570951000101
178352;5220821705000994785;5;5;54;68;2022;8;22;1;3;0;7;2;0;1;0;0;0;0;0;350043,264509567990899;5767779,199176100082695;6,813557675000030;52,040320641000100
178353;5220817602800994992;5;3;62;12;2022;8;14;4;3;0;7;0;0;1;0;0;0;0;0;352247,109738996019587;5632362,366964199580252;6,902173306000070;50,824105657000104
178355;5220823406210964074;5;7;58;4;2022;8;7;3;3;5;3;0;0;1;1;0;0;0;0;472088,363000000012107;5782740,887999679893255;8,591652175000039;52,194418065000001
178358;5220819600110071624;5;3;14;0;2022;8;23;6;3;6;4;2;0;1;0;1;0;0;0;364106,888989272993058;5621282,930714109912515;7,074549179000030;50,727431654999997
178361;5220817500100791743;5;1;11;0;2022;8;11;4;3;3;2;0;0;1;0;0;0;1;0;340986,275370243005455;5679224,761032040230930;6,721856125000040;51,242200092000097
178364;5220826404101276077;5;7;66;20;2022;8;17;6;3;5;3;0;0;1;0;0;0;0;1;489998,478000000992324;5755426,496999669820070;8,854476364000050;51,949455154000098
178367;5220811705000995303;5;5;54;8;2022;8;18;5;2;5;2;0;0;1;1;0;0;0;0;334919,139999652979895;5747038,455998790450394;6,603197837000040;51,849707491000103
178368;5220818705000320910;5;5;54;68;2022;8;16;5;3;2;6;0;0;1;0;0;0;0;0;350990,339999787975103;5767319,017999280244112;6,827556246000030;52,036441502999999
178369;5220820601000994830;5;3;15;0;2022;8;23;7;2;0;7;2;0;1;0;0;0;0;0;358162,195491852995474;5646289,960679629817605;6,980693978000030;50,950753612000000
178371;5220826518300075236;5;1;70;20;2022;8;12;6;3;5;3;0;0;1;1;0;0;0;0;329504,369999588001519;5708193,915998579934239;6,543619357000070;51,499134767999998
178372;5220824705000994616;5;5;54;8;2022;8;7;4;3;4;3;0;0;1;1;0;0;0;0;336719,351999667997006;5747328,868998860009015;6,629173594000060;51,852845823999999
178376;5220820600330234573;5;3;82;48;2022;8;19;7;2;0;1;0;0;1;0;0;0;0;0;355067,180218904977664;5609719,778611609712243;6,951082556000070;50,621326146000101
178377;5220823601400386384;5;3;15;0;2022;8;12;3;2;2;6;0;0;1;0;0;0;0;0;355856,938896455976646;5646819,458777770400047;6,947687353000050;50,954940228000098
178378;5220815706000852435;5;5;58;12;2022;8;7;2;3;5;3;0;0;1;0;0;0;0;0;374083,301926565007307;5756058,267213939689100;7,168164661000050;51,940973388000003
178379;5220818505100082351;5;1;14;0;2022;8;16;5;2;0;7;0;0;1;0;0;0;1;0;338192,309640279971063;5690461,173073549754918;6,676770745000060;51,342369906000002
178386;5220824608416085695;5;3;34;16;2022;8;0;4;3;0;1;2;0;1;0;0;0;0;0;297108,439009819005150;5639006,921592749655247;6,116537203000060;50,867092784000100
178387;5220813301205973467;5;9;13;0;2022;8;17;7;3;4;1;0;0;1;1;0;0;0;0;388780,097687694011256;5716269,755558270029724;7,394613571000040;51,586495845000101
178388;5220825702100994538;5;5;15;0;2022;8;7;5;3;5;3;0;0;1;0;0;0;0;0;405170,582715069002006;5756619,000349249690771;7,620102601000040;51,952180937999998
178390;5220820500200501650;5;1;11;0;2022;8;13;7;3;1;5;0;0;1;1;0;0;0;0;345248,289042796997819;5678256,257439110428095;6,783285538000030;51,234669783000101
178391;5220823601600994661;5;3;15;0;2022;8;21;3;3;0;2;2;0;1;1;0;0;0;0;358401,470206641010009;5642589,906592929735780;6,985535836000050;50,917559928000102
178392;5220815608436033218;5;3;34;36;2022;8;11;2;3;5;3;0;1;1;1;0;0;0;0;298132,746999074995983;5634075,497995929792523;6,133792299000050;50,823159889000102
178393;5220818516200664877;5;1;58;36;2022;8;13;5;3;0;1;0;0;1;0;0;0;0;0;366833,611204359971453;5682847,146377099677920;7,090572869000030;51,281374784000000
178395;5220812513130567135;5;1;62;22;2022;8;9;6;3;0;2;0;0;1;1;0;0;0;0;338146,972921272972599;5686174,170761610381305;6,678067096000060;51,303839980000099
178396;5220819705000291855;5;5;54;8;2022;8;16;6;3;5;3;0;0;1;0;0;0;0;1;336117,680637301004026;5745497,492730880156159;6,621313258000040;51,836217452000000
178397;5220815601300886482;5;3;15;0;2022;8;8;2;3;5;3;0;0;1;0;0;0;0;0;354416,029817903006915;5647399,071124520152807;6,926954094000050;50,959786827000102
178398;5220821601400578453;5;3;15;0;2022;8;19;1;3;2;6;0;0;1;1;0;0;0;0;356810,620999818027485;5649395,718999380245805;6,960242569000060;50,978330434999997
178400;5220825607400579338;5;3;82;68;2022;8;18;5;2;6;4;0;0;1;0;1;0;0;0;369820,985554186976515;5631063,110587130300701;7,152004040000070;50,816646188999997
178401;5220813601200485807;5;3;15;0;2022;8;19;7;3;0;1;0;0;1;0;0;0;0;0;355271,371570342977066;5641818,391587800346315;6,941341638000040;50,909849936000100
178403;5220824316300994623;5;9;74;28;2022;8;14;4;3;5;2;0;0;1;1;0;0;0;0;454593,163000000000466;5724135,270999649539590;8,343446447000080;51,666362832000097
178405;5220819601100994874;5;3;15;0;2022;8;9;6;3;6;4;0;0;1;0;1;0;0;0;354974,647999807028100;5643910,213999359868467;6,936292173000030;50,928574228999999
178407;5220820701110993623;5;5;62;32;2022;8;11;7;3;3;6;0;0;1;1;0;0;0;0;374860,236363876028918;5719272,992983469739556;7,192719710000060;51,610567013000001
178410;5220825513210082320;5;1;62;24;2022;8;8;5;3;0;1;0;0;1;0;0;0;0;0;342546,761800659005530;5670181,690232089720666;6,748161278000050;51,161378900999999
178412;5220826513210175524;5;1;62;24;2022;8;13;6;3;2;5;0;0;1;1;0;0;0;0;338984,902059076994192;5674432,669773460365832;6,695359855000050;51,198582410000000
178413;5220816506100478905;5;1;16;0;2022;8;19;3;3;1;5;0;0;1;1;0;0;0;0;321360,452999476983678;5673890,264998160302639;6,443623481000030;51,188472017000002
178415;5220811606100081786;5;3;78;4;2022;8;17;5;3;5;3;0;0;1;1;0;0;0;0;366686,769999872019980;5646879,854999479837716;7,101766474000040;50,958090136000102
178421;5220825701500747707;5;5;62;24;2022;8;9;5;3;5;2;0;0;1;1;0;0;0;0;368596,453999885008670;5726999,797999519854784;7,099407737000040;51,678577396000001
178423;5220820500300578795;5;1;11;0;2022;8;13;7;3;0;1;0;0;1;0;0;0;0;0;345575,121954229020048;5676547,265092710033059;6,788699831000030;51,219402270000003
178424;5220823600140075834;5;3;14;0;2022;8;6;3;3;4;6;0;0;1;0;0;0;1;0;370207,638262749998830;5620471,541025090031326;7,161226798000030;50,721533692999998
178425;5220815607100665979;5;3;82;28;2022;8;7;2;3;0;7;0;0;1;0;0;0;0;0;373642,280009122972842;5632572,794626479968429;7,205701386000040;50,831062158000101
178426;5220818518400994949;5;1;70;8;2022;8;15;5;3;5;3;0;0;1;1;0;0;0;0;343655,808108553988859;5713791,141242469660938;6,744841729000030;51,553515511999997
178427;5220823307000569012;5;9;62;4;2022;8;18;3;3;0;1;0;0;1;0;0;0;0;0;408669,032225226983428;5683775,056394450366497;7,689992492000040;51,297961432000101
178428;5220824513320690204;5;1;62;4;2022;8;20;4;3;3;7;0;0;1;1;0;0;0;0;347988,083398261980619;5663505,251649170182645;6,828736542000060;51,102857274000002
178430;5220819601600086428;5;3;15;0;2022;8;9;6;2;5;3;0;0;1;1;0;0;0;0;359556,944999834988266;5644985,653999409638345;7,001040612000050;50,939373203999999
178433;5220817709500861951;5;5;66;76;2022;8;15;4;3;0;7;0;1;1;0;0;0;0;0;394108,409999962022994;5793140,517999660223722;7,447832121000030;52,278422175999999
178435;5220813601600386357;5;3;15;0;2022;8;19;7;3;3;6;0;0;1;1;0;0;0;0;363792,729999857023358;5640148,114999460056424;7,063098514000050;50,896912067000102
178436;5220826400200176103;5;7;11;0;2022;8;12;6;2;5;3;0;0;1;0;0;0;0;0;469403,817922492977232;5763212,580668509937823;8,554132941000031;52,018705953000101
178440;5220824600370994654;5;3;82;4;2022;8;3;4;3;0;1;2;0;1;0;0;0;0;0;359256,227746134973131;5622830,292929840274155;7,005273684000030;50,740183668000000
178443;5220815601000995093;5;3;15;0;2022;8;14;2;3;3;2;0;0;1;1;0;0;0;0;363622,641999856976327;5638846,975999459624290;7,061167015000020;50,885177919999997
178444;5220822303100994765;5;9;15;0;2022;8;7;2;3;7;5;0;0;1;1;0;0;0;0;416221,102929420012515;5725196,498319010250270;7,788459760000020;51,671491572999997
178445;5220818301301477845;5;9;78;24;2022;8;16;5;3;5;3;0;0;1;1;0;0;0;0;399926,796999969985336;5717005,121999640017748;7,555241038000080;51,595195828999998
178447;5220813602700062751;5;3;62;28;2022;8;22;7;3;6;1;2;0;1;0;1;0;0;0;348492,777999760000966;5638801,828999250195920;6,846243615000050;50,881002877000100
178449;5220816600310234399;5;3;14;0;2022;8;7;3;3;5;3;0;0;1;0;0;0;0;0;363069,190983786014840;5618172,285279270261526;7,061009310000030;50,699230183000097
178450;5220824501127994629;5;1;12;0;2022;8;11;4;3;0;7;0;0;1;0;0;0;0;0;346106,898716913012322;5705616,181539550423622;6,783737712000060;51,480737750000102
178451;5220812315110995206;5;9;70;40;2022;8;23;6;3;4;6;2;0;1;0;0;0;0;0;430127,393745414970908;5635524,309100190177560;8,007054683000041;50,867177091000002
178454;5220820608100565651;5;3;34;2;2022;8;11;7;3;5;3;0;0;1;0;0;0;0;0;294875,717039188020863;5626941,243190630339086;6,091592697000070;50,757941131999999
178455;5220817500300994901;5;1;11;0;2022;8;14;4;3;5;3;0;0;1;0;0;0;0;0;351749,234382410999388;5671605,475550009869039;6,879085048000040;51,176631864000100
178457;5220813503100790655;5;1;24;0;2022;8;21;7;2;0;7;1;0;1;0;0;0;0;0;370763,842394649982452;5679913,559652689844370;7,147955464000060;51,255914740999998
178459;5220816518100676430;5;1;70;48;2022;8;12;3;3;5;3;0;0;1;1;0;0;0;0;335559,620999653998297;5725433,493998830206692;6,622706052000070;51,655807057000096
178460;5220823709500576740;5;5;66;76;2022;8;16;3;3;0;7;0;0;1;0;0;0;0;0;393160,052818713011220;5792651,901087289676070;7,434091430000020;52,273847392000100
178461;5220811705000995292;5;5;54;44;2022;8;22;5;3;8;7;2;0;1;0;0;0;0;0;365971,363082466996275;5743845,619289980269969;7,054967807000030;51,829336511000101
178463;5220822513210375934;5;1;62;24;2022;8;10;2;3;0;1;0;0;1;0;0;0;0;0;339248,181648285011761;5674521,629349810071290;6,699085129000030;51,199455839000102
178464;5220826705000797146;5;5;54;8;2022;8;17;6;3;0;7;0;0;1;0;0;0;0;0;336585,040999668010045;5745699,891998860053718;6,627994933000020;51,838172636000103
178465;5220824702100026922;5;5;15;0;2022;8;12;4;3;6;1;0;0;1;0;1;0;0;0;406215,818988866987638;5758109,692032179795206;7,634900546000040;51,965757211000003
178466;5220812608100180711;5;3;34;2;2022;8;13;6;3;4;2;0;0;1;1;0;0;0;0;294974,267467884987127;5628347,621434549801052;6,092204655000050;50,770607023000103
178467;5220826313110185573;5;9;58;4;2022;8;9;6;3;5;2;0;0;1;1;0;0;0;0;428927,757815309974831;5698878,464416580274701;7,977497418000040;51,436638524000003
178471;5220816300700239113;5;9;16;0;2022;8;8;3;3;0;1;0;0;1;0;0;0;0;0;372267,461091250996105;5709091,544919460080564;7,158995334000050;51,518484356999998
178472;5220818601500994927;5;3;15;0;2022;8;23;5;3;0;1;2;0;1;0;0;0;0;0;362812,843668158981018;5647274,817754129879177;7,046490939000020;50,960730546999997
178476;5220819500200069173;5;1;11;0;2022;8;21;6;3;0;1;1;1;1;0;0;0;0;0;346193,627850592019968;5683442,624994180165231;6,794586355000040;51,281527167000000
178479;5220817608100785805;5;3;34;2;2022;8;15;4;3;0;7;0;1;1;0;0;0;0;0;293288,595998972014058;5629504,247995190322399;6,067680722000030;50,780396637000102
178483;5220823609132571749;5;3;58;32;2022;8;15;3;3;0;1;0;0;1;0;0;0;0;0;316155,160094110004138;5632486,192057100124657;6,390182138000060;50,814885216999997
178484;5220812302100995246;5;9;14;0;2022;8;15;6;3;0;7;0;0;1;0;1;0;0;0;394426,061868574004620;5689341,352388819679618;7,484120887000070;51,345532997000099
178485;5220818702100076692;5;5;15;0;2022;8;9;5;2;6;4;0;0;1;0;1;0;0;0;407447,235999979020562;5757311,139999659731984;7,653034554000040;51,958785791000103
178486;5220814513210491369;5;1;62;24;2022;8;13;1;3;0;7;0;0;1;1;0;0;0;0;342425,202973200008273;5671375,042567599564791;6,745901361000050;51,172068038000099
178488;5220817600140904884;5;3;14;0;2022;8;16;4;3;0;7;0;0;1;0;1;0;0;0;366950,681666160002351;5623513,767222990281880;7,114013558000070;50,748140727000099
178489;5220826610211314420;5;3;70;4;2022;8;18;6;3;0;6;0;0;1;0;0;0;0;1;312175,188694906013552;5662282,907142610289156;6,318381329000030;51,081265718000097
178495;5220823518310676002;5;1;70;32;2022;8;11;3;3;5;3;0;0;1;0;0;0;0;1;332746,778999624017160;5712637,835998729802668;6,588179776000060;51,540026361999999
178496;5220811601400995298;5;3;15;0;2022;8;21;5;3;0;1;2;0;1;0;0;0;0;0;358054,763348358974326;5648372,660334910266101;6,978353115000060;50,969444306000099
178499;5220815301302508850;5;9;13;0;2022;8;15;2;3;3;2;0;0;1;1;0;0;0;0;396382,116794931993354;5708992,892354429699481;7,506446224000060;51,522536425000098
178503;5220824702100370631;5;5;15;0;2022;8;13;4;3;3;6;0;0;1;0;0;0;0;0;406461,391798638971522;5757096,936464980244637;7,638749760000050;51,956695455999999
178504;5220816610221179468;5;3;70;20;2022;8;13;3;3;5;3;0;0;1;1;0;0;0;0;303797,577212293981574;5660371,804160210303962;6,199958739000070;51,061297617000001
178505;5220813515211217660;5;1;54;16;2022;8;8;7;2;4;3;0;0;1;0;0;0;0;0;304177,114579332002904;5732205,009934140369296;6,165765272000040;51,706564831999998
178507;5220814513120995126;5;1;62;20;2022;8;12;1;3;3;2;0;0;1;1;0;0;0;0;330767,587682642973959;5670933,756270789541304;6,579501511000050;51,164772895000098
178508;5220816501324569433;5;1;12;0;2022;8;17;3;3;4;6;0;0;1;0;0;0;0;0;343628,011999724025372;5694679,989999120123684;6,752895768000030;51,381797360000100
178510;5220811601500995331;5;3;15;0;2022;8;10;5;3;0;2;0;0;1;1;0;0;0;0;362093,536146497994196;5649658,600315559655428;7,035350638000070;50,981982496000100
178513;5220824513210569332;5;1;62;24;2022;8;13;4;3;3;6;0;0;1;0;0;0;0;1;338520,430003431974910;5674428,973300090059638;6,688719230000060;51,198418119999999
178514;5220816602500380784;5;3;62;24;2022;8;19;3;3;5;3;0;0;1;1;0;0;0;0;345427,001999734027777;5642532,256999179720879;6,801117041000050;50,913712674000102
178515;5220812705000938824;5;5;54;12;2022;8;11;6;3;9;1;0;1;1;0;0;0;0;0;352081,751999792002607;5744114,130999299697578;6,853431645000060;51,828244341000101
178516;5220814316400995162;5;9;74;44;2022;8;0;1;3;0;1;2;0;1;0;0;0;0;0;456631,590000001015142;5701026,984999639913440;8,375770190000029;51,458755091000100
178517;5220819602400994884;5;3;62;32;2022;8;18;6;3;5;2;0;0;1;1;0;0;0;0;339137,184225087985396;5642877,946464300155640;6,711563430000070;50,915100146999997
178521;5220823313231389403;5;9;58;48;2022;8;18;3;3;5;3;0;0;1;1;0;0;0;0;465584,451999999990221;5670728,740999620407820;8,507554870000041;51,186938581000000
178523;5220812513110878747;5;1;62;16;2022;8;13;6;3;2;1;0;0;1;1;0;0;0;0;333339,577818640973419;5677866,474656829610467;6,613035641000070;51,227814270000103
178525;5220815600380613133;5;3;14;0;2022;8;9;2;2;5;3;0;0;1;1;0;0;0;0;368996,780999881972093;5617291,057999489828944;7,145210709000030;50,692675041000001
178526;5220822407109790645;5;7;62;20;2022;8;17;2;3;4;6;0;0;1;1;0;0;0;0;529296,726512309978716;5738135,419505489990115;9,424798850000061;51,793310992000002
178527;5220818316100994963;5;9;74;40;2022;8;10;5;3;5;2;0;0;1;1;0;0;0;0;438753,700025314989034;5713999,062925130128860;8,116215753000059;51,573730191000003
178528;5220825405228994531;5;7;54;28;2022;8;16;5;3;2;6;0;0;1;0;0;0;0;0;450150,530720846028998;5745422,003104009665549;8,276160043000059;51,857366920000104
178529;5220813501132173939;5;1;12;0;2022;8;8;7;2;5;3;0;0;1;1;0;0;0;0;341817,260999710997567;5713301,022999060340226;6,718564827000020;51,548599572000100
178530;5220826405236994490;5;7;54;36;2022;8;12;6;3;5;3;0;0;1;0;0;0;0;0;475076,891999999992549;5750060,044999659992754;8,637756963000070;51,900737465000098
178533;5220812411132995256;5;7;74;32;2022;8;14;6;3;6;4;0;0;1;0;1;0;0;0;482480,207000000984408;5729427,331999650225043;8,746401706000031;51,715507334000101
178535;5220814602700995161;5;3;62;28;2022;8;1;1;3;0;1;2;0;1;0;0;0;0;0;352345,449999788019340;5640328,181999320164323;6,900354817000050;50,895716994000097
178537;5220822601300086613;5;3;15;0;2022;8;10;2;3;8;1;0;0;1;0;0;0;0;0;354632,196999804000370;5645269,408999349921942;6,930880323000050;50,940702756000100
178539;5220824608100432842;5;3;34;2;2022;8;7;4;3;5;3;0;0;1;1;0;0;0;0;294722,198218729987275;5629489,754393169656396;6,087997147000070;50,780775646999999
178542;5220814405228582007;5;7;54;28;2022;8;20;1;2;0;1;1;0;1;0;0;0;0;0;451551,594597678980790;5743352,299362730234861;8,296792580000041;51,838882623000103
178543;5220820516500891350;5;1;58;16;2022;8;16;7;3;0;7;0;0;1;0;0;0;0;0;355232,417999809025787;5671862,436999360099435;6,928777572000060;51,179833501000097
178544;5220823515210348405;5;1;54;52;2022;8;12;3;3;4;6;0;0;1;1;0;0;0;0;310083,971726869000122;5703240,597238370217383;6,266811081000070;51,448456622000002
178546;5220818601000994972;5;3;15;0;2022;8;7;5;3;5;2;0;0;1;1;0;0;0;0;356118,520017964008730;5643435,019190710037947;6,952745822000050;50,924590164999998
178547;5220824607300581207;5;3;82;52;2022;8;17;4;3;0;1;0;0;1;0;0;0;0;0;385507,450999942026101;5630333,422999570146203;7,374811534000060;50,813400819999998
178549;5220819709500742537;5;5;66;76;2022;8;7;6;3;4;2;0;0;1;1;0;0;0;0;394119,295314181013964;5795286,633027019910514;7,447317315000020;52,297711868000100
178551;5220821709000742480;5;5;66;60;2022;8;17;1;3;5;3;0;0;1;1;0;0;0;0;389851,164453357981984;5786543,252581009641290;7,387606721000050;52,218295946000097
178552;5220818313110284984;5;9;58;4;2022;8;5;5;2;6;4;1;0;1;0;1;0;0;0;428793,790859827015083;5698434,502852920442820;7,975659672000060;51,432630312000100
178555;5220824502407289582;5;1;17;0;2022;8;8;4;3;2;1;0;0;1;1;0;0;0;0;350930,971999782021157;5696216,978999280370772;6,857115046000050;51,397572979000103
178556;5220812404000980326;5;7;66;20;2022;8;20;6;3;0;3;0;0;1;1;0;0;0;0;491677,790886138973292;5754894,285861389711499;8,878923438000070;51,944697695999999
178561;5220816601200686637;5;3;15;0;2022;8;11;3;3;2;5;0;0;1;1;0;0;0;1;354140,360628421010915;5642681,464099010452628;6,924920050000030;50,917321454000003
178564;5220818315260881061;5;9;70;32;2022;8;19;5;3;0;1;0;0;1;0;0;0;0;0;437007,006999998993706;5640450,513999610207975;8,103956542000050;50,912262097000102
178566;5220824503100994632;5;1;24;0;2022;8;11;4;3;0;1;0;1;1;0;0;0;0;0;366943,987999873992521;5679177,789999489672482;7,093519894000050;51,248423686000102
178567;5220812316300574557;5;9;74;4;2022;8;14;6;3;5;2;0;0;1;0;0;0;0;1;452874,679999999003485;5711855,829999649897218;8,320251170000059;51,555817824000002
178568;5220819601400080795;5;3;15;0;2022;8;17;6;3;5;2;0;0;1;1;0;0;0;0;355807,849999810976442;5648741,003999370150268;6,946227356000070;50,972196445000101
178570;5220821505200579058;5;1;14;0;2022;8;11;1;2;5;3;0;0;1;1;0;0;0;0;331022,495999602018856;5690906,860998669639230;6,573712275000050;51,344287984000097
178571;5220817411132994989;5;7;74;32;2022;8;17;4;3;4;1;0;0;1;1;0;0;0;0;483230,025568196026143;5730001,926561559550464;8,757227528000040;51,720696615000101
178573;5220813501325973928;5;1;12;0;2022;8;13;7;3;1;1;0;0;1;1;0;0;0;0;345860,305999742995482;5692840,055999180302024;6,785746496000060;51,365875733000102
178575;5220816407301004743;5;7;62;36;2022;8;7;3;3;0;1;0;0;1;0;0;0;0;0;509589,941112870001234;5704343,091276399791241;9,138128492000019;51,490152962000103
178579;5220820503300778836;5;1;20;0;2022;8;15;7;3;5;3;0;0;1;1;0;0;0;0;378724,218999920005444;5672435,334999569691718;7,264505377000030;51,190449141999999
178582;5220824608100780739;5;3;34;2;2022;8;7;4;3;5;3;0;0;1;0;0;0;0;1;294257,198558677977417;5629265,642795490100980;6,081535331000050;50,778598095000099
178583;5220816606100178638;5;3;78;4;2022;8;16;3;3;1;5;0;0;1;1;0;0;0;0;368242,720999881974421;5650220,087999500334263;7,122698367000050;50,988469068000001
178584;5220812607400890890;5;3;82;44;2022;8;19;6;3;5;3;0;0;1;1;0;0;0;0;362166,452156718005426;5628553,341291460208595;7,044349745000030;50,792318336000100
178586;5220814307000077972;5;9;62;40;2022;8;11;1;2;3;2;0;0;1;0;0;0;0;0;418325,419999988982454;5696534,728999639861286;7,825536173000050;51,414139039000098
178587;5220820405236994847;5;7;54;36;2022;8;14;7;3;5;2;0;0;1;1;0;0;0;0;475601,151240082981531;5746864,146604239940643;8,645602665000069;51,872026473000098
178588;5220823601300281849;5;3;15;0;2022;8;20;3;2;3;2;1;0;1;0;0;0;0;1;347860,737999755016062;5645640,529999230057001;6,834414483000050;50,942290857000003
178590;5220818513130887463;5;1;62;22;2022;8;18;5;3;4;2;0;0;1;0;0;0;0;0;335891,226999651989900;5683371,788998880423605;6,647023311000050;51,278016262999998
178593;5220819610111980734;5;3;70;16;2022;8;15;6;3;5;2;0;0;1;0;0;0;0;0;300281,582887203025166;5660330,088239380158484;6,149870229000040;51,059710867000000
178595;5220821600110994806;5;3;14;0;2022;8;11;1;3;0;1;0;0;1;0;0;0;0;0;365689,508547183999326;5621809,750174719840288;7,096767908000060;50,732534723000100
178596;5220817601200576480;5;3;15;0;2022;8;7;4;3;5;3;0;0;1;1;0;0;0;0;359575,962999833980575;5636704,285999409854412;7,004496283000040;50,864951658999999
178597;5220825601500994565;5;3;15;0;2022;8;7;5;3;5;2;0;0;1;1;0;0;0;0;360057,910999837971758;5646339,509999419562519;7,007646148000050;50,951662301000098
178598;5220813602900385803;5;3;62;40;2022;8;23;7;3;0;1;2;0;1;0;0;0;0;0;356924,574999818985816;5632390,990999380126595;6,968528468000040;50,825537683000100