OBJECTID;UIDENTSTLAE;ULAND;UREGBEZ;UKREIS;UGEMEINDE;UJAHR;UMONAT;USTUNDE;UWOCHENTAG;UKATEGORIE;UART;UTYP1;ULICHTVERH;IstStrassenzustand;IstRad;IstPKW;IstFuss;IstKrad;IstGkfz;IstSonstige;LINREFX;LINREFY;XGCSWGS84;YGCSWGS84
178600;5220824502111077679;5;1;13;0;2022;8;17;4;3;0;7;0;0;1;1;0;0;0;0;364146,988154250022490;5700931,080961789935827;7,045165335000040;51,443255689000097
178601;5220812500200572113;5;1;11;0;2022;8;17;6;3;6;4;0;0;1;0;1;0;0;0;345084,291548991983291;5678794,738096919842064;6,780705380000030;51,239463740000097
178604;5220820711114781616;5;5;70;52;2022;8;17;7;3;0;1;0;1;1;0;0;0;0;0;428833,639305002987385;5753556,141431739553809;7,964995390000070;51,928178713000101
178605;5220817406220131830;5;7;58;24;2022;8;14;4;3;2;6;0;0;1;1;0;0;0;0;479114,390927171974909;5780875,185953980311751;8,694556214000039;52,177955321000098
178609;5220826505200072034;5;1;14;0;2022;8;10;6;2;0;1;0;0;1;0;0;0;0;0;336202,693714649998583;5692006,308917810209095;6,647518475000030;51,355682188999999
178610;5220823711121002616;5;5;70;36;2022;8;12;3;3;3;6;0;0;1;1;0;0;0;0;434104,520925173012074;5760482,662645540200174;8,040311341000059;51,991095428000101
178613;5220822601100590623;5;3;15;0;2022;8;8;2;3;0;1;0;0;1;0;0;0;0;0;355294,156999807979446;5644185,797999359667301;6,940726239000070;50,931131086000100
178617;5220825705000491707;5;5;54;68;2022;8;18;5;3;5;3;0;0;1;1;0;0;0;0;351553,959911011974327;5767154,775323850102723;6,835838315000050;52,035117028000101
178618;5220813702100145931;5;5;15;0;2022;8;17;7;3;5;2;0;0;1;0;0;0;0;0;404762,989999977988191;5757283,393999660387635;7,613989286000050;51,958083123999998
178621;5220820609204994826;5;3;58;4;2022;8;22;7;2;0;7;2;0;1;0;0;0;0;0;308896,555723534023855;5641861,183327469974756;6,282368504000030;50,896748019000000
178623;5220825505200518188;5;1;14;0;2022;8;15;5;3;4;2;0;0;1;1;0;0;0;0;329923,329086821991950;5689411,706720690242946;6,558659080000040;51,330528000000101
178625;5220826513320746589;5;1;62;4;2022;8;7;6;3;0;6;1;0;1;1;0;0;0;0;347136,512778926000465;5667497,348221450112760;6,814890177000050;51,138502922999997
178626;5220816600110273846;5;3;14;0;2022;8;10;3;3;0;7;0;0;1;0;0;0;0;0;365321,583888588997070;5621254,937661689706147;7,091760019000050;50,727462918000100
178627;5220823701120882384;5;5;62;32;2022;8;18;3;3;5;5;0;0;1;1;0;0;0;0;376026,808772985998075;5714676,230424439534545;7,211182345000050;51,569513078999996
178628;5220811711411790829;5;5;70;28;2022;8;17;5;3;5;3;0;0;1;1;0;0;0;0;440541,398999999975786;5741134,731999659910798;8,137383101000070;51,817882423000100
178629;5220818605104075894;5;3;74;4;2022;8;8;5;3;0;1;0;0;1;0;0;0;0;0;404933,121786840027198;5652954,220488199964166;7,644567062000020;51,020279109999997
178632;5220825301101165900;5;9;13;0;2022;8;13;5;3;1;5;0;0;1;1;0;0;0;0;393137,802696786005981;5707570,379421420395374;7,460131702000070;51,509145682000103
178633;5220812709110995218;5;5;66;64;2022;8;21;6;3;1;1;1;0;1;0;0;0;0;1;395346,756806565972511;5772295,918731359764934;7,472411336000050;52,091319258000098
178634;5220825702100569101;5;5;15;0;2022;8;15;5;3;2;6;0;0;1;1;0;0;0;0;404949,870999909006059;5760120,164999979548156;7,615922688000070;51,983613074000097
178635;5220813711215591706;5;5;70;4;2022;8;12;7;3;3;2;0;0;1;1;0;0;0;0;423310,272999993991107;5735031,702999659813941;7,888790635000020;51,760919715000099
178636;5220820410220187105;5;7;70;8;2022;8;20;7;3;5;3;1;0;1;1;0;0;0;0;474280,850000001024455;5803084,867999689653516;8,622174912000050;52,377423699000097
178637;5220823601300686263;5;3;15;0;2022;8;20;3;3;4;6;1;0;1;0;0;0;0;0;355037,572999808005989;5645969,186999349854887;6,936367807000070;50,947093543000101
178644;5220821709800470347;5;5;66;40;2022;8;14;1;3;5;3;0;0;1;1;0;0;0;0;421106,409999991999939;5782418,473999680019915;7,845971168000060;52,186582282000103
178648;5220822702100976765;5;5;15;0;2022;8;20;2;3;0;6;0;0;1;1;0;0;0;0;405317,448730484989937;5755938,973768919706345;7,622426361000070;51,946093586000103
178651;5220819410110587060;5;7;70;24;2022;8;11;6;3;0;3;0;0;1;1;0;0;0;0;493929,853999999992084;5794157,743999689817429;8,910987306000040;52,297735229000097
178652;5220814601500419528;5;3;15;0;2022;8;12;1;2;6;4;0;0;1;0;1;0;0;0;360305,962696128000971;5648551,483462249860168;7,010326161000020;50,971601778000000
178654;5220817501319591639;5;1;12;0;2022;8;22;4;3;4;6;2;0;1;0;0;0;0;1;344002,179692047007848;5696421,639544939622283;6,757503019000070;51,397549042000001
178656;5220824610111547565;5;3;70;16;2022;8;16;4;3;5;3;0;0;1;1;0;0;0;0;297869,642999088973738;5660026,344995750114322;6,115666107000040;51,056139066000100
178657;5220813505100979007;5;1;14;0;2022;8;14;7;3;0;1;0;0;1;0;0;0;0;0;328931,817780537996441;5685468,569743960164487;6,546331888000050;51,294806433000097
178659;5220816502212975301;5;1;13;0;2022;8;19;3;2;0;6;0;0;1;1;0;0;0;0;360669,987999841978308;5700528,039999430067837;6,995324752000040;51,438789198000102
178660;5220823705000994677;5;5;54;8;2022;8;17;3;3;0;1;0;0;1;0;0;0;0;0;335700,220999660028610;5745610,285998820327222;6,615206097000050;51,837108080000100
178661;5220811608100077534;5;3;34;2;2022;8;20;5;3;7;1;0;0;1;0;0;0;0;0;291660,418388275022153;5628917,133081530220807;6,044949348000050;50,774541261000103
178664;5220822601300345697;5;3;15;0;2022;8;15;2;3;5;3;0;0;1;1;0;0;0;0;354154,988999803026672;5647745,309999340213835;6,923100831000060;50,962832339999999
178666;5220812608332069724;5;3;34;32;2022;8;20;6;2;0;1;1;0;1;0;0;0;0;0;305166,826999204000458;5629340,630996859632432;6,236051270000080;50,783039197000100
178668;5220820405108306678;5;7;54;8;2022;8;14;7;2;5;3;0;0;1;1;0;0;0;0;463726,923000000999309;5754351,519999659620225;8,472345917000039;51,938697511999997
178669;5220823411224994665;5;7;74;24;2022;8;13;3;3;5;3;0;0;1;1;0;0;0;0;475647,490999999979977;5741113,173999659717083;8,646680807000051;51,820321368000101
178671;5220818601100994930;5;3;15;0;2022;8;21;5;3;0;1;2;0;1;0;0;0;0;0;355879,688639849016909;5644588,168568369932473;6,948893967000060;50,934893725000101
178672;5220823404301790692;5;7;66;32;2022;8;20;3;2;0;1;0;0;1;0;0;0;0;0;496346,798162196995690;5746363,553578699938953;8,946941397000050;51,868047300000100
178673;5220824405140994644;5;7;54;40;2022;8;7;4;3;5;3;0;0;1;1;0;0;0;0;459760,039999999979045;5763489,228999669663608;8,413572149000061;52,020577511000099
178675;5220819515212717660;5;1;54;32;2022;8;11;6;3;6;6;0;0;1;0;1;0;0;0;308976,585380337026436;5717779,760257069952786;6,243016435000070;51,578665070000099
178676;5220815410230582099;5;7;70;4;2022;8;7;2;3;0;1;0;0;1;0;0;0;0;0;487397,884000001009554;5782772,765999680384994;8,815627578000029;52,195267177000098
178677;5220821600350994815;5;3;82;32;2022;8;8;1;3;1;5;0;0;1;1;0;0;0;0;360154,873999836971052;5609509,682999419979751;7,023040099000070;50,620680155000102
178678;5220818405148991715;5;7;54;48;2022;8;20;5;3;2;6;1;0;1;1;0;0;0;0;445136,997900052985642;5767121,102056169882417;8,199903368000040;52,051974791000099
178679;5220816601300585509;5;3;15;0;2022;8;8;3;3;5;3;0;0;1;1;0;0;0;0;352700,860798377019819;5647550,067164289765060;6,902487190000040;50,960707860000099
178680;5220823601300994675;5;3;15;0;2022;8;13;3;3;0;1;0;0;1;0;0;0;0;0;355101,940212730027270;5647097,373617899604142;6,936834460000060;50,957248445000097
178681;5220815705000685682;5;5;54;8;2022;8;15;2;3;5;3;2;0;1;1;0;0;0;0;336473,822999667027034;5746800,337998850271106;6,625861811000050;51,848025914000097
178684;5220824513210075545;5;1;62;24;2022;8;16;4;3;5;2;0;0;1;1;0;0;0;0;337875,540706092026085;5674641,238010330125690;6,679401069000050;51,200142659999997
178685;5220812518210944676;5;1;70;28;2022;8;19;6;3;0;6;0;0;1;0;0;0;0;0;329810,579999588022474;5701048,463998599909246;6,551466842000020;51,435035517000102
178688;5220822303100589418;5;9;15;0;2022;8;13;2;3;5;3;0;0;1;1;0;0;0;0;416576,027120684972033;5725084,483723820187151;7,793617901000060;51,670537442000096
178689;5220817701800386822;5;5;62;4;2022;8;12;4;3;5;3;0;0;1;1;0;0;0;0;382887,667999933997635;5711348,226999590173364;7,311238818000050;51,541068715000101
178691;5220825500200074496;5;1;11;0;2022;8;17;5;2;0;1;0;0;1;0;0;0;0;0;342614,098323490004987;5685586,445184670388699;6,742357230000040;51,299811888000100
178693;5220826500300391345;5;1;11;0;2022;8;16;6;3;5;3;0;0;1;1;0;0;0;0;348604,631999764009379;5675834,575999240390956;6,832348412000040;51,213809625000103
178695;5220812400300995264;5;7;11;0;2022;8;10;6;3;6;4;0;0;1;0;1;0;0;0;466914,742446679971181;5759545,759690860286355;8,518215959000029;51,985596047999998
178697;5220815315110189983;5;9;70;40;2022;8;9;2;3;1;5;0;0;1;1;0;0;0;0;430161,334707126021385;5640467,243032170459628;8,006591993000031;50,911624693000100
178698;5220821400300190811;5;7;11;0;2022;8;18;1;3;1;5;0;0;1;1;0;0;0;0;471643,885568031982984;5755279,149483069777489;8,587431525000060;51,947497462999998
178699;5220816705000995033;5;5;54;20;2022;8;17;3;3;0;3;0;0;1;0;0;1;0;0;364311,912999866006430;5786584,589999490417540;7,013959043000060;52,212969787000098
178701;5220824705000387244;5;5;54;8;2022;8;7;4;3;4;6;0;0;1;0;0;0;0;0;335720,945844075002242;5745490,077670499682426;6,615563706000050;51,836034294000100
178703;5220825709500176743;5;5;66;76;2022;8;17;5;3;3;2;0;0;1;1;0;0;0;0;392858,283999959006906;5792582,549999659880996;7,429692359000060;52,273165400000003
178706;5220811705000028601;5;5;54;8;2022;8;11;5;3;5;2;0;0;1;1;0;0;0;0;336993,893999671970960;5745639,132998869754374;6,633952684000060;51,837746282000097
178709;5220824516800378454;5;1;58;20;2022;8;16;4;3;5;3;0;0;1;1;0;0;0;0;354761,477884564024862;5665487,860047410242260;6,924616604000050;51,122429852000003
178710;5220816601300870445;5;3;15;0;2022;8;19;3;3;0;1;0;0;1;0;0;0;0;0;354180,902999802026898;5646705,285999340005219;6,923886302000030;50,953492563000097
178711;5220812607400036846;5;3;82;68;2022;8;19;6;3;5;3;0;0;1;1;0;0;0;0;366170,690999869024381;5626768,524999479763210;7,101779949000050;50,777214980000103
178713;5220819705000994892;5;5;54;8;2022;8;16;6;3;4;6;0;0;1;0;0;0;0;1;335629,031529627973214;5745851,182889940217137;6,614059310000070;51,839251209000103
178714;5220822709500524205;5;5;66;76;2022;8;16;2;3;5;3;0;0;1;1;0;0;0;0;394204,673999960999936;5795637,924999659880996;7,448458491000050;52,300885449000099
178715;5220815609108981074;5;3;58;8;2022;8;15;2;3;1;7;0;0;1;1;0;0;0;0;321938,269012094999198;5631294,576575290411711;6,472769187000040;50,805986414000103
178716;5220821600330994811;5;3;82;48;2022;8;11;1;3;4;2;0;0;1;1;0;0;0;0;354939,328160469012801;5610663,167938039638102;6,948907374000040;50,629772892000098
178717;5220817608100080750;5;3;34;2;2022;8;15;4;3;0;1;0;1;1;0;0;0;0;0;293283,109479992999695;5629500,437307840213180;6,067605144000030;50,780360458000096
178718;5220822610211863883;5;3;70;4;2022;8;16;2;3;5;2;0;0;1;1;0;0;0;0;312404,970684360014275;5661880,705560830421746;6,321866875000070;51,077728094000101
178720;5220812500100565539;5;1;11;0;2022;8;19;6;3;0;1;0;0;1;0;0;0;0;0;343599,256792546017095;5677989,609170200303197;6,759799926000030;51,231824295000102
178721;5220819410110676061;5;7;70;24;2022;8;23;6;3;1;1;2;0;1;1;0;0;0;0;491326,943082068988588;5791004,104220109991729;8,872899426000060;52,269347494000002
178722;5220815513210086766;5;1;62;24;2022;8;16;2;3;5;2;0;0;1;1;0;0;0;0;341237,513015868025832;5666385,011760340072215;6,731126438000050;51,126903116000101
178725;5220825502405470223;5;1;17;0;2022;8;12;5;3;0;7;0;0;1;0;0;0;0;0;352113,954999790992588;5699716,363999309949577;6,872648375000040;51,429326873000001
178726;5220813500200070604;5;1;11;0;2022;8;23;7;3;0;1;2;0;1;0;0;0;0;0;347187,624999753024895;5677829,793999210000038;6,811225245000060;51,231360410999997
178727;5220826506100994513;5;1;16;0;2022;8;8;6;3;0;1;0;0;1;0;0;0;0;0;318010,065999431011733;5675083,364997919648886;6,395126594000030;51,198132655000101
178728;5220816506100995023;5;1;16;0;2022;8;19;3;2;1;1;0;0;1;1;0;0;0;0;320363,760999464022461;5674493,836998090147972;6,429074035000040;51,193581637000101
178729;5220824301302667122;5;9;13;0;2022;8;18;4;3;5;2;0;0;1;1;0;0;0;0;397104,069025787990540;5707615,623293549753726;7,517250820000070;51,510288580000100
178731;5220819301302780643;5;9;13;0;2022;8;6;6;3;5;3;0;0;1;1;0;0;0;0;395359,473014481016435;5707954,401278720237315;7,492019604000060;51,513013310000098
178732;5220820500200169085;5;1;11;0;2022;8;20;7;3;5;7;0;0;1;1;0;0;0;0;345713,949512912018690;5678139,744487520307302;6,790000661000020;51,233748957000003
178733;5220822600110767663;5;3;14;0;2022;8;17;2;3;1;5;0;0;1;1;0;0;0;1;366371,903352294990327;5622460,801823649555445;7,106196019000040;50,738543759999999
178734;5220826602800528722;5;3;62;12;2022;8;23;6;3;0;1;2;0;1;0;0;0;0;0;352517,261973924003541;5633100,250073010101914;6,905709448000040;50,830805709000103
178736;5220813301301866973;5;9;78;24;2022;8;11;7;3;5;3;0;0;1;1;0;0;0;0;398565,401999966998119;5717915,388999640010297;7,535330180000070;51,603134383000103
178738;5220814400100274552;5;7;11;0;2022;8;0;1;3;0;6;2;0;1;0;0;0;0;0;470122,949005028000101;5765509,343725330196321;8,564411657000051;52,039394547000001
178740;5220825500300095601;5;1;11;0;2022;8;8;5;3;1;7;0;0;1;0;0;0;1;0;343558,675999721977860;5675289,278999119997025;6,760397361000060;51,207549946000000
178744;5220812301301966973;5;9;78;24;2022;8;10;6;3;3;3;0;0;1;1;0;0;0;0;397940,752002900990192;5719841,740449509583414;7,525752808000050;51,620336682000101
178745;5220818606100574376;5;3;78;4;2022;8;14;5;3;5;3;0;0;1;1;0;0;0;0;366428,454698816989549;5651165,616008440032601;7,096515814000040;50,996548902000001
178749;5220826607400550902;5;3;82;68;2022;8;18;6;3;5;3;0;0;1;1;0;0;0;0;369392,804999883985147;5629956,768999500200152;7,146322807000050;50,806605895000096
178750;5220824711216581146;5;5;70;4;2022;8;15;4;3;5;3;0;0;1;1;0;0;0;0;423266,838685802998953;5735464,183902019634843;7,888065899000030;51,764801607000003
178751;5220813310130995173;5;9;54;20;2022;8;18;7;3;0;6;0;0;1;1;0;0;0;0;390499,386856474971864;5695386,607096579857171;7,425899623000020;51,399127987000000
178752;5220825705000010850;5;5;54;20;2022;8;12;5;3;0;7;0;0;1;0;0;0;0;0;365135,240997351997066;5784068,898119620047510;7,027003838000040;52,190567633999997
178757;5220811705000995319;5;5;54;20;2022;8;15;5;3;0;6;0;0;1;1;0;0;0;0;363272,866190325992648;5787303,257637660019100;6,998470384000030;52,219170282000100
178759;5220822513130076018;5;1;62;22;2022;8;20;2;3;5;3;0;0;1;1;0;0;0;0;339257,466999683994800;5680084,145999000407755;6,696723482000040;51,249437045000001
178761;5220816607400890883;5;3;82;44;2022;8;17;3;3;0;1;0;0;1;0;0;0;0;0;364459,214754353975877;5626386,842514740303159;7,077659730000050;50,773387028999998
178762;5220812518301995288;5;1;70;4;2022;8;5;6;3;4;1;1;0;1;0;0;0;0;1;328496,875953279028181;5717761,086359379813075;6,524456888000030;51,584774580999998
178767;5220825601300994556;5;3;15;0;2022;8;12;5;3;3;3;0;0;1;1;0;0;0;0;353299,314999794994947;5646358,118999330326915;6,911483386000040;50,950148992000003
178768;5220816701500995078;5;5;62;24;2022;8;7;3;3;5;3;0;0;1;1;0;0;0;0;371692,361999895016197;5725230,662999549880624;7,144810482000030;51,663394417000099
178769;5220822610112877581;5;3;70;8;2022;8;15;2;3;5;3;0;0;1;1;0;0;0;0;291909,810998966975603;5655735,136994750238955;6,033205654000030;51,015474128000101
178770;5220824500300072580;5;1;11;0;2022;8;7;4;2;6;3;0;0;1;1;1;0;0;0;351455,252999783027917;5669865,037999300286174;6,875601343000030;51,160915908000000
178771;5220812404101481978;5;7;66;4;2022;8;15;6;3;1;5;0;0;1;1;0;0;0;0;482134,293591912020929;5750937,035016209818423;8,740285402000040;51,908893497000101
178773;5220815601600995125;5;3;15;0;2022;8;7;2;3;0;1;0;0;1;0;0;0;0;0;363409,961970699019730;5639285,266381570138037;7,057981433000070;50,889066813000099
178777;5220813411220968083;5;7;74;20;2022;8;11;7;3;5;3;0;0;1;1;0;0;0;0;469259,538000001979526;5734569,190999659709632;8,554583639000040;51,761169440000103
178781;5220811609108080722;5;3;58;8;2022;8;17;5;2;3;7;0;0;1;1;0;0;0;0;321533,645999467989895;5633553,050998239777982;6,465933898000060;50,826152028000102
178784;5220822602400994757;5;3;62;32;2022;8;12;2;1;0;1;0;0;1;0;0;0;0;0;338176,781530805979855;5638129,062540750019252;6,700016174000040;50,872161014000000
178785;5220826600110490860;5;3;14;0;2022;8;8;6;3;5;3;0;0;1;1;0;0;0;0;364502,571446702990215;5620818,439862529747188;7,080322846000060;50,723349290999998
178787;5220816601300995042;5;3;15;0;2022;8;13;3;2;5;3;0;0;1;1;0;0;0;0;352519,623999789007939;5644078,844999319873750;6,901313857000050;50,929467213000102
178788;5220812701120278018;5;5;62;32;2022;8;20;6;3;0;1;1;0;1;0;0;0;0;0;376258,548999912978616;5717280,911999570205808;7,213606491000060;51,592972858000103
178789;5220825610121845514;5;3;70;12;2022;8;11;5;3;4;6;0;0;1;0;0;0;0;0;294574,851933386002202;5651690,976050309836864;6,073435910000060;50,980112530000000
178791;5220820601500994804;5;3;15;0;2022;8;20;7;3;4;6;1;0;1;0;0;0;0;1;357503,942034719977528;5645094,848676499910653;6,971796458000030;50,939850849999999
178792;5220823601500076560;5;3;15;0;2022;8;12;3;3;5;2;0;0;1;1;0;0;0;0;364761,653999863017816;5647974,938999470323324;7,073964342000070;50,967483580000099
178793;5220815602800685806;5;3;62;12;2022;8;10;2;3;0;1;0;0;1;0;0;0;0;0;352258,996994715998881;5632617,526912880130112;6,902239163000050;50,826401746000002
178795;5220824601300994601;5;3;15;0;2022;8;15;4;3;6;7;0;0;1;0;1;0;0;0;352942,642624764004722;5647237,537486610002816;6,906053950000060;50,957961054000101
178796;5220812601300364179;5;3;15;0;2022;8;9;6;3;0;7;0;0;1;0;0;0;0;0;353767,537668270990252;5647413,294980529695749;6,917720668000070;50,959750440999997
178797;5220819700000275453;5;5;13;0;2022;8;12;6;3;0;3;0;0;1;0;0;0;0;1;369903,168999888992403;5709507,005999529734254;7,124784943000070;51,521678479000101
178798;5220815601200090451;5;3;15;0;2022;8;15;2;3;1;3;0;0;1;1;0;0;0;0;355506,634999808971770;5642300,258999359793961;6,944494973000080;50,914239343000098
178799;5220822400200993619;5;7;11;0;2022;8;14;2;3;0;7;0;0;1;1;0;0;0;0;470524,210000001010485;5762243,452999670058489;8,570542934000059;52,010053489000001
178800;5220817601100885847;5;3;15;0;2022;8;12;4;3;3;6;0;1;1;0;0;1;0;0;356511,661902691994328;5644591,081768330186605;6,957880880000060;50,935077487999997
178802;5220813601300995207;5;3;15;0;2022;8;2;7;3;0;1;2;0;1;0;0;0;0;0;352811,168433565995656;5646732,581146960146725;6,904387421000020;50,953389673000103
178803;5220823313110994674;5;9;58;4;2022;8;17;3;3;5;3;0;0;1;1;0;0;0;0;429327,665999996010214;5698007,768999639898539;7,983423607000080;51,428860645000000
178806;5220818516500771681;5;1;58;16;2022;8;8;5;3;5;3;0;0;1;1;0;0;0;0;356274,880999815999530;5671183,365999369882047;6,943953545000060;51,173994089000097
178809;5220819706000952435;5;5;58;12;2022;8;10;6;3;5;3;0;0;1;1;0;0;0;0;374147,538770531013142;5756622,784844609908760;7,168892040000060;51,946060930000002
178810;5220815601400995110;5;3;15;0;2022;8;11;2;3;5;2;0;0;1;1;0;0;0;0;356764,538999816984870;5648939,705999379977584;6,959766227000050;50,974220862999999
178811;5220821608100773639;5;3;34;2;2022;8;14;1;3;4;1;0;0;1;1;0;0;0;0;291873,905998949019704;5635693,933994890190661;6,044132055000030;50,835479262000000
178812;5220817601100995009;5;3;15;0;2022;8;9;4;3;0;1;0;0;1;0;0;0;0;0;354879,875631392002106;5643828,088708720169961;6,934977191000030;50,927812354000103
178813;5220825601400085209;5;3;15;0;2022;8;7;5;3;0;5;0;0;1;1;0;0;0;0;354078,072579139028676;5651285,056605479680002;6,920585350000070;50,994623185000101
178815;5220823316100089286;5;9;74;40;2022;8;18;3;3;7;5;0;0;1;0;0;0;0;1;438649,713446300011128;5713546,060911379754543;8,114794532000079;51,569646149000100
178817;5220812400100870381;5;7;11;0;2022;8;16;6;3;6;4;0;0;1;0;1;0;0;0;467872,717042725998908;5764399,584959499537945;8,531710108000031;52,029291310000097
178818;5220819601300680845;5;3;15;0;2022;8;0;6;3;5;2;2;0;1;1;0;0;0;0;355037,904999807011336;5645973,795999360270798;6,936370695000050;50,947135047000103
178819;5220814514110995138;5;1;66;32;2022;8;18;1;3;5;3;0;0;1;1;0;0;0;0;320003,692999461025465;5679754,001998060382903;6,421286236000070;51,240720717000002
178820;5220820711422079233;5;5;70;20;2022;8;16;7;3;0;1;0;1;1;0;0;0;0;0;436721,689333525020629;5746609,877706100232899;8,080972963000020;51,866684754000097
178822;5220827301202175386;5;9;13;0;2022;8;21;7;3;5;3;2;0;1;1;0;0;0;0;392678,702999957022257;5708964,912999619729817;7,453094110000050;51,521593328000101
178823;5220825500100087394;5;1;11;0;2022;8;8;5;3;5;2;0;0;1;0;0;0;0;0;344947,006485113990493;5682679,581394700333476;6,777056645000070;51,274333061999997
178824;5220816609152832990;5;3;58;52;2022;8;10;3;3;0;1;0;0;1;0;0;0;0;0;334049,709999622020405;5631017,617998849600554;6,644631367000040;50,807093628000104
178827;5220816506100995021;5;1;16;0;2022;8;19;3;3;1;5;0;0;1;1;0;0;0;0;321427,873518717999104;5673929,846098500303924;6,444567579000020;51,188848650000097
178828;5220823603116073810;5;3;66;16;2022;8;12;3;3;5;3;0;0;1;1;0;0;0;0;345650,620291022001766;5611554,801663409918547;6,817296531000070;50,635400464999996
178830;5220818607100181168;5;3;82;60;2022;8;15;5;3;0;1;0;0;1;0;1;0;0;0;373522,129626696987543;5628712,201483749784529;7,205326825000040;50,796335478000103
178831;5220822502229573543;5;1;13;0;2022;8;19;2;3;0;1;0;0;1;0;0;0;0;0;361297,547999846981838;5695192,517999440431595;7,006435580000070;51,390996039000100
178833;5220824609128005715;5;3;58;28;2022;8;11;4;3;5;3;0;0;1;1;0;0;0;0;323226,064752142003272;5624365,879221189767122;6,494358351000070;50,744131736000000
178835;5220812608408832891;5;3;34;8;2022;8;18;6;3;5;3;0;0;1;1;0;0;0;0;302411,917727620981168;5643734,309598550200462;6,189255138000020;50,911390222000101
178837;5220814302120995146;5;9;14;0;2022;8;14;1;3;0;1;0;0;1;0;0;0;0;0;391001,018999954976607;5689138,179999610409141;7,435024153000030;51,343060205000000
178839;5220823411132994697;5;7;74;32;2022;8;11;3;2;0;7;0;0;1;0;0;0;0;0;483375,228481277008541;5729246,993508690036833;8,759365584000021;51,713913099000102
178840;5220815610221749781;5;3;70;20;2022;8;18;2;3;3;6;0;0;1;1;0;0;0;0;305404,776996203989256;5659428,082900119945407;6,223373827000050;51,053368174000099
178842;5220824515111994605;5;1;54;8;2022;8;16;4;3;5;3;0;0;1;1;0;0;0;0;308023,416999319975730;5748518,589996710419655;6,212341988000050;51,854400839000000
178843;5220812600380995228;5;3;14;0;2022;8;18;6;2;5;2;0;0;1;1;0;0;0;0;367646,891386991017498;5618199,081407040357590;7,125784004000020;50,700530911000001
178845;5220815514215589522;5;1;66;28;2022;8;14;2;3;5;3;0;0;1;0;0;1;0;0;324398,674217831983697;5688331,231911740265787;6,479969640000040;51,319142835999997
178846;5220821601400994797;5;3;15;0;2022;8;14;1;3;0;3;0;0;1;0;0;0;0;0;355627,736585333012044;5647623,642390999943018;6,944107188000030;50,962109870000099
178852;5220812400300993647;5;7;11;0;2022;8;17;6;3;0;1;0;0;1;0;0;0;0;0;471344,022995678009465;5754812,816235819831491;8,583107659000060;51,943289385000099
178853;5220819600110994893;5;3;14;0;2022;8;15;6;3;0;7;0;0;1;0;0;0;0;0;363605,436506267986260;5623033,640828220173717;7,066800623000060;50,743049155999998
178856;5220816709800979149;5;5;66;40;2022;8;11;3;3;5;3;0;0;1;1;0;0;0;0;421319,872999991988763;5782144,464999680407345;7,849156545000030;52,184149748000003
178858;5220825307000080882;5;9;62;24;2022;8;17;5;3;5;6;0;0;1;1;0;0;0;0;406322,804350914026145;5699934,979228530079126;7,652089803000020;51,442848929000000
178864;5220811602900086661;5;3;62;40;2022;8;7;5;3;1;5;0;0;1;1;0;0;0;0;357575,570482596987858;5630281,542495920322835;6,978584398000070;50,806740201000103
178867;5220812400100995224;5;7;11;0;2022;8;18;6;3;1;1;0;0;1;0;0;0;0;1;466872,102669637009967;5771747,222296950407326;8,516412714000070;52,095291692000004
178869;5220814607400867694;5;3;82;44;2022;8;15;1;2;7;1;0;0;1;0;0;0;0;0;361675,442555138026364;5629041,916050209663808;7,037203442000020;50,796592451999999
178871;5220817513210571715;5;1;62;24;2022;8;11;4;3;1;5;0;0;1;1;0;0;0;0;337131,029672842996661;5675778,357427859678864;6,668237713000050;51,210147626000001
178872;5220825505200994560;5;1;14;0;2022;8;10;5;3;3;5;0;0;1;1;0;0;0;0;330076,429659042973071;5689748,502444409765303;6,560693957000070;51,333599481000100
178875;5220816501213995029;5;1;12;0;2022;8;18;3;3;5;3;0;0;1;1;0;0;0;0;339663,677999689010903;5697981,623998999595642;6,694484754000030;51,410355381999999
178876;5220823602500994659;5;3;62;24;2022;8;23;3;3;0;1;2;0;1;0;0;0;0;0;345981,334999738028273;5643652,198999189771712;6,808523662000030;50,923924713000098
178877;5220811705000995311;5;5;54;16;2022;8;16;5;3;3;7;0;0;1;1;0;0;0;0;363323,133967165020294;5757850,991053519770503;7,011010934000070;51,954543211000001
178881;5220825301103587342;5;9;13;0;2022;8;9;5;3;5;3;0;0;1;1;0;0;0;0;393459,193704625999089;5702299,936153760179877;7,466351499000040;51,461832876000102
178882;5220812700000089238;5;5;13;0;2022;8;19;6;3;5;3;0;0;1;1;0;0;0;0;368464,454999883018900;5713323,332999509759247;7,102633424000030;51,555641586000000
178884;5220813610221575577;5;3;70;20;2022;8;11;7;3;9;7;0;0;1;0;0;0;0;0;305651,369999230024405;5660557,954996789805591;6,226281228000060;51,063600024000003
178885;5220820410110582103;5;7;70;24;2022;8;1;7;2;8;1;2;0;1;0;0;0;0;0;492305,332999998994637;5792474,509999689646065;8,887203798000030;52,282581766000099
178887;5220815608324065645;5;3;34;24;2022;8;22;2;3;0;1;2;0;1;0;0;0;0;0;302355,786809262004681;5618118,166406320407987;6,202239368000050;50,681285979000101
178889;5220823406130087149;5;7;58;8;2022;8;16;3;3;5;3;0;0;1;1;0;0;0;0;469403,710894439020194;5776622,702121130190790;8,552928511000060;52,139270504000102