OBJECTID;UIDENTSTLAE;ULAND;UREGBEZ;UKREIS;UGEMEINDE;UJAHR;UMONAT;USTUNDE;UWOCHENTAG;UKATEGORIE;UART;UTYP1;ULICHTVERH;IstStrassenzustand;IstRad;IstPKW;IstFuss;IstKrad;IstGkfz;IstSonstige;LINREFX;LINREFY;XGCSWGS84;YGCSWGS84
179488;5220902307000053993;5;9;62;24;2022;9;16;6;3;0;1;0;0;1;0;0;0;0;0;405139,852430914004799;5689470,837753759697080;7,637870582000060;51,348586302999998
179489;5220830610221650666;5;3;70;20;2022;8;16;3;3;0;1;0;0;1;0;0;0;0;0;305435,467320642026607;5659229,175311479717493;6,223918085000040;51,051592011000103
179492;5220908711312696537;5;5;70;8;2022;9;18;5;2;7;7;0;0;1;0;1;0;0;0;433586,861361727991607;5732901,374003809876740;8,038077651000039;51,743081084000004
179495;5220905601700099862;5;3;16;0;2022;9;16;2;3;5;7;0;0;1;1;0;0;0;0;358745,862106790009420;5654736,685515780001879;6,985713831000060;51,026807359000003
179497;5220901601600053682;5;3;15;0;2022;9;10;5;3;5;3;0;0;1;1;0;0;0;0;364176,085293555981480;5639619,657908880151808;7,068743120000020;50,892252825000099
179498;5220907518400589227;5;1;70;8;2022;9;7;4;3;0;2;0;1;1;0;0;0;0;0;343845,547999728005379;5716044,092999120242894;6,746575493000020;51,573810092000002
179500;5220912515212017660;5;1;54;32;2022;9;9;2;2;5;3;0;0;1;1;0;0;0;0;309353,871999321971089;5718368,164996990002692;6,248135516000050;51,584077380000103
179502;5220910316100581575;5;9;74;40;2022;9;10;7;3;0;7;0;1;1;0;1;0;0;0;438201,697135096997954;5715091,866501689888537;8,108059067000060;51,583494814000098
179503;5220830404000956319;5;7;66;20;2022;8;15;3;3;1;5;0;0;1;1;0;0;0;0;491424,453469222993590;5754149,429067119956017;8,875256317000041;51,937996821000098
179504;5220831518300994240;5;1;70;20;2022;8;15;4;3;5;3;0;0;1;1;0;0;0;0;329582,322999587981030;5708670,100998580455780;6,544511320000030;51,503436061999999
179505;5220904500300978825;5;1;11;0;2022;9;17;1;3;6;6;0;0;1;0;1;0;0;0;343973,449999724980444;5676601,328999140299857;6,765759631000040;51,219452599000100
179506;5220908513110581544;5;1;62;16;2022;9;12;5;2;5;2;0;1;1;1;0;0;0;0;333860,628433456993662;5677736,454446730203927;6,620551656000030;51,226798018000103
179507;5220906701110599313;5;5;62;32;2022;9;15;3;3;5;3;0;0;1;1;0;0;0;0;379680,883255019027274;5718487,980794509872794;7,262574187000040;51,604562635999997
179510;5220902600380786271;5;3;14;0;2022;9;9;6;3;2;6;0;0;1;0;0;0;0;0;370104,655538538994733;5615999,298399589955807;7,161341730000060;50,681312716000001
179515;5220907609248786410;5;3;58;48;2022;9;16;4;1;5;3;0;0;1;1;0;0;0;0;321452,874755905009806;5637128,651546509936452;6,463045760000060;50,858250061000000
179516;5220908701620351227;5;5;62;12;2022;9;7;5;3;5;3;0;1;1;1;0;0;0;0;364171,606942708021961;5732445,594613489694893;7,033326316000060;51,726461357000098
179518;5220903606700893371;5;3;78;8;2022;9;2;7;3;9;1;2;0;1;0;0;0;0;0;364903,409573692013510;5660872,571765489876270;7,071175742000040;51,083432680999998
179519;5220906601100694855;5;3;15;0;2022;9;19;3;3;3;2;0;0;1;1;0;0;0;0;355568,757999809982721;5645182,465999360196292;6,944236303000030;50,940156774999998
179520;5220827601100378487;5;3;15;0;2022;8;23;7;3;8;7;2;0;1;0;0;0;0;0;356197,419999814999755;5645267,653999379836023;6,953144625000050;50,941079473000102
179522;5220901709700994081;5;5;66;28;2022;9;16;5;3;5;3;0;0;1;1;0;0;0;0;411476,354490379977506;5791107,664767449721694;7,702868705000070;52,263221829000003
179523;5220831301205680577;5;9;13;0;2022;8;15;4;3;5;2;0;0;1;1;0;0;0;0;387553,294614012993407;5713650,194101739674807;7,377751651000040;51,562707736999997
179526;5220829608408085787;5;3;34;8;2022;8;11;2;2;0;7;0;0;1;0;0;0;0;0;301709,629999149008654;5643540,907996379770339;6,179382890000060;50,909412342000103
179528;5220901405228687286;5;7;54;28;2022;9;16;5;3;5;3;0;0;1;1;0;0;0;0;450051,017999998992309;5746824,606999659910798;8,274512362000049;51,869968057000101
179530;5220908518100695973;5;1;70;48;2022;9;17;5;3;0;4;0;0;1;0;1;0;0;0;335556,303999653027859;5725557,536998840048909;6,622599804000060;51,656920457000098
179532;5220905301306194249;5;9;13;0;2022;9;19;2;3;0;3;0;0;1;1;0;0;0;0;398748,213999968022108;5712049,677999629639089;7,539660021000030;51,550442267000101
179534;5220906518310195939;5;1;70;32;2022;9;11;3;3;5;3;0;0;1;1;0;0;0;0;333615,177015693974681;5713551,289745789952576;6,600258506000050;51,548489250999999
179538;5220830608100151906;5;3;34;2;2022;8;13;3;3;2;6;0;0;1;1;0;0;0;0;294828,853487864020281;5626834,352961420081556;6,090988708000050;50,756964558000000
179539;5220905515211585913;5;1;54;16;2022;9;21;2;3;5;3;2;0;1;1;0;0;0;0;304095,064999249007087;5729054,529996289871633;6,166348004000040;51,678243564000098
179540;5220907602700379465;5;3;62;28;2022;9;18;4;3;5;3;0;0;1;1;0;0;0;0;350978,280018328980077;5637759,144986719824374;6,881975305000030;50,872279117000097
179541;5220909301203169350;5;9;13;0;2022;9;23;6;3;5;2;2;0;1;1;0;0;0;0;393499,517700196010992;5715415,559493450447917;7,462967447000040;51,579729794999999
179542;5220828601700786944;5;3;16;0;2022;8;9;1;3;0;3;0;0;1;0;0;0;0;1;356380,665981227997690;5657443,323953700251877;6,950935955000030;51,050545020000101
179544;5220905709110596663;5;5;66;8;2022;9;16;2;3;8;1;0;0;1;0;0;0;0;0;398395,299999967974145;5781995,465999660082161;7,513994990000070;52,179064277000101
179546;5220901601200086637;5;3;15;0;2022;9;7;5;3;3;2;0;0;1;1;0;0;0;0;354146,012999801023398;5644539,710999339818954;6,924257070000070;50,934022410000097
179547;5220912600110595282;5;3;14;0;2022;9;18;2;2;0;7;0;0;1;0;0;0;0;0;362978,441999853006564;5622429,880999449640512;7,058143812000030;50,737475103000101
179550;5220912506100591602;5;1;16;0;2022;9;9;2;2;5;3;0;0;1;1;0;0;0;0;321226,944999474973883;5670860,616998160257936;6,443221621000020;51,161214149999999
179556;5220908513210475545;5;1;62;24;2022;9;10;5;3;3;1;0;1;1;0;0;0;0;0;339992,125999689975288;5676796,209999030455947;6,708709907000070;51,220101732000003
179557;5220905500100095577;5;1;11;0;2022;9;8;2;3;6;7;0;0;1;0;1;0;0;0;345633,218688188004307;5677121,352080590091646;6,789283889000050;51,224576415999998
179558;5220904513210271877;5;1;62;24;2022;9;17;1;3;0;1;0;0;1;0;0;0;0;0;342632,698999712010846;5672130,129999100230634;6,748536550000040;51,178909843000000
179559;5220906606100014815;5;3;78;4;2022;9;7;3;3;0;6;0;0;1;1;0;0;0;0;367196,801016722980421;5652684,420777739956975;7,106903184000030;51,010377120999998
179561;5220911601100093455;5;3;15;0;2022;9;14;1;3;4;6;0;0;1;0;0;0;0;1;357239,011569345020689;5642933,876635329797864;6,968874451000030;50,920364769999999
179564;5220829508000181917;5;1;19;0;2022;8;6;2;3;5;3;1;0;1;1;0;0;0;0;349445,036227915028576;5707405,740900400094688;6,831010627000070;51,497715812000102
179567;5220907711311476733;5;5;70;8;2022;9;12;4;3;5;3;0;0;1;0;0;0;0;0;434011,260999995982274;5734198,405999650247395;8,043977546000059;51,754791664000003
179569;5220829503300076027;5;1;20;0;2022;8;17;2;2;0;7;0;0;1;0;0;0;0;0;374345,573395688028540;5670793,368570029735565;7,202452326000070;51,174745544000103
179570;5220903608312894929;5;3;34;12;2022;9;22;7;3;3;6;2;0;1;1;0;0;0;0;306197,624283711018506;5633985,889466470107436;6,248204665000060;50,825110318999997
179572;5220827500200872113;5;1;11;0;2022;8;23;7;3;0;1;2;0;1;0;0;0;0;0;345709,679840744007379;5678210,250831579789519;6,789909185000060;51,234381333999998
179574;5220902411232078071;5;7;74;32;2022;9;15;6;3;8;6;0;0;1;0;0;0;0;0;478250,406000001996290;5731353,593999659642577;8,685056089000060;51,732678749999998
179579;5220830500300791134;5;1;11;0;2022;8;17;3;3;3;2;0;0;1;0;0;0;0;0;352484,216999790980481;5669626,805999309755862;6,890403929000060;51,159041355000099
179581;5220904709500055963;5;5;66;76;2022;9;14;1;3;0;1;0;0;1;0;0;0;0;0;393920,421845595992636;5792090,104829099960625;7,445408050000030;52,268945631000101
179582;5220901506100591467;5;1;16;0;2022;9;16;5;3;2;2;0;0;1;1;0;0;0;0;319747,378999456006568;5673818,129998049698770;6,420601149000050;51,187317630000102
179583;5220906601300079188;5;3;15;0;2022;9;7;3;2;5;2;0;1;1;0;0;0;0;0;354061,953209304017946;5645746,069974609650671;6,922578375000060;50,944842306000098
179584;5220828501319591460;5;1;12;0;2022;8;9;1;3;0;1;0;0;1;0;0;0;0;0;343791,499289045983460;5697679,040082910098135;6,753923326000060;51,408788770999998
179585;5220912601200986507;5;3;15;0;2022;9;18;2;3;6;7;0;0;1;0;1;0;0;0;355740,681528394983616;5640106,928320419974625;6,948688878000040;50,894586699000101
179586;5220902701300173593;5;5;62;14;2022;9;22;6;3;0;1;2;0;1;0;0;0;0;0;360873,808405425981618;5715661,830811539664865;6,992284977000050;51,574834689000099
179587;5220907516400689276;5;1;58;24;2022;9;12;4;3;5;3;0;0;1;0;0;0;0;0;357653,558940661023371;5678885,111250289715827;6,960606773000050;51,243550551000098
179588;5220828602800186144;5;3;62;12;2022;8;14;1;3;0;1;0;0;1;0;0;0;0;0;351805,420458040025551;5631779,802949779666960;6,896141990000050;50,818757441000102
179589;5220905505200086738;5;1;14;0;2022;9;16;2;3;5;3;0;0;1;1;0;0;0;0;327756,996507562987972;5689322,315786439925432;6,527636873000060;51,329072979000003
179590;5220903506100491238;5;1;16;0;2022;9;23;7;3;0;7;2;0;1;0;0;0;0;0;321020,257999474008102;5674887,269998139701784;6,438263522000060;51,197321900000098
179591;5220906405108993170;5;7;54;8;2022;9;12;3;3;4;6;0;0;1;0;0;0;0;0;457492,589984909980558;5750982,124008170329034;8,382078238000080;51,907963423000098
179592;5220830502226786115;5;1;13;0;2022;8;15;3;3;1;5;0;0;1;0;0;0;0;1;360496,454848752007820;5697625,768703619949520;6,993972327000050;51,412665742999998
179593;5220831514219078946;5;1;66;36;2022;8;8;4;3;1;5;0;0;1;1;0;0;0;0;326980,548623439972289;5679851,526425110176206;6,521090545000050;51,243755346000100
179595;5220906709700891641;5;5;66;28;2022;9;14;3;2;5;3;0;0;1;1;0;0;0;0;416807,517545821028762;5791902,018591240048409;7,780770237000070;52,271194123000001
179596;5220828500200786780;5;1;11;0;2022;8;13;1;3;5;3;0;0;1;1;0;0;0;0;342619,534999714000151;5685839,233999090269208;6,742323674000030;51,302084710000003
179598;5220902607400969862;5;3;82;44;2022;9;7;6;3;3;6;0;0;1;1;0;0;0;0;361804,305392327019945;5633141,370243309997022;7,037486811000060;50,833467081999999
179599;5220910500300986846;5;1;11;0;2022;9;10;7;3;2;2;0;1;1;0;0;1;0;0;344220,592999727989081;5675633,501999139785767;6,769716136000060;51,210823822000101
179601;5220831500300090000;5;1;11;0;2022;8;19;4;3;4;3;0;0;1;1;0;0;0;0;348062,734498634992633;5672585,150725140236318;6,825970976000060;51,184467312000002
179603;5220908406120931947;5;7;58;16;2022;9;8;5;3;0;1;0;0;1;0;0;0;0;0;473000,558000001998153;5780044,448999679647386;8,605211982000069;52,170221251000001
179604;5220905500300978862;5;1;11;0;2022;9;16;2;3;5;3;0;0;1;0;0;0;0;1;343661,325999722990673;5674519,444999130442739;6,762201065000060;51,200660847999998
179608;5220912405108187154;5;7;54;8;2022;9;15;2;3;1;5;0;0;1;1;0;0;0;0;458376,262536425027065;5750539,284238950349391;8,394976725000051;51,904048762000102
179609;5220902503400207477;5;1;22;0;2022;9;18;6;2;0;7;0;1;1;0;0;0;0;0;358565,436999807017855;5668767,643999409861863;6,977648714000050;51,152855987000102
179610;5220829601400690269;5;3;15;0;2022;8;19;2;3;4;6;0;0;1;0;0;1;0;0;355706,402520661009476;5649769,192702770233154;6,944375316000050;50,981411108000003
179611;5220830711211986957;5;5;70;4;2022;8;13;3;3;5;3;0;0;1;1;0;0;0;0;423620,088999992003664;5735848,960999660193920;7,893099182000070;51,768308916000102
179616;5220829500300895601;5;1;11;0;2022;8;9;2;3;5;2;0;0;1;1;0;0;0;0;344441,370999730017502;5676234,210999149829149;6,772613904000020;51,216281592000001
179617;5220903701500175302;5;5;62;24;2022;9;18;7;3;5;3;0;0;1;0;0;0;0;0;367444,605999879015144;5723712,362999510020018;7,084004581000040;51,648764395000100
179619;5220827505200994445;5;1;14;0;2022;8;12;7;3;5;3;0;0;1;1;0;0;0;0;329117,960238601022866;5689107,371162019670010;6,547255830000040;51,327552509000000
179621;5220902405108082109;5;7;54;8;2022;9;10;6;3;1;5;0;0;1;1;0;0;0;0;457700,884988670994062;5749917,718944549560547;8,385236642000050;51,898409651000101
179622;5220907405104087051;5;7;54;4;2022;9;12;4;2;8;1;0;0;1;0;0;0;0;0;451812,383014579012524;5773393,198241120204329;8,296359479000049;52,108982603000101
179624;5220902601100868341;5;3;15;0;2022;9;13;6;3;0;2;0;0;1;0;0;0;0;0;356263,479999814997427;5646101,694999380037189;6,953755117000070;50,948591342999997
179625;5220909705000196646;5;5;54;56;2022;9;14;6;3;5;3;0;1;1;1;0;0;0;0;356693,126999824016821;5762239,954999390058219;6,912763022000040;51,992309419999998
179628;5220904607400078277;5;3;82;44;2022;9;11;1;3;0;6;0;0;1;0;0;0;0;0;361396,088623908988666;5631604,658858030103147;7,032274260000070;50,819558339000103
179629;5220901513110086953;5;1;62;16;2022;9;13;5;3;0;7;0;0;1;0;0;0;0;0;334556,183129379991442;5678137,909531329758465;6,630318900000020;51,230606895999998
179631;5220906602800848445;5;3;62;12;2022;9;19;3;2;5;2;0;0;1;1;0;0;0;0;350597,806052284024190;5630431,843235040083528;6,879559244000060;50,806333543000100
179633;5220912410120993982;5;7;70;32;2022;9;15;2;3;5;3;0;0;1;1;0;0;0;0;493059,698906024976168;5790039,821422429755330;8,898312134000040;52,260702675000097
179634;5220902502307438988;5;1;13;0;2022;9;19;6;3;0;7;0;0;1;0;0;0;0;0;359186,540043085988145;5703015,498479199595749;6,973005276000040;51,460775136999999
179635;5220909500200086213;5;1;11;0;2022;9;12;6;3;5;3;0;0;1;1;0;0;0;0;342138,745999711973127;5685202,801999079994857;6,735713854000040;51,296233242000000
179636;5220829609108681356;5;3;58;8;2022;8;15;2;3;0;7;0;0;1;0;1;0;0;0;322235,819141861982644;5629335,636945700272918;6,477935958000050;50,788478488000102
179638;5220905518100996059;5;1;70;48;2022;9;7;2;3;5;3;0;0;1;1;0;0;0;0;335513,476491416979115;5725999,579521849751472;6,621773230000030;51,660879118000103
179639;5220908515110982191;5;1;54;36;2022;9;12;5;3;3;2;0;0;1;0;0;0;0;1;302953,750580994004849;5741678,076274169608951;6,142715845000050;51,791206433000099
179640;5220903700000075351;5;5;13;0;2022;9;20;7;3;5;3;1;0;1;1;0;0;0;0;370148,132803364016581;5710520,863684610463679;7,127940084000040;51,530846273000101
179641;5220906518400048293;5;1;70;8;2022;9;11;3;3;0;2;0;0;1;0;0;0;0;1;344400,308500159007963;5714971,228985000401735;6,755049524000070;51,564324098999997
179642;5220827702100072348;5;5;15;0;2022;8;17;7;3;1;5;0;0;1;0;0;0;0;1;406048,705429340014234;5756985,054931050166488;7,632776449000060;51,955620241000098
179649;5220829603116267837;5;3;66;16;2022;8;17;2;3;5;3;0;0;1;1;0;0;0;0;343712,715001981006935;5614197,500998090021312;6,788798705000030;50,658632298000001
179651;5220829608100775604;5;3;34;2;2022;8;16;2;2;2;1;0;0;1;0;0;0;0;0;288401,200717059022281;5632033,989425069652498;5,996994092000020;50,801352479000101
179652;5220831505200985886;5;1;14;0;2022;8;18;4;3;3;3;0;0;1;1;0;0;0;0;329342,728999580023810;5689966,340998589992523;6,550067403000070;51,335336773999998
179653;5220904317240078674;5;9;78;40;2022;9;14;1;3;0;7;0;0;1;1;0;0;0;0;405733,762713265023194;5724702,980069669894874;7,636977469000040;51,665393482000098
179654;5220908404101994019;5;7;66;20;2022;9;7;5;3;3;3;0;0;1;1;0;0;0;0;490532,957026472024154;5755314,478140289895236;8,862256174000040;51,948457345000101
179658;5220827701400189528;5;5;12;0;2022;8;19;7;2;5;3;1;0;1;1;0;0;0;0;356163,101392324024346;5709741,739804710261524;6,926772685000060;51,520455997000099
179659;5220912303200594370;5;9;15;0;2022;9;13;2;3;5;3;0;0;1;0;0;0;0;0;415781,944999988016207;5727561,834999649785459;7,781539901000030;51,692688895000103
179661;5220830702100550183;5;5;15;0;2022;8;17;3;3;3;2;0;0;1;1;0;0;0;0;405682,920999978028703;5756896,932999660260975;7,627479219000070;51,954766243000101
179662;5220901500300972700;5;1;11;0;2022;9;8;5;3;5;2;0;0;1;1;0;0;0;0;347710,775475713016931;5676202,575927089899778;6,819403977000040;51,216878668000000
179663;5220907603116094780;5;3;66;16;2022;9;7;4;3;6;7;0;0;1;0;1;0;0;0;343611,783999715989921;5612997,440999150276184;6,787878623000040;50,647821073000003
179664;5220908705000281101;5;5;54;68;2022;9;17;5;3;4;2;0;0;1;1;0;0;0;0;351064,962999787996523;5767716,117999279871583;6,828470401000060;52,040029269000101
179666;5220903301302278675;5;9;13;0;2022;9;9;7;3;4;7;0;0;1;1;0;0;0;0;396469,978782378020696;5707958,265933860093355;7,508016160000070;51,513252645000101
179668;5220827515111076310;5;1;54;8;2022;8;21;7;3;4;6;2;0;1;1;0;0;0;0;311702,087999375013169;5747573,132997130043805;6,266207928000030;51,847162749000098
179670;5220902316300075448;5;9;74;28;2022;9;15;6;3;5;3;0;0;1;1;0;0;0;0;454977,822000000975095;5724872,066999649628997;8,348913014000059;51,673018236000097
179671;5220907500200062215;5;1;11;0;2022;9;7;4;3;0;5;0;1;1;1;0;0;0;0;345010,750901343999431;5678676,436236869543791;6,779703893000030;51,238380780000099
179672;5220828602300025962;5;3;62;36;2022;8;9;1;3;6;4;0;0;1;0;1;0;0;0;342541,530493634985760;5654272,337781449779868;6,755021526000060;51,018425077000103
179675;5220830500100457529;5;1;11;0;2022;8;8;3;3;5;3;0;0;1;1;0;0;0;0;340439,110591395990923;5679262,406045610085130;6,714006959000070;51,242385555000098
179677;5220904705000720880;5;5;54;20;2022;9;12;1;3;8;1;0;0;1;0;0;0;0;0;363487,066314939991571;5785420,956862280145288;7,002362988000070;52,202310619000102
179678;5220901514210894804;5;1;66;12;2022;9;7;5;3;5;3;0;0;1;1;0;0;0;0;319410,807999457989354;5694890,469997979700565;6,405139239000050;51,376501549000103
179681;5220828601200994403;5;3;15;0;2022;8;15;1;2;0;7;0;0;1;0;0;0;0;0;353434,439999795984477;5643850,700999329797924;6,914414412000040;50,927650132000103
179683;5220902502103891217;5;1;13;0;2022;9;16;6;3;0;7;0;0;1;1;0;0;0;0;361589,949991377012338;5703609,284708299674094;7,007346948000080;51,466703897999999
179684;5220909406110331922;5;7;58;12;2022;9;11;6;2;0;1;0;0;1;0;0;0;0;0;476925,211495032010134;5774107,218151070177555;8,663000574000019;52,117020163000099
179685;5220829605136015285;5;3;74;36;2022;8;11;2;3;5;2;0;0;1;1;0;0;0;0;384850,308999939006753;5673743,322999590076506;7,351712171000030;51,203473180000103
179689;5220905313110894467;5;9;58;4;2022;9;5;2;2;5;3;1;0;1;1;0;0;0;0;428739,069999996980187;5700611,753999640233815;7,974434244000070;51,452197737000098
179690;5220903508000485396;5;1;19;0;2022;9;15;7;3;5;3;0;0;1;1;0;0;0;0;350587,698999779007863;5704206,333999279886484;6,848813666000070;51,469271005000103
179692;5220828310220994411;5;9;54;8;2022;8;12;1;3;5;3;0;0;1;1;0;0;0;0;385808,652750182023738;5684334,087666420266032;7,362044743000070;51,298860034000000
179693;5220910709300496624;5;5;66;68;2022;9;3;7;3;8;1;2;1;1;0;0;0;0;0;375793,098819829989225;5784798,889148220419884;7,182566143000030;52,199630957000103
179694;5220901709110476750;5;5;66;12;2022;9;13;5;3;5;3;0;0;1;1;0;0;0;0;405685,971999978006352;5772271,078999659977853;7,623286567000040;52,092954689000102
179696;5220830603144981189;5;3;66;44;2022;8;18;3;3;5;5;0;0;1;1;0;0;0;0;334464,348846103996038;5618239,771800870075822;6,656254182000050;50,692398974000099
179698;5220909301301972381;5;9;78;24;2022;9;12;6;3;0;1;0;0;1;0;0;0;0;0;398440,918544479995035;5719844,096141300164163;7,532974481000050;51,620448336000003
179699;5220829405236994359;5;7;54;36;2022;8;8;2;3;5;3;0;0;1;1;0;0;0;0;476663,457000000984408;5751052,636999660171568;8,660749096000069;51,909730519999997
179701;5220905601600590270;5;3;15;0;2022;9;15;2;3;0;3;0;0;1;1;0;0;0;0;359408,679999832005706;5644009,981999410316348;6,999308107000050;50,930568598999997
179706;5220912514210993738;5;1;66;12;2022;9;15;2;3;5;7;0;0;1;0;0;0;0;0;320093,476999467005953;5692690,502998040057719;6,416050841000070;51,356956448000098
179707;5220902607400081284;5;3;82;68;2022;9;21;6;2;0;7;2;0;1;0;0;0;0;0;370121,617433160019573;5630723,166772609576583;7,156389723000070;50,813658232000101
179709;5220830600110895379;5;3;14;0;2022;8;17;3;3;0;1;0;0;1;0;0;0;0;0;362127,484460551990196;5624660,622620170004666;7,045256583000030;50,757322844999997
179712;5220903316100994057;5;9;74;40;2022;9;16;7;3;5;3;0;0;1;1;0;0;0;0;436954,770999998028856;5712442,111999640241265;8,090540009000049;51,559534112999998
179714;5220827508000577780;5;1;19;0;2022;8;11;7;3;5;3;0;0;1;1;0;0;0;0;351393,243999785976484;5709667,011999299749732;6,858103577000070;51,518549801000098
179717;5220907502401581454;5;1;17;0;2022;9;11;4;3;0;1;0;1;1;0;0;0;0;0;352753,067999796010554;5699380,904999320395291;6,881974723000040;51,426478969000101
179720;5220902702100696691;5;5;15;0;2022;9;12;6;3;5;5;0;0;1;1;0;0;0;0;406444,642999977979343;5758004,780999659560621;7,638258817000060;51,964852779000097
179722;5220830513310994221;5;1;62;8;2022;8;7;3;3;4;6;0;0;1;0;0;0;0;0;331516,087515228020493;5662130,673463730141521;6,594311243000050;51,085903772999998
179726;5220908601100986472;5;3;15;0;2022;9;9;5;3;0;1;0;1;1;0;0;0;0;0;355489,688218892028090;5644038,222149879671633;6,943565384000070;50,929853870999999
179731;5220909515210591515;5;1;54;52;2022;9;9;6;3;5;3;0;0;1;1;0;0;0;0;310183,928019439976197;5702891,918169390410185;6,268434853000030;51,445358441000103
179732;5220829711411279233;5;5;70;28;2022;8;16;2;3;0;1;0;0;1;0;0;0;0;0;441462,845157836971339;5742417,129217759706080;8,150532885000080;51,829508767000000
179733;5220831302100577931;5;9;14;0;2022;8;18;4;3;0;7;0;0;1;0;1;0;0;0;392937,427999958978035;5690863,765999609604478;7,462296486000070;51,358939060000097
179734;5220901500200002247;5;1;11;0;2022;9;18;5;3;3;1;0;0;1;1;0;0;0;0;343806,951999725017231;5681876,595999130047858;6,761076232000050;51,266806718000097
179735;5220908515111055228;5;1;54;44;2022;9;20;5;2;0;1;2;0;1;0;0;0;0;0;325506,303881401021499;5733675,144625250250101;6,473392991000030;51,726808894999998
179736;5220909515110276310;5;1;54;36;2022;9;15;6;3;0;3;0;1;1;1;0;1;0;0;301686,277630354976282;5740876,589493989944458;6,124819645000060;51,783561309000000
179738;5220906506100085961;5;1;16;0;2022;9;14;3;2;1;5;0;0;1;1;0;0;0;0;321882,354566594003700;5671160,737757350318134;6,452436618000040;51,164114650999998
179739;5220827609248089877;5;3;58;48;2022;8;4;7;3;0;1;2;0;1;0;0;0;0;0;321717,320999471994583;5637350,000998250208795;6,466691505000030;50,860320227999999
179744;5220907606100293397;5;3;78;4;2022;9;9;4;3;5;3;0;0;1;0;0;0;0;0;367214,245999875012785;5646711,044999489560723;7,109334359000060;50,956694721000098
179746;5220829314110994327;5;9;66;24;2022;8;16;2;3;5;3;0;0;1;1;0;0;0;0;418412,645999989006668;5650171,776999619789422;7,837333563000070;50,997334190000103
179748;5220906314310599404;5;9;66;20;2022;9;8;3;3;5;5;0;0;1;1;0;0;0;0;434677,544929746014532;5663306,984773679636419;8,066709387000060;51,117512250000097
179752;5220906706000020602;5;5;58;36;2022;9;12;3;3;3;6;0;0;1;1;0;0;0;0;388187,005999948014505;5728913,081999620422721;7,382015745000050;51,700015772000000
179754;5220912500300071859;5;1;11;0;2022;9;15;2;3;5;2;0;0;1;1;0;0;0;0;352841,906999791972339;5667951,116999319754541;6,896200578000050;51,144075393999998
179757;5220829709500994345;5;5;66;76;2022;8;13;2;3;0;3;0;0;1;1;0;0;0;0;392401,658999958017375;5792113,272999660111964;7,423152328000070;52,268858774000101
179760;5220908505200086035;5;1;14;0;2022;9;15;5;2;6;4;0;0;1;0;1;0;0;0;330285,374619449023157;5689664,449130079708993;6,563730559000020;51,332906757000003
179762;5220904307000294336;5;9;62;40;2022;9;13;1;3;0;1;0;0;1;0;0;0;0;0;419863,413999991025776;5699816,527999640442431;7,846904872000040;51,443861951000002
179763;5220906600110086286;5;3;14;0;2022;9;13;3;3;0;1;0;0;1;0;0;0;0;0;366808,280121027026325;5619894,386799040250480;7,113303829000070;50,715576967000104
179764;5220827608332381361;5;3;34;32;2022;8;19;7;3;1;6;0;0;1;1;0;0;0;0;304714,514752938004676;5627868,856299850158393;6,230424143000050;50,769667093000102
179767;5220829601500994349;5;3;15;0;2022;8;15;2;3;4;6;0;0;1;0;0;0;0;1;359192,475213721976615;5646102,428109389729798;6,995424676000030;50,949320855000103
179769;5220831702100374642;5;5;15;0;2022;8;15;4;2;6;4;0;0;1;0;1;0;0;0;405136,750999976997264;5757672,333999659866095;7,619319611000040;51,961642966000099
179770;5220907706100423615;5;5;58;16;2022;9;17;4;3;0;5;0;0;1;1;0;0;0;0;381669,378978908003774;5743753,388873640447855;7,282692189000040;51,832053540000103
179772;5220829513130994337;5;1;62;22;2022;8;15;2;2;0;1;0;0;1;0;0;0;0;0;339699,333363851998001;5679540,006302240304649;6,703293169000060;51,244672374000103
179773;5220903709300712283;5;5;66;96;2022;9;7;7;3;0;6;0;0;1;1;0;0;0;0;384511,996130142011680;5784974,866006240248680;7,310021352000040;52,203107932000101
179774;5220904500200571614;5;1;11;0;2022;9;13;1;2;6;4;0;0;1;0;1;0;0;0;348315,213999760977458;5681752,427999230101705;6,825701184000020;51,266908601000097
179777;5220827701200285379;5;5;62;20;2022;8;15;7;2;0;1;0;0;1;0;0;0;0;0;371714,489046782022342;5715205,432719799689949;7,148800727000040;51,573304340999996
179778;5220911508000375312;5;1;19;0;2022;9;16;1;3;1;1;0;0;1;1;0;0;0;0;352527,344999792985618;5704517,373999309726059;6,876589461000040;51,472574696000002
179780;5220909601500190324;5;3;15;0;2022;9;12;6;3;5;3;0;0;1;1;0;0;0;0;359872,137999836995732;5649177,311999419704080;7,003909975000060;50,977120765000102
179782;5220831513310281906;5;1;62;8;2022;8;15;4;3;5;3;0;0;1;1;0;0;0;0;330149,284034023992717;5662211,235099690034986;6,574776186000070;51,086224518000101
179783;5220831711151580988;5;5;70;32;2022;8;11;4;3;5;3;0;0;1;1;0;0;0;0;420429,572999991010875;5765695,631999669596553;7,839981055000070;52,036164470000102
179791;5220910600110873846;5;3;14;0;2022;9;17;7;3;0;5;0;1;1;1;0;0;0;0;365801,874069395009428;5620723,732291719876230;7,098754477000060;50,722799603000098