OBJECTID;UIDENTSTLAE;ULAND;UREGBEZ;UKREIS;UGEMEINDE;UJAHR;UMONAT;USTUNDE;UWOCHENTAG;UKATEGORIE;UART;UTYP1;ULICHTVERH;IstStrassenzustand;IstRad;IstPKW;IstFuss;IstKrad;IstGkfz;IstSonstige;LINREFX;LINREFY;XGCSWGS84;YGCSWGS84
179792;5220902301102675340;5;9;13;0;2022;9;16;6;3;0;7;0;0;1;0;0;0;0;0;394999,690987744019367;5703787,481456950306892;7,488076546000060;51,475491777999999
179795;5220907513320790236;5;1;62;4;2022;9;18;4;3;5;2;0;0;1;1;0;0;0;0;344452,004375746008009;5665436,191547909751534;6,777436653000050;51,119259372999998
179796;5220829301301766168;5;9;78;24;2022;8;14;2;3;5;2;0;0;1;1;0;0;0;0;397142,071291450993158;5718924,358588759787381;7,514489295000030;51,611945370999997
179797;5220903503400775368;5;1;22;0;2022;9;15;7;2;5;2;0;0;1;1;0;0;0;0;366309,950999872991815;5670891,921999489888549;7,087528766000050;51,173809061000000
179799;5220830513210181419;5;1;62;24;2022;8;13;3;3;6;4;0;0;1;0;1;0;0;0;338444,158527208026499;5674628,309346360154450;6,687538786000060;51,200187566000103
179800;5220831608100985694;5;3;34;2;2022;8;13;4;3;5;2;0;0;1;1;0;0;0;0;294812,942985460977070;5628992,430486139841378;6,089560134000070;50,776341177000099
179803;5220905601200190176;5;3;15;0;2022;9;15;2;3;5;2;0;0;1;0;0;0;1;0;356748,452999818022363;5641889,060999380424619;6,962310019000030;50,910853498000101
179806;5220912600110578286;5;3;14;0;2022;9;9;2;3;5;3;0;0;1;1;0;0;0;0;362856,305999853997491;5623636,547999450005591;7,055964801000070;50,748291457000100
179807;5220902601500766012;5;3;15;0;2022;9;13;6;3;5;2;0;0;1;1;0;0;0;0;360363,432844894006848;5646446,751464550383389;7,011951923000030;50,952700196000102
179809;5220829609108877509;5;3;58;8;2022;8;18;2;3;2;4;0;0;1;0;1;0;0;0;323044,555222654016688;5631189,308756699785590;6,488505292000070;50,805379597000098
179812;5220908400200372190;5;7;11;0;2022;9;21;5;3;5;2;2;0;1;1;0;0;0;0;467692,504000000015367;5763668,346999670378864;8,529152450000030;52,022706563000000
179814;5220903516900691137;5;1;58;26;2022;9;19;7;3;5;3;1;0;1;1;0;0;0;0;352846,134999793022871;5665305,511999320238829;6,897341381000050;51,120302461000101
179816;5220827608408732715;5;3;34;8;2022;8;13;7;3;0;1;0;0;1;0;0;0;0;0;301250,277212360990234;5644947,699063920415938;6,172090959000060;50,921889724000003
179818;5220902500300064051;5;1;11;0;2022;9;13;6;3;5;3;0;0;1;1;0;0;0;0;345083,454999734996818;5674222,457999159581959;6,782668873000030;51,198379674000101
179819;5220829600110994325;5;3;14;0;2022;8;18;2;2;6;4;0;0;1;0;1;0;0;0;366575,684999871009495;5621770,230999480001628;7,109332359000060;50,732383759000101
179820;5220830705000576736;5;5;54;8;2022;8;17;3;2;5;2;0;0;1;1;0;0;0;0;335987,893999661027920;5745332,325998829677701;6,619509494000060;51,834695590000102
179821;5220901405108006297;5;7;54;8;2022;9;12;5;3;0;1;0;0;1;0;0;0;0;0;455725,565873635991011;5750788,424706339836121;8,356417967000031;51,906084312000097
179822;5220905513310689890;5;1;62;8;2022;9;16;2;3;5;3;0;0;1;1;0;0;0;0;329564,246965689992066;5659899,980858650058508;6,567520351000040;51,065286076000099
179823;5220907610112085865;5;3;70;8;2022;9;20;4;3;5;3;0;0;1;0;0;0;0;0;288539,113998895976692;5653396,144994099624455;5,986581702000020;50,993240580000098
179824;5220909400200055572;5;7;11;0;2022;9;19;6;3;5;3;1;1;1;1;0;0;0;0;467816,745999999984633;5763106,068999670445919;8,531015949000050;52,017658554000000
179825;5220829514121082157;5;1;66;4;2022;8;10;2;3;5;3;0;0;1;0;0;1;0;0;304011,861599507974461;5680703,351999630220234;6,191943073000060;51,243978552000002
179828;5220827600110090876;5;3;14;0;2022;8;19;7;3;0;7;0;0;1;0;0;0;0;0;362002,737308933981694;5624203,798932760022581;7,043660258000050;50,753187432000097
179829;5220910702100474754;5;5;15;0;2022;9;20;7;3;2;6;2;1;1;1;0;0;0;0;407330,902055659971666;5756386,116012089885771;7,651591474000040;51,950451803000099
179830;5220902405232284967;5;7;54;32;2022;9;13;6;3;0;7;0;0;1;0;0;0;0;1;461737,939995291992091;5742024,073064549826086;8,444781313000020;51,827731735000000
179831;5220907501215995902;5;1;12;0;2022;9;7;4;3;3;5;0;0;1;1;0;0;0;0;338418,706709566002246;5696337,823736499994993;6,677347371000050;51,395233328000103
179833;5220902609108574408;5;3;58;8;2022;9;15;6;3;0;1;0;0;1;0;0;0;0;0;324185,959962130000349;5628301,635974490083754;6,506070365000030;50,779783372000097
179834;5220910406230490779;5;7;58;20;2022;9;22;7;3;0;5;2;1;1;1;0;0;0;0;474590,311430195986759;5788191,780015680007637;8,627845469000020;52,243544932000098
179835;5220830500200502247;5;1;11;0;2022;8;16;3;3;0;1;0;0;1;0;0;0;0;0;345711,739999739977065;5678276,369999179616570;6,789910195000060;51,234976001000099
179836;5220831515000591081;5;1;54;64;2022;8;10;4;3;0;6;0;0;1;0;0;0;0;0;305421,264311105012894;5723029,166604449972510;6,188857587000030;51,624592811000099
179838;5220901515111585966;5;1;54;8;2022;9;8;5;3;3;1;0;0;1;0;0;0;0;0;310930,020999362983275;5747199,694997049868107;6,255216717000050;51,843548058000103
179839;5220908601200993140;5;3;15;0;2022;9;19;5;3;5;2;0;0;1;0;0;0;0;1;355014,705999805999454;5642813,984999359585345;6,937297655000070;50,918732726000002
179840;5220906316300090709;5;9;74;28;2022;9;16;3;2;4;3;0;0;1;0;0;0;0;0;454828,442258498980664;5725558,212465059943497;8,346664151000031;51,679175289000099
179841;5220827410230340210;5;7;70;4;2022;8;13;7;3;0;7;0;1;1;1;0;0;0;0;485233,302183891995810;5783578,170415230095387;8,783924265000049;52,202454509000098
179843;5220902405108590674;5;7;54;8;2022;9;8;6;3;5;3;0;0;1;1;0;0;0;0;456416,859491002978757;5749367,781249090097845;8,366645713000031;51,893366444000002
179847;5220909607200193411;5;3;82;20;2022;9;13;6;3;5;3;0;0;1;1;0;0;0;0;379037,112080610007979;5625953,609270149841905;7,284451919000050;50,772716439000099
179848;5220830405220994311;5;7;54;20;2022;8;5;3;3;3;2;1;0;1;1;0;0;0;0;446307,431999999971595;5748436,225999659858644;8,219892908000080;51,884109215000102
179850;5220904607100584949;5;3;82;28;2022;9;14;1;3;7;7;0;0;1;0;0;0;0;0;374179,046921840985306;5633598,129820640198886;7,212967562000070;50,840395186000102
179851;5220901601200699056;5;3;15;0;2022;9;9;5;3;4;2;0;0;1;1;0;0;0;0;355111,958999807015061;5642006,297999359667301;6,939001073000040;50,911498625000000
179852;5220905601100886520;5;3;15;0;2022;9;16;2;2;0;5;0;0;1;1;0;0;0;0;356286,962292679992970;5642844,777327979914844;6,955373509000030;50,919327710000097
179857;5220830313121097589;5;9;58;32;2022;8;16;3;2;8;1;0;0;1;0;0;0;0;0;443333,087196537991986;5689701,602352130226791;8,186184163000060;51,355753849000102
179858;5220831505100086042;5;1;14;0;2022;8;15;4;3;0;7;0;0;1;0;1;0;0;0;327723,976999561011326;5688739,239998520351946;6,527445258000060;51,323824850000101
179861;5220908600110034067;5;3;14;0;2022;9;8;5;3;0;1;0;1;1;0;0;0;0;0;364065,439275528013241;5622550,528741779737175;7,073494801000040;50,738814908999998
179863;5220903701110165514;5;5;62;32;2022;9;17;7;3;5;3;0;0;1;0;0;0;0;1;375172,291999910026789;5720073,219999560154974;7,196939022000040;51,617828004000003
179865;5220827608404471708;5;3;34;4;2022;8;23;7;3;5;3;2;0;1;1;0;0;0;0;300484,112999123986810;5639888,402996229939163;6,163967651000060;50,876184666000000
179866;5220911602800086237;5;3;62;12;2022;9;19;1;3;8;1;1;0;1;0;0;0;0;0;351118,523530979990028;5633801,487316929735243;6,885576566000050;50,836749404999999
179868;5220830601300086438;5;3;15;0;2022;8;19;3;2;0;6;0;0;1;1;0;0;0;0;352714,507877024996560;5647529,905360570177436;6,902689543000060;50,960530163999998
179869;5220901316100994093;5;9;74;40;2022;9;7;5;3;4;6;0;0;1;1;0;0;0;0;437520,692672993987799;5714173,959697569720447;8,098394692000060;51,575167285000099
179871;5220907601500478581;5;3;15;0;2022;9;16;4;3;0;1;0;0;1;0;0;0;0;0;357962,729718566988595;5644574,975116839632392;6,978524872000040;50,935291945000102
179872;5220908702100055909;5;5;15;0;2022;9;20;5;2;2;6;2;0;1;1;0;0;0;0;404097,670107454003301;5754901,212857680395246;7,604974395000060;51,936556846000002
179873;5220829502401073561;5;1;17;0;2022;8;12;2;3;5;3;0;0;1;1;0;0;0;0;354507,492999806010630;5700856,433999350294471;6,906586303000040;51,440190923999999
179874;5220903502105195140;5;1;13;0;2022;9;13;7;3;0;1;0;0;1;0;0;0;0;0;361970,141999852028675;5701325,187999449670315;7,013708334000060;51,446270985000098
179875;5220905601300590348;5;3;15;0;2022;9;13;2;3;6;4;0;0;1;0;1;0;0;0;354210,499322863004636;5645796,035805960185826;6,924671438000080;50,945328916000101
179877;5220911307000077962;5;9;62;12;2022;9;20;1;3;0;7;2;1;1;1;0;0;0;0;395516,123097647971008;5671288,694712289609015;7,505041617000070;51,183458805999997
179878;5220901608312091023;5;3;34;12;2022;9;19;5;3;5;7;1;0;1;1;0;0;0;0;307921,871982143027708;5633393,462726119905710;6,272967692000070;50,820363333000003
179880;5220829303200058254;5;9;15;0;2022;8;15;2;3;1;5;0;0;1;1;0;0;0;0;414442,498639420024119;5728141,337016969919205;7,762023592000050;51,697695668999998
179881;5220912500300769384;5;1;11;0;2022;9;14;2;3;2;6;0;0;1;1;0;0;0;1;344915,878136648971122;5675580,670622490346432;6,779685296000030;51,210538336000099
179884;5220830601100057979;5;3;15;0;2022;8;11;3;3;3;2;0;0;1;1;0;0;0;0;354857,802999805018771;5644405,280999359674752;6,934433497000040;50,932993889000002
179885;5220831601200086633;5;3;15;0;2022;8;16;4;2;5;3;0;0;1;1;0;0;0;0;358840,444090130971745;5637640,206219320185483;6,993689804000040;50,873183832999999
179887;5220908600110595279;5;3;14;0;2022;9;9;5;3;0;1;0;1;1;0;0;0;0;0;366286,823758239974268;5620840,953650309704244;7,105578468000030;50,723964990000098
179888;5220906601400981772;5;3;15;0;2022;9;14;3;3;4;6;0;0;1;1;0;0;0;0;352930,196958641987294;5651512,335019989870489;6,904147531000040;50,996373425999998
179890;5220911701110967095;5;5;62;32;2022;9;22;1;3;5;3;2;0;1;1;0;0;0;0;375176,406774544971995;5716798,049240710213780;7,198164169000050;51,588394578000099
179895;5220831702100576645;5;5;15;0;2022;8;7;4;3;4;6;0;0;1;0;0;0;0;1;406542,134556405013427;5757584,344247049652040;7,639791831000030;51,961090089999999
179896;5220908513210390288;5;1;62;24;2022;9;11;5;3;5;7;0;1;1;1;0;0;0;0;338168,358999671996571;5672507,055998969823122;6,684550364000070;51,181050363000097
179897;5220909518410789197;5;1;70;16;2022;9;17;6;3;3;6;0;1;1;0;0;0;0;1;344016,713999731000513;5726253,296999120153487;6,744498546000050;51,665582929000003
179899;5220903705000795049;5;5;54;8;2022;9;21;7;3;3;6;2;0;1;1;0;0;0;0;335726,121999660972506;5745359,726998819969594;6,615700646000050;51,834864822000000
179900;5220906503200993168;5;1;24;0;2022;9;17;3;3;0;7;0;0;1;0;0;0;0;0;374039,654999903985299;5681369,449999540112913;7,194362046000040;51,269732845000100
179903;5220906601300386383;5;3;15;0;2022;9;7;3;3;0;1;0;0;1;0;0;0;0;0;354190,925999801023863;5646580,297999350354075;6,924078966000020;50,952371874000100
179904;5220828600140986324;5;3;14;0;2022;8;12;1;3;5;2;0;0;1;1;0;0;0;0;367511,616359816980548;5622521,281738660298288;7,122317220000070;50,739348493000101
179906;5220902513130076018;5;1;62;22;2022;9;12;6;2;0;7;0;1;1;0;0;0;0;0;338196,043181116983760;5687557,587694499641657;6,678142888000020;51,316283424000098
179911;5220905307000193911;5;9;62;40;2022;9;7;2;3;0;6;0;0;1;0;0;0;0;0;416669,494332637987100;5698318,462838130071759;7,801310371000060;51,429933609999999
179912;5220903709700091161;5;5;66;28;2022;9;20;7;3;1;5;2;0;1;1;0;0;0;0;411932,666104271018412;5792747,966274700127542;7,709124922000060;52,278038541000100
179913;5220906600380478212;5;3;14;0;2022;9;11;3;2;3;6;0;0;1;0;0;0;0;0;370606,109812346985564;5615018,909237969666719;7,168778942000070;50,672612306000097
179914;5220828404103994396;5;7;66;52;2022;8;14;1;3;2;6;0;0;1;0;0;0;0;0;516830,555241259979084;5755952,362857430242002;9,244912062000029;51,954018459000103
179917;5220830702100039947;5;5;15;0;2022;8;9;3;2;2;6;0;0;1;1;0;0;0;0;405924,491747950029094;5757220,116065570153296;7,630905025000060;51,957712078000000
179918;5220901500200061177;5;1;11;0;2022;9;8;5;3;3;2;0;0;1;1;0;0;0;0;346340,313779109972529;5676986,895868459716439;6,799459942000060;51,223559034000097
179921;5220829601600790375;5;3;15;0;2022;8;11;2;3;0;3;0;0;1;1;0;0;0;0;359604,068764725001529;5645801,616200960241258;7,001396396000080;50,946717824000103
179922;5220903400200300043;5;7;11;0;2022;9;8;7;3;6;3;0;0;1;0;1;0;0;0;468339,779639211017638;5763913,205369640141726;8,538562818000059;52,024945314000000
179923;5220905601400085209;5;3;15;0;2022;9;12;2;3;0;7;0;0;1;0;0;0;0;0;356438,511243248998653;5647744,835488740354776;6,955597096000080;50,963401601999998
179924;5220827410140990643;5;7;70;12;2022;8;22;7;3;8;1;2;0;1;0;0;0;0;0;486648,466171552019659;5796195,134179620072246;8,804132622000051;52,315923527999999
179927;5220829411108937562;5;7;74;8;2022;8;16;2;3;0;1;0;0;1;0;0;0;0;0;488682,517175981018227;5738314,824385459534824;8,835889997000040;51,795576875999998
179930;5220910404000331944;5;7;66;44;2022;9;11;7;3;0;1;0;1;1;1;0;0;0;0;494391,143999999971129;5765095,995999669656157;8,918232006000039;52,036454879000097
179934;5220908600380994017;5;3;14;0;2022;9;7;5;3;5;3;0;0;1;0;0;0;0;1;370164,927316460991278;5617558,519967899657786;7,161646617000030;50,695340998000098
179937;5220911608404085787;5;3;34;4;2022;9;13;1;3;5;3;0;0;1;1;0;0;0;0;301013,589999133022502;5639320,791996310465038;6,171792935000040;50,871269058999999
179939;5220909406140578133;5;7;58;32;2022;9;16;6;3;5;3;0;1;1;1;0;0;0;0;464939,691399516013917;5777552,660277140326798;8,487607174000059;52,147365901000100
179941;5220831316300278160;5;9;74;28;2022;8;11;4;3;5;3;0;0;1;1;0;0;0;0;454988,119000001985114;5724951,834999649785459;8,349051632000061;51,673736245999997
179944;5220909316300994006;5;9;74;28;2022;9;9;6;3;3;3;0;0;1;1;0;0;0;0;454764,699000000022352;5724352,999999649822712;8,345898380000049;51,668334244999997
179947;5220906600110087362;5;3;14;0;2022;9;17;3;2;0;1;0;0;1;0;0;0;0;0;365595,316626695974264;5622200,492324690334499;7,095291481000060;50,736024902000104
179949;5220910705000795948;5;5;54;12;2022;9;11;7;3;5;3;0;1;1;1;0;0;0;0;353608,396999803022482;5746974,705999329686165;6,874358936000020;51,854348754999997
179950;5220902300200738377;5;9;11;0;2022;9;16;6;3;0;6;0;0;1;1;0;0;0;0;371041,820301885018125;5706120,188520830124617;7,142426617000070;51,491502333000000
179951;5220831301301610377;5;9;78;24;2022;8;16;4;3;3;6;0;0;1;0;0;0;0;1;397606,017914298980031;5719037,328164930455387;7,521154365000030;51,613045381000099
179952;5220907514110686020;5;1;66;32;2022;9;16;4;2;6;3;0;0;1;0;1;0;0;0;318850,381529079983011;5681254,761810840107501;6,404022084000080;51,253836858000099
179953;5220828608100485763;5;3;34;2;2022;8;16;1;2;0;1;0;0;1;0;0;0;0;0;295877,732999022002332;5626281,283995630219579;6,106146483000030;50,752367016999997
179954;5220903501311691537;5;1;12;0;2022;9;18;7;3;0;3;0;0;1;1;0;0;0;0;344744,854999733972363;5700138,838999150320888;6,766542668000060;51,431151903000099
179957;5220831601100281289;5;3;15;0;2022;8;16;4;3;5;3;0;0;1;0;0;0;1;0;355288,022999807028100;5644814,647999360226095;6,940389306000040;50,936780888000001
179960;5220830610122985739;5;3;70;28;2022;8;7;3;3;3;1;0;0;1;1;0;0;0;0;297283,416999067005236;5644511,518995749764144;6,115966583000040;50,916592475000101
179961;5220907700000867104;5;5;13;0;2022;9;6;4;3;8;1;0;1;1;0;0;0;0;0;368110,623999880976044;5708231,351999510079622;7,099439730000030;51,509798760000102
179962;5220908701700085436;5;5;62;16;2022;9;15;5;3;5;3;0;0;1;1;0;0;0;0;374848,744999909016769;5734716,821999570354819;7,187017877000070;51,749357516000003
179964;5220903502210665450;5;1;13;0;2022;9;14;7;3;0;1;0;0;1;0;0;0;0;0;362100,852680074982345;5700757,611955010332167;7,015809220000050;51,441202353000101
179965;5220906410230925610;5;7;70;4;2022;9;17;3;3;5;3;0;0;1;1;0;0;0;0;486881,337939708027989;5784293,624611279927194;8,808011498000040;52,208928555999996
179966;5220827601500558642;5;3;15;0;2022;8;10;7;3;3;2;0;0;1;1;0;0;0;0;357622,182999822020065;5645139,847999390214682;6,973460717000020;50,940284464999998
179967;5220901518200994086;5;1;70;24;2022;9;12;5;3;5;3;0;0;1;1;0;0;0;0;336597,272999661974609;5702203,403998889960349;6,648484416000030;51,447409714999999
179968;5220912600310578268;5;3;14;0;2022;9;18;2;2;3;6;0;0;1;0;0;0;0;1;362649,516483139013872;5619814,846698589622974;7,054459121000040;50,713894174000103
179970;5220828500300076137;5;1;11;0;2022;8;21;1;3;0;1;2;0;1;0;0;0;0;0;349945,203999773017131;5674650,451999270357192;6,852023214000040;51,203523101000002
179972;5220902601700887648;5;3;16;0;2022;9;21;6;3;0;1;2;0;1;0;0;0;0;0;359770,221999837027397;5656126,039999419823289;6,999774022000050;51,039544241999998
179973;5220909709000976730;5;5;66;8;2022;9;16;6;3;4;3;0;0;1;0;0;0;0;0;398153,946346394019201;5780117,762319319881499;7,511030003000030;52,162143616000002
179974;5220830514113993596;5;1;66;32;2022;8;13;3;3;2;6;0;0;1;1;0;0;0;0;315925,662232507020235;5684804,333624769933522;6,360329119000030;51,284784520000102
179976;5220904501213994055;5;1;12;0;2022;9;13;1;3;4;3;0;0;1;1;0;0;0;0;340043,773860057990532;5697626,464824129827321;6,700105684000050;51,407271753000003
179977;5220908406110096800;5;7;58;12;2022;9;13;5;3;0;1;0;1;1;0;0;0;0;0;479086,293958459980786;5772665,653694760054350;8,694650486000061;52,104145520000003
179979;5220904315210693929;5;9;70;24;2022;9;16;1;3;1;1;0;0;1;0;0;1;0;0;429419,920312473026570;5647112,304307149723172;7,994759959000020;50,971281620000099
179980;5220906706000203165;5;5;58;40;2022;9;11;3;3;7;1;0;0;1;0;0;0;0;1;377149,697896995989140;5764405,374330650083721;7,209762319000050;52,016671025999997
179981;5220827705000047429;5;5;54;44;2022;8;18;7;3;5;3;0;0;1;1;0;0;0;0;365324,709819507028442;5743277,375823209993541;7,045810469000060;51,824074764999999
179982;5220911608100394884;5;3;34;2;2022;9;20;1;3;3;2;1;0;1;1;0;0;0;0;294264,357811964990105;5629330,735410629771650;6,081600328000040;50,779185241999997
179984;5220909601400381772;5;3;15;0;2022;9;19;6;3;0;1;1;1;1;0;0;0;0;0;358558,212536256003659;5648123,586869729682803;6,985615570000050;50,967329731000099
179986;5220831506100591490;5;1;16;0;2022;8;16;4;3;5;3;0;0;1;1;0;0;0;0;319412,897999450971838;5672560,730998029932380;6,416451856000040;51,175916761000103
179987;5220901502323673538;5;1;13;0;2022;9;14;5;3;5;3;0;0;1;1;0;0;0;0;359072,066999835020397;5707284,868999419733882;6,969655100000070;51,499111694000099
179988;5220907701910096735;5;5;62;8;2022;9;6;4;3;5;3;0;1;1;1;0;0;0;0;384890,467999939981382;5723606,288999600335956;7,336083984000030;51,651653668000101
179992;5220906601200090399;5;3;15;0;2022;9;20;3;2;0;7;0;0;1;0;0;0;0;0;354933,353999806975480;5643642,921999350190163;6,935811323000050;50,926161754000098
179994;5220910601100081796;5;3;15;0;2022;9;3;7;3;1;1;2;1;1;1;0;0;0;0;356857,612480368989054;5642778,960515139624476;6,963512569000050;50,918878059000100
179995;5220902500100200318;5;1;11;0;2022;9;13;6;3;3;7;0;0;1;0;0;0;0;1;342794,064697174995672;5678770,572572980076075;6,747933596000050;51,238620162000103
179996;5220907411108994022;5;7;74;8;2022;9;19;4;2;1;5;0;0;1;0;0;0;0;1;487589,448305692989379;5736683,566072270274162;8,820098308000070;51,780886653000003
179999;5220909602900185803;5;3;62;40;2022;9;16;6;3;5;3;0;0;1;1;0;0;0;0;357631,823999824002385;5632090,419999389909208;6,978680413000060;50,823010748999998
180000;5220830500200001717;5;1;11;0;2022;8;17;3;3;0;7;0;0;1;1;0;0;0;0;350904,988570144982077;5677268,461393970064819;6,864663491000040;51,227299629000100
180003;5220901601600681791;5;3;15;0;2022;9;11;5;3;5;2;0;0;1;1;0;0;0;0;358978,638999831979163;5645189,762999409809709;6,992735826000060;50,941066403000001
180006;5220828410210040741;5;7;70;20;2022;8;16;1;3;0;1;0;0;1;0;0;0;0;0;473214,298000612994656;5795459,150920029729605;8,607115350000070;52,308815700000103
180007;5220903300400293682;5;9;11;0;2022;9;15;7;3;0;1;0;0;1;1;0;0;0;0;371790,840287679980975;5698593,583175989799201;7,155938460000070;51,424030134000098
180008;5220909505100376201;5;1;14;0;2022;9;9;6;3;5;3;0;0;1;1;0;0;0;0;330454,584999594022520;5688430,258998650126159;6,566744449000050;51,321869419999999
180009;5220829705000994323;5;5;54;12;2022;8;18;2;3;5;2;0;0;1;0;0;0;0;0;353521,116999802005012;5743878,304999330081046;6,874403696000060;51,826504672000098
180010;5220831506100891430;5;1;16;0;2022;8;18;4;3;5;3;0;0;1;1;0;0;0;0;321261,148709375993349;5673420,012268859893084;6,442437893000030;51,184216578000097
180011;5220904501128896136;5;1;12;0;2022;9;16;1;3;6;4;0;0;1;0;1;0;0;0;342647,808077779016457;5702545,038645509630442;6,735330738000070;51,452192678000102
180013;5220905500300845578;5;1;11;0;2022;9;17;2;3;5;3;0;0;1;1;0;0;0;0;345247,410277300979942;5674205,480558640323579;6,785021014000050;51,198271554000002
180014;5220903608100274681;5;3;34;2;2022;9;11;7;3;0;1;0;0;1;0;0;0;0;0;294374,100176219013520;5629750,307700660079718;6,082920253000050;50,782992411000102
180015;5220906513320590868;5;1;62;4;2022;9;7;3;2;5;3;0;0;1;0;0;0;0;1;345017,541999733017292;5666026,570999169722199;6,785257146000050;51,124717529000101
180016;5220828301205073368;5;9;13;0;2022;8;16;1;3;1;7;0;0;1;1;0;0;0;0;386891,328918832005002;5712722,539773619733751;7,368504179000070;51,554237614999998
180018;5220902518400878904;5;1;70;8;2022;9;9;6;3;6;6;0;0;1;0;1;0;0;0;342933,605999722029082;5714934,105999100022018;6,733922653000040;51,563584005000102
180023;5220909608100280750;5;3;34;2;2022;9;12;6;3;0;1;0;1;1;0;0;0;0;0;294183,685301319987047;5629033,089800640009344;6,080624133000070;50,776483418000097
180029;5220904602900674806;5;3;62;40;2022;9;17;1;2;5;3;0;0;1;1;0;0;0;0;356370,467469159979373;5632134,089999389834702;6,960766842000060;50,823091696000098
180030;5220906503100186815;5;1;24;0;2022;9;17;3;3;3;7;0;0;1;0;0;0;0;0;370651,699584471003618;5679967,650527980178595;7,146329725000040;51,256375447000003
180031;5220827705000679006;5;5;54;8;2022;8;16;7;3;0;7;0;0;1;0;0;0;0;0;335613,175999658997171;5747544,457998819649220;6,613024449000020;51,854457888000098
180033;5220902505200095965;5;1;14;0;2022;9;16;6;3;0;1;0;0;1;0;0;0;0;0;329953,261999587994069;5690500,871998620219529;6,558568346000070;51,340321808000098
180034;5220829601500586539;5;3;15;0;2022;8;14;2;2;3;2;0;0;1;1;0;0;0;0;361837,177348939003423;5648713,953771229833364;7,032059813000050;50,973431284000100
180037;5220907705000376764;5;5;54;8;2022;9;7;4;3;5;3;0;1;1;1;0;0;0;0;333148,076999632990919;5744457,385998710058630;6,578753198000070;51,825994810000097
180038;5220908610222994782;5;3;70;36;2022;9;15;5;3;1;5;0;0;1;1;0;0;0;0;302983,260083132016007;5664900,161776970140636;6,185884056000020;51,101690374999997
180041;5220905705000791207;5;5;54;56;2022;9;20;2;3;7;7;1;0;1;0;0;0;0;0;356930,683234801981598;5762412,976599969901145;6,916148309000050;51,993925265000001
180042;5220827600120181295;5;3;82;24;2022;8;11;7;3;0;1;0;1;1;0;0;0;0;0;378581,068004996981472;5619028,757829439826310;7,280269286000020;50,710374766000001
180045;5220907410120996792;5;7;70;32;2022;9;6;4;3;8;1;2;1;1;0;0;0;0;0;494574,897999999986496;5787691,616999680176377;8,920550216000040;52,239608019000102
180046;5220829400100994343;5;7;11;0;2022;8;15;2;3;0;6;0;0;1;1;0;0;0;0;467193,226999999023974;5765290,806999679654837;8,521720687000030;52,037264147000002
180047;5220903500200271860;5;1;11;0;2022;9;14;7;3;3;6;0;0;1;1;0;0;0;0;346563,105999746010639;5678650,606999199837446;6,801935556000050;51,238568274000002
180048;5220909709700042796;5;5;66;56;2022;9;13;6;3;5;2;0;0;1;0;0;0;0;0;416874,323906099016313;5796877,518682310357690;7,780521328000020;52,315926371000003
180049;5220830316200173388;5;9;74;12;2022;8;16;3;3;0;2;0;0;1;1;0;0;0;0;427493,340915999026038;5706480,434787119738758;7,955304490000060;51,504800573000097
180054;5220906601300090348;5;3;15;0;2022;9;13;3;3;4;2;0;0;1;1;0;0;0;0;353428,658999794977717;5647072,620999329723418;6,913035821000050;50,956602842000102
180055;5220828505100586009;5;1;14;0;2022;8;15;1;3;0;1;0;0;1;0;0;0;0;0;337452,381999669014476;5690765,386998930014670;6,666017433000040;51,344892022000103
180056;5220912601300586374;5;3;15;0;2022;9;8;2;3;0;7;0;0;1;0;0;0;0;0;350591,404039599990938;5644794,993137770332396;6,873601263000070;50,935406602999997
180057;5220902513320871995;5;1;62;4;2022;9;6;6;3;5;3;0;0;1;1;0;0;0;0;347264,211103566980455;5663641,518577500246465;6,818347452000070;51,103889352000103
180058;5220909411108537622;5;7;74;8;2022;9;9;6;3;5;3;0;0;1;1;0;0;0;0;487325,798999999999069;5736739,934999659657478;8,816274446000021;51,781387570000000
180060;5220831500200078869;5;1;11;0;2022;8;7;4;3;5;3;0;0;1;0;0;0;0;1;343618,167673169984482;5681233,918976560235023;6,758653374000060;51,260980369999999
180063;5220903516800095564;5;1;58;20;2022;9;15;7;3;0;7;0;0;1;0;0;0;0;0;359410,129998854012229;5666257,844640930183232;6,990698637000040;51,130509203000003
180066;5220912405228096884;5;7;54;28;2022;9;13;2;3;5;2;0;0;1;1;0;0;0;0;450386,768766678986140;5745848,396016250364482;8,279528817000029;51,861221444000101
180067;5220902316000277975;5;9;74;24;2022;9;7;6;3;0;7;0;0;1;0;0;0;0;1;441199,359348704980221;5723780,207100960426033;8,149860798000081;51,661928546000098
180068;5220830702100074735;5;5;15;0;2022;8;14;3;3;0;1;0;0;1;0;0;0;0;0;406202,575078263005707;5756169,853543709963560;7,635237447000070;51,948318794999999
180069;5220901411132578146;5;7;74;32;2022;9;16;5;3;5;3;0;0;1;1;0;0;0;0;483718,275680948980153;5733404,606535470113158;8,764136456000070;51,751305479999999
180077;5220901608100080750;5;3;34;2;2022;9;14;5;3;1;5;0;0;1;1;0;0;0;0;295038,217999007028993;5627195,589995490387082;6,093751993000070;50,760282899000103
180081;5220922701200099313;5;5;62;20;2022;9;18;5;3;5;2;1;0;1;1;0;0;0;0;367059,412999877997208;5718808,749999499879777;7,080301609000060;51,604607248999997