OBJECTID;UIDENTSTLAE;ULAND;UREGBEZ;UKREIS;UGEMEINDE;UJAHR;UMONAT;USTUNDE;UWOCHENTAG;UKATEGORIE;UART;UTYP1;ULICHTVERH;IstStrassenzustand;IstRad;IstPKW;IstFuss;IstKrad;IstGkfz;IstSonstige;LINREFX;LINREFY;XGCSWGS84;YGCSWGS84
180083;5220929711100896688;5;5;70;52;2022;9;16;5;3;5;2;0;0;1;1;0;0;0;0;430485,837999995972496;5756327,519999669864774;7,988459728000070;51,953301219000103
180090;5220914316100993957;5;9;74;40;2022;9;14;4;3;0;2;0;1;1;1;0;0;0;0;438761,774999998975545;5713989,379999649710953;8,116333949000021;51,573644014000102
180093;5220925316100590591;5;9;74;40;2022;9;13;1;3;0;1;0;0;1;0;0;0;0;0;439435,643328609992750;5714698,164439380168915;8,125934394000071;51,580089188000002
180095;5220917411132572232;5;7;74;32;2022;9;13;7;3;5;3;0;0;1;1;0;0;0;0;482989,228000000002794;5731354,629999659955502;8,753675535000070;51,732851918000101
180096;5220922514110082482;5;1;66;32;2022;9;17;5;3;5;7;0;0;1;1;0;0;0;0;317406,825357350986451;5681403,646739319898188;6,383282181000030;51,254713885999998
180098;5220929516300595766;5;1;58;28;2022;9;13;5;2;5;3;0;0;1;1;0;0;0;0;348023,304999760002829;5686237,626999230124056;6,819611584000030;51,307132801000101
180100;5221003400100993559;5;7;11;0;2022;10;13;2;3;4;6;0;0;1;1;0;0;0;0;466546,147000000986736;5769390,282999670132995;8,511885970000041;52,074082012000098
180102;5220913601300393514;5;3;15;0;2022;9;15;3;3;0;4;0;0;1;0;1;0;0;0;354581,875136933987960;5646794,568366269581020;6,929555525000070;50,954396226000000
180103;5220919506100782250;5;1;16;0;2022;9;8;2;3;0;1;0;1;1;0;0;0;0;0;321142,203157217008993;5673773,741836600005627;6,440561627000020;51,187357013000103
180106;5220916600310881165;5;3;14;0;2022;9;7;6;3;6;4;0;0;1;0;1;0;0;0;363652,683490830007941;5619076,483319819904864;7,068932886000030;50,707494075000099
180110;5220921600380486249;5;3;14;0;2022;9;17;4;3;0;7;0;0;1;1;1;0;0;0;369190,701672349008732;5617334,388611470349133;7,147939434000020;50,693108150999997
180111;5221002406110895698;5;7;58;12;2022;10;15;1;3;1;3;0;0;1;1;0;0;0;0;478202,452584518003277;5772037,104737229645252;8,681786434000060;52,098460322999998
180113;5220912701110071516;5;5;62;32;2022;9;14;2;3;1;5;0;0;1;0;0;0;0;1;376003,064641873002984;5719531,674525669775903;7,209124312000030;51,613144680000097
180114;5220919502403675350;5;1;17;0;2022;9;16;2;2;6;1;0;0;1;0;1;0;0;0;350549,949088633991778;5701877,024315229617059;6,849254933000050;51,448331146000001
180116;5220914503400890754;5;1;22;0;2022;9;17;4;3;0;1;0;1;1;0;0;0;0;0;365095,650999865029007;5670561,474999479949474;7,070292400000030;51,170554113000001
180118;5220928601100199068;5;3;15;0;2022;9;9;4;3;5;3;0;1;1;1;0;0;0;0;355996,678999811992981;5644982,036999369971454;6,950402168000040;50,938462581000103
180119;5220929706000891074;5;5;58;20;2022;9;15;5;3;5;3;0;0;1;0;0;0;0;0;391096,254491514002439;5759463,524542509578168;7,414479154000050;51,975168609000001
180122;5220925709700055928;5;5;66;28;2022;9;16;1;3;0;6;0;0;1;0;0;0;0;0;414619,163599507010076;5790990,312214660458267;7,748937654000030;52,262663881999998
180127;5220913711113096661;5;5;70;52;2022;9;19;3;3;7;3;1;0;1;1;0;0;0;0;430809,845013690006454;5755235,197479429654777;7,993393636000060;51,943522029000100
180128;5221002602800089822;5;3;62;12;2022;10;16;1;3;0;1;0;0;1;0;0;0;0;0;350200,714516278996598;5633857,488707840442657;6,872528466000060;50,837015828000098
180131;5220920301203177867;5;9;13;0;2022;9;9;3;3;5;3;0;1;1;1;0;0;0;0;394182,630795893026516;5711405,095793319866061;7,474029737000020;51,543810657999998
180132;5220924701800695102;5;5;62;4;2022;9;12;7;3;5;3;0;0;1;1;0;0;0;0;383773,188999939011410;5711271,866999600082636;7,324027357000030;51,540565456000103
180133;5220915501315638542;5;1;12;0;2022;9;11;5;2;6;7;0;0;1;0;1;0;0;0;346203,148647191992495;5699652,882722710259259;6,787715362000030;51,427183196999998
180137;5220930506100070283;5;1;16;0;2022;9;8;6;3;5;3;0;0;1;1;0;0;0;0;315427,768999392981641;5669798,362997730262578;6,360920500000020;51,149830947000098
180139;5220927404301978081;5;7;66;44;2022;9;13;3;3;5;3;0;1;1;1;0;0;0;0;493689,115072502987459;5765062,440490780398250;8,907998199000080;52,036145638999997
180148;5220922506100791467;5;1;16;0;2022;9;0;5;3;0;1;2;0;1;0;0;0;0;0;321206,734398161002900;5673389,013680360279977;6,441675540000060;51,183921095000102
180150;5220930315260090952;5;9;70;32;2022;9;17;6;2;0;5;0;0;1;1;0;0;0;0;444403,489215829002205;5634104,689176999963820;8,210121815000040;50,855961534000102
180153;5220913518400278904;5;1;70;8;2022;9;7;3;3;0;1;0;1;1;0;0;0;0;0;344737,794999735022429;5714520,904999139718711;6,760113569000050;51,560371058000001
180154;5220919600380893633;5;3;14;0;2022;9;15;2;3;5;3;0;1;1;1;0;0;0;0;368229,013331245980226;5617494,293866449967027;7,134274028000050;50,694328343999999
180155;5220924410230396561;5;7;70;4;2022;9;14;7;2;0;7;0;0;1;0;0;0;0;0;487452,955756046983879;5785421,951026040129364;8,816335108000031;52,219086181000101
180157;5220922608200369729;5;3;34;2;2022;9;10;5;3;1;5;0;0;1;1;0;0;0;0;299305,694604691001587;5629229,657850090414286;6,153072418000020;50,780043766000098
180160;5220923316500019089;5;9;74;20;2022;9;8;6;3;5;3;0;0;1;1;0;0;0;0;466167,043254212010652;5720633,140087620355189;8,511128438000069;51,635690781000100
180161;5220921700000989346;5;5;13;0;2022;9;13;4;3;0;7;0;0;1;0;0;0;0;0;367195,387999875994865;5715182,905999509617686;7,083635824000050;51,572055489000000
180166;5220923600110386288;5;3;14;0;2022;9;12;6;3;4;6;0;0;1;0;0;0;0;1;365870,332890050020069;5621649,847055249847472;7,099386933000060;50,731139303000099
180167;5220928502200877752;5;1;13;0;2022;9;8;4;3;4;6;0;1;1;1;0;0;0;0;364751,323999864980578;5700750,866999479942024;7,053924781000030;51,441780806000097
180168;5220929608100993777;5;3;34;2;2022;9;8;5;3;3;6;0;0;1;1;0;0;0;0;293518,108765623008367;5626285,636775629594922;6,072737830000050;50,751571695000102
180169;5220920602500294798;5;3;62;24;2022;9;16;3;3;4;2;0;0;1;1;0;0;0;0;346418,632999741996173;5640704,609999200329185;6,815981462000020;50,897553968000103
180173;5220917501222691632;5;1;12;0;2022;9;17;7;3;1;5;0;0;1;0;0;0;0;1;339530,473598728014622;5703405,420672279782593;6,690113428000070;51,459047929000100
180174;5220918505200172075;5;1;14;0;2022;9;0;1;3;0;1;2;1;1;0;0;0;0;0;330679,098999596026260;5690324,151998659595847;6,569063426000070;51,338950818000100
180178;5220927709300874703;5;5;66;84;2022;9;10;3;3;0;1;0;0;1;0;0;0;0;0;385716,517999942996539;5778868,140999630093575;7,329696801000070;52,148478700000098
180179;5220913601700193468;5;3;16;0;2022;9;11;3;3;3;2;0;0;1;1;0;0;0;0;358667,502091648988426;5655180,866847329773009;6,984423963000040;51,030779905000003
180180;5220919709500296541;5;5;66;76;2022;9;15;2;3;0;1;0;1;1;0;0;0;0;0;395155,130999962973874;5794202,646999659948051;7,462838669000060;52,288168466000101
180182;5220915405112993950;5;7;54;12;2022;9;6;5;3;5;3;0;0;1;1;0;0;0;0;456872,302594660024624;5765801,117040320299566;8,371199530000069;52,041145265000097
180185;5220922709110574669;5;5;66;8;2022;9;15;5;3;5;3;0;0;1;1;0;0;0;0;400832,484999974025413;5779420,253999670036137;7,550379693000020;52,156362226000098
180186;5220923601100590469;5;3;15;0;2022;9;15;6;3;4;2;0;0;1;0;0;0;0;1;355312,384999808971770;5644486,247999359853566;6,940866186000050;50,933835740000099
180187;5220929502406189496;5;1;17;0;2022;9;17;5;3;0;7;1;1;1;0;1;0;0;0;353287,647619140974712;5697675,406065849587321;6,890364517000020;51,411292420000102
180190;5220922405148593909;5;7;54;48;2022;9;10;5;3;0;7;0;1;1;1;0;0;0;0;441904,498999997973442;5765692,177999669685960;8,153010408000060;52,038799447000002
180194;5220919518200379044;5;1;70;24;2022;9;6;2;3;7;7;2;1;1;0;0;0;0;0;334012,662999636027962;5707845,062998790293932;6,608674091000070;51,497342449000001
180196;5220922607100234468;5;3;82;28;2022;9;14;5;3;5;3;0;0;1;1;0;0;0;0;373628,004999902972486;5632328,426999529823661;7,205583023000030;50,828862580000099
180197;5220928601200681465;5;3;15;0;2022;9;10;4;3;5;3;0;0;1;1;0;0;0;0;359565,742212351993658;5638073,188939860090613;7,003825523000050;50,877251833999999
180199;5220921405244096913;5;7;54;44;2022;9;7;4;3;4;6;0;0;1;0;0;0;1;0;467714,113677216984797;5747973,221468250267208;8,530942023000019;51,881597193000097
180200;5220930709110874676;5;5;66;12;2022;9;8;6;3;0;4;0;0;1;0;1;0;0;0;404572,968999976990744;5772459,365999669767916;7,606992375000060;52,094456229000102
180203;5220912610111294889;5;3;70;16;2022;9;16;2;3;5;3;0;0;1;1;0;0;0;0;299737,006162519974168;5659823,234871350228786;6,142389494000040;51,054969055000100
180205;5220914404101672312;5;7;66;20;2022;9;9;4;2;0;1;0;0;1;0;1;0;0;0;490193,613904369994998;5754529,194864490069449;8,857341208000040;51,941390972000100
180208;5220922600360993859;5;3;82;12;2022;9;14;5;3;4;2;0;0;1;1;0;0;0;0;354809,171994676988106;5626176,777485550381243;6,940969758000050;50,769163945999999
180210;5220929601700986609;5;3;16;0;2022;9;20;5;3;1;5;2;0;1;1;0;0;0;0;356400,076182384975255;5657955,834295869804919;6,951009378000040;51,055155630999998
180211;5220923307000885282;5;9;62;24;2022;9;14;6;3;5;3;0;0;1;1;0;0;0;0;410363,384635719005018;5691924,870272330008447;7,712237582000060;51,371495228000100
180215;5220916500300096954;5;1;11;0;2022;9;13;6;3;0;1;0;1;1;0;0;0;0;0;345074,866901634028181;5676137,206596439704299;6,781719297000050;51,215582199000004
180216;5220912701700381147;5;5;62;16;2022;9;12;2;3;5;2;0;1;1;1;0;0;0;0;375404,178999910014682;5734931,295999569818377;7,194982909000030;51,751408770000097
180220;5220920608100189866;5;3;34;2;2022;9;23;3;3;5;2;2;0;1;1;0;0;0;0;294444,344998995016795;5628529,237995389848948;6,084597879000060;50,772050654000097
180226;5220930607500514879;5;3;82;56;2022;9;7;6;3;0;7;1;0;1;1;0;0;0;0;373340,828253888001200;5625713,716495580039918;7,203788782000060;50,769344268000097
180227;5221003300300989997;5;9;11;0;2022;10;0;2;2;0;1;2;0;1;0;0;0;0;0;382288,643817209987901;5705355,459522480145097;7,304606155000040;51,487082536999999
180235;5220929500100852273;5;1;11;0;2022;9;17;5;3;4;6;0;0;1;1;0;0;0;0;344384,740556731005199;5676664,709226059727371;6,771616863000080;51,220134342000101
180236;5220930400300082010;5;7;11;0;2022;9;12;6;3;0;5;0;0;1;1;0;0;0;0;467216,576000000990462;5762611,973999669775367;8,522317730000051;52,013181193999998
180237;5220923500300271882;5;1;11;0;2022;9;6;6;3;0;3;0;0;1;0;0;0;0;1;348585,575999761989806;5671444,972999240271747;6,833926826000040;51,174360642000103
180241;5220913508000085992;5;1;19;0;2022;9;17;3;3;4;2;0;0;1;1;0;0;0;0;350514,271999777993187;5704060,443999280221760;6,847818993000030;51,467940729000098
180245;5220928513210095463;5;1;62;24;2022;9;18;4;3;5;3;1;1;1;1;0;0;0;0;336804,667999656987377;5670374,716998930089176;6,666024122000070;51,161504175000097
180247;5220921301103394331;5;9;13;0;2022;9;5;4;3;3;3;2;0;1;1;0;0;0;0;389180,793979086971376;5705852,481044740416110;7,403674866000070;51,492942597000102
180249;5220925709700991070;5;5;66;28;2022;9;16;1;3;5;3;0;0;1;1;0;0;0;0;416588,185999987996183;5792865,181999679654837;7,777318375000050;52,279818276000100
180251;5220913310210093788;5;9;54;24;2022;9;6;3;3;0;1;1;1;1;0;0;0;0;0;380974,110271294019185;5683116,590050900354981;7,293136565000050;51,286926841000103
180253;5220927702100079097;5;5;15;0;2022;9;9;3;3;3;6;0;0;1;0;0;0;0;0;406208,938999979000073;5757441,278999660164118;7,634982973000040;51,959748044999998
180254;5220920503100975966;5;1;24;0;2022;9;16;3;2;5;3;0;0;1;1;0;0;0;0;370647,442999891994987;5680615,127999530173838;7,146034621000070;51,262193613000100
180256;5220915608404089900;5;3;34;4;2022;9;8;5;3;0;7;0;1;1;0;0;0;0;0;298733,087999090028461;5638760,423995999619365;6,139731181000060;50,865446683000101
180257;5220916705000295049;5;5;54;8;2022;9;13;6;3;5;2;0;1;1;1;0;0;0;0;336112,500484078016598;5745264,002250599674881;6,621348721000060;51,834118380000099
180261;5220930601300999132;5;3;15;0;2022;9;9;6;3;5;2;0;0;1;0;0;0;0;1;354126,959999800019432;5646619,023999339900911;6,923153388000060;50,952703704999998
180265;5220924405236978112;5;7;54;36;2022;9;10;7;3;8;1;0;1;1;0;0;0;0;0;473301,881702148995828;5750074,545880080200732;8,611957704000080;51,900785611000103
180269;5220930405108670315;5;7;54;8;2022;9;15;6;3;1;5;0;0;1;1;0;0;0;0;457036,465973180020228;5750961,190431839786470;8,375450687000070;51,907740223000097
180270;5220925503400095789;5;1;22;0;2022;9;10;1;3;0;1;0;0;1;0;0;0;0;0;366503,447814180981368;5671215,150745790451765;7,090175092000040;51,176759197000102
180273;5220922516200280813;5;1;58;12;2022;9;17;5;3;1;5;0;0;1;1;0;0;0;0;356889,792791659012437;5690209,683590520173311;6,945132165000080;51,345125113000101
180274;5220917705000596107;5;5;54;40;2022;9;23;7;3;0;7;2;1;1;0;0;0;0;0;351342,199999788019340;5738004,713999290019274;6,845326956000060;51,773155584999998
180278;5220919702100091863;5;5;15;0;2022;9;8;2;3;0;5;0;0;1;1;0;0;0;0;406133,727999978989828;5757120,816999659873545;7,633976266000050;51,956854892000102
180280;5220914702100368372;5;5;15;0;2022;9;8;4;3;5;3;0;1;1;0;0;0;0;0;405624,090185799985193;5757110,737548870034516;7,626564638000050;51,956678031000102
180282;5220923601400693427;5;3;15;0;2022;9;14;6;3;0;7;0;0;1;1;0;0;0;0;354084,249017035996076;5657466,589802649803460;6,918185815000070;51,050175292000098
180284;5220930500200274139;5;1;11;0;2022;9;16;6;3;8;1;0;0;1;0;0;0;0;0;344259,141241042991169;5678885,941345130093396;6,768854351000070;51,240058583000099
180287;5221001601100476444;5;3;15;0;2022;10;18;7;3;4;6;0;1;1;1;0;0;0;0;356282,157395484973677;5643498,941572640091181;6,955047397000040;50,925205414000096
180289;5220913405112993968;5;7;54;12;2022;9;14;3;3;5;2;0;0;1;1;0;0;0;0;455763,881999999983236;5767124,737999670207500;8,354868552000029;52,052957696000099
180292;5220922610111885829;5;3;70;16;2022;9;7;5;3;5;3;0;0;1;1;0;0;0;0;302035,093692991009448;5655676,342012819834054;6,177404221000070;51,018520379000101
180293;5220928600140561345;5;3;14;0;2022;9;18;4;3;8;1;1;1;1;0;0;0;0;0;367570,142732092994265;5622592,897790689952672;7,123120468000020;50,740005533999998
180296;5220930702100374776;5;5;15;0;2022;9;13;6;3;5;3;0;0;1;1;0;0;0;0;401453,286999973002821;5758198,722999660298228;7,565575666000030;51,965733570000097
180297;5220926300800589237;5;9;54;36;2022;9;18;2;3;5;3;1;1;1;1;0;0;0;0;387224,272999946027994;5700858,392999599687755;7,377097467000060;51,447668045999997
180302;5220927608100794789;5;3;34;2;2022;9;19;3;3;0;1;2;1;1;0;0;0;0;0;294612,172969517996535;5627951,137509330175817;6,087297608000030;50,766918042000000
180304;5220924701400965454;5;5;12;0;2022;9;9;7;3;5;3;0;0;1;0;0;0;0;0;356711,317999820981640;5719027,980999380350113;6,930883841000020;51,604039399000001
180305;5220915505200886738;5;1;14;0;2022;9;16;5;3;5;3;0;0;1;1;0;0;0;0;331055,703738635987975;5689939,913250540383160;6,574647396000050;51,335610883000101
180311;5220927404000993693;5;7;66;56;2022;9;7;3;3;3;6;1;1;1;1;0;0;0;0;474427,669057294027880;5753898,958540789783001;8,628035974000060;51,935223313000101
180312;5220913601300186493;5;3;15;0;2022;9;21;3;3;4;2;2;1;1;0;0;0;0;1;353764,298999798018485;5646847,022999339736998;6,917902106000040;50,954660746000101
180313;5220919607500478578;5;3;82;56;2022;9;8;2;3;5;3;0;1;1;1;0;0;0;0;374084,665999903983902;5624991,263999530114233;7,214579244000050;50,763012447000101
180316;5220916602300095276;5;3;62;36;2022;9;8;6;2;5;3;0;0;1;0;0;0;1;0;346357,289999743981753;5652984,389999199658632;6,809927426000060;51,007883919999998
180317;5220922607100790869;5;3;82;60;2022;9;7;5;3;5;3;0;0;1;1;0;0;0;0;376458,605999912018888;5629808,828999539837241;7,246604273000060;50,806826043999997
180321;5220921411132564298;5;7;74;32;2022;9;7;4;3;5;2;0;0;1;0;0;0;0;0;482105,756999999983236;5730027,247999650426209;8,740950797000041;51,720889537000097
180322;5221001601400786508;5;3;15;0;2022;10;8;7;3;0;4;0;1;1;1;1;0;0;0;356004,084999814978801;5648035,772999369539320;6,949299679000030;50,965907782999999
180323;5220926601200393525;5;3;15;0;2022;9;13;2;3;5;3;0;0;1;1;0;0;0;0;356510,011999816983007;5641870,797999380156398;6,958927781000060;50,910630144999999
180325;5220919300200090135;5;9;11;0;2022;9;19;2;3;1;5;1;1;1;1;0;0;0;0;371136,918837275006808;5704339,402439289726317;7,144445536000030;51,475520034000098
180326;5220914503200078181;5;1;24;0;2022;9;8;4;3;5;3;0;1;1;0;0;0;0;1;377671,416370938008185;5683975,812952419742942;7,245504182000050;51,293949596000097
180328;5220929705000080974;5;5;54;8;2022;9;7;5;3;5;2;0;0;1;1;0;0;0;0;336848,752999668999109;5745660,225998870097101;6,631837945000030;51,837893393000101
180329;5220920601400581842;5;3;15;0;2022;9;17;3;3;0;7;0;0;1;0;0;0;0;0;357531,417478611983825;5647925,679041460156441;6,971079450000050;50,965298122000000
180331;5220926406220594486;5;7;58;24;2022;9;12;2;2;5;3;0;1;1;1;0;0;0;0;479310,517999999981839;5784239,391999679617584;8,697219031000030;52,208208730000102
180332;5220915600380181263;5;3;14;0;2022;9;18;5;3;1;5;0;1;1;1;0;0;0;0;370571,380160993023310;5617862,490051499567926;7,167291989000030;50,698163784000002
180335;5220922300100891819;5;9;11;0;2022;9;6;5;3;5;3;1;0;1;1;0;0;0;0;375730,510999910999089;5708638,568999559618533;7,209041270000060;51,515185815999999
180338;5220913500200401052;5;1;11;0;2022;9;15;3;3;1;5;0;0;1;1;0;0;0;0;349659,078152047994081;5677632,001816350035369;6,846680522000040;51,230239519000101
180341;5220922600380681263;5;3;14;0;2022;9;8;5;3;5;3;0;1;1;1;0;0;0;0;369243,965420802007429;5614878,425211809575558;7,149561789000070;50,671045200999998
180342;5220928601300499808;5;3;15;0;2022;9;18;4;2;0;1;1;1;1;0;0;0;0;0;353751,767999798990786;5647441,415999339893460;6,917484973000060;50,959999150999998
180346;5220926500200881409;5;1;11;0;2022;9;21;2;3;1;5;2;1;1;1;0;0;0;0;346531,069309867976699;5677403,337153639644384;6,802011259000040;51,227352294000099
180348;5220917516300287578;5;1;58;28;2022;9;11;7;3;1;5;0;0;1;1;0;0;0;0;350418,960999777016696;5685509,203999279998243;6,854261019000030;51,301222050000000
180349;5220917702100591770;5;5;15;0;2022;9;7;7;3;5;2;0;0;1;0;0;0;0;1;405396,070999977993779;5758849,162999659776688;7,622768437000050;51,972264973999998
180350;5220930602900794775;5;3;62;40;2022;9;14;6;3;1;1;0;0;1;1;0;0;0;0;356743,324609483010136;5631568,109265060164034;6,966278098000030;50,818097539000100
180351;5220927600110173846;5;3;14;0;2022;9;7;3;3;0;1;0;1;1;0;0;0;0;0;366217,268999869003892;5620218,573999470099807;7,104819327000030;50,718355025999998
180353;5220923505200017726;5;1;14;0;2022;9;19;6;3;5;3;2;0;1;1;0;0;0;0;332493,573999617015943;5690599,861998739652336;6,594959330000050;51,341965297999998
180354;5220920400200576173;5;7;11;0;2022;9;13;3;3;5;3;0;1;1;1;0;0;0;0;469441,890000000013970;5762289,869999670423567;8,554770087000071;52,010412270000103
180356;5220915502407495457;5;1;17;0;2022;9;17;5;3;0;7;0;0;1;0;0;0;0;0;353574,275389653979801;5693735,422589549794793;6,896108306000030;51,375962526000102
180358;5220922316200081011;5;9;74;56;2022;9;5;5;3;5;3;2;0;1;0;0;1;0;0;422045,644937241973821;5708144,426300640217960;7,876460311000070;51,519034584000103
180359;5220929503200996685;5;1;24;0;2022;9;16;5;3;1;5;0;0;1;1;0;0;0;0;372856,674233346013352;5680931,776814769953489;7,177568854000070;51,265536545000003
180360;5220930307000080598;5;9;62;40;2022;9;13;6;3;0;5;0;0;1;1;1;0;0;0;418748,165668474975973;5696504,030387680046260;7,831620844000040;51,413923804000000
180363;5220913516900008426;5;1;58;26;2022;9;14;3;3;0;7;0;0;1;0;0;0;0;0;351571,395999783999287;5662199,529999299906194;6,880417623000030;51,092062750000103
180367;5220922608200094779;5;3;34;2;2022;9;7;5;3;5;3;0;0;1;0;0;0;0;1;296698,500999044976197;5631779,578995729796588;6,114727390000040;50,802037652000102
180368;5220929405108546693;5;7;54;8;2022;9;7;5;3;0;1;1;0;1;0;0;0;0;0;456726,898000000976026;5750960,033999660052359;8,370951018000030;51,907705862000100
180371;5220921505100491454;5;1;14;0;2022;9;15;4;3;5;3;0;0;1;1;0;0;0;0;330049,590999589010607;5689257,461998630315065;6,560543297000040;51,329180036000103
180372;5220930706100281060;5;5;58;16;2022;9;16;6;3;5;3;0;0;1;1;0;0;0;0;381926,544999932986684;5743527,359999599866569;7,286499695000030;51,830076593999998
180377;5220927706000491074;5;5;58;12;2022;9;7;3;3;0;1;1;1;1;0;0;0;0;0;374282,252582028973848;5756067,199149849824607;7,171054134000030;51,941098641000103
180379;5220926301304594292;5;9;13;0;2022;9;13;2;3;1;5;0;0;1;1;0;0;0;0;402310,576524053991307;5710134,286834579892457;7,591554155000040;51,533852997000103
180380;5220915600330191342;5;3;82;48;2022;9;15;5;3;3;6;0;0;1;1;0;0;0;0;354671,363999803026672;5610428,197999349795282;6,945213161000030;50,627594413000097
180381;5220917600110995271;5;3;14;0;2022;9;10;7;3;0;1;0;0;1;0;0;0;0;0;365913,641884624026716;5621225,124724430032074;7,100154717000070;50,727331909999997
180385;5220927506100771701;5;1;16;0;2022;9;13;3;3;0;1;0;1;1;0;0;0;0;0;320928,237999472010415;5674472,222998130135238;6,437154843000030;51,193564623000000
180386;5220913608100933490;5;3;34;2;2022;9;9;3;3;0;1;0;0;1;0;0;0;0;0;292564,931582636025269;5628630,270966630429029;6,057922468000070;50,772289098999998
180387;5220920301301072381;5;9;78;24;2022;9;8;3;3;5;5;0;0;1;1;0;0;0;0;398470,306107177981175;5720961,300863360054791;7,533074960000020;51,630495729000103
180388;5220924705000860690;5;5;54;24;2022;9;12;7;3;0;5;0;0;1;0;0;0;0;1;371144,984348217025399;5775867,642030180431902;7,117981794000060;52,118309291999999
180389;5220914702100361966;5;5;15;0;2022;9;14;4;3;5;3;0;0;1;0;0;0;0;0;405965,222999978985172;5757561,564999659545720;7,631404139000040;51,960788065000003
180394;5220922407313096962;5;7;62;36;2022;9;16;5;3;0;6;0;0;1;0;0;0;0;1;506111,118990347022191;5707178,631078789941967;9,088070574000030;51,515697628000098
180397;5220927711112596158;5;5;70;52;2022;9;14;3;3;0;1;0;1;1;0;0;0;0;0;429717,151096284971572;5756549,544882469810545;7,977230626000050;51,955200517000002
180399;5220919709800581941;5;5;66;40;2022;9;9;2;3;0;1;0;1;1;0;0;0;0;0;422272,395034709013999;5782099,025977539829910;7,863096382000040;52,183876358000099
180402;5220916610121080789;5;3;70;12;2022;9;15;6;3;0;1;0;1;1;0;0;0;0;0;294290,937999012006912;5651808,943995210342109;6,069330068000060;50,981070628000097
180409;5220913411224993967;5;7;74;24;2022;9;13;3;3;5;3;0;0;1;0;0;0;0;0;476979,560797458980232;5741110,246916470117867;8,666007016000041;51,820351518999999
180410;5220919502405091263;5;1;17;0;2022;9;13;2;3;4;2;0;1;1;1;0;0;0;0;355517,389999811013695;5700803,639999359846115;6,921128399000050;51,439975007999998
180413;5220922600130993871;5;3;82;8;2022;9;7;5;3;0;5;0;0;1;1;0;0;0;0;374605,006067537004128;5612378,317104079760611;7,226237732000070;50,649752010000000
180418;5220930705000279121;5;5;54;12;2022;9;17;6;3;0;7;0;0;1;0;0;0;0;0;351153,914589683990926;5745594,639951299875975;6,839340473000050;51,841300017999998
180421;5220912701500398979;5;5;62;24;2022;9;15;2;3;5;3;0;0;1;1;0;0;0;0;367537,960632290982176;5723430,253529289737344;7,085459974000060;51,646251226000103
180423;5220927600110787059;5;3;14;0;2022;9;8;3;3;0;1;0;1;1;0;0;0;0;0;365557,240073104971088;5621938,647508529946208;7,094847707000040;50,733662645000003
180424;5220921405108206497;5;7;54;8;2022;9;8;4;2;5;3;0;0;1;1;0;0;0;0;457018,512048830976710;5750367,352377340197563;8,375263787000049;51,902399895000002
180426;5220915701500538984;5;5;62;24;2022;9;16;5;3;6;7;0;0;1;0;1;0;0;0;370688,320296640973538;5725327,039729789830744;7,130265761000030;51,664030384000100
180429;5220918406220331885;5;7;58;24;2022;9;2;1;3;8;1;2;0;1;1;0;0;0;0;478776,111496775993146;5784036,672572759911418;8,689411072000039;52,206365855999998
180430;5220930600380595286;5;3;14;0;2022;9;21;6;3;6;6;2;0;1;0;1;0;0;0;369596,011079534015153;5616450,529333270154893;7,153986710000030;50,685254759000003
180438;5220929410110796859;5;7;70;24;2022;9;13;5;3;0;6;0;0;1;0;0;0;0;1;492248,943916674994398;5793530,035112810321152;8,886352912000060;52,292070672000101
180443;5220926601200776533;5;3;15;0;2022;9;12;2;3;3;6;0;1;1;1;0;0;0;0;358981,468454848974943;5639867,230178030207753;6,994833633000040;50,893232904000101
180444;5220913505100165917;5;1;14;0;2022;9;18;3;3;1;5;0;0;1;1;0;0;0;0;329922,888934539980255;5688770,855694260448217;6,558958637000050;51,324770575000102
180445;5220919505100517858;5;1;14;0;2022;9;13;2;3;5;3;0;1;1;1;0;0;0;0;330957,117805337999016;5688291,487317689694464;6,574015478000040;51,320772251999998
180446;5220914600380095286;5;3;14;0;2022;9;7;4;3;4;2;0;1;1;1;0;0;0;0;370500,543869024026208;5615221,215648549608886;7,167214924000060;50,674407240000100
180449;5220929600110086267;5;3;14;0;2022;9;15;5;3;5;3;0;0;1;0;0;0;0;0;366358,588808030996006;5622186,130298710428178;7,106107035000040;50,736071952000003
180452;5220925601400086613;5;3;15;0;2022;9;20;1;2;0;7;2;0;1;0;0;0;0;0;355295,787450221017934;5647021,058465209789574;6,939623031000050;50,956611330000001
180453;5220916500200800419;5;1;11;0;2022;9;6;6;3;4;6;2;0;1;0;0;0;0;1;350343,643999775988050;5678138,791999270208180;6,856266426000050;51,234973377000102
180457;5220926513210071841;5;1;62;24;2022;9;14;2;3;5;3;0;1;1;1;0;0;0;0;341613,784300455008633;5670715,486769219860435;6,734594273000030;51,165917654000097
180459;5220919516300095737;5;1;58;28;2022;9;16;2;3;5;2;0;1;1;0;0;0;0;0;348974,555999765987508;5689199,560999250039458;6,831993650000070;51,334000660000100
180460;5220914515110885952;5;1;54;36;2022;9;8;4;3;5;3;0;1;1;0;0;1;0;0;303530,695901268976741;5738974,777109160088003;6,152600412000030;51,767133211000001