OBJECTID;UIDENTSTLAE;ULAND;UREGBEZ;UKREIS;UGEMEINDE;UJAHR;UMONAT;USTUNDE;UWOCHENTAG;UKATEGORIE;UART;UTYP1;ULICHTVERH;IstStrassenzustand;IstRad;IstPKW;IstFuss;IstKrad;IstGkfz;IstSonstige;LINREFX;LINREFY;XGCSWGS84;YGCSWGS84
180463;5220929600380575882;5;3;14;0;2022;9;18;5;3;4;6;0;0;1;0;0;0;0;0;369530,959274250024464;5616794,309531499631703;7,152944983000050;50,688330178000101
180464;5220921608200589876;5;3;34;2;2022;9;7;4;3;6;4;0;0;1;0;1;0;0;0;299051,570463625015691;5627456,163058220408857;6,150441069000070;50,764026743999999
180466;5220926301201993696;5;9;13;0;2022;9;13;2;2;5;3;0;1;1;1;0;0;0;0;389754,347541954019107;5708175,616813760250807;7,411207205000040;51,513935688000103
180467;5220916301102680570;5;9;13;0;2022;9;10;6;3;2;3;0;0;1;1;0;0;0;0;394702,998999960022047;5702298,779999620281160;7,484249570000030;51,462055251999999
180468;5220912608404585787;5;3;34;4;2022;9;15;2;3;0;1;0;0;1;0;0;0;0;0;302813,551999168004841;5641243,733996530063450;6,196305950000070;50,889157515000100
180469;5220919316200294489;5;9;74;52;2022;9;15;2;3;0;7;0;1;1;1;0;0;0;0;424111,795255678996909;5711142,510983680374920;7,905587189000070;51,546268865000101
180470;5220927601400899119;5;3;15;0;2022;9;11;3;3;0;2;0;1;1;0;0;0;0;1;354479,784574440971483;5648440,550843480043113;6,927444714000050;50,969162363000102
180471;5220920711111787306;5;5;70;52;2022;9;20;3;3;5;3;2;0;1;1;0;0;0;0;430858,973819140985142;5757068,307080729864538;7,993739446000060;51,960007142000102
180475;5220922513330880787;5;1;62;12;2022;9;15;5;3;0;3;0;0;1;1;0;0;0;0;322167,062245519016869;5665045,097698739729822;6,459523110000020;51,109263790999997
180481;5220919702100991678;5;5;15;0;2022;9;7;2;3;5;3;0;0;1;0;0;0;0;0;405832,594999976980034;5758606,651999659836292;7,629187852000030;51,970159316000000
180485;5220922709000576750;5;5;66;76;2022;9;10;5;3;5;3;0;0;1;1;0;0;0;0;393333,474999958998524;5793061,791999660432339;7,436502532000080;52,277564830000102
180487;5220930500200993672;5;1;11;0;2022;9;14;6;3;5;3;0;0;1;1;0;0;0;0;344399,825991472986061;5681324,781299909576774;6,769807857000050;51,262010670999999
180490;5221001702100992910;5;5;15;0;2022;10;9;7;3;0;3;0;1;1;0;0;0;0;0;405208,893999978026841;5757219,746999659575522;7,620494175000030;51,957587232000002
180494;5220914411132279432;5;7;74;32;2022;9;18;4;3;0;1;0;1;1;0;0;0;0;0;481764,849891013000160;5728143,319737879559398;8,736114243000030;51,703939580000103
180496;5220928404302087414;5;7;66;40;2022;9;16;4;3;5;3;0;1;1;1;0;0;0;0;487179,723999999987427;5759863,283999670296907;8,813297586000029;51,989288287000100
180500;5220925601300993832;5;3;15;0;2022;9;17;1;3;0;1;0;0;1;0;0;0;0;0;352517,639440505998209;5648345,290869830176234;6,899557660000030;50,967807276000002
180501;5220916316300187449;5;9;74;28;2022;9;5;6;3;0;7;2;1;1;0;0;0;0;0;454988,119000001985114;5724951,834999649785459;8,349051632000061;51,673736245999997
180504;5220930601300978239;5;3;15;0;2022;9;10;6;3;0;1;0;0;1;0;0;0;0;0;352809,688999791978858;5646884,074999320320785;6,904305117000040;50,954750703000101
180505;5220927601500986462;5;3;15;0;2022;9;18;3;3;5;3;0;1;1;1;0;0;0;0;359673,302047675999347;5646797,853175230324268;7,001997348000030;50,955687965999999
180509;5220915514216993731;5;1;66;28;2022;9;17;5;3;0;2;0;0;1;1;0;0;0;0;320500,215999467996880;5686223,993998079560697;6,425143719000060;51,298997122999999
180510;5220916705000995195;5;5;54;8;2022;9;21;6;3;5;3;2;1;1;1;0;0;0;0;335215,525999655015767;5746044,380998799577355;6,607970649000040;51,840864925000098
180511;5220922317230392214;5;9;78;8;2022;9;8;5;2;5;2;0;0;1;1;0;0;0;0;413612,744792417972349;5716824,349356669932604;7,752815479000050;51,595836033000097
180512;5220929505200695977;5;1;14;0;2022;9;7;5;3;0;7;2;0;1;0;0;0;0;0;329661,521999584976584;5688541,668998610228300;6,555320547000060;51,322633398999997
180517;5220927518300195975;5;1;70;20;2022;9;16;3;3;0;3;0;0;1;1;0;0;0;0;330005,320227238989901;5708208,885525439865887;6,550822379000070;51,499420108999999
180518;5220920501311476268;5;1;12;0;2022;9;18;3;3;0;3;0;0;1;1;0;0;0;0;344189,513999730988871;5700301,294999130070210;6,758488782000030;51,432459135999999
180520;5220915601100078522;5;3;15;0;2022;9;10;5;3;3;1;0;0;1;0;0;0;0;1;356198,824214813997969;5645427,714410140179098;6,953101414000060;50,942518262000100
180528;5220926702100074754;5;5;15;0;2022;9;18;2;3;2;5;0;1;1;0;0;0;0;1;406020,448012345004827;5756733,178264009766281;7,632434251000060;51,953351480999999
180529;5220913500200002247;5;1;11;0;2022;9;15;3;3;5;3;0;0;1;1;0;0;0;0;343843,768999725987669;5680201,907999129965901;6,762334580000070;51,251769344000103
180530;5220919601500086565;5;3;15;0;2022;9;15;2;3;0;3;0;0;1;0;0;0;0;1;362259,095999850018416;5647952,210999440401793;7,038354191000050;50,966686359000100
180532;5220914709700191773;5;5;66;28;2022;9;16;4;3;0;7;0;0;1;1;0;0;0;0;412201,855999985011294;5792632,802999679930508;7,713099565000050;52,277046482999999
180535;5220930405236156391;5;7;54;36;2022;9;5;6;3;5;3;2;1;1;0;0;0;0;0;472313,828139939985704;5752070,678600589744747;8,597436839000069;51,918684369000097
180537;5220921709000076750;5;5;66;12;2022;9;13;4;3;5;2;0;0;1;1;0;0;0;0;404891,951999976008665;5772896,786999669857323;7,611525205000020;52,098442761000101
180540;5220913300100977774;5;9;11;0;2022;9;16;3;2;0;1;0;0;1;0;0;0;0;0;377561,805999916978180;5706555,872999570332468;7,236143219000040;51,496867559000101
180541;5220919411232993913;5;7;74;32;2022;9;7;2;3;3;2;0;1;1;1;0;0;0;0;480704,857000001007691;5732815,781999659724534;8,720516064000041;51,745915519000100
180543;5220922601500593415;5;3;15;0;2022;9;9;5;3;1;5;0;0;1;1;0;0;0;0;364853,344838546006940;5648934,027436680160463;7,074912959000070;50,976124872000099
180546;5220920709110993893;5;5;66;12;2022;9;17;3;3;5;2;0;0;1;1;0;0;0;0;404919,150999977020547;5773410,682999660260975;7,611778736000080;52,103066417000001
180547;5221001500300381050;5;1;11;0;2022;10;11;7;2;0;1;0;1;1;0;0;0;0;0;348831,217400856025051;5674617,216675929725170;6,836103072000070;51,202930756000100
180548;5220926301301453668;5;9;78;24;2022;9;15;2;3;5;3;0;1;1;1;0;0;0;0;393170,378999958978966;5717986,127999619580805;7,457436566000070;51,602772614999999
180555;5220913609108594934;5;3;58;8;2022;9;13;3;3;6;1;0;0;1;0;1;0;0;0;322729,746396529022604;5631388,468183220364153;6,483945703000070;50,807072640999998
180557;5220925316300589235;5;9;74;28;2022;9;12;1;3;5;3;0;0;1;1;0;0;0;0;453726,115999998990446;5724857,195999650284648;8,330814785000030;51,672782810999998
180559;5220916505200496228;5;1;14;0;2022;9;12;6;3;0;1;0;0;1;0;0;0;0;0;329610,380999584973324;5690779,311998610384762;6,553517029000030;51,342720588000098
180566;5220919608100780785;5;3;34;2;2022;9;11;2;3;2;6;0;0;1;0;0;0;0;1;294154,512998990016058;5628589,451995340175927;6,080459182000030;50,772488683000098
180568;5220914505200886738;5;1;14;0;2022;9;11;4;3;1;3;0;1;1;1;0;0;0;0;329115,995119630999397;5689120,121737579815090;6,547221537000040;51,327666467000000
180571;5220929701200598948;5;5;62;20;2022;9;7;5;3;5;2;0;0;1;1;0;0;0;0;371063,255709403019864;5717799,075608620420098;7,138455981000050;51,596464455000003
180574;5221001505100086009;5;1;14;0;2022;10;22;7;3;5;2;2;0;1;1;0;0;0;0;330512,712999593990389;5688804,072998650372028;6,567400118000020;51,325245043999999
180575;5220926601200486263;5;3;15;0;2022;9;16;2;3;0;5;0;1;1;1;0;0;0;0;356464,667069700022694;5641370,070255289785564;6,958480133000020;50,906118867000004
180578;5220914405148081065;5;7;54;48;2022;9;11;4;3;1;5;0;1;1;1;0;0;0;0;442138,902409494970925;5765808,857586420141160;8,156407690000041;52,039872899999999
180582;5220916601200081465;5;3;15;0;2022;9;12;6;3;5;1;0;0;1;1;0;0;0;0;355971,640986581973266;5640486,849099430255592;6,951820964000040;50,898058656000003
180583;5220922607500595278;5;3;82;56;2022;9;14;5;3;0;1;0;0;1;0;0;0;0;0;373668,074680184014142;5626535,373923799954355;7,208144952000050;50,776801056000103
180585;5220929501315976338;5;1;12;0;2022;9;10;5;3;5;2;0;0;1;1;0;0;0;0;346981,910999752988573;5699867,446999209932983;6,798815855000040;51,429321899000101
180586;5220923608200975610;5;3;34;2;2022;9;20;6;3;0;1;2;0;1;0;0;0;0;0;295966,593086297973059;5630024,727079040370882;6,105328706000020;50,786019535999998
180590;5220926513210181477;5;1;62;24;2022;9;16;2;3;3;2;0;1;1;0;0;0;0;0;338441,302794385992456;5674351,810848180204630;6,687622385000050;51,197702458000002
180591;5220913301205352252;5;9;13;0;2022;9;12;3;3;2;6;0;0;1;0;0;0;0;0;387887,809296788997017;5714508,401431810110807;7,382301774000040;51,570487936000099
180593;5220914303100580583;5;9;15;0;2022;9;9;4;3;1;5;0;1;1;1;0;0;0;0;417314,781106329988688;5723221,810193340294063;7,804739109000020;51,653902123000101
180596;5220929601700093546;5;3;16;0;2022;9;21;5;3;5;2;2;0;1;0;0;1;0;0;360932,579984578012954;5659080,083900400437415;7,015208177000030;51,066374803000002
180597;5220920701500095974;5;5;62;24;2022;9;10;3;3;5;2;0;1;1;0;0;0;0;1;369631,867129128018860;5725067,869223459623754;7,115095915000040;51,661457224000102
180599;5220925709500236096;5;5;66;16;2022;9;11;1;3;0;7;0;0;1;0;1;0;0;0;406215,135498466028366;5791485,127523919567466;7,625694865000070;52,265742504999999
180600;5220915506100691416;5;1;16;0;2022;9;15;5;3;0;1;0;0;1;0;0;0;0;0;321543,419285962008871;5670335,953370530158281;6,448003174000060;51,156599722000102
180601;5220917514213089367;5;1;66;8;2022;9;16;7;3;0;7;0;0;1;0;0;0;0;0;314798,513999391987454;5690392,208997629582882;6,341283083000060;51,334611407000097
180603;5220930515210595972;5;1;54;28;2022;9;17;6;3;5;3;0;0;1;1;0;0;0;0;320578,771706575993448;5701900,030489860102534;6,418357539000060;51,439836923000001
180605;5220927709500379230;5;5;66;60;2022;9;16;3;3;0;1;0;1;1;0;0;0;0;1;389160,175160502025392;5789441,131157780066133;7,376546213000040;52,244200573000100
180608;5220925307000393867;5;9;62;52;2022;9;17;1;3;4;1;0;0;1;1;0;0;0;0;420678,956000884994864;5675450,634337030351162;7,864064254000030;51,224922365000097
180609;5220915500300695515;5;1;11;0;2022;9;17;5;2;0;7;0;0;1;0;0;0;0;0;342075,916451260971371;5675293,619698800146580;6,739186008000050;51,207180915999999
180619;5220919601100390322;5;3;15;0;2022;9;10;2;3;1;5;0;1;1;1;0;0;0;0;356491,380037850001827;5642999,928453709930182;6,958218768000050;50,920772914000104
180623;5220928518301691455;5;1;70;4;2022;9;21;4;3;2;1;2;1;1;1;0;0;0;0;324427,941999530012254;5720923,505998269654810;6,464202879000030;51,611929029000102
180625;5220921513210885987;5;1;62;24;2022;9;11;4;3;3;1;0;0;1;1;0;0;0;0;335380,588695235026535;5676020,240870780311525;6,643088617000050;51,211819003000102
180629;5220912701500385497;5;5;62;24;2022;9;13;2;3;4;5;0;0;1;1;0;0;0;0;368684,205999883997720;5725578,550999520346522;7,101210514000060;51,665825855000001
180631;5220914405116796858;5;7;54;16;2022;9;19;4;3;5;3;1;1;1;1;0;0;0;0;446847,498000000021420;5757496,961999669671059;8,226339559000049;51,965619294000099
180634;5220925513130081475;5;1;62;22;2022;9;11;1;2;7;1;0;0;1;0;0;0;0;0;333413,349999624013435;5682845,137998789548874;6,611774075000030;51,272565622999998
180635;5220915607200695297;5;3;82;20;2022;9;12;5;2;6;6;0;0;1;0;1;0;0;0;378867,183999921020586;5626150,637999550439417;7,281978186000060;50,774452027999999
180637;5220922516100674158;5;1;58;36;2022;9;11;5;3;5;7;0;0;1;1;0;0;0;0;363481,873887791996822;5683112,389477699995041;7,042441828000050;51,282965106000098
180641;5220927500300779203;5;1;11;0;2022;9;11;3;3;5;3;0;1;1;1;0;0;0;0;352928,965999793028459;5667796,664999320171773;6,897507371000070;51,142709828000100
180643;5220920406210990809;5;7;58;28;2022;9;18;3;3;5;3;0;0;1;1;0;0;0;0;464412,038000000000466;5784443,220999680459499;8,479172980000040;52,209280453000098
180644;5220927610122589891;5;3;70;28;2022;9;19;3;3;0;6;2;1;1;1;0;0;0;0;296235,964217200991698;5645470,152903890237212;6,100549405000040;50,924833235999998
180646;5220921405236487132;5;7;54;36;2022;9;13;4;2;5;3;0;0;1;0;0;0;0;0;470756,933724957983941;5752070,739807769656181;8,574799895000069;51,918605327000101
180651;5220930518210891485;5;1;70;28;2022;9;13;6;2;0;3;0;0;1;0;0;0;0;1;330032,622332516999450;5701412,780093399807811;6,554483395000030;51,438375048000097
180652;5221003407109397000;5;7;62;20;2022;10;16;2;3;0;1;0;0;1;0;0;0;0;0;528994,704401090042666;5738138,620027730241418;9,420419963000031;51,793355507000101
180653;5220927515000993152;5;1;54;36;2022;9;13;3;3;5;3;0;1;1;1;0;0;0;0;302346,215748624003027;5741270,825608390383422;6,134150081000030;51,787335020999997
180654;5220913607300993962;5;3;82;76;2022;9;21;3;3;8;1;2;1;1;0;0;0;0;0;394144,764099135005381;5629069,625693189911544;7,497733334000030;50,803682772000101
180657;5220914601300581823;5;3;15;0;2022;9;10;4;3;5;2;0;1;1;1;0;0;0;0;354282,950999801978469;5645561,499999339692295;6,925795903000050;50,943239534000000
180658;5220916606400681162;5;3;78;28;2022;9;16;6;3;0;7;0;1;1;0;0;0;0;0;372680,113999899011105;5639147,607999520376325;7,189758303000080;50,889947247000102
180660;5220929501311079017;5;1;12;0;2022;9;9;5;3;0;3;0;0;1;1;0;0;0;0;345138,398592450015713;5701022,061017430387437;6,771813236000070;51,439195361000003
180661;5220930405104993765;5;7;54;4;2022;9;11;6;3;0;2;0;0;1;0;0;0;0;1;451902,408999998995569;5772574,668999680317938;8,297789534000060;52,101631763999997
180662;5220923500300600525;5;1;11;0;2022;9;17;6;3;1;5;0;0;1;1;0;0;0;0;348897,843999764998443;5674697,804999249987304;6,837022135000040;51,203672531000102
180663;5220922410230078121;5;7;70;4;2022;9;6;5;3;7;1;2;0;1;0;0;0;0;0;486032,592053154017776;5783840,910725490190089;8,795609063000031;52,204837533999999
180664;5221002411132682083;5;7;74;32;2022;10;4;1;2;8;1;2;1;1;0;0;0;0;0;482429,664303680008743;5729231,228958919644356;8,745680000000050;51,713742529999998
180669;5220922702100079175;5;5;15;0;2022;9;10;5;3;2;6;0;0;1;1;0;0;0;0;406029,433351052983198;5758027,759651499800384;7,632210819000020;51,964989290000098
180670;5220923515111695174;5;1;54;8;2022;9;17;6;3;0;5;0;0;1;1;0;0;0;0;309939,744870367983822;5745862,113814969547093;6,241593216000070;51,831199390999998
180672;5220929518400882195;5;1;70;8;2022;9;7;5;3;5;3;1;0;1;1;0;0;0;0;343452,670172223995905;5716545,646682189777493;6,740687189000030;51,578207405999997
180673;5220921600110493628;5;3;14;0;2022;9;7;4;3;5;3;0;0;1;1;0;0;0;0;366492,959222830017097;5620038,019019169732928;7,108787848000080;50,716795591999997
180674;5220930709800591839;5;5;66;88;2022;9;16;6;3;0;7;0;0;1;0;0;0;0;0;414568,777999988000374;5786827,415999679826200;7,749252220000070;52,225238121000103
180675;5220925600110993628;5;3;14;0;2022;9;14;1;3;5;3;0;0;1;1;0;0;0;0;361849,092118388973176;5623751,422717809677124;7,041653150000060;50,749085094000101
180676;5220916317110993725;5;9;78;36;2022;9;23;6;2;8;1;2;1;1;0;0;0;0;0;413877,632969969999976;5711319,842070000246167;7,757988113000070;51,546393821000002
180682;5220924518100191587;5;1;70;48;2022;9;12;7;3;5;3;0;1;1;1;0;0;0;0;334767,718999648001045;5727583,781998800113797;6,610251643000030;51,674892290000102
180683;5220915513210975545;5;1;62;24;2022;9;13;5;3;0;1;0;1;1;0;0;0;0;0;339345,763999683025759;5671873,353999010287225;6,701665089000070;51,175688624000003
180684;5220917501215682259;5;1;12;0;2022;9;9;7;3;4;2;0;0;1;1;0;0;0;0;337865,139999671024270;5696598,524998939596117;6,669278089000040;51,397417670999999
180688;5220930601600993760;5;3;15;0;2022;9;13;6;3;5;2;0;0;1;1;0;0;0;0;361150,591216247994453;5645405,433957289904356;7,023548842000030;50,943531817000100
180689;5220926706300196594;5;5;58;36;2022;9;11;2;3;0;7;0;1;1;1;0;0;0;0;388595,808999949018471;5729732,090999620035291;7,387667081000070;51,707458203000002
180691;5220919608404480796;5;3;34;4;2022;9;7;2;3;0;1;0;1;1;1;0;0;0;0;300053,387999114987906;5640425,720996170304716;6,157559305000060;50,880861811999999
180692;5220924500100769281;5;1;11;0;2022;9;14;7;2;5;2;0;0;1;1;0;0;0;0;347000,708266673027538;5675643,710110579617321;6,809483040000030;51,211667106000000
180693;5220914601400586513;5;3;15;0;2022;9;9;4;3;5;3;0;1;1;0;0;0;0;1;355398,325999810011126;5647222,696999359875917;6,941001909000020;50,958449143999999
180694;5220916609128805941;5;3;58;28;2022;9;16;6;3;5;1;0;0;1;1;0;0;0;0;322773,921999483020045;5625156,647998330183327;6,487575670000070;50,751098372000101
180695;5220923600330078211;5;3;82;48;2022;9;11;6;2;0;7;0;0;1;0;0;0;0;0;354616,890739894995932;5609911,557707070372999;6,944646006000030;50,622937636000103
180696;5220929411132993766;5;7;74;32;2022;9;17;5;3;5;2;0;0;1;0;0;0;0;1;481799,510000000998843;5732011,185999659821391;8,736413674000060;51,738717819999998
180698;5220922300200177945;5;9;11;0;2022;9;17;5;3;5;3;0;0;1;1;0;0;0;0;370861,734999892010819;5702016,201999530196190;7,141333981000060;51,454578581000099
180704;5220922601200299167;5;3;15;0;2022;9;17;5;3;6;4;0;0;1;0;1;0;0;0;359760,206435871019494;5636415,841715630143881;7,007223344000070;50,862404055000098
180705;5220928608312289843;5;3;34;12;2022;9;6;4;3;5;3;2;1;1;1;0;0;0;0;310908,461668703996111;5634171,095661570318043;6,314918824000070;50,828331580000103
180706;5220929610211532769;5;3;70;4;2022;9;15;5;3;0;3;0;0;1;1;0;0;0;0;311402,439244212990161;5661668,231722090393305;6,307682310000080;51,075490965000000
180708;5220915314110293812;5;9;66;24;2022;9;22;5;3;2;6;2;0;1;1;0;0;0;0;422137,178999991971068;5650709,133999619632959;7,890284128000080;51,002681548000098
180709;5220916514220485929;5;1;66;36;2022;9;19;6;3;0;1;0;1;1;0;0;0;0;0;323590,175999509985559;5681566,611998289823532;6,471720419000060;51,258124250999998
180723;5220920701110285379;5;5;62;32;2022;9;12;3;3;3;6;0;0;1;1;0;0;0;0;379548,887999924016185;5718841,163999590091407;7,260547773000040;51,607708623000100
180724;5221001405148586993;5;7;54;48;2022;10;19;7;2;3;6;1;1;1;0;0;0;0;0;441447,481340010010172;5765826,982984419912100;8,146325138000069;52,039963252000099
180727;5220912709110993983;5;5;66;8;2022;9;16;2;3;6;4;0;0;1;0;1;0;0;0;399071,127999969990924;5781737,258999659679830;7,523952489000070;52,176867647000101
180728;5220919500200695706;5;1;11;0;2022;9;10;2;3;5;3;0;0;1;1;0;0;0;0;342619,534999714000151;5685839,233999090269208;6,742323674000030;51,302084710000003
180729;5220914302100585241;5;9;14;0;2022;9;6;4;3;5;2;0;1;1;1;0;0;0;0;392743,236999958986416;5690204,504999609664083;7,459707253000030;51,352976529999999
180736;5220918406220944988;5;7;58;24;2022;9;12;1;2;4;6;0;1;1;1;0;0;0;0;484937,965000000025611;5783611,326999680139124;8,779601262000030;52,202744613999997
180737;5220929516300486901;5;1;58;28;2022;9;12;5;3;0;1;0;0;1;0;0;0;0;0;349848,698703582980670;5684901,778609580360353;6,846342335000030;51,295613795000101
180741;5220913500300078452;5;1;11;0;2022;9;20;3;3;0;1;2;1;1;1;0;0;0;0;345022,086710529983975;5674420,837404199875891;6,781705562000070;51,200145559000099
180742;5220919608332285783;5;3;34;32;2022;9;5;2;3;5;3;2;1;1;1;0;0;0;0;305027,558999201981351;5628134,100996850058436;6,234717702000070;50,772154903999997
180744;5220914701700949526;5;5;62;16;2022;9;15;4;3;5;3;0;1;1;1;0;0;0;0;374615,370999909006059;5733494,142999559640884;7,184079695000040;51,738317324000000
180746;5220922600110593436;5;3;14;0;2022;9;18;5;2;4;6;0;0;1;0;0;0;0;0;366389,268829178996384;5621047,877571860328317;7,106954078000060;50,725848392000003
180747;5220928705000993784;5;5;54;68;2022;9;18;4;3;0;3;0;0;1;1;0;0;0;0;350805,577999898989219;5767151,938999259844422;6,824937541000050;52,034890718000000
180749;5220921608100989911;5;3;34;2;2022;9;15;4;3;5;3;0;0;1;1;0;0;0;0;293672,125145774974953;5629536,974964070133865;6,073095354000030;50,780827127000101
180751;5220926600140993690;5;3;14;0;2022;9;12;2;3;5;3;0;1;1;0;0;0;0;1;369428,243978864978999;5621674,867538809776306;7,149765130000050;50,732174857000103
180754;5220923602500093431;5;3;62;24;2022;9;13;6;3;0;1;0;0;1;0;0;0;0;0;345788,830999739002436;5642052,019999190233648;6,806463158000040;50,909494033999998
180757;5220929705000296575;5;5;54;68;2022;9;13;5;3;5;7;0;0;1;1;0;0;0;0;350985,246656142990105;5767321,978408399969339;6,827480757000050;52,036466732000100
180761;5220915505100691454;5;1;14;0;2022;9;5;5;3;5;3;2;0;1;1;0;0;0;0;328932,589999574993271;5685466,358998579904437;6,546344012000080;51,294786804000097
180762;5220916702100072391;5;5;15;0;2022;9;8;6;3;5;2;0;0;1;1;0;0;0;0;405432,750202604976948;5750116,777987769804895;7,625702579000060;51,893780452000001
180763;5220917709300896564;5;5;66;8;2022;9;12;7;3;0;7;0;1;1;1;0;0;0;0;399955,057999970973469;5781250,499999670311809;7,537018609000030;52,172653770000103
180764;5220930606100225010;5;3;78;4;2022;9;12;6;3;5;2;0;0;1;1;0;0;0;0;368714,215952149010263;5649341,637925280258060;7,129729852000030;50,980681531000101
180769;5220925317240418405;5;9;78;40;2022;9;0;1;3;0;1;2;0;1;0;0;0;0;0;406941,945807488984428;5724044,936436030082405;7,654616937000070;51,659679727000103
180772;5220923505200078949;5;1;14;0;2022;9;18;6;2;5;3;1;0;1;0;0;0;0;0;328147,347999569028616;5696807,316998519934714;6,529617299000050;51,396433217000002
180773;5220920601500693415;5;3;15;0;2022;9;13;3;3;0;7;0;1;1;1;0;0;0;0;361050,865999843983445;5646377,642999430187047;7,021759240000050;50,952245245000000
180774;5220930705000874468;5;5;54;44;2022;9;8;6;3;0;1;0;0;1;0;0;0;0;0;365592,056999869993888;5743020,446999490261078;7,049787081000030;51,821830372000100
180775;5220926501214169330;5;1;12;0;2022;9;8;2;2;4;6;0;0;1;0;0;0;0;1;341913,881833171006292;5696777,829382959753275;6,727349890000030;51,400171297000000
180781;5220913701610891324;5;5;62;12;2022;9;14;3;2;5;3;0;0;1;1;0;0;0;0;359079,190999836020637;5735045,937999419867992;6,958589193000020;51,748570438999998
180782;5220920404103291065;5;7;66;16;2022;9;11;3;3;0;3;0;1;1;1;0;0;0;0;506564,165000001026783;5754744,012999669648707;9,095496641000070;51,943370111000000
180785;5220916515212017660;5;1;54;32;2022;9;22;6;2;0;1;2;0;1;0;0;0;0;0;308764,143863025004975;5717713,614595049992204;6,239990169000070;51,577998980000103
180786;5220922405236282127;5;7;54;36;2022;9;16;5;3;5;3;0;0;1;1;0;0;0;0;472784,938520892988890;5752034,481129880063236;8,604289573000070;51,918382147999999
180789;5220930411132974504;5;7;74;32;2022;9;10;6;3;5;3;0;0;1;0;0;0;0;0;483182,048000000009779;5730155,417999659664929;8,756525570000059;51,722075265999997
180792;5220913518300186029;5;1;70;32;2022;9;7;3;3;5;3;0;0;1;1;0;0;0;0;333305,615043191995937;5713904,831033930182457;6,595630452000020;51,551574012000103
180795;5220914501213993954;5;1;12;0;2022;9;16;4;3;1;1;0;1;1;1;0;0;0;0;337688,623999671021011;5699067,820998930372298;6,665612884000040;51,419552350000103
180798;5220923608200575609;5;3;34;2;2022;9;15;6;3;5;7;0;0;1;1;0;0;0;0;299254,258451229019556;5626988,462401569820940;6,153566580000070;50,759896119000103
180800;5221001601100793850;5;3;15;0;2022;10;15;7;3;3;6;0;1;1;1;0;0;0;0;355654,314802450011484;5644628,484488200396299;6,945672703000070;50,935199672000103
180801;5220926601200125920;5;3;15;0;2022;9;15;2;3;0;5;0;1;1;1;0;0;0;0;358914,314995812019333;5639823,948005369864404;6,993896109000050;50,892827519999997
180802;5220912709700557409;5;5;66;92;2022;9;20;2;3;0;1;2;0;1;0;0;0;0;0;423293,351999993028585;5796669,108999679796398;7,874717392000040;52,314987514999999
180804;5220913702100070631;5;5;15;0;2022;9;8;3;3;0;6;0;0;1;1;0;0;0;0;405450,407857508980669;5757513,437027639709413;7,623927022000030;51,960268161999998
180805;5220923514110390209;5;1;66;32;2022;9;9;6;2;5;2;0;0;1;1;0;0;0;0;318711,558999443019275;5681330,382997959852219;6,401996561000030;51,254472039000099
180809;5220930516900591085;5;1;58;26;2022;9;17;6;3;5;3;0;0;1;1;0;0;0;0;351996,523803676012903;5663366,433257699944079;6,886005748000060;51,102658672000103
180812;5220917405108787126;5;7;54;8;2022;9;13;7;3;5;3;0;0;1;0;0;0;0;1;458520,993000000016764;5748299,086999669671059;8,397349830000049;51,883918788000102
180815;5220927410110993806;5;7;70;24;2022;9;7;3;2;0;1;1;1;1;0;0;0;0;0;496064,562895219016355;5793860,384011220186949;8,942294156000060;52,295081257000000
180816;5220913700000089346;5;5;13;0;2022;9;16;3;3;5;2;0;0;1;1;0;0;0;0;363172,508879997010808;5710033,439915359951556;7,027625117000070;51,524818822999997
180820;5220916600110087362;5;3;14;0;2022;9;16;6;3;0;1;0;1;1;0;0;0;0;0;365959,440104448003694;5621884,548178469762206;7,100563501000070;50,733269358000001
180821;5220922405108993858;5;7;54;8;2022;9;14;5;3;1;6;0;0;1;0;0;0;0;0;456544,499050932005048;5748495,294463830068707;8,368610394000029;51,885532247000100
180825;5220922316300070255;5;9;74;28;2022;9;13;5;3;5;3;0;0;1;1;0;0;0;0;454764,699000000022352;5724352,999999649822712;8,345898380000049;51,668334244999997
180827;5220926501316127766;5;1;12;0;2022;9;7;2;3;5;2;1;0;1;1;0;0;0;0;346506,892999748000875;5698651,449999189935625;6,792514819000080;51,418267503999999
180831;5220922601100286574;5;3;15;0;2022;9;18;5;3;0;1;0;0;1;0;0;0;0;0;355543,877999807999004;5645633,364999360404909;6,943703608000020;50,944202679000099
180833;5220929608200194745;5;3;34;2;2022;9;19;5;3;1;5;2;0;1;1;0;0;0;0;295491,238388850993942;5628225,176320680417120;6,099594662000070;50,769689761999999
180834;5220921500200964292;5;1;11;0;2022;9;16;4;3;0;3;0;0;1;1;0;0;0;0;345845,004999742028303;5688131,091999179683626;6,787566070000030;51,323560354999998
180835;5220922316300094382;5;9;74;28;2022;9;7;5;2;5;3;0;0;1;1;0;0;0;0;454272,491999998979736;5724263,624999649822712;8,338793283000030;51,667490837999999
180839;5220927514217046108;5;1;66;36;2022;9;11;3;3;5;3;0;1;1;1;0;0;0;0;327411,318999557988718;5682666,320998500101268;6,525898434000060;51,269173151000103