OBJECTID;UIDENTSTLAE;ULAND;UREGBEZ;UKREIS;UGEMEINDE;UJAHR;UMONAT;USTUNDE;UWOCHENTAG;UKATEGORIE;UART;UTYP1;ULICHTVERH;IstStrassenzustand;IstRad;IstPKW;IstFuss;IstKrad;IstGkfz;IstSonstige;LINREFX;LINREFY;XGCSWGS84;YGCSWGS84
180840;5220913506100095890;5;1;16;0;2022;9;7;3;2;5;3;0;1;1;1;0;0;0;0;321131,588999473024160;5667901,469998160377145;6,443329401000030;51,134601425000000
180841;5220919606700256049;5;3;78;8;2022;9;13;2;3;7;5;0;0;1;1;0;0;0;0;370537,660926198004745;5662936,002007160335779;7,150832481000070;51,103277300999999
180842;5220923702100579175;5;5;15;0;2022;9;8;6;3;5;6;0;0;1;1;0;0;0;0;402074,184999972989317;5759299,736999659799039;7,574296209000070;51,975739447000102
180843;5220914515210555083;5;1;54;12;2022;9;19;4;3;5;2;0;1;1;1;0;0;0;0;315155,781049015000463;5710629,730038549751043;6,335849353000070;51,516504150000102
180844;5220922601700890448;5;3;16;0;2022;9;17;5;3;4;2;0;0;1;1;0;0;0;0;358573,954999830981251;5655145,546999399550259;6,983104533000070;51,030439479999998
180846;5220929601200399002;5;3;15;0;2022;9;15;5;3;5;3;0;0;1;1;0;0;0;0;359970,762999836006202;5636939,590999419800937;7,010012928000040;50,867162168000000
180848;5220921406210676328;5;7;58;4;2022;9;17;4;2;5;3;0;0;1;1;0;0;0;0;471621,547818358987570;5782241,304618639871478;8,584864691000060;52,189902766000003
180850;5220926600380052792;5;3;14;0;2022;9;7;2;3;0;6;0;0;1;1;0;0;0;0;369084,959689427982084;5616287,928813000209630;7,146813825000040;50,683678493999999
180851;5220916307000811620;5;9;62;52;2022;9;13;6;2;0;1;0;0;1;0;0;0;0;0;422135,984503547020722;5674128,849802100099623;7,885212779000030;51,213239553000101
180854;5220923600110195622;5;3;14;0;2022;9;15;6;2;1;1;0;0;1;1;0;0;0;0;366905,021999872988090;5619874,696999480016530;7,114680514000040;50,715422156000002
180855;5220927705000520847;5;5;54;20;2022;9;11;3;3;5;3;0;0;1;1;0;0;0;0;365602,233999872987624;5783127,232999510131776;7,034204628000050;52,182220425000096
180856;5220921405232479364;5;7;54;32;2022;9;7;4;3;0;6;2;0;1;0;0;0;0;1;460749,752109171007760;5740163,235055070370436;8,430653442000050;51,810932768000001
180857;5220925601200499167;5;3;15;0;2022;9;1;1;2;8;1;2;1;1;0;0;0;0;0;359946,028031350986566;5638748,849048580043018;7,008968664000070;50,883416449999999
180858;5220915709700812181;5;5;66;56;2022;9;7;5;3;5;3;0;0;1;0;0;0;0;0;416421,033178757992573;5796898,300606840290129;7,773867902000060;52,316044342000097
180864;5221002602800781183;5;3;62;12;2022;10;5;1;3;5;3;2;1;1;1;0;0;0;0;351771,315999782993458;5631976,337999300099909;6,895578755000030;50,820514916000000
180865;5220927404301178056;5;7;66;44;2022;9;13;3;3;7;1;0;1;1;1;0;0;0;0;492977,545045392995235;5765262,913970990106463;8,897620637000051;52,037939518000002
180867;5220920316300294490;5;9;74;28;2022;9;13;3;3;3;6;0;0;1;0;0;0;0;0;453868,848999999987427;5724049,417999650351703;8,332985429000081;51,665531934000100
180868;5220925502325589554;5;1;13;0;2022;9;21;1;3;0;7;2;0;1;1;0;0;0;0;362816,308214023010805;5706804,376171380281448;7,023750107000070;51,495714896999999
180872;5220929316200889253;5;9;74;12;2022;9;18;5;3;0;7;0;0;1;0;0;0;0;0;427944,202579113014508;5706726,276910429820418;7,961749242000050;51,507068423000099
180873;5220930314130585079;5;9;66;28;2022;9;14;6;3;0;1;0;0;1;0;0;0;0;0;422176,991792695014738;5644673,985874360427260;7,892143398000030;50,948425803000099
180874;5220923500200786684;5;1;11;0;2022;9;14;6;3;5;3;0;0;1;0;0;0;0;1;345062,347999733989127;5678929,244999160058796;6,780333081000040;51,240666376000000
180875;5220921513210086766;5;1;62;24;2022;9;20;4;2;3;6;2;0;1;0;0;0;0;1;339010,782829305971973;5674147,452935759909451;6,695857869000060;51,196027054000098
180876;5221001709110993586;5;5;66;8;2022;10;10;7;3;0;1;0;1;1;0;0;0;0;0;399633,281999969971366;5781453,065999659709632;7,532254942000070;52,174415947000099
180879;5220919518400991695;5;1;70;8;2022;9;7;2;3;4;2;0;0;1;1;0;0;0;0;343142,458999720984139;5714416,170999100431800;6,737164436000060;51,558988683000102
180881;5220922603116377527;5;3;66;16;2022;9;7;5;3;0;1;0;0;1;0;0;0;0;0;343190,514199273020495;5613752,372719720005989;6,781604859000030;50,654491882999999
180883;5220928608200277603;5;3;34;2;2022;9;7;4;3;5;3;0;0;1;1;0;0;0;0;296946,005141376983374;5627890,218037909828126;6,120383540000030;50,767192292000097
180884;5220929601300193349;5;3;15;0;2022;9;8;5;3;5;3;0;0;1;0;0;0;0;1;350759,668303595972247;5645508,870901750400662;6,875701848000060;50,941865368000002
180888;5220916500300057377;5;1;11;0;2022;9;7;6;2;0;1;0;1;1;0;0;0;0;0;345083,454999734996818;5674222,457999159581959;6,782668873000030;51,198379674000101
180891;5220914316300470255;5;9;74;28;2022;9;18;4;3;5;3;0;1;1;1;0;0;0;0;454225,034000000974629;5723093,915999650023878;8,338260321000060;51,656970263000098
180893;5220920405108376255;5;7;54;8;2022;9;10;3;3;5;3;0;0;1;0;0;0;0;0;456671,355060720990878;5750696,043637289665639;8,370176857000050;51,905328124000100
180895;5220915607500174411;5;3;82;56;2022;9;22;5;2;0;1;2;0;1;0;0;0;0;0;369804,548831723979674;5627382,988744789734483;7,153075595000080;50,783565081000098
180896;5220916711161272788;5;5;70;24;2022;9;16;6;3;5;3;0;0;1;1;0;0;0;0;420459,037999989988748;5753319,349999659694731;7,843279905000030;51,924916443000001
180900;5220930600310793631;5;3;14;0;2022;9;15;6;2;0;1;0;0;1;0;0;0;0;0;362854,081999851972796;5619028,812999440357089;7,057647032000030;50,706877783000003
180901;5220930705000495869;5;5;54;4;2022;9;7;6;3;5;3;0;0;1;1;0;0;0;0;364015,148081711027771;5771225,402586990036070;7,015763707000080;52,074889342000098
180902;5220926501211379030;5;1;12;0;2022;9;14;2;3;5;3;0;1;1;1;0;0;0;0;341252,494353049027268;5698180,804999549873173;6,717221987000070;51,412591962000100
180903;5220916501311579021;5;1;12;0;2022;9;9;6;3;5;3;0;0;1;1;0;0;0;0;344920,885999736026861;5700080,389999150298536;6,769098526000050;51,430674940000102
180904;5220912608100389866;5;3;34;2;2022;9;17;2;3;4;1;0;0;1;1;0;0;0;0;292669,942115958023351;5633664,401699589565396;6,056568964000060;50,817537926000099
180905;5220919317120993905;5;9;78;16;2022;9;17;2;3;0;3;0;1;1;1;0;0;0;0;405028,780999979004264;5707457,829999630339444;7,631453369000040;51,510257829000103
180907;5220921316100589340;5;9;74;40;2022;9;7;4;3;1;3;0;0;1;1;0;0;0;0;438681,082999998994637;5711923,499999649822712;8,115530162000031;51,555061832000000
180909;5220915515110095885;5;1;54;36;2022;9;15;5;3;0;3;0;0;1;1;0;0;0;0;302788,993716789002065;5741677,286443670280278;6,140330433000030;51,791141292000098
180912;5220917601600881936;5;3;15;0;2022;9;14;7;3;0;1;0;1;1;0;0;0;0;0;359565,764737781020813;5645016,213603599928319;7,001154284000050;50,939649994000000
180913;5220923601600562734;5;3;15;0;2022;9;11;6;3;0;5;0;0;1;1;0;0;0;0;360069,770946401986293;5644840,010306780226529;7,008390999000030;50,938188958000097
180914;5220930600140871692;5;3;14;0;2022;9;18;6;3;1;5;0;0;1;1;0;0;0;0;368207,830666402995121;5620981,637004829943180;7,132729105000070;50,725668386000102
180915;5221002601100793553;5;3;15;0;2022;10;18;1;2;5;2;0;0;1;1;0;0;0;0;355352,928999807976652;5645207,258999359793961;6,941156573000060;50,940325481999999
180918;5220924502210473985;5;1;13;0;2022;9;3;7;3;0;7;2;0;1;0;0;0;0;0;361433,366633397003170;5700662,003073980100453;7,006248617000040;51,440180283000103
180919;5220915301205653891;5;9;13;0;2022;9;13;5;3;0;7;0;0;1;1;0;0;0;0;387212,239043992012739;5714440,467011789791286;7,372579809000060;51,569742601000002
180920;5220916600120234160;5;3;82;24;2022;9;16;6;3;5;2;0;1;1;1;0;0;0;0;378156,846999918983784;5619116,079999540001154;7,274234859000050;50,711070929000101
180925;5220923307000193781;5;9;62;20;2022;9;15;6;3;0;1;0;0;1;0;0;0;0;0;416093,623999988019932;5671881,515999619849026;7,799248800000040;51,192179609999997
180929;5220913405244750911;5;7;54;44;2022;9;15;3;3;3;6;0;0;1;1;0;0;0;0;466150,493673413002398;5748058,306899669580162;8,508217870000070;51,882269440000101
180930;5220919503400667150;5;1;22;0;2022;9;12;2;3;5;3;0;0;1;1;0;0;0;0;361773,748999845993239;5669044,090999440290034;7,023388102000070;51,156124327999997
180931;5220914500200550578;5;1;11;0;2022;9;17;4;3;5;3;0;1;1;1;0;0;0;0;349743,249536681978498;5678296,965881460346282;6,847606299000060;51,236236912999999
180934;5220928518200096024;5;1;70;24;2022;9;7;4;3;5;3;0;1;1;1;0;0;0;0;336597,272999661974609;5702203,403998889960349;6,648484416000030;51,447409714999999
180936;5220921405228381992;5;7;54;28;2022;9;14;4;3;0;1;0;0;1;0;0;0;0;0;452157,725537967984565;5744945,835745319724083;8,305369106000059;51,853261627000101
180938;5220925515110993838;5;1;54;4;2022;9;9;1;3;5;2;0;0;1;1;0;0;0;0;306033,951999282988254;5738351,994996500201523;6,189179960000050;51,762413004999999
180939;5220916400100596922;5;7;11;0;2022;9;14;6;2;5;1;0;1;1;1;0;0;0;0;466857,637000002025161;5763795,407999670132995;8,516973303000039;52,023799666999999
180940;5220912608200589923;5;3;34;2;2022;9;18;2;3;8;1;0;0;1;0;0;0;0;0;294585,732999000989366;5630919,926995400339365;6,085264720000050;50,793571977000099
180946;5220915601300093592;5;3;15;0;2022;9;12;5;3;0;1;0;0;1;0;0;0;0;0;355207,059974722971674;5647066,243230150081217;6,938342581000030;50,956995107000097
180947;5220916705000087244;5;5;54;12;2022;9;16;6;2;0;4;0;1;1;0;1;0;0;0;352274,123999795003328;5752753,621999310329556;6,852526036000030;51,905919795000003
180952;5220927303100418601;5;9;15;0;2022;9;14;3;3;0;5;0;1;1;1;0;0;0;0;415722,008287191973068;5723891,874417309649289;7,781558706000060;51,659689082000099
180955;5220923608200025400;5;3;34;2;2022;9;13;6;3;3;6;0;0;1;0;0;0;0;0;295110,355900136986747;5629987,243616050109267;6,093218607000040;50,785380979000102
180958;5220922609236777522;5;3;58;36;2022;9;7;5;3;0;5;0;0;1;0;0;0;1;0;308430,636333503003698;5651476,954979440197349;6,270695216000040;50,982966386999998
180959;5220928709110157478;5;5;66;12;2022;9;18;4;3;5;3;0;0;1;1;0;0;0;0;404505,524999978020787;5772441,603999669663608;7,606013145000080;52,094284946000101
180960;5220924406210533617;5;7;58;4;2022;9;1;7;3;7;1;2;0;1;0;0;0;0;0;471711,472763317986391;5783260,423634139820933;8,586095034000040;52,199069700999999
180963;5221002307000593727;5;9;62;40;2022;10;11;1;3;0;1;0;1;1;0;0;0;0;0;420219,276999989990145;5697603,095999640412629;7,852523013000050;51,424013387999999
180965;5220912603116596628;5;3;66;16;2022;9;15;2;3;8;1;0;0;1;0;0;0;0;0;344882,487172737019137;5612840,121669740416110;6,805904570000050;50,646747028999997
180968;5220919602900386237;5;3;62;40;2022;9;10;2;3;5;3;0;1;1;1;0;0;0;0;358008,454999824985862;5632258,797999390400946;6,983959025000050;50,824616481000099
180969;5220924317110569014;5;9;78;36;2022;9;21;7;3;0;1;2;0;1;0;0;0;0;0;409214,050999981991481;5710246,747999640181661;7,691027593000060;51,536016388000100
180970;5220915500200974701;5;1;11;0;2022;9;10;5;3;3;2;0;0;1;1;0;0;0;0;342966,309803206007928;5682096,038784259930253;6,748939759000050;51,268547462000100
180972;5220929405228106581;5;7;54;28;2022;9;7;5;3;5;3;0;0;1;1;0;0;0;0;451418,534999999974389;5744402,944999660365283;8,294713833000060;51,848316910000101
180973;5220930410120796977;5;7;70;32;2022;9;15;6;3;5;3;0;0;1;1;0;0;0;0;493055,838876682973932;5790090,616890629753470;8,898254533000060;52,261159305000000
180976;5221001518100295917;5;1;70;48;2022;10;10;7;2;0;7;0;1;1;0;1;0;0;0;335066,602999649010599;5725382,111998810432851;6,615609428000030;51,655201026000000
180978;5220913300700085365;5;9;16;0;2022;9;14;3;3;5;3;0;0;1;1;0;0;0;0;371201,235999892989639;5710053,795999529771507;7,143284747000050;51,526889967999999
180980;5220914411132547882;5;7;74;32;2022;9;10;4;3;0;5;0;1;1;0;0;0;0;0;483214,078907513001468;5730046,630974500440061;8,756994522000070;51,721098089000101
180981;5220922601600999864;5;3;15;0;2022;9;8;5;3;5;3;0;0;1;1;0;0;0;0;362845,634999854024500;5640693,182999449782073;7,049434169000050;50,901586674000001
180982;5220928607400186242;5;3;82;68;2022;9;15;4;3;0;1;0;1;1;0;0;0;0;0;367868,758999878016766;5631797,722999489866197;7,124041738000070;50,822806732000103
180983;5220929705000993774;5;5;54;8;2022;9;11;5;3;5;3;0;0;1;0;0;0;1;0;335587,049999657028820;5744014,182998820208013;6,614323076000060;51,822736319000100
180984;5220920709500249776;5;5;66;76;2022;9;10;3;3;4;6;0;0;1;0;0;0;0;0;393568,272990597994067;5793295,407011300325394;7,439869028000030;52,279709882000098
180986;5220926500300201076;5;1;11;0;2022;9;15;2;3;5;3;0;1;1;0;0;0;0;1;345451,345999739016406;5675630,859999169595540;6,787323741000020;51,211134462000103
180990;5220930515212586687;5;1;54;32;2022;9;7;6;2;5;2;0;0;1;1;0;0;0;0;308942,913999316981062;5718614,548996940255165;6,242076901000080;51,586151045000101
180992;5220913610212194853;5;3;70;40;2022;9;12;3;3;5;3;0;0;1;1;0;0;0;0;310216,494999310991261;5668663,902997259981930;6,287093962000030;51,137936968000098
180994;5220925405140993700;5;7;54;40;2022;9;2;1;3;0;1;2;0;1;0;0;0;0;0;461512,678999105002731;5760183,768369040451944;8,439483854000059;51,990984064000003
181001;5220927411132581990;5;7;74;32;2022;9;12;3;3;5;2;0;1;1;1;0;0;0;0;482780,198091754980851;5728771,982775390148163;8,750776407000050;51,709624174000098
181003;5220919608200225242;5;3;34;2;2022;9;8;2;2;5;3;0;1;1;1;0;0;0;0;296940,249999045976438;5627894,504995790310204;6,120299668000030;50,767228782000103
181004;5220923608100089838;5;3;34;2;2022;9;15;6;3;0;1;0;0;1;0;0;0;0;0;295124,722236433008220;5628744,338080730289221;6,094114626000020;50,774223194000101
181005;5220914406130787116;5;7;58;8;2022;9;13;4;3;0;3;0;0;1;1;0;0;0;0;469624,849000000976957;5777022,299999680370092;8,556123952000060;52,142875281000002
181006;5220922602700573641;5;3;62;40;2022;9;8;5;3;5;3;0;0;1;1;0;0;0;0;356964,523927619971801;5632355,136794400401413;6,969109292000040;50,825225328000002
181007;5220928502210857429;5;1;13;0;2022;9;10;4;3;0;1;0;1;1;0;0;0;0;0;361836,966718302981462;5700569,978209029883146;7,012087925000060;51,439451896000001
181008;5220929702100276680;5;5;15;0;2022;9;18;5;3;5;2;1;0;1;0;0;0;0;0;405351,585999978007749;5758718,014999659731984;7,622157195000060;51,971078589000101
181011;5221001514110582307;5;1;66;32;2022;10;9;7;3;0;1;0;1;1;0;0;0;0;0;318204,952999436005484;5681736,324997919611633;6,394538302000060;51,257957261000101
181013;5220912705000065794;5;5;54;20;2022;9;13;2;3;5;3;0;0;1;1;0;0;0;0;365050,938999869977124;5785649,013999500311911;7,025141948000050;52,204744845999997
181015;5220913705000247518;5;5;54;20;2022;9;15;3;3;5;3;0;0;1;1;0;0;0;0;366474,988999876019079;5786353,302999510429800;7,045690691000060;52,211419976999998
181017;5220921307000193767;5;9;62;32;2022;9;21;4;3;0;1;2;0;1;0;0;0;0;0;404725,641001528012566;5675867,195515260100365;7,635553957000070;51,226227108000003
181018;5220925601600519570;5;3;15;0;2022;9;12;1;3;0;7;0;0;1;0;1;0;0;0;361761,104138425027486;5640153,416663300246000;7,034224318000040;50,896476962000101
181019;5220915602300214993;5;3;62;36;2022;9;7;5;3;0;6;0;0;1;0;0;0;0;1;343437,339999718999024;5654736,731999129988253;6,767582722000040;51,022842554000100
181020;5220917600110695296;5;3;14;0;2022;9;14;7;3;1;5;0;1;1;1;0;0;0;0;365244,458581394981593;5621974,617856130003929;7,090404838000040;50,733913461000000
181024;5220914405224993952;5;7;54;24;2022;9;13;4;3;0;3;0;1;1;1;0;0;0;0;452792,341755484987516;5737440,149150270037353;8,315605710000060;51,785835097000103
181026;5220929702100555909;5;5;15;0;2022;9;7;5;3;5;3;1;0;1;1;0;0;0;0;407037,430999980017077;5753888,505999660119414;7,647997652000070;51,927952950000098
181027;5220921316100980477;5;9;74;40;2022;9;14;4;2;5;3;0;0;1;1;0;0;0;0;438531,717329940001946;5713358,546027850359678;8,113125024000061;51,567947436000097
181032;5220917705000796572;5;5;54;8;2022;9;11;7;3;1;1;0;1;1;1;0;0;0;0;336314,871999665978365;5746044,505998849868774;6,623913955000030;51,841189350999997
181033;5220930600110095342;5;3;14;0;2022;9;15;6;3;5;3;0;0;1;0;0;0;0;1;364885,207999863021541;5624943,520999459549785;7,084227919000060;50,760514095000097
181034;5220913607500490216;5;3;82;56;2022;9;18;3;3;5;2;1;1;1;1;0;0;0;0;372106,249271372973453;5627317,286886340007186;7,185732247000030;50,783486821000103
181035;5221002709000896522;5;5;66;8;2022;10;20;1;3;0;1;2;0;1;0;0;0;0;0;398226,166088716010563;5781956,484064590185881;7,511533948000020;52,178682745000103
181036;5220927705000095966;5;5;54;8;2022;9;13;3;3;6;4;0;1;1;0;1;0;0;0;335274,044248368998524;5745701,708439639769495;6,608982467000030;51,837803835000003
181037;5220913608100489885;5;3;34;2;2022;9;14;3;2;6;4;0;0;1;0;1;0;0;0;294051,777167350985110;5628394,365792330354452;6,079113293000030;50,770700122000100
181038;5220920301205277899;5;9;13;0;2022;9;13;3;3;5;3;0;0;1;1;0;0;0;0;386992,240127710974775;5714475,209143280051649;7,369395642000030;51,570010811000003
181043;5220928711142687268;5;5;70;44;2022;9;11;4;3;5;2;0;0;1;1;0;0;0;0;416418,483103818027303;5760082,919203209690750;7,782889017000060;51,985122195000002
181047;5221002600110090256;5;3;14;0;2022;10;15;1;2;5;2;0;0;1;0;0;0;0;0;365492,587999865994789;5621132,079999470151961;7,094226335000030;50,726398297000102
181048;5220926711212785562;5;5;70;4;2022;9;11;2;3;5;3;0;1;1;1;0;0;0;0;423764,334999992977828;5735984,704999660141766;7,895159386000050;51,769548868000101
181049;5220913505200296075;5;1;14;0;2022;9;18;3;3;4;6;0;0;1;0;0;0;0;0;330144,987205566023476;5689669,893442369997501;6,561714647000030;51,332913753000099
181050;5220919601400197063;5;3;15;0;2022;9;7;2;3;4;6;0;1;1;0;0;0;0;0;357288,561245983000845;5646830,504560070112348;6,968052721000050;50,955395789000100
181052;5220914503400755598;5;1;22;0;2022;9;7;4;3;5;3;0;1;1;1;0;0;0;0;362656,155050257977564;5671933,875787829980254;7,034894571000050;51,182307154000100
181058;5220926701700747521;5;5;62;16;2022;9;14;2;3;5;3;0;1;1;1;0;0;0;0;375085,496355294017121;5732335,060748489573598;7,191300734000040;51,728005764999999
181059;5220916300500993727;5;9;11;0;2022;9;16;6;3;5;2;0;1;1;1;0;0;0;0;379607,251999924017582;5701933,476999579928815;7,267170805000030;51,455762438000100
181060;5220912608200089876;5;3;34;2;2022;9;7;2;2;5;3;0;0;1;1;0;0;0;0;298189,476999067002907;5621749,339995999820530;6,141356948000070;50,712470661000097
181061;5220918600110095816;5;3;14;0;2022;9;14;1;3;6;4;0;1;1;0;1;0;0;1;365832,854828101000749;5621727,106080680154264;7,098828065000020;50,731825049000101
181062;5220927702100076673;5;5;15;0;2022;9;11;3;3;3;2;0;1;1;1;0;0;0;0;404856,702334508008789;5754423,605721999891102;7,616144118000020;51,932394199999997
181063;5220920602900290295;5;3;62;40;2022;9;15;3;2;5;3;0;0;1;1;0;0;0;0;357950,061999825004023;5631222,968999389559031;6,983531617000040;50,815292951000103
181065;5220915701110295076;5;5;62;32;2022;9;15;5;3;5;3;0;0;1;0;0;0;0;1;374701,098999909008853;5720725,130999559536576;7,189903416000050;51,623582068000097
181067;5220922516500186838;5;1;58;16;2022;9;15;5;3;0;7;0;0;1;0;0;0;0;1;355035,022999807028100;5672084,549999359995127;6,925865774000040;51,181779464000002
181068;5220918505100376302;5;1;14;0;2022;9;4;1;3;0;1;2;1;1;0;0;0;0;0;330777,829963351017796;5688352,213075580075383;6,571416118000060;51,321264505999999
181069;5220930600380199986;5;3;14;0;2022;9;17;6;3;0;1;0;0;1;0;0;0;0;0;369694,650886251009069;5616341,991914560087025;7,155420556000020;50,684301290000100
181071;5221002609108071749;5;3;58;8;2022;10;16;1;3;0;7;0;1;1;0;0;0;0;0;322886,579841184022371;5631603,833094130270183;6,486065495000050;50,809055472000097
181073;5220919705000495987;5;5;54;8;2022;9;7;2;3;5;3;0;1;1;1;0;0;0;0;336098,947999664000235;5744843,478998839855194;6,621351347000030;51,830336650000000
181075;5220915300800238690;5;9;54;36;2022;9;15;5;3;6;6;0;0;1;0;1;0;0;0;383860,940299750014674;5699807,226304589770734;7,329064046000040;51,437540374999998
181076;5220916505100818013;5;1;14;0;2022;9;13;6;3;0;3;0;1;1;1;0;0;0;0;328546,955999572004657;5688502,706998559646308;6,539358942000040;51,321948552000002
181081;5220921502404087258;5;1;17;0;2022;9;21;4;3;2;3;2;0;1;1;0;0;0;0;353497,186739437980577;5703010,325049039907753;6,891168269000050;51,459284779000001
181082;5221001610212080751;5;3;70;40;2022;10;10;7;3;5;3;0;1;1;1;0;0;0;0;304535,681695130013395;5669072,074600880034268;6,205768701000070;51,139692212999996
181085;5220919518400891623;5;1;70;8;2022;9;13;2;3;0;2;0;1;1;1;0;0;0;0;342987,892999721982051;5716033,372999089770019;6,734214075000070;51,573475580000000
181086;5221003501125195985;5;1;12;0;2022;10;15;2;3;5;1;0;0;1;0;0;1;0;0;344179,638999729999341;5703915,561999130062759;6,756755294000070;51,464930299000102
181088;5220913608436989871;5;3;34;36;2022;9;14;3;3;4;2;0;0;1;1;0;0;0;0;298187,550852994027082;5633571,803397820331156;6,134846479000030;50,818655046000103
181091;5220914610212633035;5;3;70;40;2022;9;7;4;3;5;2;0;1;1;1;0;0;0;0;310544,033999316976406;5669476,860997290350497;6,291342825000070;51,145347597000097
181095;5220930502208185364;5;1;13;0;2022;9;11;6;3;0;1;0;0;1;0;0;0;0;0;359187,795991018007044;5701520,682277379557490;6,973618391000060;51,447342780000000
181097;5220922500300501865;5;1;11;0;2022;9;16;5;2;5;3;0;0;1;1;0;0;0;0;350323,287290533015039;5675992,709682179614902;6,856871248000060;51,215683658000003
181098;5221002411224387062;5;7;74;24;2022;10;21;1;3;8;6;2;0;1;1;0;0;0;0;478266,410149277013261;5738984,237987150438130;8,684810374000049;51,801287869000099
181099;5220926609128405715;5;3;58;28;2022;9;17;2;2;5;3;0;1;1;1;0;0;0;0;325692,387944958987646;5625647,889153289608657;6,528675009000040;50,756395564000101
181100;5220913411108537611;5;7;74;8;2022;9;17;3;3;3;6;0;0;1;1;0;0;0;0;488614,988000001001637;5738537,314999659545720;8,834903485000041;51,797575970000103
181102;5220914601100095409;5;3;15;0;2022;9;15;4;3;5;3;0;1;1;1;0;0;0;0;355388,642715219000820;5645740,429394150152802;6,941452888000070;50,945125925000099
181105;5220929601300993759;5;3;15;0;2022;9;15;5;3;0;7;0;0;1;0;1;0;0;0;347896,778999753994867;5645680,290999229997396;6,834910505000040;50,942657665000098
181108;5220926500200771614;5;1;11;0;2022;9;9;2;3;4;1;0;1;1;0;0;0;0;1;345709,581768669013400;5679659,241363770328462;6,789283484000070;51,247401110000098
181113;5220920601400590422;5;3;15;0;2022;9;17;3;3;5;3;0;0;1;1;0;0;0;0;350984,510999777994584;5652065,636999290436506;6,876213254000050;51,000845040000101
181114;5220925514210285929;5;1;66;12;2022;9;16;1;3;0;7;0;0;1;0;0;0;0;0;320036,300881213974208;5691719,794067890383303;6,415721459000050;51,348218658000100
181115;5220915609108993162;5;3;58;8;2022;9;16;5;3;5;2;0;0;1;1;0;0;0;0;320466,193525986978784;5630346,315527739934623;6,452361560000040;50,797013065999998
181119;5220929506100993769;5;1;16;0;2022;9;8;5;3;4;3;0;0;1;0;0;0;0;0;322496,247709803981707;5674655,034980789758265;6,459481813000020;51,195696053000098
181122;5220913701920848544;5;5;62;28;2022;9;10;3;3;5;2;0;0;1;1;0;0;0;0;379443,277999923971947;5722867,454999580048025;7,257637470000020;51,643871812000000
181125;5220914601200099053;5;3;15;0;2022;9;15;4;3;5;3;0;1;1;0;0;0;0;0;360394,818054770992603;5638934,302382140420377;7,015273803000070;50,885191786000100
181126;5220916513310991696;5;1;62;8;2022;9;15;6;3;0;7;0;1;1;0;0;0;0;0;330887,358570426993538;5662652,200591100379825;6,585098361000060;51,090404369000098
181129;5220923501312085900;5;1;12;0;2022;9;11;6;3;1;5;0;0;1;1;0;0;0;0;341968,945376107003540;5700798,025351379998028;6,726348563000040;51,436307188000100
181132;5220926600140054230;5;3;14;0;2022;9;19;2;2;5;3;1;1;1;1;0;0;0;0;367084,328880702028982;5622426,075160659849644;7,116299343000040;50,738395131000097
181133;5220913404103791385;5;7;66;16;2022;9;10;3;3;5;2;0;0;1;1;0;0;0;0;506535,374000001000240;5754540,293999670073390;9,095073913000020;51,941538805999997
181138;5220929702100825584;5;5;15;0;2022;9;14;5;3;5;3;0;0;1;0;0;0;0;1;398772,722997124015819;5753798,819981999695301;7,527867258000070;51,925705282000102
181140;5221001516300993578;5;1;58;28;2022;10;16;7;3;0;1;0;0;1;0;0;0;0;0;348157,022012446017470;5685867,083078079856932;6,821686216000050;51,303838959000103
181142;5220915711211374650;5;5;70;4;2022;9;16;5;3;6;6;0;0;1;0;1;0;0;0;423852,335785107978154;5735194,191465269774199;7,896607763000080;51,762454406000103
181145;5220930600380899958;5;3;14;0;2022;9;13;6;3;3;6;0;0;1;1;0;0;0;0;368777,345051441981923;5617447,716433229856193;7,142049958000030;50,694033662000002
181146;5220927601400469514;5;3;15;0;2022;9;7;3;3;5;3;0;1;1;1;0;0;0;0;354835,976999805017840;5647994,866999359801412;6,932692069000040;50,965247015000003
181147;5221014514110295552;5;1;66;32;2022;10;12;6;2;5;3;0;1;1;1;0;0;0;0;318410,634999439993408;5681754,154997940175235;6,397473795000050;51,258182965000103
181152;5221015607400290942;5;3;82;44;2022;10;11;7;2;4;6;0;0;1;1;0;0;0;0;361107,640479345980566;5632786,024434469640255;7,027734377000060;50,830106678000000
181154;5221013518400589684;5;1;70;8;2022;10;15;5;2;0;2;0;1;1;0;0;0;0;0;342967,340999722015113;5715154,984999090433121;6,734310278000070;51,565577906000001
181156;5221018516000789360;5;1;58;16;2022;10;15;3;3;4;6;0;0;1;0;0;0;1;0;357260,195999821007717;5670724,672999390400946;6,958221369000060;51,170118833000103
181157;5221005607200990934;5;3;82;20;2022;10;17;4;3;0;1;0;0;1;0;0;0;0;0;377641,552850094973110;5625892,172029020264745;7,264689567000060;50,771871472999997
181158;5221012518320096096;5;1;70;52;2022;10;14;4;3;5;3;0;0;1;1;0;0;0;0;323598,037999521999154;5726492,811998209916055;6,449422762000040;51,661696544999998
181161;5221014702100076692;5;5;15;0;2022;10;17;6;3;5;3;0;1;1;1;0;0;0;0;406014,186999979021493;5756712,800999660044909;7,632348744000070;51,953167263000097
181165;5221018300000393899;5;9;11;0;2022;10;14;3;3;0;6;0;0;1;1;0;0;0;0;370047,904900552006438;5702233,241790450178087;7,129547603000050;51,456342900999999