OBJECTID;UIDENTSTLAE;ULAND;UREGBEZ;UKREIS;UGEMEINDE;UJAHR;UMONAT;USTUNDE;UWOCHENTAG;UKATEGORIE;UART;UTYP1;ULICHTVERH;IstStrassenzustand;IstRad;IstPKW;IstFuss;IstKrad;IstGkfz;IstSonstige;LINREFX;LINREFY;XGCSWGS84;YGCSWGS84
181166;5221005407101990677;5;7;62;20;2022;10;17;4;3;5;2;0;0;1;1;0;0;0;0;526643,319000000017695;5736287,746999659575522;9,386183888000060;51,776831109000099
181167;5221012301101696736;5;9;13;0;2022;10;15;4;3;5;3;0;0;1;1;0;0;0;0;392735,079984301002696;5708261,231393960304558;7,454120587000030;51,515279050000103
181168;5221019601100013993;5;3;15;0;2022;10;8;4;3;3;6;0;0;1;0;0;0;0;0;356251,024871358007658;5642931,696463740430772;6,954828314000050;50,920099891000099
181169;5221008406110031833;5;7;58;36;2022;10;13;7;3;0;1;0;0;1;0;0;0;0;0;490651,618967427988537;5777775,156510470435023;8,863368162000031;52,150400105000102
181170;5221014317250084932;5;9;78;32;2022;10;11;6;3;0;3;0;0;1;0;0;0;0;1;393335,334006528020836;5728149,398546650074422;7,456718080000030;51,694153806000003
181174;5221009610114580721;5;3;70;32;2022;10;14;1;2;0;1;0;0;1;0;0;0;0;0;292482,891998987994157;5664488,867994800209999;6,036346410000020;51,094293144000098
181176;5221004514210993541;5;1;66;12;2022;10;15;3;3;5;3;0;0;1;1;0;0;0;0;320594,705631629971322;5692365,928085049614310;6,423405695000040;51,354199322000099
181181;5221013601200086507;5;3;15;0;2022;10;15;5;3;6;4;0;0;1;0;1;0;0;0;353607,639597553992644;5643324,377682040445507;6,917088563000050;50,922964218000097
181185;5221007700000690481;5;5;13;0;2022;10;16;6;3;1;5;0;0;1;1;0;0;0;0;365507,489171106019057;5719184,437551329843700;7,057761089000050;51,607614830000003
181186;5221020500100074984;5;1;11;0;2022;10;9;5;3;5;2;0;0;1;1;0;0;0;0;346098,873999743023887;5676436,652999189682305;6,796241261000030;51,218549787000001
181189;5221017608436680815;5;3;34;36;2022;10;22;2;3;4;2;2;1;1;0;0;1;0;0;298742,828989565023221;5632542,561292580328882;6,143283767000070;50,809604020999998
181190;5221012601400586607;5;3;15;0;2022;10;12;4;3;5;3;0;0;1;1;0;0;0;0;351810,964906668988988;5652762,457166160456836;6,887698914000050;51,007320376999999
181191;5221021601100386373;5;3;15;0;2022;10;9;6;3;3;6;1;1;1;1;0;0;0;0;356251,027999814017676;5645431,777999379672110;6,953842384000040;50,942567799000102
181192;5221018600110781221;5;3;14;0;2022;10;16;3;3;5;3;0;0;1;1;0;0;0;0;365132,711519785982091;5624583,695998789742589;7,087866986000050;50,757337616000001
181196;5221009601200693622;5;3;15;0;2022;10;15;1;3;4;2;0;0;1;1;0;0;0;0;352457,402010158984922;5642753,831990339793265;6,900965156000040;50,917543970000096
181199;5221007307000193935;5;9;62;32;2022;10;14;6;3;0;1;0;0;1;0;0;0;0;0;406068,516999978979584;5675115,720999619923532;7,654976802000020;51,219694188000098
181203;5221011702100596746;5;5;15;0;2022;10;7;3;3;5;3;0;1;1;0;0;0;0;0;406269,002999976975843;5757524,573999660089612;7,635834135000040;51,960506868000003
181205;5221008406220090738;5;7;58;24;2022;10;17;7;3;0;1;0;1;1;0;0;0;0;0;478899,737000000022817;5781345,248999680392444;8,691387784000030;52,182173278999997
181207;5221019700000496673;5;5;13;0;2022;10;11;4;3;0;1;0;1;1;0;0;0;0;0;368880,864027898991480;5711211,540025729686022;7,109423460000070;51,536760358999999
181209;5221015411108237562;5;7;74;8;2022;10;14;7;3;5;3;0;0;1;0;0;0;0;0;487104,961216072028037;5736468,200662800110877;8,813083289000080;51,778939293000100
181210;5221017406110562212;5;7;58;12;2022;10;6;2;3;6;7;2;0;1;0;1;0;0;0;476934,997246103012003;5773608,454206789843738;8,663177285000071;52,112536370999997
181213;5221017705000721131;5;5;54;20;2022;10;7;2;3;5;3;0;1;1;1;0;0;0;0;366444,738999874971341;5786229,946999520063400;7,045296889000040;52,210304243000103
181214;5221005600310034399;5;3;14;0;2022;10;15;4;3;5;2;0;0;1;1;0;0;0;0;362650,968776423018426;5619602,716031010262668;7,054558627000060;50,711987938000000
181215;5221012400200675922;5;7;11;0;2022;10;19;4;3;5;2;2;0;1;1;0;0;0;0;467863,834000001021195;5764181,968999669887125;8,531601075000030;52,027334295000102
181216;5221019515110056537;5;1;54;36;2022;10;8;4;3;5;3;0;0;1;1;0;0;0;0;302547,635220772994217;5740406,260661019943655;6,137558390000040;51,779642285000101
181217;5221008601600286481;5;3;15;0;2022;10;15;7;3;5;3;0;0;1;0;0;0;0;0;363154,551367355976254;5637553,060136679559946;7,055000764000060;50,873438165000003
181221;5221020601300086493;5;3;15;0;2022;10;12;5;3;4;7;0;1;1;1;0;0;0;0;353764,298999798018485;5646847,022999339736998;6,917902106000040;50,954660746000101
181223;5221022503100778752;5;1;24;0;2022;10;14;7;3;2;6;0;0;1;1;0;0;0;0;370058,174244144000113;5679879,473976580426097;7,137860839000040;51,255448016000102
181226;5221011503100591295;5;1;24;0;2022;10;16;3;3;5;3;0;0;1;1;0;0;0;0;367486,491936993028503;5684187,257196419872344;7,099431516000040;51,293570748000000
181227;5221019400100174552;5;7;11;0;2022;10;10;4;3;4;2;0;0;1;1;0;0;0;0;466266,577284295985010;5766508,337687250226736;8,508091738000079;52,048154827000097
181228;5221013600380796918;5;3;14;0;2022;10;10;5;3;5;3;0;0;1;1;0;0;0;0;369787,237572613987140;5617056,832570030353963;7,156478616000070;50,690747238000000
181231;5221006601100042097;5;3;15;0;2022;10;14;5;3;5;3;0;0;1;1;0;0;0;0;355332,807809900026768;5644420,741944120265543;6,941182637000050;50,933252174000103
181233;5221020400300054716;5;7;11;0;2022;10;15;5;3;1;5;0;1;1;1;0;0;0;0;465620,014899615023751;5759718,568874740041792;8,499345712000039;51,987071085000103
181236;5221017505100976119;5;1;14;0;2022;10;11;2;3;5;2;0;1;1;1;0;0;0;0;329666,498999584990088;5689140,233998609706759;6,555105828000020;51,328012280000102
181237;5221021610211680774;5;3;70;4;2022;10;7;6;3;5;3;2;1;1;1;0;0;0;0;312296,744999342015944;5662082,262997480109334;6,320218979000060;51,079503202000097
181238;5221018608100394906;5;3;34;2;2022;10;10;3;2;1;5;0;1;1;1;0;0;0;0;294816,276305994018912;5630491,173076160252094;6,088770916000040;50,789802895000001
181240;5221012709500076678;5;5;66;76;2022;10;16;4;3;4;6;0;0;1;0;0;0;0;0;394391,156999961007386;5794651,122999659739435;7,451501678000060;52,292052732000101
181243;5221014601600993615;5;3;15;0;2022;10;13;6;3;3;3;0;1;1;1;0;0;0;0;359093,559550644014962;5645322,353618440218270;6,994319218000040;50,942286099999997
181244;5221017503100676188;5;1;24;0;2022;10;7;2;3;5;3;0;1;1;1;0;0;0;0;370614,709999890998006;5680915,835999519564211;7,145456940000030;51,264888761000101
181246;5221006608404877502;5;3;34;4;2022;10;21;5;3;0;1;2;0;1;0;0;0;0;0;302534,181814228009898;5637530,477782229892910;6,194343425000060;50,855710004000102
181248;5221021505200079058;5;1;14;0;2022;10;12;6;3;0;5;0;1;1;1;0;0;0;0;330487,285614716995042;5689942,101354739628732;6,566494073000060;51,335461370000097
181249;5221010400200176189;5;7;11;0;2022;10;19;2;2;0;1;2;1;1;0;0;0;0;0;468303,086000000010245;5764820,818999670445919;8,537943945000050;52,033103229000098
181250;5221018500300374539;5;1;11;0;2022;10;15;3;3;6;4;0;0;1;0;1;0;0;0;347420,019779148977250;5674032,091022900305688;6,816166950000020;51,197297852000098
181251;5221004514210091565;5;1;66;12;2022;10;13;3;2;8;7;0;0;1;0;0;0;0;1;317880,432999436976388;5691575,783997870050371;6,384871302000020;51,346238386000003
181254;5221014500200502247;5;1;11;0;2022;10;16;6;3;5;3;0;1;1;1;0;0;0;0;347345,410498437006027;5675620,927847229875624;6,814424041000050;51,211554636000102
181255;5221006514210993505;5;1;66;12;2022;10;15;5;3;5;3;0;0;1;1;0;0;0;0;320975,595999478013255;5693736,486998099833727;6,428180225000060;51,366631013000102
181256;5221007608332173681;5;3;34;32;2022;10;10;6;2;0;1;0;0;1;0;0;0;0;0;304449,403771460987628;5627742,991348990239203;6,226735881000020;50,768447240000100
181257;5221020600120495363;5;3;82;24;2022;10;17;5;3;8;1;0;1;1;0;0;0;0;0;374473,909354039991740;5622328,810831500217319;7,221003260000030;50,739165209000099
181259;5221004500100557529;5;1;11;0;2022;10;16;3;3;3;6;0;0;1;0;0;0;1;0;344652,822351936018094;5676617,125492749735713;6,775473258000030;51,219779791000100
181260;5221016404101076243;5;7;66;20;2022;10;9;1;3;0;1;0;1;1;0;0;0;0;0;488855,051001663028728;5752896,972999639809132;8,837921372000039;51,926690422000000
181261;5221011501115073986;5;1;12;0;2022;10;8;3;2;5;3;0;0;1;1;0;0;0;0;345035,858999737014528;5706668,828999149613082;6,767863918000050;51,489903308000102
181262;5221013501314196060;5;1;12;0;2022;10;17;5;3;4;2;0;1;1;1;0;0;0;0;345576,857999739993829;5700564,168999169953167;6,778316486000050;51,435200865000098
181263;5221021602100715078;5;3;62;8;2022;10;8;6;2;0;1;0;1;1;0;0;0;0;0;337931,066898256016430;5645737,332991690374911;6,693148920000060;50,940455225999997
181265;5221006313121787421;5;9;58;32;2022;10;17;5;2;0;1;0;0;1;0;0;0;0;0;451108,778999998990912;5687874,345999640412629;8,298095267000059;51,340046891000000
181269;5221020706000965763;5;5;58;16;2022;10;12;5;3;5;3;0;0;1;1;0;0;0;0;380312,382999928027857;5744236,310999600216746;7,262841065000030;51,836104482000103
181270;5221009610222878488;5;3;70;36;2022;10;15;1;3;5;3;0;0;1;1;0;0;0;0;300558,352999143011402;5666267,309996110387146;6,150537640000040;51,113130726000101
181271;5221021702100092910;5;5;15;0;2022;10;16;6;3;0;3;0;1;1;1;0;0;0;0;405656,462791230995208;5759105,165496679954231;7,626487640000050;51,974610294000101
181273;5221016600370565574;5;3;82;4;2022;10;2;1;2;8;1;2;0;1;0;0;0;0;0;360807,540238586021587;5617514,350415210239589;7,029251453000030;50,692779974000103
181274;5221011515110078357;5;1;54;36;2022;10;15;3;2;6;4;0;0;1;0;1;0;0;0;302521,166410541976802;5741565,447895199991763;6,136515668000070;51,790042511000102
181276;5221019307000089956;5;9;62;24;2022;10;16;4;3;0;3;0;0;1;0;0;0;0;1;407425,336507089028601;5697710,050287240184844;7,668531001000080;51,423029444000100
181277;5221005601400081772;5;3;15;0;2022;10;17;4;3;5;3;0;0;1;1;0;0;0;0;356593,979999818024226;5654614,232999379746616;6,955097157000070;51,025174112000101
181281;5221017609140073747;5;3;58;40;2022;10;6;2;3;5;3;2;0;1;0;0;0;0;1;325483,172999522008467;5634764,196998470462859;6,521380491000060;50,838237311999997
181282;5221021608436089896;5;3;34;36;2022;10;9;6;3;5;2;0;0;1;1;0;0;0;0;297099,923523807025049;5635673,047807229682803;6,118263503000040;50,837147149000003
181283;5221018600110699958;5;3;14;0;2022;10;11;3;3;0;7;0;1;1;0;0;0;0;0;362736,166840685007628;5623717,975363429635763;7,054232508000040;50,748994908000000
181284;5221005502231781345;5;1;13;0;2022;10;15;4;3;1;3;0;0;1;1;0;0;0;0;365668,233999871008564;5696404,964999490417540;7,068757378000040;51,402943553000100
181286;5221019601400690318;5;3;15;0;2022;10;13;4;3;0;1;0;0;1;0;0;0;0;0;355753,972473623987753;5647167,930520090274513;6,946084219000060;50,958046105999998
181287;5221009301302473352;5;9;13;0;2022;10;20;1;3;1;5;2;0;1;1;0;0;0;0;395033,438504200021271;5708326,067627109587193;7,487212180000030;51,516293576000102
181288;5221015317110180684;5;9;78;36;2022;10;13;7;3;0;1;0;1;1;0;0;0;0;0;409321,246188098972198;5710175,606216670013964;7,692591049000040;51,535394102000097
181289;5221016709700993385;5;5;66;56;2022;10;18;1;3;0;1;0;0;1;0;0;0;0;0;417321,339121547993273;5797877,544337130151689;7,786831752000070;52,324982558999999
181291;5221021513120490231;5;1;62;20;2022;10;16;6;2;5;3;0;0;1;1;0;0;0;0;325120,400999526027590;5674985,609998390078545;6,496840204000020;51,199474901000002
181292;5221010314220589300;5;9;66;12;2022;10;16;2;3;0;7;0;0;1;1;0;0;0;0;427978,168741956993472;5672804,102382389828563;7,969106794000030;51,202095932000098
181300;5221008307000396278;5;9;62;60;2022;10;14;7;3;7;1;0;0;1;0;0;0;0;0;413808,084999985992908;5679473,959999630227685;7,764723279000070;51,260095976999999
181304;5221017601500276560;5;3;15;0;2022;10;9;2;3;6;4;0;0;1;0;1;0;0;0;362728,550695054989774;5652010,038432610221207;7,043502876000050;51,003267248999997
181307;5221018601200093630;5;3;15;0;2022;10;15;3;3;0;5;0;0;1;1;0;0;0;0;352878,230817090021446;5643553,773158609867096;6,906625166000030;50,924840174000103
181311;5221014601100493524;5;3;15;0;2022;10;17;6;3;6;6;0;1;1;0;1;0;0;0;356337,165759882016573;5642924,821634289808571;6,956055747000050;50,920059561000102
181316;5221005518300295975;5;1;70;20;2022;10;11;4;3;4;6;0;0;1;1;0;0;0;0;329419,964982606004924;5708044,192579129710793;6,542476892000020;51,497764271999998
181319;5221008518100085871;5;1;70;48;2022;10;20;7;3;4;7;2;0;1;1;0;0;0;0;335885,481410667009186;5726311,455210429616272;6,627000448000050;51,663789678999997
181320;5221014405228296965;5;7;54;28;2022;10;0;6;3;0;3;0;0;1;0;0;0;0;1;452739,452999998989981;5741540,945999659597874;8,314279844000049;51,822699317999998
181322;5221009406210678142;5;7;58;4;2022;10;0;1;3;0;1;2;0;1;0;0;0;0;0;472765,641288954997435;5783886,934561369940639;8,601468358000030;52,204755394000102
181323;5221015701110665514;5;5;62;32;2022;10;21;7;3;0;7;2;1;1;0;0;0;0;0;375534,973452832025941;5717293,178763120435178;7,203161755000050;51,592923707000097
181324;5221017601100193433;5;3;15;0;2022;10;20;2;3;0;1;2;1;1;0;0;0;0;0;355265,494790991011541;5644160,564699210226536;6,940328655000030;50,930897127999998
181325;5221011301301966959;5;9;78;24;2022;10;13;3;3;6;4;0;0;1;0;1;0;0;0;392959,589303673012182;5717854,790569139644504;7,454434152000030;51,601552089999998
181328;5221005501323373928;5;1;12;0;2022;10;15;4;3;5;3;0;0;1;1;0;0;0;0;344789,479999735020101;5694901,017999149858952;6,769476132000020;51,384102078000097
181329;5221012502401073427;5;1;17;0;2022;10;9;4;3;0;7;0;0;1;0;1;0;0;0;352426,097178830008488;5698815,370377760380507;6,877510505000030;51,421312217000001
181332;5221014702100395612;5;5;15;0;2022;10;15;6;3;0;1;0;1;1;0;0;0;0;0;409361,299999982991721;5752970,735999659635127;7,682026755000040;51,920086648000101
181334;5221010709500979213;5;5;66;76;2022;10;11;2;3;5;3;0;0;1;1;0;0;0;0;392532,978999956976622;5794031,534999660216272;7,424464666000060;52,286124127999997
181335;5221006701500585497;5;5;62;24;2022;10;20;5;3;5;3;2;0;1;1;0;0;0;0;367631,944999879982788;5723846,948999510146677;7,086659873000030;51,650017984000002
181337;5221010300600560841;5;9;16;0;2022;10;13;2;3;5;3;0;0;1;1;0;0;0;0;372678,795999899972230;5708322,626999540254474;7,165198358000050;51,511666888000001
181338;5221022601400090298;5;3;15;0;2022;10;1;7;3;4;2;2;1;1;1;0;0;0;0;357110,527999817975797;5649258,529999379999936;6,964565832000060;50,977172036000098
181339;5221004600380575883;5;3;14;0;2022;10;14;3;3;4;7;0;0;1;0;0;0;0;1;369794,603327271994203;5616078,778100269846618;7,156927393000050;50,681957812000100
181342;5221019516900286879;5;1;58;26;2022;10;17;4;3;0;7;0;1;1;0;0;0;0;0;352910,926680470991414;5660445,801577580161393;6,900246406000060;51,076648293000098
181344;5221006501214591352;5;1;12;0;2022;10;17;5;3;0;3;0;0;1;1;0;0;0;0;340752,221999699017033;5695889,044999039731920;6,711062875000040;51,391860925000103
181345;5221007601600393515;5;3;15;0;2022;10;12;6;3;5;2;0;0;1;0;0;0;0;1;364332,630999861983582;5645249,181999459862709;7,068873935000060;50,942885081999997
181349;5221017607400693413;5;3;82;44;2022;10;15;2;3;5;3;0;0;1;1;0;0;0;0;361018,181999841996003;5633032,756999430246651;7,026371331000060;50,832302696000099
181350;5221013701400795209;5;5;12;0;2022;10;14;5;3;5;3;0;1;1;1;0;0;0;0;357217,016999822983053;5709070,360999389551580;6,942224960000030;51,514690453000100
181352;5221018515212096029;5;1;54;32;2022;10;18;3;2;2;6;1;0;1;0;0;0;0;0;308707,607665355026256;5718021,897339900024235;6,239007331000040;51,580748536000002
181353;5221005602100580805;5;3;62;8;2022;10;15;4;3;4;6;0;0;1;0;0;0;0;1;336124,127999646996614;5649639,069998909719288;6,665695308000070;50,975002043000103
181356;5221009503100295523;5;1;24;0;2022;10;12;1;1;6;4;0;0;1;0;1;0;0;0;369964,374576898000669;5679826,508258240297437;7,136536650000040;51,254950610000002
181358;5221017410110772231;5;7;70;24;2022;10;16;2;3;5;3;0;0;1;1;0;0;0;0;492928,535000001022127;5793027,107999679632485;8,896327710000040;52,287558273999998
181359;5221007513310993492;5;1;62;8;2022;10;17;6;3;0;7;0;0;1;0;0;0;0;0;329558,610558809014037;5660728,969086259603500;6,567049310000070;51,072732266000102
181367;5221014316200473388;5;9;74;52;2022;10;11;6;3;5;3;0;0;1;1;0;0;0;0;424087,825999993016012;5711302,680999649688601;7,905207026000030;51,547705571999998
181369;5221008600110081221;5;3;14;0;2022;10;16;7;3;5;3;0;0;1;0;0;0;0;1;365884,377999867021572;5621594,860999469645321;7,099605838000060;50,730648334000101
181370;5221020608100594906;5;3;34;2;2022;10;19;5;2;0;1;2;1;1;0;0;0;0;0;294718,396999000979122;5629177,435995429754257;6,088117647000050;50,777969302000002
181371;5221010300500262586;5;9;11;0;2022;10;11;2;3;5;3;0;0;1;1;0;0;0;0;376102,884999912988860;5703452,905999559909105;7,216225421000050;51,468662113000100
181373;5221004610122489891;5;3;70;28;2022;10;14;3;3;5;3;0;0;1;1;0;0;0;0;295583,829999033012427;5647175,627995460294187;6,090326309000030;50,939919458000098
181374;5221016706200117145;5;5;58;20;2022;10;9;1;3;5;3;0;0;1;0;0;0;0;0;391161,951658345991746;5760348,956811630167067;7,415154378000070;51,983139344999998
181376;5221018705000696518;5;5;54;8;2022;10;8;3;3;5;3;1;1;1;1;0;0;0;0;337871,664999680011533;5745602,856998910196126;6,646698971000030;51,837675884000099
181378;5221018706000993329;5;5;58;32;2022;10;18;3;2;3;1;1;0;1;0;0;0;0;0;387129,434249771991745;5754655,818735839799047;7,358330834000070;51,931168636999999
181379;5221006405148081065;5;7;54;48;2022;10;17;5;3;9;1;0;0;1;0;0;0;0;0;441927,946999998006504;5765346,119999670423567;8,153410994000071;52,035690870000103
181380;5221007601500090403;5;3;15;0;2022;10;19;6;3;1;5;2;0;1;1;0;0;0;0;360637,913999842014164;5648255,788999429903924;7,015164442000070;50,969024745000098
181385;5221020709700091641;5;5;66;28;2022;10;15;5;3;3;6;0;1;1;1;0;0;0;0;414442,040982784004882;5791781,738323980011046;7,746142313000060;52,269750009000099
181386;5221009701920063563;5;5;62;28;2022;10;10;1;3;5;3;0;0;1;1;0;0;0;0;379038,216999923984986;5722374,626999580301344;7,251956568000030;51,639355625000100
181388;5221004701500565464;5;5;62;24;2022;10;1;3;2;0;1;2;1;1;0;0;0;0;0;371261,867295337026007;5726772,888051480054855;7,138021188000040;51,677155497000101
181391;5221018709500376678;5;5;66;76;2022;10;16;3;3;3;2;0;0;1;0;0;0;0;0;392804,046999957994558;5793219,306999660097063;7,428695358000030;52,278877459999997
181392;5221013602500299664;5;3;62;24;2022;10;14;5;3;0;5;0;0;1;1;0;0;0;0;345823,750308346992824;5642263,653595260344446;6,806870061000040;50,911405111000100
181393;5221018709500396952;5;5;66;76;2022;10;16;3;2;5;3;0;0;1;1;0;0;0;0;395231,244999965012539;5792986,115999660454690;7,464332261000040;52,277249663000099
181394;5221006601400426196;5;3;15;0;2022;10;13;5;3;5;3;0;0;1;1;0;0;0;0;352307,208999786991626;5654265,140999319963157;6,894155544000060;51,020951719999999
181404;5221012600380599986;5;3;14;0;2022;10;15;4;3;0;7;0;0;1;0;0;0;0;0;367067,031861739000306;5619948,099564850330353;7,116947652000020;50,716118981000101
181405;5221019609160794792;5;3;58;60;2022;10;12;4;3;0;1;0;0;1;0;0;0;0;0;330743,013105148973409;5626743,953154729679227;6,599710434000030;50,767738505000104
181406;5221010516500386934;5;1;58;16;2022;10;9;2;3;1;7;0;0;1;0;0;0;1;0;356473,526449000986759;5670852,229384570382535;6,946925494000030;51,171068237000000
181411;5221021315110180408;5;9;70;40;2022;10;16;6;3;4;1;0;1;1;1;0;0;0;0;429680,066982535005081;5635570,317126089707017;8,000689999000031;50,867536519000097
181412;5221017700000389700;5;5;13;0;2022;10;10;2;2;3;2;0;1;1;1;0;0;0;0;362503,210999856004491;5710259,676999459974468;7,017895048000070;51,526689304999998
181413;5221005518400189386;5;1;70;8;2022;10;11;4;3;8;1;0;0;1;1;0;0;0;0;342085,787825239007361;5716397,257532199844718;6,721043593000050;51,576492952000102
181414;5221011702100792910;5;5;15;0;2022;10;13;3;3;6;4;0;0;1;0;1;0;0;0;405335,949604799970984;5757391,343959139660001;7,622295366000060;51,959151263000102
181415;5221019411132072320;5;7;74;32;2022;10;12;4;2;5;3;0;0;1;0;0;0;0;0;482979,496000000974163;5729100,322999659925699;8,753644796000060;51,712582468000100
181416;5221008501313791491;5;1;12;0;2022;10;0;7;2;0;7;2;0;1;0;0;0;0;0;343364,367999723006506;5701519,851999109610915;6,746088902000050;51,443180208000101
181417;5221013709500896541;5;5;66;76;2022;10;18;5;2;3;2;0;1;1;0;0;1;0;0;392215,899999957997352;5792603,029999650083482;7,420274671000070;52,273223903000002
181418;5221007307000586073;5;9;62;32;2022;10;0;6;3;3;2;2;0;1;1;0;0;0;0;405084,706999977992382;5675209,790999620221555;7,640868758000070;51,220377117000098
181419;5221008705000495869;5;5;54;68;2022;10;12;7;3;3;6;0;0;1;1;0;0;0;0;350055,548999782011379;5767135,980999260209501;6,814018667000030;52,034545065000003
181422;5221022503100077801;5;1;24;0;2022;10;19;7;2;6;4;0;0;1;0;1;0;0;0;370491,053901877021417;5680438,437954490073025;7,143858390000050;51,260570123999997
181425;5221011505200096021;5;1;14;0;2022;10;20;3;3;5;3;0;0;1;1;0;0;0;0;329673,479999585018959;5689543,163998610340059;6,555013314000060;51,331634211999997
181427;5221013503200081021;5;1;24;0;2022;10;15;5;3;0;3;0;1;1;1;0;0;0;0;374991,820999908028170;5682258,927999549545348;7,207693019000030;51,277936844000102
181431;5221004502350495795;5;1;13;0;2022;10;11;3;3;5;3;0;0;1;1;0;0;0;0;359989,154999839025550;5706212,874999430030584;6,983284022000020;51,489706480000102
181432;5221015500300073996;5;1;11;0;2022;10;11;7;2;0;1;0;0;1;0;0;0;0;0;344945,950193174008746;5674830,930608049966395;6,780439483000070;51,203809767999999
181434;5221021600340778211;5;3;82;64;2022;10;15;6;2;2;6;0;0;1;1;0;0;0;0;352614,601999789010733;5620596,652999320067465;6,912101619000050;50,718462445999997
181435;5221018701910248544;5;5;62;8;2022;10;9;3;3;0;1;0;1;1;0;0;0;0;0;385099,638239133986644;5723904,409606420435011;7,339008224000050;51,654375880000003
181436;5221005301101084921;5;9;13;0;2022;10;20;4;3;5;1;2;0;1;1;0;0;0;0;395204,734999963024165;5707279,265999630093575;7,489991170000050;51,506916116000099
181438;5221019711213381146;5;5;70;4;2022;10;20;4;3;1;5;2;0;1;1;0;0;0;0;425475,704501624975819;5734782,543425350449979;7,920214375000060;51,758972221000100
181440;5221014610211833035;5;3;70;4;2022;10;13;6;3;0;3;0;1;1;1;0;0;0;0;312301,203998500015587;5662072,572999309748411;6,320287596000070;51,079417620000100
181441;5221017405228672815;5;7;54;28;2022;10;9;2;3;5;3;0;1;1;1;0;0;0;0;452657,925999998988118;5743400,720999670214951;8,312842608000039;51,839412854999999
181442;5221006608100485809;5;3;34;2;2022;10;13;5;3;0;1;0;0;1;0;0;0;0;0;293479,480998974991962;5628587,230995230376720;6,070899669000030;50,772228833000000
181444;5221017610121785813;5;3;70;12;2022;10;7;2;3;0;7;2;1;1;0;0;0;0;0;296206,401149404002354;5651100,021857160143554;6,096978762000050;50,975384860000098
181446;5221018705000296646;5;5;54;24;2022;10;16;3;3;2;6;0;0;1;0;0;0;0;0;370167,659999891009647;5775441,209999550133944;7,103878358000030;52,114248808000099
181447;5221005601500195655;5;3;15;0;2022;10;15;4;2;0;7;0;0;1;1;0;0;0;0;358287,840999827021733;5643408,683999399654567;6,983602201000050;50,924890427999998
181449;5221019606000580564;5;3;78;8;2022;10;14;4;3;0;3;0;0;1;1;0;0;0;0;370827,417902419983875;5662848,925676880404353;7,155000070000030;51,102560051000097
181452;5221017400100993377;5;7;11;0;2022;10;9;2;3;0;3;0;1;1;1;0;0;0;0;466008,970000001019798;5766071,895999680273235;8,504378811000040;52,044215236000099
181456;5221018411132568163;5;7;74;32;2022;10;10;3;3;5;2;0;1;1;1;0;0;0;0;484115,501764688000549;5729096,534664889797568;8,770087397000051;51,712581728000004
181457;5221005316200594489;5;9;74;52;2022;10;17;4;3;0;7;0;0;1;0;0;0;0;0;423907,545999993977603;5713613,273999650031328;7,902107486000030;51,568453488000003
181459;5221019600110086243;5;3;14;0;2022;10;7;4;3;2;6;1;1;1;0;0;0;0;1;362376,566132923006080;5622280,311862059868872;7,049675198000050;50,735988505000101
181460;5221008702100076673;5;5;15;0;2022;10;15;7;3;4;6;0;0;1;0;0;0;0;0;407991,672999982023612;5754721,959999660030007;7,661648689000060;51,935603088000100
181463;5221007702100096672;5;5;15;0;2022;10;14;6;3;4;6;0;0;1;0;0;0;0;1;408635,924506755021866;5764439,203259999863803;7,668429667000050;52,023053302000100
181464;5221020700000057756;5;5;13;0;2022;10;17;5;3;5;3;0;1;1;1;0;0;0;0;363713,838999859988689;5715354,657999469898641;7,033362061000050;51,572768080000102
181466;5221022601200993312;5;3;15;0;2022;10;9;7;3;5;3;0;0;1;1;0;0;0;0;360034,230002021999098;5638690,922624159604311;7,010243933000030;50,882917224000003
181467;5221004601100093550;5;3;15;0;2022;10;20;3;3;1;5;0;0;1;1;0;0;0;0;356598,074861776025500;5642987,264994310215116;6,959740728000040;50,920685634999998
181468;5221016600360993388;5;3;82;12;2022;10;18;1;3;5;3;0;0;1;1;0;0;0;0;362045,603113501972985;5626212,965765150263906;7,043514426000060;50,771255255000000
181471;5221021701110585659;5;5;62;32;2022;10;13;6;3;0;1;0;1;1;0;0;0;0;0;374414,224999907019082;5718577,886999559588730;7,186530824000040;51,604220748000003
181472;5221019300100289966;5;9;11;0;2022;10;21;4;3;5;3;2;0;1;1;0;0;0;0;376124,202726589981467;5704924,548979359678924;7,216016166000030;51,481893030999998
181473;5221005601100393564;5;3;15;0;2022;10;13;4;3;5;3;0;0;1;1;0;0;0;0;355877,412869367981330;5642793,780051919631660;6,949570922000020;50,918767260000003
181474;5221020600110099952;5;3;14;0;2022;10;15;5;3;4;6;0;1;1;0;0;0;0;1;365357,205999866011553;5622389,798999469727278;7,091849945000040;50,737671222000102
181475;5221004500200476325;5;1;11;0;2022;10;12;3;2;5;2;0;0;1;1;0;0;0;0;346515,567999746999703;5677239,728999200277030;6,801859489000040;51,225878021000000