OBJECTID;UIDENTSTLAE;ULAND;UREGBEZ;UKREIS;UGEMEINDE;UJAHR;UMONAT;USTUNDE;UWOCHENTAG;UKATEGORIE;UART;UTYP1;ULICHTVERH;IstStrassenzustand;IstRad;IstPKW;IstFuss;IstKrad;IstGkfz;IstSonstige;LINREFX;LINREFY;XGCSWGS84;YGCSWGS84
181481;5221011701610195159;5;5;62;12;2022;10;16;3;3;0;7;0;0;1;0;0;0;0;0;361525,629999849013984;5736030,036999450065196;6,993613268000050;51,758023378000097
181484;5221014601100778501;5;3;15;0;2022;10;19;6;3;0;1;2;1;1;0;0;0;0;0;356171,896999815013260;5642901,493999370373785;6,953715208000060;50,919808746999998
181485;5221017317110267131;5;9;78;36;2022;10;7;2;3;4;6;1;1;1;0;0;0;0;0;407112,227958970004693;5709713,429750340059400;7,660872538000040;51,530880324000101
181488;5221021301304595238;5;9;13;0;2022;10;15;6;3;0;2;0;1;1;0;0;0;0;0;399896,591628361027688;5708829,040183070115745;7,557133024000050;51,521697467000102
181492;5221016500300891126;5;1;11;0;2022;10;16;1;3;0;1;0;0;1;0;0;0;0;0;343855,739931003015954;5676766,340950730256736;6,764003580000060;51,220903102000101
181493;5221011315110496076;5;9;70;40;2022;10;14;3;3;1;7;0;0;1;1;0;0;0;0;431230,471169090014882;5636457,678973169997334;8,022552313000061;50,875701671999998
181494;5221019518210195943;5;1;70;28;2022;10;13;4;3;0;3;0;0;1;1;0;0;0;0;331053,724999603000470;5702061,242998659610748;6,568851454000030;51,444506079000099
181496;5221006500100282200;5;1;11;0;2022;10;17;5;3;5;7;0;0;1;1;0;0;0;0;344699,019000042986590;5677515,640994920395315;6,775744968000030;51,227865856000101
181497;5221007609108177509;5;3;58;8;2022;10;16;6;3;0;1;0;0;1;0;0;0;0;0;324449,750134377973154;5632041,017975109629333;6,508021406000070;50,813459041000002
181498;5221020500200002247;5;1;11;0;2022;10;6;5;3;3;5;2;0;1;1;0;0;0;0;346263,182127438019961;5678445,428608819842339;6,797730457000060;51,236643910000097
181500;5221015505200591593;5;1;14;0;2022;10;1;7;3;0;1;2;1;1;0;0;0;0;0;329648,592999584972858;5689629,548998610116541;6,554615110000040;51,332402822000098
181501;5221017601100985201;5;3;15;0;2022;10;11;2;3;0;1;0;0;1;0;0;0;0;0;357419,049801449989900;5648885,910635420121253;6,969103839000070;50,973899822000099
181504;5221019503400880871;5;1;22;0;2022;10;6;4;3;4;6;2;0;1;0;0;0;0;1;365279,224999918020330;5670302,022218850441277;7,073013910000040;51,168265646000101
181505;5221014500300669107;5;1;11;0;2022;10;19;6;2;0;1;2;1;1;0;0;0;0;0;348786,655999763985164;5674680,761999250389636;6,835438913000080;51,203489966000099
181510;5221004301103594303;5;9;13;0;2022;10;11;3;3;0;5;0;0;1;1;0;0;0;0;390459,634267389017623;5705446,036595880053937;7,422214851000040;51,489538567000103
181515;5221018609140289898;5;3;58;40;2022;10;10;3;3;5;2;0;1;1;1;0;0;0;0;325878,961999527004082;5633286,522998499684036;6,527698022000040;50,825080542000102
181517;5221020410110987106;5;7;70;24;2022;10;6;5;3;5;3;2;0;1;1;0;0;0;0;491035,890000001003500;5793267,041999679990113;8,868573988000040;52,289687782000001
181518;5221009404101993480;5;7;66;20;2022;10;9;1;2;5;3;0;0;1;1;0;0;0;0;486190,739000000990927;5754989,131999669596553;8,799091083000061;51,945441305000003
181522;5221021513320495747;5;1;62;4;2022;10;14;6;3;5;3;0;0;1;1;0;0;0;0;346777,665999747987371;5663073,083999210037291;6,811644421000040;51,098651693000100
181525;5221012500300369054;5;1;11;0;2022;10;16;4;3;5;3;0;0;1;1;0;0;0;0;350430,285999775980599;5672850,846999280154705;6,859711464000040;51,187479215000103
181528;5221014601100493465;5;3;15;0;2022;10;22;6;3;0;1;2;0;1;0;0;0;0;0;355512,413287287985440;5645655,239160999655724;6,943247347000070;50,944391371999998
181533;5221022400300570242;5;7;11;0;2022;10;11;7;3;5;2;0;0;1;1;0;0;0;0;466840,861697484971955;5762209,441974479705095;8,516882440000071;52,009539857999997
181534;5221004709300096611;5;5;66;24;2022;10;11;3;3;0;1;0;0;1;1;0;0;0;0;384351,979999941017013;5771207,076999619603157;7,312365262000070;52,079345638000099
181535;5221016500100195098;5;1;11;0;2022;10;16;1;3;2;6;0;1;1;0;0;0;0;0;348886,826999766984954;5682418,727999250404537;6,833606938000060;51,273047574000003
181539;5221006513210782320;5;1;62;24;2022;10;15;5;3;1;1;0;0;1;1;0;0;0;0;338285,266744819004089;5674870,710596879944205;6,685157233000040;51,202320552000103
181540;5221007600110993475;5;3;14;0;2022;10;23;6;3;3;6;2;0;1;1;0;0;0;0;362873,810999854002148;5623049,673999450169504;7,056431252000040;50,743020936000100
181541;5221020514210396130;5;1;66;12;2022;10;11;5;3;5;3;0;0;1;1;0;0;0;0;320443,817662244022358;5692698,179304700344801;6,421073336000060;51,357136222000101
181542;5221003515211522037;5;1;54;16;2022;10;10;2;3;0;2;0;0;1;1;0;0;0;0;304539,856172724976204;5728613,908203709870577;6,173019782000040;51,674441496999997
181543;5221015503200578628;5;1;24;0;2022;10;13;7;3;0;1;0;1;1;0;0;0;0;0;375141,198474697011989;5682180,219761800020933;7,209861101000060;51,277262196999999
181546;5221021602200087331;5;3;62;4;2022;10;12;6;3;5;3;0;1;1;1;0;0;0;0;328924,997999568004161;5651710,808998620137572;6,562270395000040;50,991521990000102
181547;5221018601100380812;5;3;15;0;2022;10;7;3;3;0;1;2;1;1;0;0;0;0;0;355014,250355306023266;5643944,472604880109429;6,936841698000020;50,928892059000098
181548;5221005601200886367;5;3;15;0;2022;10;19;4;2;0;7;2;0;1;1;0;0;0;0;354831,157412533008028;5643867,597989290021360;6,934268693000040;50,928155156999999
181549;5221012705000993441;5;5;54;56;2022;10;10;4;3;2;2;0;0;1;1;0;0;0;0;356598,855006343976129;5762101,410082099959254;6,911448895000040;51,991040263000102
181552;5221014601200299148;5;3;15;0;2022;10;18;6;3;0;1;1;1;1;0;0;0;0;0;354695,522845139028504;5643715,886376069858670;6,932400441000030;50,926757613000099
181553;5221017400300687227;5;7;11;0;2022;10;13;2;3;5;2;0;0;1;0;0;0;0;1;466354,507005951018073;5761764,040573650039732;8,509840444000080;52,005506152000102
181556;5221021513210090849;5;1;62;24;2022;10;15;6;3;5;3;0;0;1;1;0;0;0;0;338700,243177826981992;5674988,633811149746180;6,691039178000040;51,203497393000099
181558;5221005316100575359;5;9;74;40;2022;10;10;4;3;5;3;0;0;1;1;0;0;0;0;436042,494999997026753;5714117,693999649956822;8,077076806000040;51,574495645000098
181560;5221013400300074552;5;7;11;0;2022;10;17;5;3;5;2;0;0;1;1;0;0;0;0;472452,850000001024455;5753130,473999660462141;8,599373378000051;51,928219732000102
181562;5221018600140993351;5;3;14;0;2022;10;11;3;3;5;3;0;1;1;1;0;0;0;0;367448,929745614994317;5621723,796517649665475;7,121716111000070;50,732166334000098
181565;5221019711111743131;5;5;70;52;2022;10;15;4;2;1;5;0;0;1;1;0;0;0;0;430799,964358841010835;5756860,209608020260930;7,992922704000020;51,958129081000003
181567;5221014711215294319;5;5;70;4;2022;10;11;6;3;0;1;0;1;1;0;0;0;0;0;422832,326564104005229;5734781,338761609978974;7,881922360000030;51,758603375000099
181570;5221021313130194381;5;9;58;44;2022;10;17;6;2;9;1;0;1;1;1;0;0;0;0;430642,721999995992519;5686251,497999629937112;8,004631786000060;51,323327710999997
181572;5221018411132363060;5;7;74;32;2022;10;7;3;3;5;2;2;1;1;0;0;0;0;0;482747,067738073994406;5729548,733868909999728;8,750258452000031;51,716607169000000
181573;5221005501114993515;5;1;12;0;2022;10;17;4;2;5;3;0;0;1;0;0;0;0;0;347589,240131639002357;5707782,728751010261476;6,804133003000060;51,500605815000000
181574;5221012500300087316;5;1;11;0;2022;10;17;4;3;1;7;0;0;1;1;0;0;0;0;351245,002980755991302;5669419,819000739604235;6,872780767000050;51,156860520000102
181576;5221008501214069330;5;1;12;0;2022;10;13;7;2;0;5;0;0;1;1;0;0;0;0;340475,755402535025496;5695800,451616619713604;6,707132324000040;51,390987288000098
181578;5221006608436177591;5;3;34;36;2022;10;17;5;2;5;3;0;0;1;1;0;0;0;0;297800,121284720022231;5633756,535481800325215;6,129251654000030;50,820179090000103
181580;5221020609108973746;5;3;58;8;2022;10;16;5;3;0;3;0;1;1;0;0;0;0;0;323340,598999492998701;5630639,260998359881341;6,492967310000040;50,800528201000098
181583;5221004603228094846;5;3;66;28;2022;10;9;3;3;4;3;0;0;1;1;0;0;0;0;334290,820999623974785;5609778,791998879984021;6,657585674000070;50,616323425000097
181584;5221016302100490164;5;9;14;0;2022;10;13;1;3;0;1;0;0;1;0;0;0;0;1;392890,844828421017155;5692673,230190839618444;7,461082488000050;51,375194987000000
181586;5221019406210587116;5;7;58;4;2022;10;17;4;3;5;3;0;0;1;1;0;0;0;0;471045,031965046015102;5783347,964543440379202;8,576336775000071;52,199822124999997
181587;5221013601300993426;5;3;15;0;2022;10;13;5;2;1;5;0;1;1;1;0;0;0;0;351967,497064844006673;5647590,021687479689717;6,892035511000070;50,960878966000102
181588;5221019300700290545;5;9;16;0;2022;10;7;4;3;4;6;0;1;1;0;0;0;0;0;372826,391999899991788;5708215,615999549627304;7,167362765000060;51,510738409000098
181590;5221007711212096598;5;5;70;4;2022;10;16;6;2;8;7;0;0;1;0;0;0;0;0;423281,117999991984107;5735552,681999649852514;7,888253233000060;51,765599129000101
181592;5221003513320993558;5;1;62;4;2022;10;13;2;3;0;1;0;0;1;0;0;0;0;0;347456,490216907986905;5663369,588945359922945;6,821206728000050;51,101497033000001
181596;5221021601400781767;5;3;15;0;2022;10;18;6;3;6;4;1;0;1;0;1;0;0;0;355462,755568989028689;5647257,330047190189362;6,941904941000080;50,958776547000099
181597;5221018601600586502;5;3;15;0;2022;10;8;3;2;5;2;0;1;1;1;0;0;0;0;358516,435999828972854;5643176,344999399967492;6,986942838000060;50,922858489000099
181598;5221005701800849722;5;5;62;4;2022;10;13;4;3;1;5;0;0;1;1;0;0;0;0;383211,454999934008811;5717788,411999600008130;7,313764987000070;51,599018432999998
181602;5221014701110095043;5;5;62;32;2022;10;14;6;2;0;7;0;1;1;1;0;0;0;0;376484,967521805025171;5720531,066983990371227;7,215728462000070;51,622232341000000
181603;5221017404301387176;5;7;66;44;2022;10;16;2;3;0;3;0;0;1;1;0;0;0;0;492111,375999999989290;5763382,552999669685960;8,885036270000059;52,021021742000102
181606;5221018501311579020;5;1;12;0;2022;10;12;3;3;4;1;0;0;1;0;0;0;0;1;344830,720999806013424;5700118,334999130107462;6,767785886000070;51,430991193000096
181612;5221006410120096821;5;7;70;32;2022;10;18;5;3;4;5;1;0;1;1;0;0;0;0;492286,443330332986079;5786609,708616189658642;8,887060900000050;52,229853722000001
181615;5221010405108482114;5;7;54;8;2022;10;16;2;3;4;6;0;0;1;0;0;0;0;0;456360,573192474024836;5750604,211148959584534;8,365671275000070;51,904478239000099
181618;5221016601500293414;5;3;15;0;2022;10;13;1;3;0;1;0;0;1;0;0;0;0;0;357962,198143464978784;5651865,781737590208650;6,975670242000040;51,000813853000103
181621;5221019307000431695;5;9;62;16;2022;10;5;4;3;5;2;2;0;1;1;0;0;0;0;414714,103650834993459;5693336,390575479716063;7,774387466000060;51,384854779000101
181622;5221019515211522041;5;1;54;16;2022;10;15;4;3;5;2;0;0;1;1;0;0;0;0;302870,945269624004140;5729598,892378330230713;6,148358066000070;51,682703883999999
181625;5221010610212394875;5;3;70;40;2022;10;19;2;3;1;5;2;0;1;1;0;0;0;0;304696,450969583995175;5669176,252281829714775;6,208007547000020;51,140682751000000
181628;5221020609108994862;5;3;58;8;2022;10;19;5;3;5;3;2;0;1;1;0;0;0;0;324016,368999503029045;5630731,209998399950564;6,502503581000040;50,801559901000097
181630;5221022516900691531;5;1;58;26;2022;10;16;7;3;2;2;0;0;1;1;0;0;0;0;352745,631999792996794;5665284,995999320410192;6,895914725000070;51,120092278000101
181632;5221016701400294973;5;5;12;0;2022;10;16;1;3;3;2;0;0;1;0;0;0;0;0;356087,251999816973694;5711218,173999370075762;6,925076982000060;51,533703600000102
181633;5221011503200063809;5;1;24;0;2022;10;18;3;3;4;6;0;0;1;1;0;0;0;0;375959,897999913024250;5680862,811999560333788;7,222050114000070;51,265600504000098
181634;5221019404301068116;5;7;66;44;2022;10;15;4;3;6;7;0;0;1;0;1;0;0;0;492773,049822771979962;5763716,666875299997628;8,894672005000070;52,024034743000101
181635;5221013601100072629;5;3;15;0;2022;10;19;5;3;3;6;2;1;1;1;0;0;0;0;355519,451999810000416;5643407,380999360233545;6,944238636000020;50,924192071999997
181636;5221019405000096814;5;7;54;32;2022;10;14;4;3;0;3;0;0;1;1;0;0;0;0;459344,293000000005122;5739776,198999660089612;8,410313037000041;51,807352552000097
181639;5221007701200295982;5;5;62;20;2022;10;12;6;3;5;2;0;0;1;1;0;0;0;0;371301,592999895976391;5716969,452999539673328;7,142199336000030;51,589063262000103
181640;5221020317220589439;5;9;78;4;2022;10;13;5;3;5;3;0;0;1;1;0;0;0;0;401965,106999973999336;5718508,614999639801681;7,584238099000060;51,609068895000100
181641;5221003514218993554;5;1;66;36;2022;10;16;2;3;7;5;0;0;1;1;0;0;0;0;322145,379889876989182;5683954,939137569628656;6,449847741000040;51,279130184000103
181643;5221017505200995933;5;1;14;0;2022;10;13;2;3;5;3;0;1;1;1;0;0;0;0;328744,255999573972076;5690093,492998570203781;6,541423147000050;51,336299138000101
181645;5221018702100096679;5;5;15;0;2022;10;13;3;3;5;3;0;0;1;1;0;0;0;0;408251,952999979024753;5758414,677999660372734;7,664447716000040;51,968838384000001
181647;5221012709500096558;5;5;66;76;2022;10;9;4;3;5;3;0;0;1;0;0;0;0;1;393671,422999961010646;5793429,884999659843743;7,441338036000050;52,280938425000002
181650;5221014600140590864;5;3;14;0;2022;10;7;6;3;5;3;1;1;1;1;0;0;0;0;367407,952999875997193;5622460,574999479576945;7,120870744000060;50,738779198000003
181651;5221017502000455257;5;1;13;0;2022;10;20;2;3;5;6;2;0;1;1;0;0;0;0;363431,336928018019535;5701729,286011350341141;7,034566041000060;51,450256664999998
181654;5221021310230078374;5;9;54;12;2022;10;9;6;3;0;1;0;1;1;0;0;0;0;0;383536,060732939979061;5687105,137538320384920;7,328556612000060;51,323306375000101
181656;5221017705000002662;5;5;54;56;2022;10;13;2;3;6;3;0;1;1;0;1;0;0;0;356352,917435768002179;5761937,064562110230327;6,907938384000030;51,989500073999999
181660;5221008601100993468;5;3;15;0;2022;10;1;7;3;0;5;2;0;1;1;0;0;0;0;354842,002380739024375;5645265,895891849882901;6,933865950000040;50,940724041000102
181661;5221014502226481110;5;1;13;0;2022;10;8;6;3;0;7;0;1;1;0;0;0;0;0;360573,953771595028229;5697810,107100260443985;6,995013521000030;51,414341334000000
181665;5221022506100095689;5;1;16;0;2022;10;20;7;2;0;7;2;0;1;1;0;0;0;0;320641,174999466980807;5674238,604998109862208;6,433167537000030;51,191375974000003
181669;5221013601500976494;5;3;15;0;2022;10;21;5;3;4;6;2;1;1;0;0;0;0;0;357755,994409971986897;5644189,998471429571509;6,975734832000060;50,931781211999997
181673;5221020400200276103;5;7;11;0;2022;10;20;5;3;6;7;2;0;1;0;1;0;0;0;468419,187000001023989;5763723,441999670118093;8,539737627000020;52,023243747999999
181675;5221015701300061166;5;5;62;14;2022;10;18;7;3;5;2;1;1;1;1;0;0;0;0;363161,994999856979121;5712946,216999460011721;7,026341410000040;51,550991459999999
181676;5221017601600486428;5;3;15;0;2022;10;18;2;2;6;6;0;0;1;0;1;0;0;0;359085,134941456024535;5644991,113824410364032;6,994327507000040;50,939307164000098
181678;5221018513210175995;5;1;62;24;2022;10;12;3;3;5;3;0;1;1;1;0;0;0;0;338385,737798287009355;5674655,592742520384490;6,686691016000050;51,200416181000001
181683;5221020410230096820;5;7;70;4;2022;10;15;5;3;0;1;0;0;1;0;0;0;0;0;485382,414999999979045;5784858,963999680243433;8,786050859000060;52,213973555999999
181685;5221003601700993551;5;3;16;0;2022;10;17;2;2;3;6;0;0;1;0;0;0;0;0;358695,911957753996830;5655453,168146720156074;6,984722683000030;51,033234031000099
181687;5221017516200695554;5;1;58;12;2022;10;16;2;3;5;3;0;1;1;1;0;0;0;0;359186,127999835007358;5688304,353999420069158;6,978835574000070;51,328576655000099
181688;5221021606700093434;5;3;78;16;2022;10;15;6;3;4;2;0;1;1;1;0;0;0;0;361675,002240357978735;5663302,130254560150206;7,024180943000030;51,104497803000100
181689;5221018515210096072;5;1;54;28;2022;10;14;3;3;0;1;0;0;1;0;0;0;0;0;320396,769999473995995;5701753,154998039826751;6,415816131000040;51,438459919000103
181691;5221012607400550902;5;3;82;68;2022;10;15;4;3;5;3;0;0;1;1;0;0;0;0;370300,678420577023644;5629617,218764170072973;7,159320877000030;50,803757930000103
181693;5221009518200995943;5;1;70;24;2022;10;16;1;3;0;4;0;0;1;1;1;0;0;0;333149,386285492975730;5698277,217022449709475;6,600761609000070;51,411131820999998
181697;5221022702100993599;5;5;15;0;2022;10;0;7;3;6;4;2;0;1;0;1;0;0;0;405250,411999977019150;5757999,081999659538269;7,620883217000030;51,964599292000102
181700;5221018303100374793;5;9;15;0;2022;10;16;3;3;5;3;0;0;1;1;0;0;0;0;418366,000999989977572;5726132,177999650128186;7,819251550000050;51,680218701000101
181704;5221014300800272787;5;9;54;36;2022;10;21;6;3;5;3;2;0;1;1;0;0;0;0;383949,555500019981991;5700146,772993319667876;7,330227098000020;51,440610382000003
181705;5221010601300993462;5;3;15;0;2022;10;14;2;3;7;7;0;0;1;0;0;0;0;0;349612,194431748997886;5644199,358606159687042;6,859921178000040;50,929799525000099
181706;5221006500200001052;5;1;11;0;2022;10;7;5;3;5;2;0;1;1;1;0;0;0;0;347102,821139396983199;5676875,055728640407324;6,810418839000020;51,222758824000003
181708;5221020702100372348;5;5;15;0;2022;10;16;5;3;6;4;0;1;1;0;1;0;0;0;405594,036014957993757;5757520,370066690258682;7,626014828000050;51,960354885000100
181710;5221003600330796081;5;3;82;48;2022;10;18;2;2;0;1;0;0;1;0;0;0;0;0;354031,106613220996223;5610094,036601389758289;6,936298386000030;50,624431279000099
181711;5221016317110194485;5;9;78;36;2022;10;19;1;2;0;7;2;0;1;0;0;0;0;0;408361,038306344999000;5709889,268329160287976;7,678825212000050;51,532665067000003
181712;5221011503200992653;5;1;24;0;2022;10;16;3;3;5;3;0;0;1;1;0;0;0;0;372543,899683034978807;5680667,575575199909508;7,173182253000050;51,263092176000001
181713;5221013405236978112;5;7;54;36;2022;10;19;5;3;5;3;2;1;1;1;0;0;0;0;475762,804000000003725;5750934,595999670214951;8,647664578000050;51,908630756999997
181715;5221018603104578298;5;3;66;4;2022;10;14;3;3;0;1;0;1;1;0;0;0;0;0;339280,738999673980288;5601032,709999039769173;6,731841288000060;50,539126660000100
181719;5221014601600262734;5;3;15;0;2022;10;20;6;3;0;1;2;1;1;0;0;0;0;0;360563,216999840980861;5643632,252999429591000;7,015871708000020;50,927454124000100
181720;5221017500300687310;5;1;11;0;2022;10;8;2;3;0;1;0;1;1;0;0;0;0;0;343898,663988374988548;5676246,894984089769423;6,764843893000030;51,216247455000001
181722;5221021500300596899;5;1;11;0;2022;10;11;6;3;0;1;0;1;1;1;0;0;0;0;344647,583027252985630;5675187,673243870027363;6,776017432000060;51,206934182000097
181723;5221018400100993347;5;7;11;0;2022;10;15;3;3;5;2;0;0;1;1;0;0;0;0;468981,369731391023379;5767011,797306870110333;8,547632344000020;52,052839821000099
181725;5221011705000396008;5;5;54;8;2022;10;16;3;3;5;3;0;0;1;1;0;0;0;0;335215,525999655015767;5746044,380998799577355;6,607970649000040;51,840864925000098
181727;5221008608200673675;5;3;34;2;2022;10;11;7;3;5;3;0;0;1;1;0;0;0;0;299447,000999094976578;5624828,720996170304716;6,157471890000070;50,740564375000098
181729;5221010608100973639;5;3;34;2;2022;10;17;2;2;5;2;0;0;1;1;0;0;0;0;294873,461999004997779;5628413,622995460405946;6,090740140000040;50,771164169000002
181731;5221020711311482312;5;5;70;8;2022;10;15;5;3;5;3;0;1;1;1;0;0;0;0;433985,870999997016042;5734194,406999659724534;8,043610519000030;51,754752721000003
181732;5221022317110889255;5;9;78;12;2022;10;17;7;3;0;7;0;1;1;0;0;0;0;0;409037,461489262001123;5703944,631072229705751;7,690107958000060;51,479335956000099
181735;5221011405108280589;5;7;54;8;2022;10;17;3;3;8;1;0;0;1;0;0;0;0;0;457068,459586784010753;5748724,509400369599462;8,376194296000049;51,887633624999999
181736;5221018709300341172;5;5;66;68;2022;10;10;3;3;0;1;0;1;1;0;0;0;0;0;376160,301321981009096;5785665,322493139654398;7,187619424000050;52,207499462000001
181737;5221013602700014091;5;3;62;28;2022;10;18;5;3;5;3;1;1;1;1;0;0;0;0;352957,028999792004470;5639205,695999329909682;6,909497036000060;50,885785613000103
181740;5221008300800372787;5;9;54;36;2022;10;7;7;2;5;3;2;1;1;1;0;0;0;0;388942,535999951011036;5701247,393999610096216;7,401691655000040;51,451504098999997
181742;5221014608100594900;5;3;34;2;2022;10;18;6;3;4;2;1;1;1;1;0;0;0;0;293823,335655572009273;5628939,443220440298319;6,075572393000070;50,775514397999999
181743;5221017503100993383;5;1;24;0;2022;10;5;2;3;1;6;2;1;1;1;0;0;0;0;366270,991999869991560;5677542,216999489814043;7,084493514000030;51,233567229000101
181744;5221006607400793612;5;3;82;44;2022;10;8;5;3;0;5;0;0;1;1;0;0;0;0;360599,466999840980861;5633398,055999419651926;7,020290166000050;50,835485087000102
181745;5221021301102094305;5;9;13;0;2022;10;15;6;3;0;3;0;0;1;1;0;0;0;0;396831,330309364013374;5705895,972653020173311;7,513825013000030;51,494781429000099
181746;5221010301102008340;5;9;13;0;2022;10;12;2;2;0;7;0;0;1;0;0;0;0;1;395316,975160562025849;5702897,903134199790657;7,492907035000030;51,467554464999999
181748;5221004513310786874;5;1;62;8;2022;10;13;3;3;5;3;0;0;1;1;0;0;0;0;332716,814919213007670;5661529,505074109882116;6,611718051000030;51,080853935000100
181749;5221016310110593927;5;9;54;16;2022;10;17;1;3;5;3;0;1;1;1;0;0;0;0;370216,487426295003388;5694830,507871449925005;7,134683958000040;51,389852687000001
181750;5221011601100976467;5;3;15;0;2022;10;10;3;3;4;6;0;0;1;1;0;0;0;0;355195,063768189982511;5645874,023418930359185;6,938646074000080;50,946277913000102
181751;5221019500300376621;5;1;11;0;2022;10;16;4;3;5;3;0;0;1;0;0;0;0;1;347304,951288158015814;5673595,009822259657085;6,814707176000070;51,193339654000098
181752;5221014506100196019;5;1;16;0;2022;10;13;6;3;0;1;0;1;1;0;0;0;0;0;321771,669832697021775;5676412,597932060249150;6,448249511000030;51,211259180000098
181755;5221020516400291341;5;1;58;24;2022;10;10;5;2;5;3;0;0;1;0;0;0;0;1;358979,721705116971862;5679708,192419149912894;6,979269678000040;51,251276578000002
181756;5221004405108578188;5;7;54;8;2022;10;18;3;3;3;7;0;0;1;1;0;0;0;0;455802,689118587004486;5748129,946368440054357;8,357879747000030;51,882189239000098
181757;5221015602500085720;5;3;62;24;2022;10;17;7;3;0;1;0;1;1;0;0;0;0;0;346852,083057417999953;5642229,683205319568515;6,821500829000060;50,911373605999998
181761;5221018600110586243;5;3;14;0;2022;10;12;3;2;0;1;0;1;1;0;0;0;0;0;365569,835344928025734;5622006,025760159827769;7,095001513000060;50,734271151000002
181764;5221020301301155629;5;9;78;24;2022;10;11;5;3;5;3;0;0;1;1;0;0;0;0;399719,212632216978818;5719852,672689120285213;7,551430645000040;51,620754653000098
181766;5221014709110296847;5;5;66;8;2022;10;12;6;3;0;3;0;0;1;1;0;0;0;0;399882,700999970023986;5781429,269999659620225;7,535908132000030;52,174247387999998
181768;5221007515110091636;5;1;54;24;2022;10;10;6;2;5;3;0;0;1;1;0;0;0;0;310813,510999355989043;5742477,472997060045600;6,256106977000060;51,801098781000100
181769;5221021307000677916;5;9;62;40;2022;10;14;6;3;0;1;0;1;1;0;0;0;0;0;416893,570698041992728;5698303,719787400215864;7,804536361000030;51,429833983000002
181770;5221018314110590345;5;9;66;24;2022;10;14;3;3;5;2;0;0;1;1;0;0;0;0;418281,275999989011325;5650143,253999619744718;7,835468298000020;50,997059106999998
181775;5221014502405577744;5;1;17;0;2022;10;7;6;1;6;4;2;1;1;0;1;0;0;0;355221,154998884012457;5700410,063558840192854;6,917030017000060;51,436362745000103
181782;5221011608100589797;5;3;34;2;2022;10;15;3;3;0;5;0;0;1;1;0;0;0;0;294056,267371721973177;5628388,183027099817991;6,079180348000020;50,770646187000096
181783;5221019405112180328;5;7;54;12;2022;10;13;4;3;5;3;0;0;1;1;0;0;0;0;456072,768999999971129;5767693,707999669946730;8,359299827000029;52,058097486000101
181784;5221011301304585564;5;9;13;0;2022;10;7;3;3;5;3;0;0;1;1;0;0;0;0;404000,441619771998376;5710608,974432669579983;7,615780769000030;51,538409883000000
181785;5221013514116395495;5;1;66;16;2022;10;15;5;3;5;3;0;1;1;1;0;0;0;0;304879,088999232975766;5689300,205996570177376;6,199657626000030;51,321487014000098
181786;5221019301202482390;5;9;13;0;2022;10;19;4;3;7;7;2;0;1;0;0;0;0;0;394624,556999960972462;5709354,194999620318413;7,481014087000060;51,525458807000099
181787;5221006503400578724;5;1;22;0;2022;10;18;5;3;6;7;2;0;1;0;1;0;0;0;366580,439999873982742;5671028,125999489799142;7,091345324000030;51,175096333000099
181788;5221007516900093540;5;1;58;26;2022;10;16;6;3;4;6;0;0;1;0;0;0;0;0;351781,075404162984341;5662730,723516809754074;6,883191661000070;51,096890395000102
181790;5221003600380486271;5;3;14;0;2022;10;12;2;3;0;5;0;0;1;1;0;0;0;0;369831,727413618995342;5616386,973738419823349;7,157344076000070;50,684736284000103
181791;5221015607400169545;5;3;82;68;2022;10;17;7;3;8;1;1;1;1;1;0;0;0;0;371982,485802720999345;5631296,402776869945228;7,182590243000050;50,819224927000100
181794;5221018600110095274;5;3;14;0;2022;10;9;3;3;5;3;0;1;1;1;0;0;0;0;362255,381172269990202;5622309,530375069938600;7,047947974000070;50,736222382999998
181795;5221005602600090557;5;3;62;20;2022;10;11;4;3;4;3;0;0;1;1;0;0;0;0;343349,483999715012033;5625479,406999129801989;6,778876121000050;50,759916195000102
181803;5221004404101690750;5;7;66;20;2022;10;16;3;3;4;3;0;0;1;1;0;0;0;0;492067,357367078016978;5754040,046427000313997;8,884610782000040;51,937022894999998
181810;5221012601200499109;5;3;15;0;2022;10;7;4;3;0;6;0;0;1;1;0;0;0;0;354968,875921538972761;5642725,752120779827237;6,936681165000040;50,917928279000101
181811;5221019702100676697;5;5;15;0;2022;10;8;4;3;5;3;0;0;1;1;0;0;0;0;403621,740046270017046;5754823,987968290224671;7,598075237000050;51,935780496000099
181817;5221017700000566386;5;5;13;0;2022;10;17;2;3;5;3;0;1;1;1;0;0;0;0;365059,583999868016690;5718203,870999479666352;7,051674100000070;51,598695941000102
181818;5221005400300993528;5;7;11;0;2022;10;8;4;3;0;6;0;0;1;0;0;0;0;1;466826,514503885991871;5762195,334219359792769;8,516674781000059;52,009412163000000
181820;5221019513310375920;5;1;62;8;2022;10;11;4;3;5;3;0;0;1;1;0;0;0;0;331619,732999600993935;5661789,148998729884624;6,595948888000070;51,082865794999996