OBJECTID;UIDENTSTLAE;ULAND;UREGBEZ;UKREIS;UGEMEINDE;UJAHR;UMONAT;USTUNDE;UWOCHENTAG;UKATEGORIE;UART;UTYP1;ULICHTVERH;IstStrassenzustand;IstRad;IstPKW;IstFuss;IstKrad;IstGkfz;IstSonstige;LINREFX;LINREFY;XGCSWGS84;YGCSWGS84
181821;5221008514111075581;5;1;66;32;2022;10;1;7;3;8;1;2;0;1;0;0;0;0;0;311462,547315758012701;5681294,283579300157726;6,298253156000040;51,251797396000001
181822;5221013709110596564;5;5;66;12;2022;10;20;5;3;0;7;2;1;1;0;0;0;0;0;405197,373625430976972;5771530,342713929712772;7,616362669000070;52,086213316000098
181823;5221006601700399158;5;3;16;0;2022;10;5;5;2;5;2;2;1;1;1;0;0;0;0;358377,124999827996362;5656230,837999399751425;6,979875184000040;51,040144364000099
181824;5221008702100879097;5;5;15;0;2022;10;0;7;3;5;3;2;0;1;0;0;0;0;0;403700,433999977016356;5758683,554999659769237;7,598137952000060;51,970485216000000
181825;5221020600310026540;5;3;14;0;2022;10;13;5;3;5;3;0;1;1;1;0;0;0;0;362409,047942905977834;5618537,608604130335152;7,051531086000070;50,702357808000002
181826;5221022501319891607;5;1;12;0;2022;10;13;7;2;8;7;0;0;1;0;0;0;0;0;345351,014999739010818;5696932,465999159961939;6,776654391000020;51,402508152000102
181827;5221004608200577535;5;3;34;2;2022;10;14;3;3;5;1;0;0;1;1;0;0;0;0;295346,175845980003942;5628153,615221509709954;6,097579961000060;50,768995900000000
181830;5221019302100586092;5;9;14;0;2022;10;18;4;3;5;6;1;0;1;1;0;0;0;0;393491,465999958978500;5690532,920999609865248;7,470349964000040;51,356069330000103
181832;5221018706100449804;5;5;58;16;2022;10;18;3;3;3;6;1;0;1;1;0;0;0;0;381079,452999930013902;5743526,340999599546194;7,274212912000050;51,829887747000001
181834;5221006600310093374;5;3;82;12;2022;10;6;5;3;0;7;1;1;1;0;0;0;0;0;359534,231637619028334;5626122,610827240161598;7,007955133000050;50,769840499000097
181837;5221004307000380390;5;9;62;16;2022;10;12;3;3;4;6;0;0;1;1;0;0;0;0;413592,321120025997516;5694295,383742489852011;7,758037375000070;51,393306232999997
181839;5221017514118585892;5;1;66;16;2022;10;7;2;3;1;5;1;1;1;1;0;0;0;0;309798,643908259982709;5687617,233209489844739;6,271072740000020;51,308036866000101
181840;5221021601200376459;5;3;15;0;2022;10;12;6;3;4;2;0;1;1;1;0;0;0;0;355054,210999806004111;5642039,656999349594116;6,938166939000040;50,911783917000001
181842;5221005301101780686;5;9;13;0;2022;10;16;4;3;5;7;0;0;1;0;0;0;0;0;393564,704175698978361;5708200,014350050128996;7,466090814000040;51,514885723000098
181843;5221012705000191855;5;5;54;8;2022;10;7;4;3;0;3;0;0;1;1;0;0;0;0;335520,452999655972235;5746284,607998809777200;6,612278622000080;51,843112869000002
181844;5221019705000310850;5;5;54;20;2022;10;12;4;3;4;2;0;0;1;1;0;0;0;0;363839,869999864022247;5786849,255999489687383;7,006947890000050;52,215231422999999
181846;5221014709110565802;5;5;66;8;2022;10;6;6;3;5;3;2;1;1;1;0;0;0;0;398447,459153451025486;5782063,523194369859993;7,514737179000060;52,179685554999999
181849;5221022701910869504;5;5;62;8;2022;10;12;7;1;3;6;0;0;1;0;0;0;0;1;385296,181999941007234;5723913,177999610081315;7,341845288000060;51,654494827000100
181851;5221010400200075922;5;7;11;0;2022;10;11;2;3;1;5;0;0;1;1;0;0;0;0;468062,884062767028809;5763355,169778509996831;8,534579377000060;52,019912349999998
181853;5221004606400082434;5;3;78;24;2022;10;21;3;3;0;1;2;0;1;0;0;0;0;0;379387,148937196005136;5644081,316085459664464;7,283441401000060;50,935733857000102
181858;5221007601300993494;5;3;15;0;2022;10;16;6;2;5;2;0;0;1;1;0;0;0;0;350178,923060826025903;5644445,167691149748862;6,867878940000030;50,932155934000001
181860;5221022500300786769;5;1;11;0;2022;10;9;7;3;0;1;0;1;1;0;0;0;0;0;343867,400999723991845;5673339,102999130263925;6,765661651000070;51,190111412000100
181861;5221006609224093506;5;3;58;24;2022;10;5;5;3;3;2;2;0;1;1;0;0;0;0;314630,628999368986115;5645502,083997730165720;6,361967885000070;50,931323453000097
181863;5221021501211078870;5;1;12;0;2022;10;13;6;3;5;5;0;1;1;1;0;0;0;0;340559,697999697003979;5697961,228999029844999;6,707366900000070;51,410424771000102
181866;5221012410130696812;5;7;70;28;2022;10;5;4;2;1;1;2;0;1;1;0;0;0;0;497405,368585901975166;5798872,304585039615631;8,961915905000071;52,340148746000096
181867;5221019600110395662;5;3;14;0;2022;10;14;4;3;1;5;0;0;1;1;0;0;0;0;365807,496571328025311;5620753,906149329617620;7,098823109000020;50,723072104000003
181868;5221008315240773287;5;9;70;20;2022;10;14;7;3;0;2;0;1;1;1;0;0;0;0;433841,438999997975770;5647695,035999620333314;8,057618185000020;50,977046064000000
181869;5221014600110095275;5;3;14;0;2022;10;10;6;3;0;1;0;1;1;0;0;0;0;0;365839,643662641989067;5621611,761163990013301;7,098966183000070;50,730789901999998
181870;5221006405244496913;5;7;54;44;2022;10;14;5;3;2;6;0;0;1;1;0;0;0;0;463563,064000001002569;5746710,355999669991434;8,470770401000040;51,869987232000000
181871;5221007600340895281;5;3;82;64;2022;10;16;6;3;0;7;0;0;1;0;0;0;0;0;350251,194410724972840;5612924,287286330014467;6,881753155000070;50,648908028999998
181872;5221020705000774716;5;5;54;8;2022;10;15;5;3;5;3;0;1;1;1;0;0;0;0;335171,756999654986430;5746229,724998800083995;6,607247575000030;51,842517019000098
181874;5221022601500386586;5;3;15;0;2022;10;16;7;3;5;3;0;0;1;1;0;0;0;0;362445,484999852022156;5649803,675999449566007;7,040306536000060;50,983370523000097
181877;5221011506100891100;5;1;16;0;2022;10;16;3;3;5;3;0;0;1;1;0;0;0;0;321954,074999484990258;5673708,801998199895024;6,452199282000040;51,187027090000100
181879;5221019300100577943;5;9;11;0;2022;10;17;4;3;5;2;0;0;1;1;0;0;0;0;377267,330120112979785;5706032,404455619864166;7,232085195000020;51,492099053000103
181880;5221010601500465750;5;3;15;0;2022;10;7;2;3;0;1;1;0;1;0;0;0;0;0;359416,133999834011775;5647596,190999410115182;6,998029713000050;50,962800006000101
181881;5221005601000027541;5;3;15;0;2022;10;9;4;3;5;3;0;0;1;1;0;0;0;0;356305,012999814003706;5637742,520999380387366;6,957637597000030;50,873478552000101
181882;5221020600110234701;5;3;14;0;2022;10;7;5;3;0;1;2;0;1;0;0;0;0;0;365906,952768791001290;5621235,549476440064609;7,100056205000040;50,727424063999997
181883;5221004501000375888;5;1;12;0;2022;10;15;3;3;0;7;0;0;1;0;0;0;1;0;341837,986999707994983;5696748,927999069914222;6,726272628000060;51,399890469000098
181884;5221015601500490261;5;3;15;0;2022;10;13;7;3;4;5;0;1;1;1;0;0;0;0;359674,072328293987084;5647472,278383010067046;7,001748256000040;50,961749274000098
181886;5221011301302085044;5;9;13;0;2022;10;12;3;3;5;3;0;0;1;1;0;0;0;0;396508,357999966014177;5707824,756999620236456;7,508608242000040;51,512059610999998
181888;5221018607100081296;5;3;82;28;2022;10;11;3;3;0;1;0;1;1;0;0;0;0;0;374102,654939764004666;5633674,226080530323088;7,211856984000060;50,841062551000100
181890;5221012600380286271;5;3;14;0;2022;10;11;4;3;0;7;0;1;1;0;0;1;0;1;369928,276999887020793;5616301,881999500095844;7,158740017000070;50,683993043000001
181891;5221019601300386634;5;3;15;0;2022;10;17;4;3;6;6;0;0;1;0;1;0;0;0;355127,058896067028400;5647111,358073090203106;6,937186304000020;50,957380435000097
181894;5221016709500776678;5;5;66;76;2022;10;20;1;3;0;1;2;1;1;0;0;0;0;0;392002,156999957980588;5792956,306999660097063;7,417030137000040;52,276356896999999
181900;5221004513110992657;5;1;62;16;2022;10;16;3;3;4;1;0;0;1;1;0;0;0;0;332834,766316480992828;5674361,648060539737344;6,607445618000040;51,196178166999999
181904;5221014518100095954;5;1;70;12;2022;10;13;6;2;0;7;0;1;1;1;0;0;0;0;334368,397107023978606;5734254,806956510059536;6,601312725000070;51,734704094999998
181905;5221010601300690426;5;3;15;0;2022;10;17;2;3;5;3;0;1;1;1;0;0;0;0;348251,628720620006789;5647856,552972430363297;6,839050608000040;50,962307437000000
181906;5221006406210993513;5;7;58;4;2022;10;6;5;2;0;7;2;0;1;0;0;0;0;0;472892,192000001028646;5782238,760999679565430;8,603452070000060;52,189943827000000
181908;5221020505200095977;5;1;14;0;2022;10;13;5;3;5;3;0;1;1;1;0;0;0;0;329994,554999587999191;5690531,707998629659414;6,559145907000070;51,340611182000004
181910;5221015513310975920;5;1;62;8;2022;10;22;7;3;0;7;2;0;1;0;1;0;0;0;332124,399999607005157;5662278,633998749777675;6,602920097000040;51,087411457000002
181912;5221013400300993420;5;7;11;0;2022;10;18;5;3;5;2;0;1;1;1;0;0;0;0;471762,173000000999309;5756557,342999669723213;8,589047463000041;51,958995462000097
181913;5221021600110695260;5;3;14;0;2022;10;15;6;3;0;1;0;1;1;0;0;0;0;0;365905,316191193007398;5621238,100025120191276;7,100032103000050;50,727446610000101
181914;5221018601200976826;5;3;15;0;2022;10;11;3;3;4;6;0;1;1;0;0;0;0;0;352099,385092649026774;5643653,483029009774327;6,895510607000060;50,925537083999998
181918;5221009410110993478;5;7;70;24;2022;10;13;1;3;6;4;0;0;1;0;1;0;0;0;494824,191000000981148;5793549,171999690122902;8,924111213000060;52,292273019000000
181919;5221014600380095286;5;3;14;0;2022;10;8;6;2;1;5;0;1;1;1;0;0;0;0;370297,460571460018400;5616311,795002049766481;7,163959735000050;50,684164558000099
181922;5221004411108993543;5;7;74;8;2022;10;9;3;3;5;3;0;0;1;0;0;0;0;0;487475,740999999979977;5736844,990999660454690;8,818444206000040;51,782335531000101
181937;5221012502249385376;5;1;13;0;2022;10;14;4;2;0;1;0;0;1;0;0;0;0;0;356048,875999815994874;5691163,423999370075762;6,932680372000050;51,353483170000104
181939;5221008608312689853;5;3;34;12;2022;10;18;7;3;5;3;0;0;1;1;0;0;0;0;308113,675999258004595;5634966,945997159928083;6,274864193000040;50,834560870000097
181942;5221010709300992654;5;5;66;84;2022;10;8;2;3;0;7;0;0;1;1;0;0;0;0;389968,618628178024665;5775616,185467069968581;7,392868419000020;52,120116214000099
181946;5221022601300987598;5;3;15;0;2022;10;1;7;3;0;1;2;1;1;0;0;0;0;0;354183,955644014000427;5646100,105933629907668;6,924172103000050;50,948054783000003
181947;5221004600360786336;5;3;82;12;2022;10;17;3;3;5;2;0;0;1;1;0;0;0;0;358217,165999825985637;5625297,837999399751425;6,989606921000070;50,762107589999999
181949;5221011516500586758;5;1;58;16;2022;10;16;3;3;0;7;0;0;1;0;0;0;0;0;355867,186926664027851;5670427,617176610045135;6,938428318000040;51,167100007999998
181950;5221019505200891507;5;1;14;0;2022;10;16;4;3;1;5;0;0;1;1;0;0;0;0;333460,038312176999170;5691376,035863529890776;6,608459582000020;51,349222498000103
181952;5221010601300576525;5;3;15;0;2022;10;10;2;3;0;5;0;0;1;1;0;0;0;0;348465,128781827981584;5646174,034960200078785;6,842789025000060;50,947244204000100
181953;5221006404101182009;5;7;66;64;2022;10;13;5;3;5;3;0;0;1;1;0;0;0;0;488817,885999999998603;5742729,673999659717083;8,837710385000040;51,835274421000101
181954;5221007601100593465;5;3;15;0;2022;10;14;6;3;0;1;0;0;1;0;0;0;0;0;354863,659049051988404;5643815,059820880182087;6,934751781000050;50,927691187000100
181957;5221015601500086595;5;3;15;0;2022;10;17;7;3;4;1;0;1;1;1;0;0;0;0;363050,690422790008597;5648010,501983700320125;7,049598781000040;50,967398973000101
181959;5221012600110578264;5;3;14;0;2022;10;18;4;3;3;6;0;0;1;0;0;0;0;1;366456,239988601009827;5620936,990634339861572;7,107942552000050;50,724867136000100
181960;5221021602700671731;5;3;62;28;2022;10;13;6;3;5;3;0;0;1;1;0;0;0;0;352010,159999785013497;5640045,922999310307205;6,895704790000020;50,893094628000000
181961;5221018601200957519;5;3;15;0;2022;10;7;3;3;5;3;2;1;1;1;0;0;0;0;353719,583999797992874;5643879,224999340251088;6,918457618000050;50,927978844000101
181965;5221009313110087422;5;9;58;4;2022;10;11;1;3;0;1;0;0;1;0;0;0;0;0;433680,141157837992068;5696030,340950000099838;8,046391618000030;51,411608531000098
181967;5221017406210079415;5;7;58;4;2022;10;17;2;3;1;5;0;1;1;1;0;0;0;0;469671,159056651988067;5783207,309807590208948;8,556247778000060;52,198483705999998
181969;5221021516300175958;5;1;58;28;2022;10;19;6;3;5;3;2;1;1;0;0;0;0;0;348589,799352882022504;5684492,957279269583523;6,828472866000030;51,291606930000100
181970;5221018513120381505;5;1;62;20;2022;10;14;3;3;1;5;0;0;1;1;0;0;0;0;324857,868999522994272;5672783,149998379871249;6,494160219000040;51,179608477999999
181972;5221012505200575930;5;1;14;0;2022;10;12;4;2;5;3;0;0;1;0;0;0;0;1;330380,962999593990389;5689947,449998649768531;6,564966649000040;51,335477716000099
181973;5221019518100196052;5;1;70;48;2022;10;12;4;3;5;7;0;0;1;1;0;0;0;0;335280,149999651010148;5726031,737998819909990;6,618387664000070;51,661099689000103
181974;5221008605144690199;5;3;74;44;2022;10;14;7;2;0;1;0;0;1;0;0;0;0;0;403408,937338312971406;5638725,180135900154710;7,626618755000040;50,892106338000097
181975;5221014503400895595;5;1;22;0;2022;10;18;6;3;0;7;0;1;1;1;0;0;0;0;361814,181027063983493;5670124,688892040401697;7,023550815000020;51,165845316000102
181976;5221007317230184899;5;9;78;8;2022;10;13;6;2;5;3;0;0;1;0;0;0;1;0;415364,049999987997580;5718639,763999640010297;7,777654865000040;51,612421610000098
181978;5221020700000502263;5;5;13;0;2022;10;14;5;3;5;3;0;1;1;1;0;0;0;0;365914,910999870975502;5709257,980999490246177;7,067427628000080;51,518507882999998
181980;5221022411132272222;5;7;74;32;2022;10;14;7;3;0;1;0;1;1;0;0;0;0;0;483304,679000000003725;5729846,822999659925699;8,758315682000051;51,719304258000101
181985;5221017711311694426;5;5;70;8;2022;10;5;2;3;2;2;2;1;1;1;0;0;0;0;437790,747777571028564;5732907,880239469930530;8,098956833000051;51,743622094999999
181988;5221019601100080727;5;3;15;0;2022;10;8;4;3;8;6;0;0;1;1;0;0;0;0;355888,848999811976682;5642811,244999369606376;6,949726612000060;50,918927070999999
181989;5221008506100091467;5;1;16;0;2022;10;15;7;2;0;1;0;0;1;0;0;0;0;0;318681,878373734012712;5672562,161806879565120;6,406004353000070;51,175698301000097
181991;5221007405112587051;5;7;54;12;2022;10;19;6;3;5;3;2;0;1;1;0;0;0;0;453366,166999999026302;5769114,781999669969082;8,319631519000040;52,070652054000000
181993;5221020709110087267;5;5;66;8;2022;10;15;5;3;5;3;0;1;1;1;0;0;0;0;400541,724999970989302;5780681,756999669596553;7,545761287000060;52,167648078000099
181995;5221022608416171708;5;3;34;16;2022;10;8;7;3;5;3;0;0;1;1;0;0;0;0;295326,099886966985650;5635409,686065830290318;6,093251883000050;50,834157339999997
181999;5221019410220496998;5;7;70;8;2022;10;20;4;3;0;1;2;0;1;0;0;0;0;0;473657,244302398990840;5803142,842910859733820;8,613009551000060;52,377915266999999
182002;5221006515210091856;5;1;54;20;2022;10;17;5;2;4;2;0;0;1;1;0;0;0;0;320788,894401412981097;5713301,714753359556198;6,415589464000050;51,542320281000102
182003;5221007515212096029;5;1;54;32;2022;10;15;6;3;5;3;0;0;1;1;0;0;0;0;308354,086786413972732;5718853,107001150026917;6,233457563000060;51,588093643999997
182004;5221020502208978588;5;1;13;0;2022;10;17;5;3;8;1;0;1;1;0;0;0;0;0;359124,130517377983779;5702407,184567250311375;6,972349822000070;51,455293204999997
182005;5221003516900795743;5;1;58;26;2022;10;17;2;3;3;6;0;0;1;0;0;0;0;0;352558,150923157983925;5664681,491321760229766;6,893484517000050;51,114620827000103
182011;5221006301103469025;5;9;13;0;2022;10;10;5;3;3;6;0;0;1;1;0;0;0;0;391374,977154079999309;5704998,901284449733794;7,435531436000080;51,485696128000001
182013;5221019608100775554;5;3;34;2;2022;10;23;4;3;0;1;2;0;1;0;0;0;0;0;294674,232282990007661;5628431,093982029706240;6,087908656000020;50,771250606000102
182014;5221009601500593530;5;3;15;0;2022;10;13;1;3;5;3;0;0;1;1;0;0;0;0;357450,385038296983112;5644949,899527549743652;6,971091384000030;50,938534961000101
182016;5221017405108596861;5;7;54;8;2022;10;10;2;3;0;1;0;1;1;0;0;0;0;0;459662,814366126025561;5754661,484669360332191;8,413193313000020;51,941204482000003
182017;5221007502210491001;5;1;13;0;2022;10;17;6;3;0;7;0;0;1;1;0;0;0;0;366960,832790818996727;5695531,896855159662664;7,087656790000040;51,395402062000102
182020;5221005518200295976;5;1;70;24;2022;10;11;4;3;5;3;0;0;1;1;0;0;0;0;336507,114999658020679;5702763,363998889923096;6,646929402000070;51,452414497000099
182023;5221008602200014965;5;3;62;4;2022;10;12;7;3;5;3;0;0;1;1;0;0;0;0;334150,072488802019507;5652762,223257839679718;6,636175960000060;51,002498068000101
182025;5221006514217085946;5;1;66;36;2022;10;17;5;3;4;6;0;0;1;0;0;0;0;0;326810,439999550988432;5682772,157998469658196;6,517242079000030;51,269941684999999
182029;5221022405116347350;5;7;54;16;2022;10;16;7;3;5;3;0;1;1;1;0;0;0;0;447870,423881675000302;5757428,210073810070753;8,241237754000050;51,965098071000099
182030;5221004506100394753;5;1;16;0;2022;10;12;3;3;5;2;0;0;1;1;0;0;0;0;318859,195999443996698;5673944,478997989557683;6,407841528000060;51,188171865000101
182031;5221016601600587472;5;3;15;0;2022;10;20;1;2;0;1;2;0;1;0;0;0;0;0;365329,930543371010572;5638523,003265939652920;7,085543791000020;50,882666667000102
182032;5221011515212896029;5;1;54;12;2022;10;14;3;3;0;5;0;0;1;1;0;0;0;0;314452,859880004019942;5710574,687014450319111;6,325759005000070;51,515779352000003
182033;5221013608200073685;5;3;34;2;2022;10;11;5;3;1;5;0;1;1;1;0;0;0;0;295441,580428027024027;5628609,605060059577227;6,098677611000030;50,773124932000002
182034;5221018711216287303;5;5;70;4;2022;10;8;3;3;9;1;0;1;1;0;0;0;0;0;424067,699649236979894;5735238,721506260335445;7,899718068000030;51,762883964000103
182035;5221005603228686256;5;3;66;28;2022;10;18;4;3;1;5;0;0;1;1;0;0;0;0;333898,577102766023017;5607416,650458839721978;6,653102596000050;50,594986703000103
182036;5221020600110286337;5;3;14;0;2022;10;7;5;3;0;2;1;0;1;1;0;0;0;0;366684,573991914978251;5618652,722091429866850;7,112000978000030;50,704388446000102
182037;5221004313212993508;5;9;58;36;2022;10;17;3;3;3;2;0;0;1;0;0;0;0;0;464153,074673161027022;5689533,338607059791684;8,485188427000031;51,355936241999999
182038;5221015501313038542;5;1;12;0;2022;10;15;7;2;5;3;0;1;1;1;0;0;0;0;344060,493703327025287;5701296,658144709654152;6,756195862000030;51,441366907000003
182039;5221017505200195871;5;1;14;0;2022;10;19;2;3;5;3;2;1;1;1;0;0;0;0;330096,355268682993483;5689840,138507249765098;6,560936009000050;51,334428677000098
182041;5221018607200290632;5;3;82;20;2022;10;17;3;3;4;1;1;1;1;1;0;0;0;0;378159,862999919976573;5625013,830999550409615;7,272327660000030;50,764085377000100
182042;5221019405244087038;5;7;54;44;2022;10;19;4;3;8;1;2;0;1;0;0;0;0;0;463662,382999999972526;5749245,546999669633806;8,471945911000031;51,892787001999999
182047;5221020405104993321;5;7;54;4;2022;10;15;5;3;5;3;0;0;1;0;0;0;0;1;451902,408999998995569;5772574,668999680317938;8,297789534000060;52,101631763999997
182049;5221015501318182359;5;1;12;0;2022;10;15;7;3;8;1;0;0;1;0;0;0;0;0;344253,513520220993087;5699224,646877519786358;6,759882034000040;51,422803090999999
182051;5221021601500381806;5;3;15;0;2022;10;9;6;3;6;6;0;1;1;0;1;0;0;0;358034,565272068022750;5644772,976478939875960;6,979469416000030;50,937089071000102
182052;5221018705000093441;5;5;54;52;2022;10;22;3;2;5;3;2;0;1;1;0;0;0;0;379402,128999924985692;5772617,886999599635601;7,239670013000020;52,090967978000002
182054;5221012711213591269;5;5;70;4;2022;10;11;4;3;5;2;0;0;1;1;0;0;0;0;424437,357423498993739;5734987,320896879769862;7,905128135000040;51,760673961000101
182055;5221019602700565713;5;3;62;28;2022;10;15;4;3;5;2;0;0;1;1;0;0;0;0;346256,435999741021078;5638486,174999199807644;6,814610090000030;50,877575677999999
182056;5221009315250696609;5;9;70;12;2022;10;14;1;3;0;1;0;0;1;0;0;0;0;0;447960,122743248997722;5648849,938178620301187;8,258542975000070;50,988879895000103
182057;5221014606100790433;5;3;78;4;2022;10;17;6;3;0;1;0;1;1;0;0;0;0;0;368563,576333021977916;5650498,803817629814148;7,127166514000070;50,991047439000099
182059;5221006709300087315;5;5;66;84;2022;10;10;5;3;5;3;0;0;1;1;0;0;0;0;385998,548999943013769;5778792,835999630391598;7,333842185000040;52,147860227000102
182061;5221021500100796513;5;1;11;0;2022;10;11;6;3;1;4;0;1;1;0;1;0;0;0;343241,236558975011576;5677911,327918860130012;6,754710304000070;51,231022690000003
182062;5221010400300087121;5;7;11;0;2022;10;0;2;3;0;1;2;0;1;0;0;0;0;0;465113,668705907999538;5759633,695010550320148;8,491981053000069;51,986276444000097
182063;5221017705000993371;5;5;54;12;2022;10;16;2;3;0;6;0;1;1;0;0;0;0;0;351879,328383786021732;5745307,204675129614770;6,849985679000040;51,838910333999998
182066;5221019518400686781;5;1;70;8;2022;10;10;4;3;5;3;0;0;1;0;0;0;0;0;345383,757999741006643;5715320,571999159641564;6,769073175000070;51,567733349999997
182069;5221006600140090937;5;3;14;0;2022;10;18;5;3;5;3;0;0;1;1;0;0;0;0;370022,571999887004495;5620681,259999499656260;7,158532498000060;50,723377339000102
182072;5221022601200690383;5;3;15;0;2022;10;12;7;3;1;6;0;0;1;0;0;1;0;0;354852,820356715004891;5642497,489109559915960;6,935122042000050;50,915847749000100
182073;5221004608200089876;5;3;34;2;2022;10;15;3;3;4;7;0;0;1;1;0;0;0;0;295406,554111304983962;5628583,819902939721942;6,098195841000060;50,772880995999998
182076;5221013502209081483;5;1;13;0;2022;10;16;5;2;5;3;0;1;1;1;0;0;0;0;360573,886999843991362;5701015,381999430246651;6,993751021000040;51,443144955999998
182079;5221005709800296689;5;5;66;40;2022;10;16;4;3;5;3;0;0;1;1;0;0;0;0;420889,395999989996199;5782421,275999680161476;7,842796807000070;52,186576382000098
182083;5221017608404069695;5;3;34;4;2022;10;13;2;3;5;2;0;0;1;1;0;0;0;0;303338,627021342981607;5639498,928983270190656;6,204700799000020;50,873664705000103
182084;5221021518100991605;5;1;70;48;2022;10;7;6;2;5;2;1;1;1;1;0;0;0;0;336127,089999659976456;5726564,750998860225081;6,630371971000050;51,666135734000100
182086;5221018514210186193;5;1;66;12;2022;10;15;3;2;0;1;0;0;1;0;0;0;0;0;319767,818616176024079;5694034,391322299838066;6,410697543000030;51,368925058000102
182087;5221005301103980864;5;9;13;0;2022;10;17;4;2;4;2;0;0;1;1;0;0;0;0;390020,197104734019376;5703591,818105770274997;7,416465365000020;51,472786958000000
182088;5221011709110993453;5;5;66;12;2022;10;15;3;3;3;1;0;0;1;1;0;0;0;0;406083,362058985978365;5772356,887648059986532;7,629061874000060;52,093793544999997
182093;5221006711216002816;5;5;70;4;2022;10;12;5;3;5;3;0;0;1;1;0;0;0;0;423723,570665377017576;5735379,922719590365887;7,894701533000050;51,764106539000103
182097;5221004506100479029;5;1;16;0;2022;10;17;3;3;6;4;0;0;1;0;1;0;0;0;319751,402663142012898;5674899,686782250180840;6,420115835000050;51,197034610999999
182098;5221016301102566178;5;9;13;0;2022;10;10;1;3;6;6;0;0;1;0;1;0;0;0;396136,812850756978150;5705826,532492489553988;7,503844380000030;51,494030081000098
182101;5221004709500479230;5;5;66;60;2022;10;18;3;2;5;2;0;0;1;1;0;0;0;0;388635,863999950001016;5789622,905999640002847;7,368810155000060;52,245728336000099
182102;5221012601300993442;5;3;15;0;2022;10;8;4;3;3;2;0;0;1;0;0;0;0;0;352328,156145446992014;5645927,663978570140898;6,897841880000040;50,946032715000101
182103;5221019706100795146;5;5;58;32;2022;10;20;4;2;0;1;2;0;1;0;0;0;0;0;391292,550225728016812;5750712,807393739931285;7,420101263000050;51,896558837000001
182104;5221009601700299120;5;3;16;0;2022;10;12;1;3;5;2;0;0;1;1;0;0;0;0;361572,626999847998377;5654900,688999439589679;7,025935045000040;51,028968953000103
182108;5221021505200091475;5;1;14;0;2022;10;11;6;3;5;3;0;1;1;0;0;0;0;0;330534,871999595023226;5689822,459998649545014;6,567233478000050;51,334400711999997
182110;5221018411132087041;5;7;74;32;2022;10;11;3;3;5;2;0;1;1;1;0;0;0;0;483412,938000000023749;5729497,640999649651349;8,759899470000050;51,716167865999999
182111;5221004601700993537;5;3;16;0;2022;10;16;3;3;3;6;0;0;1;1;0;0;0;0;358321,572999827971216;5655365,960999400354922;6,979421508000030;51,032358152000000
182112;5221012405108296803;5;7;54;8;2022;10;19;4;2;5;3;2;0;1;1;0;0;0;0;457082,402999999001622;5750567,795999660156667;8,376167420000060;51,904206924000100
182113;5221019505100078882;5;1;14;0;2022;10;14;4;2;0;1;0;1;1;0;0;0;0;0;330281,874999590974767;5689064,313998639583588;6,563966245000070;51,327514186000002
182114;5221014502101781903;5;1;13;0;2022;10;17;6;3;0;7;0;1;1;0;0;0;0;0;362006,334495853981934;5702251,056210789829493;7,013867705000050;51,454600024999998
182116;5221007601600981865;5;3;15;0;2022;10;7;6;3;4;2;0;0;1;0;0;0;1;0;359602,249999836029019;5645152,313999420031905;7,001620802000050;50,940882030000097
182119;5221004500200464153;5;1;11;0;2022;10;18;3;3;5;3;0;0;1;1;0;0;0;0;343518,206999722984619;5680105,637999120168388;6,757715308000060;51,250815099000100
182120;5221016518200993389;5;1;70;24;2022;10;15;1;3;0;1;0;0;1;0;0;0;0;0;332990,280261611973401;5704957,674016569741070;6,595324382000060;51,471101562000101
182123;5221021602400969941;5;3;62;32;2022;10;14;6;3;1;5;0;1;1;1;0;0;0;0;335842,565316275984515;5642056,240397370420396;6,665104945000050;50,906789322000101
182124;5221018608100273639;5;3;34;2;2022;10;8;3;3;0;1;0;1;1;0;0;0;0;0;294015,795932444976643;5629155,290089559741318;6,078177590000050;50,777521321999998
182125;5221006301302889364;5;9;13;0;2022;10;11;5;3;6;4;0;0;1;0;1;0;0;0;398752,411430648004171;5709601,875991419889033;7,540424674000060;51,528440351000000
182128;5221015609108754051;5;3;58;8;2022;10;21;7;3;1;1;2;1;1;1;0;0;0;0;321673,081407417019363;5632743,253611429594457;6,468305395000070;50,818919780999998
182129;5221017601700586504;5;3;16;0;2022;10;16;2;3;3;6;0;0;1;1;0;0;0;0;358154,895817560027353;5657450,562612099573016;6,976229627000070;51,051050986000099
182131;5221021515210396749;5;1;54;12;2022;10;21;6;3;0;1;2;0;1;0;0;0;0;0;312165,372348979988601;5711970,841511430218816;6,292085258000040;51,527563292000103
182133;5221005515111993517;5;1;54;44;2022;10;16;4;3;0;4;0;0;1;0;1;0;0;0;321032,465601750009228;5739826,913608799688518;6,405517607000040;51,780654886999997
182135;5221019501318178952;5;1;12;0;2022;10;5;4;3;3;6;2;1;1;1;0;0;0;0;344311,203999730991200;5697988,374999140389264;6,761254070000060;51,411711056999998