OBJECTID;UIDENTSTLAE;ULAND;UREGBEZ;UKREIS;UGEMEINDE;UJAHR;UMONAT;USTUNDE;UWOCHENTAG;UKATEGORIE;UART;UTYP1;ULICHTVERH;IstStrassenzustand;IstRad;IstPKW;IstFuss;IstKrad;IstGkfz;IstSonstige;LINREFX;LINREFY;XGCSWGS84;YGCSWGS84
182136;5221008601100781671;5;3;15;0;2022;10;12;7;3;6;4;0;0;1;0;1;0;0;0;354974,647999807028100;5643910,213999359868467;6,936292173000030;50,928574228999999
182140;5221009705000479121;5;5;54;12;2022;10;15;1;3;0;7;0;0;1;0;0;0;0;0;348743,113999768975191;5745453,741999230347574;6,804434254000060;51,839386329000000
182142;5221004706000996570;5;5;58;16;2022;10;10;3;3;0;5;0;0;1;1;0;0;0;1;380551,504864525981247;5744476,627595609985292;7,266227018000050;51,838315422000100
182143;5221016400300503465;5;7;11;0;2022;10;12;1;3;5;3;0;0;1;1;0;0;0;0;471049,592591564985923;5755493,050389730371535;8,578767067000060;51,949389988000100
182145;5221019300300993340;5;9;11;0;2022;10;16;4;3;5;3;0;0;1;1;0;0;0;0;380337,423999927006662;5699977,633999579586089;7,278336546000050;51,438338629999997
182146;5221013608416189757;5;3;34;16;2022;10;15;5;3;5;3;0;1;1;1;0;0;0;0;294212,564998998015653;5637752,466995289549232;6,076143632000030;50,854803142000002
182152;5221015502406895169;5;1;17;0;2022;10;17;7;3;0;7;0;1;1;1;0;0;0;0;354728,309951931994874;5698041,483182390220463;6,910915520000060;51,414952860000000
182154;5221013317110993418;5;9;78;36;2022;10;21;5;3;0;1;2;1;1;0;0;0;0;0;409456,371999984025024;5712239,419999640434980;7,694007670000080;51,553968078000104
182157;5221012518400785894;5;1;70;8;2022;10;9;4;3;7;7;0;0;1;0;1;0;0;0;344400,350999733025674;5716612,134999129921198;6,754323452000050;51,579067170000002
182158;5221024711112081616;5;5;70;52;2022;10;18;2;3;5;3;1;0;1;1;0;0;0;0;429822,102431407023687;5756029,514444840140641;7,978863840000030;51,950538906000098
182162;5221103400300103438;5;7;11;0;2022;11;7;5;3;1;1;0;0;1;1;0;0;0;0;469042,546967354021035;5757524,491938180290163;8,549382107000040;51,967546067000100
182163;5221109608200577595;5;3;34;2;2022;11;7;4;2;0;2;1;1;1;1;0;0;0;0;295755,298100296990015;5629039,402889880351722;6,102882440000030;50,777095627999998
182164;5221029516300678768;5;1;58;28;2022;10;11;7;2;5;3;0;0;1;1;0;0;0;0;347791,768376216990873;5684630,563129389658570;6,816977727000050;51,292630654000000
182168;5221024317230037290;5;9;78;8;2022;10;11;2;3;5;3;0;0;1;1;0;0;0;0;413336,472999987017829;5716915,958999649621546;7,748805296000060;51,596617113000001
182169;5221110600140886347;5;3;14;0;2022;11;16;5;3;5;3;0;0;1;1;0;0;0;0;370598,560753262019716;5623679,027889969758689;7,165635839000060;50,750450730000097
182170;5221031601300886383;5;3;15;0;2022;10;9;2;3;5;2;0;0;1;0;0;0;0;0;353023,906999791972339;5645826,274999319575727;6,907779964000040;50,945299374000101
182171;5221107513310389890;5;1;62;8;2022;11;14;2;3;3;5;0;0;1;1;0;0;0;0;331926,604999605973717;5662204,532998749986291;6,600132924000040;51,086687781000101
182172;5221023601700579328;5;3;16;0;2022;10;13;1;3;2;6;0;1;1;0;0;0;0;0;359033,266002991993446;5658940,367010789923370;6,988173095000040;51,064655913000102
182175;5221026709500676632;5;5;66;16;2022;10;7;4;3;8;1;1;1;1;0;0;0;0;0;402796,573889283987228;5792261,593229779973626;7,575392700000070;52,272127608000098
182182;5221110411132570286;5;7;74;32;2022;11;6;5;2;5;3;2;0;1;1;0;0;0;0;483718,275680948980153;5733404,606535470113158;8,764136456000070;51,751305479999999
182183;5221025301101580476;5;9;13;0;2022;10;7;3;3;5;2;1;0;1;1;0;0;0;0;392726,063696186989546;5708407,237483859993517;7,453946258000030;51,516589703000101
182185;5221101600110393384;5;3;14;0;2022;11;13;3;3;5;3;0;0;1;1;0;0;0;0;365779,869345006998628;5620669,295308710075915;7,098462718000060;50,722305243000100
182188;5221103601000992839;5;3;15;0;2022;11;17;5;3;5;3;2;1;1;1;0;0;0;0;351769,014008290017955;5644658,086744950152934;6,890404624000040;50,934480174000001
182191;5221026505100485895;5;1;14;0;2022;10;12;4;3;1;5;0;0;1;1;0;0;0;0;330576,889397308987100;5689676,074890569783747;6,567905701000030;51,333098127000000
182192;5221027700000295018;5;5;13;0;2022;10;18;5;3;5;3;1;0;1;1;0;0;0;0;364208,092999864020385;5715241,409999479539692;7,040533524000070;51,571869655000100
182196;5221031600380699954;5;3;14;0;2022;10;15;2;3;5;2;0;0;1;1;0;0;0;0;369927,456443362985738;5616294,761982600204647;7,158730913000060;50,683928862000101
182198;5221107705000995195;5;5;54;8;2022;11;15;2;3;5;3;0;0;1;1;0;0;0;0;335419,866999656020198;5744395,836998810060322;6,611718076000050;51,826115662000099
182203;5221027317230237290;5;9;78;8;2022;10;12;5;2;5;3;0;0;1;1;0;0;0;0;413529,096999988018069;5716945,245999639853835;7,751578353000070;51,596909991000103
182205;5221023700000789346;5;5;13;0;2022;10;17;1;3;5;2;0;0;1;1;0;0;0;0;366987,628999874985311;5713804,907999499700963;7,081161200000050;51,559623026000097
182206;5221031317250071240;5;9;78;32;2022;10;9;2;3;5;3;0;0;1;1;0;0;0;0;394245,220648795017041;5727708,865498510189354;7,470011268000060;51,690366361000002
182209;5221104410210240150;5;7;70;20;2022;11;14;6;3;0;3;0;0;1;1;0;0;0;0;474017,408281893003732;5795079,165720210410655;8,618924177000050;52,305438115000101
182214;5221108605116590217;5;3;74;16;2022;11;7;3;3;0;7;1;1;1;1;0;0;0;0;383468,148999936995097;5668122,348999580368400;7,333759133000060;51,152669238999998
182217;5221028400300020665;5;7;11;0;2022;10;13;6;3;5;3;0;0;1;1;0;0;0;0;465408,504000001004897;5759769,888999669812620;8,496260562000030;51,987519353000003
182218;5221110405108992669;5;7;54;8;2022;11;18;5;2;0;7;2;0;1;0;0;0;0;0;459119,895548411994241;5749244,090741190128028;8,405938795000051;51,892459221000102
182221;5221104506100195890;5;1;16;0;2022;11;15;6;3;1;6;0;0;1;1;0;0;0;0;320850,645999471016694;5670608,358998130075634;6,437971229000030;51,158830352999999
182224;5221111514111089769;5;1;66;32;2022;11;14;6;3;5;3;0;0;1;1;0;0;0;0;313829,945779878005851;5680072,428491129539907;6,332773718000060;51,241599941000104
182226;5221109411132582012;5;7;74;32;2022;11;16;4;2;5;3;0;0;1;1;0;0;0;0;480670,132999999972526;5730930,843999659642577;8,720117824000059;51,728966365000097
182227;5221031400200993192;5;7;11;0;2022;10;12;2;3;4;2;0;0;1;1;0;0;0;0;467690,105999998981133;5763694,735999669879675;8,529115011000041;52,022943677000100
182228;5221107410110596987;5;7;70;24;2022;11;17;2;3;4;2;2;0;1;1;0;0;0;0;493959,259000001009554;5795320,679999689571559;8,911397634000020;52,308190910000100
182230;5221110316300993026;5;9;74;28;2022;11;11;5;3;5;2;0;0;1;1;0;0;0;0;454997,315999999002088;5725035,800999649800360;8,349173807000060;51,674491911000104
182237;5221103500300501865;5;1;11;0;2022;11;17;5;3;0;5;2;0;1;1;0;0;0;1;348432,772647037985735;5671666,357695910148323;6,831649212000060;51,176309477000103
182238;5221030315210635784;5;9;70;24;2022;10;4;1;2;8;7;2;0;1;0;0;0;0;0;429713,112856750027277;5650844,413491060025990;7,998212983000030;51,004873408000002
182240;5221026503400880999;5;1;22;0;2022;10;18;4;3;5;2;2;1;1;1;0;0;0;0;358388,820999828982167;5668834,939999399706721;6,975098519000030;51,153417075000000
182241;5221027705000962116;5;5;54;8;2022;10;7;5;3;3;2;1;0;1;1;0;0;0;0;335801,980013370979577;5745834,151155509985983;6,616575496000050;51,839149079000002
182242;5221024508000993290;5;1;19;0;2022;10;8;2;3;5;3;0;0;1;0;0;0;0;1;352662,785345182986930;5708578,905980990268290;6,876842909000060;51,509105151000000
182243;5221110518300091544;5;1;70;20;2022;11;12;5;3;5;3;0;0;1;1;0;0;0;0;329294,804999584972393;5709331,079998569563031;6,540052763000060;51,509287157000102
182245;5221103608100885694;5;3;34;2;2022;11;17;5;3;0;7;2;1;1;0;0;0;0;0;294073,718440662021749;5627118,299886080436409;6,080138047000050;50,759247340000101
182246;5221108405116993060;5;7;54;16;2022;11;17;3;3;3;3;2;0;1;1;0;0;0;0;447321,851000001013745;5757356,820999669842422;8,233264825000051;51,964404553000101
182249;5221104600110925427;5;3;14;0;2022;11;9;6;2;4;2;0;1;1;1;0;0;0;0;366575,684999871009495;5621770,230999480001628;7,109332359000060;50,732383759000101
182258;5221026601700095265;5;3;16;0;2022;10;18;4;3;0;2;1;0;1;1;0;0;0;0;353296,052663356997073;5659341,356806170195341;6,906188389000020;51,066821924000102
182260;5221103701800449722;5;5;62;4;2022;11;15;5;3;1;5;0;0;1;1;0;0;0;0;383283,326280587993097;5716207,019271260127425;7,315328190000060;51,584820256999997
182263;5221103411132637905;5;7;74;32;2022;11;8;5;3;0;1;0;1;1;0;0;0;0;0;482989,711000001989305;5730320,339999659918249;8,753733068000029;51,723552327999997
182265;5221105602600113141;5;3;62;20;2022;11;19;7;3;0;1;2;0;1;0;0;0;0;0;343434,676734731998295;5629618,174504930153489;6,778320793000030;50,797130488000100
182267;5221024709700691696;5;5;66;28;2022;10;13;2;2;0;1;0;0;1;0;0;0;0;0;412370,735439256997779;5792348,468109560199082;7,715648125000030;52,274517748999997
182268;5221110609128569704;5;3;58;28;2022;11;9;5;3;5;2;0;0;1;1;0;0;0;0;322727,394999483018182;5625111,106998329982162;6,486938683000060;50,750675015000098
182269;5221031705000993194;5;5;54;8;2022;10;19;2;3;3;6;2;0;1;0;0;0;0;0;337160,874999672989361;5746424,483998879790306;6,636004503000040;51,844850226000098
182270;5221107705000886828;5;5;54;8;2022;11;17;2;3;3;6;1;0;1;0;0;0;0;0;336098,214970803994220;5745465,035696440376341;6,621046358000060;51,835920164000100
182277;5221024600380075882;5;3;14;0;2022;10;7;2;3;5;2;2;1;1;0;0;0;0;0;368899,826779699011240;5617743,154327039606869;7,143678329000070;50,696716751000103
182281;5221101516000186725;5;1;58;24;2022;11;10;3;3;1;3;0;0;1;1;0;0;0;0;358982,630697890010197;5679712,759066140279174;6,979309535000030;51,251318336000097
182282;5221108301301010707;5;9;78;24;2022;11;15;3;3;5;3;0;0;1;1;0;0;0;0;397157,323792384995613;5718264,107538250274956;7,514903193000070;51,606013468000100
182283;5221102601100078530;5;3;15;0;2022;11;13;4;3;2;6;0;0;1;1;0;0;0;0;355932,092283526028041;5642872,349518460221589;6,950317280000040;50,919487007000001
182284;5221109500200065855;5;1;11;0;2022;11;18;4;3;5;2;1;0;1;1;0;0;0;0;345271,990999736997765;5679038,576999169774354;6,783286815000050;51,241705663000097
182287;5221105701300078098;5;5;62;14;2022;11;13;7;3;0;1;0;0;1;0;0;0;0;0;359826,024994155974127;5717706,422609049826860;6,976358340000050;51,592947813000102
182288;5221026501313591480;5;1;12;0;2022;10;8;4;3;0;7;0;1;1;1;0;0;0;0;343667,951273188984487;5701260,052356209605932;6,750568431000030;51,440929810000100
182289;5221028301202275386;5;9;13;0;2022;10;21;6;3;1;7;2;0;1;1;0;0;0;0;393597,986999959975947;5709554,085999620147049;7,466161387000060;51,527063027000104
182290;5221024400200803820;5;7;11;0;2022;10;16;2;3;4;2;0;1;1;1;0;0;0;0;472317,159000000974629;5762799,823999670334160;8,596620183000031;52,015147992999999
182291;5221110601400993009;5;3;15;0;2022;11;16;5;3;5;2;0;0;1;1;0;0;0;0;352557,457681905012578;5654038,980852670036256;6,897813033000030;51,018983579000100
182293;5221107609108794862;5;3;58;8;2022;11;7;2;3;0;7;0;1;1;0;0;0;0;1;321747,121999470982701;5626892,989998269826174;6,472193679000040;50,766383503999997
182294;5221104602300277557;5;3;62;36;2022;11;11;6;3;0;1;0;1;1;0;0;0;0;0;346018,383999740006402;5651776,891999189741910;6,805612507000030;50,996942852000103
182295;5221026301101980686;5;9;13;0;2022;10;16;4;3;4;2;0;0;1;1;0;0;0;0;392225,712999955983832;5707797,243999619968235;7,446924450000040;51,511011598000003
182296;5221027600110634030;5;3;14;0;2022;10;17;5;3;3;6;0;0;1;1;0;0;0;0;367648,799108384002466;5618023,626059539616108;7,125873879000040;50,698954325999999
182297;5221102502105095053;5;1;13;0;2022;11;17;4;2;5;2;1;0;1;1;0;0;0;0;361801,224999848986045;5701547,044999450445175;7,011192497000020;51,448223484000003
182298;5221029300700490543;5;9;16;0;2022;10;13;7;3;5;3;0;0;1;1;0;0;0;0;372022,922999896982219;5708486,008999539539218;7,155692640000040;51,512987031000101
182299;5221031410110993209;5;7;70;24;2022;10;9;2;1;0;7;0;0;1;0;0;0;0;0;491914,610000002023298;5791144,771999680437148;8,881508084000069;52,270621126999998
182302;5221104503200571878;5;1;24;0;2022;11;16;6;3;3;2;1;1;1;1;0;0;0;0;374544,455016591993626;5682227,050591309554875;7,201293479000070;51,277552004000000
182306;5221102301301473414;5;9;78;24;2022;11;16;4;3;5;3;0;0;1;1;0;0;0;0;397628,632999967026990;5718759,208999640308321;7,521562101000030;51,610549603000003
182308;5221103501213495937;5;1;12;0;2022;11;10;5;3;5;3;0;0;1;1;0;0;0;0;340461,061999696015846;5697502,501999029889703;6,706156148000050;51,406275526000101
182309;5221030410230993191;5;7;70;4;2022;10;13;1;2;0;1;0;0;1;0;0;0;0;0;485091,076000000000931;5784503,479999680072069;8,781802391000040;52,210769745999997
182311;5221026601300087659;5;3;15;0;2022;10;16;4;3;0;1;0;0;1;0;0;0;0;0;347388,395250432018656;5646703,712898960337043;6,827250674000030;50,951719909000097
182314;5221110608200169729;5;3;34;2;2022;11;9;5;3;3;1;0;0;1;0;0;0;0;1;295547,688658786006272;5628189,240001849830151;6,100414132000030;50,769386900000001
182318;5221109513120190231;5;1;62;20;2022;11;14;4;3;1;5;0;0;1;1;0;0;0;0;324972,095785283017904;5672931,496959599666297;6,495720590000080;51,180976149000102
182319;5221029518200960514;5;1;70;24;2022;10;13;7;3;4;2;0;0;1;0;0;1;0;0;336270,690037543012295;5702637,911193289794028;6,643587805000040;51,451219092000002
182321;5221025702100764311;5;5;15;0;2022;10;16;3;3;5;3;0;0;1;0;0;0;0;0;405329,976664563990198;5760462,582024079747498;7,621361370000050;51,986755750999997
182322;5221027500300371963;5;1;11;0;2022;10;13;5;2;5;3;0;0;1;1;0;0;0;0;350408,371999776980374;5672669,519999279640615;6,859473628000050;51,185844089000099
182324;5221110505200291507;5;1;14;0;2022;11;9;5;3;6;4;0;0;1;0;1;0;0;0;330111,815999588987324;5689931,843998639844358;6,561114002000070;51,335257163000101
182326;5221107516500386811;5;1;58;16;2022;11;15;2;3;0;7;0;1;1;0;0;0;0;0;355210,005999809014611;5670793,643999359570444;6,928887659000050;51,170223280000101
182327;5221104500200546012;5;1;11;0;2022;11;7;6;3;5;2;0;1;1;1;0;0;0;0;345984,058118353015743;5679240,080061320215464;6,793393449000060;51,243708941000101
182328;5221025516400691252;5;1;58;24;2022;10;17;3;3;5;2;0;0;1;1;0;0;0;0;359155,901291764981579;5679672,571727990172803;6,981806556000040;51,251000011000002
182329;5221026701500865815;5;5;62;24;2022;10;7;4;3;5;3;2;0;1;1;0;0;0;0;369928,151999890978914;5724085,164999529719353;7,119742827000040;51,652694668000002
182332;5221028706000365766;5;5;58;16;2022;10;12;6;3;5;3;0;0;1;0;0;0;0;0;382826,867768460011575;5744615,553173639811575;7,299190577000050;51,840046030000103
182335;5221028500200065855;5;1;11;0;2022;10;12;6;3;1;7;0;0;1;1;0;0;0;0;345638,803012754011434;5678492,403804300352931;6,788773155000060;51,236897431999999
182336;5221110400200587140;5;7;11;0;2022;11;18;5;2;5;2;2;0;1;1;0;0;0;0;467690,105999998981133;5763694,735999669879675;8,529115011000041;52,022943677000100
182339;5221102317210437290;5;9;78;20;2022;11;21;4;3;5;3;2;0;1;1;0;0;0;0;407688,816999977978412;5716695,183999639935791;7,667349024000030;51,593735282000097
182340;5221108702100161999;5;5;15;0;2022;11;17;3;3;5;3;2;0;1;1;0;0;0;0;406942,224863976996858;5758747,941998819820583;7,645297726000020;51,971616192000099
182343;5221027316200094361;5;9;74;52;2022;10;21;5;2;1;5;2;0;1;1;0;0;0;0;424533,155659948009998;5710762,237712999805808;7,911744169000030;51,542906707000000
182344;5221102500200502247;5;1;11;0;2022;11;8;4;3;5;3;0;0;1;1;0;0;0;0;346116,222999744000845;5677768,662999190390110;6,795917642000060;51,230523232000102
182345;5221103711413502810;5;5;70;28;2022;11;15;5;3;5;2;0;0;1;1;0;0;0;0;442413,387999999977183;5742971,968999659642577;8,164232841000061;51,834595725000000
182347;5221106407301096808;5;7;62;36;2022;11;15;1;3;0;1;0;0;1;0;0;0;0;0;512637,672000000020489;5703980,686999640427530;9,182013228000070;51,486834420000001
182350;5221025600370767872;5;3;82;4;2022;10;19;3;3;0;1;2;0;1;0;0;0;0;0;358777,950062903983053;5622332,633093950338662;6,998690282000040;50,735594878000001
182351;5221026603228194808;5;3;66;28;2022;10;16;4;3;0;1;0;1;1;0;0;0;0;0;331505,367461399990134;5610443,528557299636304;6,617945458000070;50,621498326000101
182354;5221103702100676689;5;5;15;0;2022;11;7;5;3;5;3;0;0;1;1;0;0;0;0;404785,107856624003034;5755138,473235050216317;7,614905231000020;51,938807490999999
182355;5221108601600499066;5;3;15;0;2022;11;7;3;3;6;4;0;0;1;0;1;0;0;0;366563,146769443992525;5635747,037012689746916;7,104077498000040;50,858003048999997
182356;5221103500300596607;5;1;11;0;2022;11;16;5;3;5;3;0;1;1;1;0;0;0;0;348473,117230596020818;5674370,070271629840136;6,831085343000040;51,200615091000003
182359;5221026502101568208;5;1;13;0;2022;10;15;4;3;4;2;0;0;1;1;0;0;0;0;361933,057999850017950;5702915,415999449789524;7,012554361000070;51,460552350000100
182360;5221027709000548281;5;5;66;64;2022;10;13;5;3;2;3;0;0;1;1;0;0;0;0;396258,382647291000467;5771400,091320909559727;7,485985551000060;52,083439490000004
182361;5221025406130887115;5;7;58;8;2022;10;16;3;3;5;3;0;0;1;0;0;0;0;1;469380,138400633004494;5776299,068222999572754;8,552613234000029;52,136359576000103
182364;5221107701400161079;5;5;12;0;2022;11;7;2;3;3;6;1;1;1;1;0;0;0;0;357932,668999827990774;5709014,084999400191009;6,952554449000050;51,514365173000002
182367;5221029503400993228;5;1;22;0;2022;10;16;7;3;0;3;0;0;1;1;0;0;0;0;365101,300999865983613;5672390,828999480232596;7,069686472000060;51,186996065000102
182370;5221027513320030595;5;1;62;4;2022;10;11;5;3;5;3;0;0;1;1;0;0;0;0;347325,358999751973897;5662430,624999219551682;6,819732257000060;51,093024755999998
182371;5221024501313073992;5;1;12;0;2022;10;9;2;3;5;3;0;1;1;0;0;0;0;1;344003,023999727971386;5700939,683999129571021;6,755526906000060;51,438143701000101
182374;5221107515000993092;5;1;54;36;2022;11;7;2;3;0;3;0;0;1;1;0;0;0;0;302465,711446607019752;5741654,118197299540043;6,135662164000050;51,790819199000097
182379;5221111516300195754;5;1;58;28;2022;11;22;6;2;7;1;2;0;1;0;0;0;0;0;350458,265726363984868;5685596,964901990257204;6,854787644000060;51,302020970999997
182381;5221108706000705114;5;5;58;16;2022;11;11;3;2;0;1;0;0;1;0;0;0;0;0;380322,491344576003030;5744342,335273030214012;7,262951031000060;51,837059496000101
182382;5221028601300078534;5;3;15;0;2022;10;9;6;3;5;3;0;0;1;1;0;0;0;0;350261,093999771983363;5644065,368999280035496;6,869203474000070;50,928764256000100
182383;5221031310120386086;5;9;54;32;2022;10;17;2;2;0;1;2;0;1;0;0;0;0;0;384169,490994072984904;5692883,842890989966691;7,335762247000050;51,375375694000098
182387;5221024709300074703;5;5;66;84;2022;10;11;2;2;0;2;0;0;1;1;0;0;0;0;385797,620904606010299;5778744,980339399538934;7,330923007000020;52,147388642000102
182390;5221108513320093884;5;1;62;4;2022;11;9;3;2;5;3;0;0;1;0;0;0;1;0;347716,259999755013268;5663994,458999229595065;6,824650524000050;51,107181079999997
182395;5221105601300778422;5;3;15;0;2022;11;13;7;3;5;3;0;0;1;1;0;0;0;0;351772,120999783976004;5646036,021999309770763;6,889888160000050;50,946863773000103
182396;5221026505100372045;5;1;14;0;2022;10;18;4;3;1;5;1;0;1;1;0;0;0;0;330525,112312132027000;5689007,783312140032649;6,567481034000020;51,327078849000003
182400;5221031607400093610;5;3;82;44;2022;10;16;2;3;5;2;0;0;1;1;0;0;0;0;362452,107999850006308;5628774,296999449841678;7,048317530000080;50,794372054000100
182403;5221029709110896499;5;5;66;8;2022;10;12;7;2;5;3;0;0;1;1;0;0;0;0;398516,747999968996737;5781770,452999659813941;7,515837893000030;52,177064289000000
182406;5221027513320195666;5;1;62;4;2022;10;14;5;3;0;3;0;0;1;1;0;0;0;0;348245,370964242029004;5662023,484111320227385;6,833031441000060;51,089610403000101
182409;5221105405108282112;5;7;54;8;2022;11;11;7;3;0;5;0;0;1;1;0;0;0;0;457038,114999999990687;5751539,294999670237303;8,375402556000040;51,912937835000001
182411;5221028307000575649;5;9;62;36;2022;10;17;6;2;0;1;0;0;1;0;0;0;0;0;412787,789388248987962;5663909,445752830244601;7,753884410000070;51,120014701999999
182412;5221024513210891163;5;1;62;24;2022;10;17;2;2;4;6;0;0;1;0;0;0;0;0;339142,623285794979893;5674459,971774609759450;6,697603160000030;51,198872141999999
182415;5221108501127373971;5;1;12;0;2022;11;11;3;3;9;1;0;0;1;0;0;0;0;0;346020,096898562973365;5705447,338021409697831;6,782562263000050;51,479197065999998
182416;5221102701400394939;5;5;12;0;2022;11;13;4;3;5;3;0;1;1;0;0;1;0;0;359700,480999839026481;5720335,685999429784715;6,973495190000050;51,616542967000001
182422;5221023601100186578;5;3;15;0;2022;10;14;1;3;5;2;0;0;1;0;0;1;0;0;355805,724999810976442;5645520,356999370269477;6,947473111000020;50,943252646000097
182427;5221103602100399586;5;3;62;8;2022;11;23;5;3;6;6;2;1;1;0;1;0;0;0;334209,274196953978390;5646479,498243579640985;6,639883526000060;50,946065507000100
182429;5221025600110395299;5;3;14;0;2022;10;19;3;3;8;7;2;0;1;0;0;0;0;0;364107,053410505002830;5621282,721092919819057;7,074551585000050;50,727429809999997
182432;5221102313110673332;5;9;58;4;2022;11;5;4;3;6;7;2;0;1;0;1;0;0;0;428098,353560014977120;5700597,278954969719052;7,965217799000070;51,451986591999997
182433;5221108711113386957;5;5;70;52;2022;11;8;3;3;5;3;0;0;1;1;0;0;0;0;430483,374541356984992;5756051,666033949702978;7,988479690000080;51,950821086000097
182434;5221030701500707693;5;5;62;24;2022;10;17;1;3;5;3;0;0;1;1;0;0;0;0;371311,110202728013974;5727190,807974389754236;7,138578966000070;51,680922504000101
182441;5221108608100089878;5;3;34;2;2022;11;12;3;2;9;1;0;0;1;0;0;0;0;0;294285,706458234984893;5629343,297617119736969;6,081895716000080;50,779305637000000
182447;5221026513130581475;5;1;62;22;2022;10;14;4;3;5;3;0;0;1;1;0;0;0;0;339518,964230688987300;5679249,286895490251482;6,700841461000040;51,242009580999998
182448;5221027711141072788;5;5;70;44;2022;10;15;5;3;5;3;0;0;1;1;0;0;0;0;416153,831558277015574;5759337,771175310015678;7,779218237000070;51,978384218000002
182451;5221031601700993198;5;3;16;0;2022;10;15;2;3;0;2;0;0;1;1;0;0;0;0;360167,888999837974552;5655652,652999419718981;7,005625339000060;51,035386834000100
182452;5221107601200091192;5;3;15;0;2022;11;19;2;3;0;1;2;0;1;0;0;0;0;0;357220,391450227994937;5641080,676098249852657;6,969334845000050;50,903705484000099
182454;5221025709500096952;5;5;66;76;2022;10;17;3;3;4;1;0;0;1;1;0;0;0;0;393566,106308331014588;5793293,604818990454078;7,439837850000060;52,279693266000002
182455;5221027406110876328;5;7;58;12;2022;10;14;5;2;4;6;0;0;1;1;0;0;0;0;479294,757043797988445;5774278,921787120401859;8,697595981000060;52,118657712000100
182457;5221031500200981013;5;1;11;0;2022;10;10;2;3;5;2;0;0;1;1;0;0;0;0;347494,066570209979545;5677598,008757069706917;6,815709720000030;51,229359653000103
182458;5221106601700287562;5;3;16;0;2022;11;14;1;3;3;1;0;0;1;1;0;0;0;0;359981,928999835974537;5655209,453999419696629;7,003146029000050;51,031358533000102
182459;5221024300200077653;5;9;11;0;2022;10;18;2;3;5;3;1;1;1;1;0;0;0;0;370260,645377229026053;5705202,605330389924347;7,131517824000070;51,483077341000097
182461;5221025516900990291;5;1;58;26;2022;10;12;3;3;5;2;0;0;1;1;0;0;0;0;352832,446999792999122;5661927,659999320283532;6,898523363000040;51,089944623000100
182462;5221026601400899814;5;3;15;0;2022;10;14;4;3;3;6;0;0;1;0;0;0;0;1;355302,950999807973858;5647345,254999360069633;6,939596064000060;50,959526600000103
182465;5221108601200493435;5;3;15;0;2022;11;15;3;3;1;7;0;0;1;1;0;0;0;0;358748,807650320988614;5637153,790641970001161;6,992576074000060;50,868789943000102
182466;5221029316100782135;5;9;74;40;2022;10;17;7;3;8;1;0;0;1;0;0;0;0;0;437839,008977585996035;5714383,410017539747059;8,102950464000060;51,577085543000102
182467;5221031500300079217;5;1;11;0;2022;10;7;2;3;5;3;0;0;1;1;0;0;0;0;347131,173999749997165;5674156,968999209813774;6,811982836000030;51,198342755000098
182468;5221107601300081467;5;3;15;0;2022;11;8;2;2;0;3;0;0;1;1;0;0;0;0;352177,820999787014443;5649978,714999309740961;6,894057373000070;50,982398875999998
182469;5221023513320995666;5;1;62;4;2022;10;12;1;3;0;1;0;1;1;0;0;0;0;0;349557,314999770023860;5665986,552999259904027;6,850098812000060;51,125568160999997
182471;5221025518200096133;5;1;70;24;2022;10;15;3;3;2;6;0;0;1;1;0;0;0;0;335677,561999652010854;5702511,524998860433698;6,635117932000070;51,449911816000103
182478;5221106601100186520;5;3;15;0;2022;11;1;1;3;0;1;2;0;1;0;0;0;0;0;354753,499086966970935;5644952,379390710033476;6,932732086000040;50,937884263999997
182479;5221028505100691522;5;1;14;0;2022;10;9;6;3;5;3;0;0;1;1;0;0;0;0;331279,447999603988137;5689450,724998690187931;6,578088068000060;51,331282477999999
182482;5221110607400992983;5;3;82;68;2022;11;17;5;3;0;1;1;0;1;0;0;0;0;0;367592,623216564010363;5629505,656376300379634;7,120950516000050;50,802142674999999
182484;5221108317210276756;5;9;78;20;2022;11;14;3;3;5;3;0;0;1;1;0;0;0;0;407621,023987987020519;5716786,150980019941926;7,666346664000060;51,594541884000101
182487;5221103603144194780;5;3;66;44;2022;11;22;5;2;0;1;2;1;1;0;0;0;0;0;334531,657620879996102;5618275,978737659752369;6,657190113000070;50,692743458999999
182488;5221029709300036405;5;5;66;84;2022;10;17;7;3;6;4;0;0;1;0;1;0;0;0;386234,693914266012143;5778766,283052910119295;7,337300814000060;52,147670290000100
182490;5221026303100579090;5;9;15;0;2022;10;17;4;3;3;7;0;0;1;1;0;0;0;0;418304,325504444015678;5724619,586598560214043;7,818713510000070;51,666612221000001
182491;5221028300800395926;5;9;54;36;2022;10;11;6;3;1;1;0;0;1;1;0;0;0;0;384352,385245701996610;5700299,262828899547458;7,335970696000060;51,442063353999998
182493;5221110601100993010;5;3;15;0;2022;11;19;5;3;3;6;2;0;1;1;0;0;0;0;356264,482977601990569;5644130,460839149542153;6,954547094000080;50,930876397000098
182496;5221104513320190220;5;1;62;4;2022;11;7;6;3;0;3;0;1;1;1;0;0;0;0;347494,404999752994627;5663059,564999219961464;6,821878817000030;51,098721294000001