OBJECTID;UIDENTSTLAE;ULAND;UREGBEZ;UKREIS;UGEMEINDE;UJAHR;UMONAT;USTUNDE;UWOCHENTAG;UKATEGORIE;UART;UTYP1;ULICHTVERH;IstStrassenzustand;IstRad;IstPKW;IstFuss;IstKrad;IstGkfz;IstSonstige;LINREFX;LINREFY;XGCSWGS84;YGCSWGS84
182499;5221102515211095886;5;1;54;16;2022;11;15;4;3;9;4;0;0;1;1;1;0;0;0;303660,894765883975197;5729608,321713250130415;6,159764905000030;51,683065255000002
182500;5221028711400054394;5;5;70;20;2022;10;10;6;3;0;7;0;0;1;1;0;0;0;0;432883,480839175987057;5743287,791210290044546;8,025881981000049;51,836370993000102
182504;5221110300500541266;5;9;11;0;2022;11;8;5;3;5;3;0;0;1;1;0;0;0;0;380225,119656951981597;5702116,242602859623730;7,275997623000020;51,457536144000102
182505;5221025603116873810;5;3;66;16;2022;10;5;3;3;3;6;2;0;1;1;0;0;0;0;345379,757892024994362;5612880,076376230455935;6,812916183000030;50,647238256999998
182506;5221027300600673294;5;9;16;0;2022;10;16;5;3;5;2;0;0;1;0;0;0;0;1;378533,172999922011513;5711064,784999580122530;7,248575767000030;51,537600961000102
182509;5221108601300584966;5;3;15;0;2022;11;7;3;3;5;2;0;0;1;1;0;0;0;0;355035,955999807978515;5645982,544999349862337;6,936339486000070;50,947213181000102
182510;5221028601200225585;5;3;15;0;2022;10;8;6;2;5;3;1;1;1;1;0;0;0;0;357707,570999823976308;5637326,075999390333891;6,977721091000030;50,870082925000098
182512;5221030607400090883;5;3;82;68;2022;10;12;1;3;3;6;0;0;1;0;0;0;0;0;373328,791377292014658;5635315,509980499744415;7,200303717000050;50,855645998999996
182520;5221102709110711972;5;5;66;4;2022;11;7;4;3;0;1;0;0;1;0;0;0;0;0;394919,365493759978563;5767637,762218900024891;7,467609421000080;52,049372488000103
182522;5221029601200293561;5;3;15;0;2022;10;13;7;2;3;5;0;0;1;1;1;0;0;0;354010,174999799986836;5643146,337999340146780;6,922883192000030;50,921466221999999
182524;5221025701910049550;5;5;62;8;2022;10;14;3;2;5;3;0;0;1;0;0;1;0;0;383695,211999938008375;5721808,564999599941075;7,319412048000060;51,635250378000102
182525;5221027317210885594;5;9;78;20;2022;10;11;5;3;5;2;0;0;1;1;0;0;0;0;407500,477269835013431;5716819,501683720387518;7,664598075000070;51,594821895999999
182528;5221028518400885982;5;1;70;8;2022;10;11;6;3;0;3;0;0;1;1;0;0;0;0;342851,040999719989486;5715178,973999089561403;6,732622973000050;51,565761042000098
182529;5221024702100579127;5;5;15;0;2022;10;19;2;3;0;1;2;1;1;0;0;0;0;0;405425,391151858028024;5758246,025928249582648;7,623361297000030;51,966848722000101
182530;5221111404101996900;5;7;66;20;2022;11;12;6;3;5;3;0;0;1;1;0;0;0;0;490100,519066627020948;5755098,852008730173111;8,855970508000039;51,946511120000103
182532;5221107701610447422;5;5;62;12;2022;11;18;2;3;5;3;2;0;1;1;0;0;0;0;361469,460999846982304;5726448,397999449633062;6,996609342000060;51,671909982999999
182533;5221103405108596907;5;7;54;8;2022;11;16;5;3;1;5;1;1;1;1;0;0;0;0;454719,941147332021501;5751140,157033629715443;8,341754807000029;51,909165729000101
182535;5221029610211149219;5;3;70;4;2022;10;14;7;2;0;1;0;1;1;0;0;0;0;0;311366,395999324973673;5662108,292997390031815;6,306938764000050;51,079431944000099
182536;5221104516900886394;5;1;58;26;2022;11;11;6;3;5;3;0;1;1;1;0;0;0;0;352809,904999793972820;5664769,229999319650233;6,897042949000020;51,115473988000097
182538;5221027608100573639;5;3;34;2;2022;10;7;5;3;1;5;2;1;1;1;0;0;0;0;292976,151516814017668;5627283,126219850033522;6,064504517000050;50,760337217000000
182542;5221107601400945853;5;3;15;0;2022;11;18;2;1;6;7;2;0;1;0;1;0;0;0;355946,037007963983342;5648306,828705079853535;6,948366218000050;50,968329187999998
182543;5221104502212375301;5;1;13;0;2022;11;16;6;3;1;1;0;0;1;1;0;0;0;0;359158,187999835005030;5701935,647999409586191;6,973027423000080;51,451064371000001
182544;5221025702100891783;5;5;15;0;2022;10;17;3;3;0;7;0;0;1;0;1;0;0;0;407297,530051836976781;5756458,391049129888415;7,651086535000050;51,951095889000001
182552;5221110410230993033;5;7;70;4;2022;11;7;5;3;5;3;0;0;1;1;0;0;0;0;486946,462999999988824;5782742,783999679610133;8,809024359000031;52,194987116999997
182553;5221025500200776137;5;1;11;0;2022;10;16;3;3;1;5;0;0;1;1;0;0;0;0;345720,848484642978292;5679525,724079299718142;6,789502329000070;51,246204449000103
182554;5221026608100780837;5;3;34;2;2022;10;9;4;3;0;1;0;1;1;0;0;0;0;0;293313,497270450985525;5627453,714147919788957;6,069185448000040;50,761989514000000
182557;5221108600360893473;5;3;82;12;2022;11;15;3;3;5;3;0;0;1;1;0;0;0;0;362332,517999851028435;5626149,185999440029263;7,047604833000040;50,770750192000001
182558;5221103518120978904;5;1;70;44;2022;11;18;5;3;5;3;2;1;1;1;0;0;0;0;335680,468999653006904;5720401,795998839661479;6,626813041000050;51,610638649000101
182559;5221030605104290394;5;3;74;4;2022;10;17;1;2;0;1;2;0;1;0;0;0;0;0;404871,834999979007989;5652068,521999609656632;7,643925817000020;51,012306584000001
182560;5221106407201090787;5;7;62;4;2022;11;14;1;3;0;1;0;0;1;0;0;0;0;0;502373,233001373009756;5731205,613111499696970;9,034364750000069;51,731765164000102
182563;5221024601200381775;5;3;15;0;2022;10;7;2;3;0;1;1;1;1;0;0;0;0;0;354926,032682658988051;5643867,722051099874079;6,935617767000050;50,928180140000102
182564;5221111405228993004;5;7;54;28;2022;11;7;6;3;5;3;1;0;1;1;0;0;0;0;453278,392999998002779;5744228,681999660097063;8,321735971000070;51,846908956999997
182567;5221102705000491775;5;5;54;8;2022;11;11;4;3;5;3;0;0;1;1;0;0;0;0;336093,310999663022812;5746734,259998840279877;6,620373844000030;51,847320729000003
182568;5221109500300993018;5;1;11;0;2022;11;15;4;3;3;2;0;0;1;1;0;0;0;0;348870,797999765025452;5675646,285999249666929;6,836235749000020;51,212188201000103
182571;5221025608404394925;5;3;34;4;2022;10;13;3;3;5;2;0;0;1;1;0;0;0;0;302752,219311541004572;5637617,394933969713748;6,197390582000030;50,856565083000099
182573;5221028608436133440;5;3;34;36;2022;10;10;6;3;5;3;0;0;1;1;0;0;0;0;297899,849480452015996;5634455,012455020099878;6,130280816000040;50,826487260000100
182575;5221110600110493372;5;3;14;0;2022;11;12;5;2;5;3;0;0;1;1;0;0;0;0;362882,253167694027070;5622510,634314510039985;7,056751424000030;50,738178189000102
182577;5221107516300095766;5;1;58;28;2022;11;17;2;3;3;2;2;0;1;1;0;0;0;0;349755,500552840996534;5684823,984316750429571;6,845039326000060;51,294890176000102
182581;5221026602300314993;5;3;62;36;2022;10;10;4;3;0;1;0;1;1;0;0;0;0;0;345931,563945037021767;5651958,504765779711306;6,804299153000040;50,998551568000003
182582;5221111501214565547;5;1;12;0;2022;11;6;6;3;4;6;2;0;1;0;0;1;0;0;342073,681984513998032;5697403,169787010177970;6,729366886000040;51,405834370999997
182585;5221028601200091193;5;3;15;0;2022;10;11;6;2;4;2;0;0;1;1;0;0;0;0;358673,557999829004984;5639090,423999399878085;6,990758755000060;50,886176380000101
182587;5221107300000990147;5;9;11;0;2022;11;13;2;3;0;1;0;1;1;0;0;0;0;0;372129,256999898992945;5698397,413999539799988;7,160874075000040;51,422343572999999
182589;5221024506100993272;5;1;16;0;2022;10;9;2;3;0;3;0;0;1;1;0;0;0;0;319355,062999450019561;5674801,058998020365834;6,414498863000060;51,196023480000100
182592;5221107600110299957;5;3;14;0;2022;11;17;2;2;5;2;1;1;1;1;0;0;0;0;363068,971999855013564;5622224,951999439857900;7,059502147000050;50,735654605000001
182597;5221102500100966194;5;1;11;0;2022;11;6;4;3;0;7;2;0;1;0;0;0;0;0;346829,856215014006011;5675552,968171429820359;6,807077588000030;51,210805939000103
182598;5221109316200046638;5;9;74;52;2022;11;9;4;3;1;1;0;1;1;1;0;0;0;0;424579,926098582975101;5711992,518590720370412;7,912154711000030;51,553973223000099
182599;5221103601400493423;5;3;15;0;2022;11;17;5;3;5;3;2;1;1;1;0;0;0;0;357397,946999821986537;5648303,334999389946461;6,969031898000030;50,968659055000003
182601;5221106602800485761;5;3;62;12;2022;11;13;1;3;5;3;0;0;1;1;0;0;0;0;352019,477999785973225;5632663,512999310158193;6,898822137000020;50,826753837000098
182602;5221028601200091192;5;3;15;0;2022;10;9;6;3;0;3;0;0;1;1;0;0;0;0;360195,566082503006328;5639404,450062000192702;7,012263039000060;50,889368941999997
182603;5221110500100052273;5;1;11;0;2022;11;16;5;3;1;5;1;0;1;1;0;0;0;0;342877,650986624008510;5678874,057034369558096;6,749084627000060;51,239573014000001
182605;5221111607400586629;5;3;82;44;2022;11;19;6;3;8;5;2;0;1;0;0;0;0;1;363979,780338504991960;5626681,532377430237830;7,070755147000060;50,775923392999999
182607;5221108516300993059;5;1;58;28;2022;11;21;3;3;0;1;2;0;1;0;0;0;0;0;349312,023394629009999;5685595,070766510441899;6,838357833000030;51,301701688000001
182611;5221105702100479187;5;5;15;0;2022;11;19;7;3;0;1;2;0;1;1;0;0;0;0;404451,660140182008035;5758395,447146370075643;7,609150468000050;51,968025253000100
182614;5221024316300586999;5;9;74;28;2022;10;8;2;3;0;1;0;0;1;0;0;0;0;0;454799,258146407024469;5725408,130810559727252;8,346261508000049;51,677823576000002
182616;5221101316300087173;5;9;74;28;2022;11;13;3;3;5;3;0;0;1;1;0;0;0;0;453689,519999997981358;5724059,117999649606645;8,330391399000060;51,665604393000102
182618;5221102601200073850;5;3;15;0;2022;11;23;4;3;0;1;2;0;1;0;0;0;0;0;354858,063999805017374;5643811,590999360196292;6,934673601000040;50,927658606000101
182622;5221025701110385456;5;5;62;32;2022;10;11;3;2;0;7;0;0;1;0;0;0;0;0;375723,234999910986517;5716398,165999559685588;7,206195066000020;51,584921628000103
182623;5221027601100993253;5;3;15;0;2022;10;22;5;3;0;1;2;1;1;0;0;0;0;0;355081,688129648973700;5644002,810652690008283;6,937777487000060;50,929433276000097
182624;5221023705000591867;5;5;54;24;2022;10;18;1;3;0;7;2;0;1;0;0;0;0;0;369226,091692206973676;5775888,196492060087621;7,089963854000080;52,118043464000003
182626;5221107610211993087;5;3;70;4;2022;11;12;2;3;3;6;0;0;1;1;0;0;0;0;311570,559808794001583;5662665,493543679825962;6,309559598000020;51,084504047999999
182627;5221023706000368276;5;5;58;12;2022;10;17;1;3;1;1;0;0;1;1;0;0;0;0;373587,724094891978893;5756134,610880290158093;7,160930939000020;51,941547073999999
182629;5221025516800454498;5;1;58;20;2022;10;10;3;2;5;3;0;0;1;1;0;0;0;0;356426,579999817011412;5664255,622999380342662;6,948884175000050;51,111776006000099
182630;5221026601500286565;5;3;15;0;2022;10;8;4;3;3;6;1;0;1;0;0;0;0;1;359777,160999835992698;5646787,505999419838190;7,003479140000020;50,955620254999999
182632;5221101601400790360;5;3;15;0;2022;11;9;3;3;4;6;0;0;1;0;0;0;0;0;355322,184999808028806;5654720,182999360375106;6,936932200000060;51,025807584000098
182634;5221030508000275287;5;1;19;0;2022;10;16;1;3;0;3;0;0;1;1;0;0;0;0;352619,433999794011470;5704708,428999319672585;6,877834753000060;51,474315433000100
182636;5221028506100995958;5;1;16;0;2022;10;8;6;3;2;2;0;0;1;1;0;0;0;0;322063,945999486022629;5672304,632998210377991;6,454465105000050;51,174447178999998
182638;5221025307000793867;5;9;62;52;2022;10;15;3;2;0;1;0;1;1;0;0;0;0;0;421019,799999991024379;5675497,662999629974365;7,868934004000040;51,225392440000100
182639;5221110709500296541;5;5;66;76;2022;11;17;5;2;0;7;2;0;1;0;0;0;0;0;392510,551583560998552;5793883,160403380170465;7,424183320000050;52,284786281999999
182644;5221103601300680845;5;3;15;0;2022;11;11;5;3;5;3;0;0;1;1;0;0;0;0;352508,373219863977283;5645905,876598980277777;6,900414311000080;50,945883057000103
182650;5221110516500092097;5;1;58;16;2022;11;16;5;3;5;3;0;0;1;1;0;0;0;0;355582,093999810982496;5669130,875999360345304;6,934873972000050;51,155375059000100
182651;5221110411132937764;5;7;74;32;2022;11;17;5;3;5;3;1;0;1;1;0;0;0;0;482346,737000000022817;5729353,695999659597874;8,744473485000070;51,714841065000002
182652;5221024608200977535;5;3;34;2;2022;10;16;2;3;5;3;0;0;1;1;0;0;0;0;297771,234813063987531;5629954,889716479927301;6,130935599000050;50,786024474999998
182654;5221101300800089237;5;9;54;36;2022;11;2;3;3;0;1;2;1;1;0;0;0;0;0;384062,218144821992610;5699856,453771759755909;7,331942465000050;51,438024062000103
182656;5221108700000485656;5;5;13;0;2022;11;7;3;3;5;3;0;0;1;1;0;0;0;0;365268,932999868004117;5716769,308999489992857;7,055245672000070;51,585854508000097
182660;5221030400200790762;5;7;11;0;2022;10;9;1;3;4;1;0;0;1;1;0;0;0;0;473471,497000002011191;5764640,749999670311809;8,613297455000071;52,031755627999999
182662;5221026515212595759;5;1;54;64;2022;10;11;4;3;7;1;0;0;1;0;0;0;0;0;306033,641323830990586;5723296,543123889714479;6,197545330000030;51,627205431999997
182664;5221024601200187076;5;3;15;0;2022;10;10;2;3;5;7;0;0;1;1;0;0;0;0;355658,194999810017180;5641829,498999370262027;6,946835742000080;50,910046615000098
182665;5221110601300774386;5;3;15;0;2022;11;20;5;3;3;2;2;0;1;0;0;0;0;1;348316,877999757009093;5646157,727999240159988;6,840686960000030;50,947058678000097
182666;5221031603144678280;5;3;66;44;2022;10;17;2;3;4;6;2;0;1;0;0;1;0;0;333557,530930825974792;5617315,519899760372937;6,643842716000050;50,683835477999999
182667;5221103605140578647;5;3;74;40;2022;11;16;5;3;5;3;0;1;1;1;0;0;0;0;402658,884999973990489;5648915,687999599613249;7,613234746000050;50,983592718000097
182668;5221108405232993078;5;7;54;32;2022;11;7;3;3;5;3;0;0;1;1;0;0;0;0;460169,616733686008956;5740120,337965619750321;8,422243647000069;51,810506048999997
182671;5221104601300586585;5;3;15;0;2022;11;16;6;3;0;3;1;0;1;1;0;0;0;0;352228,358999787014909;5648424,227999310009181;6,895408631000070;50,968442508000102
182673;5221027506100296074;5;1;16;0;2022;10;12;5;3;1;5;0;0;1;1;0;0;0;0;314833,945650611014571;5670246,143374759703875;6,352209168000060;51,153661417000102
182677;5221104411132472201;5;7;74;32;2022;11;9;6;3;5;3;0;0;1;1;0;0;0;0;483182,048000000009779;5730155,417999659664929;8,756525570000059;51,722075265999997
182678;5221025501222582187;5;1;12;0;2022;10;13;3;3;3;1;0;0;1;1;0;0;0;0;340803,199789403995965;5702173,069633009843528;6,708972517000060;51,448335086000000
182680;5221111516600186746;5;1;58;4;2022;11;17;6;3;5;2;2;0;1;1;0;0;0;0;357173,255999821005389;5674812,234999380074441;6,955353183000060;51,206829931000101
182681;5221101601200286633;5;3;15;0;2022;11;0;3;3;0;1;2;0;1;0;0;0;0;0;355278,825042884971481;5642478,486909640021622;6,941185775000060;50,915783965999999
182682;5221108513310995436;5;1;62;28;2022;11;15;3;3;3;2;0;0;1;0;0;1;0;0;338064,084689755982254;5656125,353954060003161;6,690410983000050;51,033831272000000
182686;5221107501132095944;5;1;12;0;2022;11;15;2;3;1;5;0;0;1;1;0;0;0;0;341937,673808621999342;5713227,821742489933968;6,720332921000020;51,547975634000103
182688;5221109608416089920;5;3;34;16;2022;11;14;4;3;5;3;0;0;1;1;0;0;0;0;295467,388930189015809;5639171,644013940356672;6,093154716000070;50,867994009000000
182690;5221110607500095323;5;3;82;56;2022;11;9;5;3;5;3;0;0;1;1;0;0;0;0;372906,359063894022256;5626715,833821530453861;7,197284315000050;50,778256669000001
182693;5221102601100993126;5;3;15;0;2022;11;14;4;3;4;6;0;0;1;1;0;0;0;0;355116,075448647025041;5644992,376362119801342;6,937873089000050;50,938334918000102
182695;5221029701300069177;5;5;62;14;2022;10;9;7;3;5;2;0;0;1;1;0;0;0;0;357793,232270915003028;5715422,703251950442791;6,947956672000030;51,571917274000000
182699;5221024605112590184;5;3;74;12;2022;10;18;2;2;0;5;2;1;1;1;0;0;0;0;396741,338344908028375;5649163,971727309748530;7,528889039000030;50,984793682000003
182700;5221110513310993030;5;1;62;8;2022;11;7;5;3;5;2;0;0;1;1;0;0;0;0;331513,769999600015581;5662171,532998730428517;6,594259130000070;51,086270192000001
182706;5221102513310389802;5;1;62;8;2022;11;17;4;2;4;6;1;0;1;0;0;0;0;0;330665,737739836971741;5663557,159073449671268;6,581512343000040;51,098469437000098
182709;5221028518100993238;5;1;70;48;2022;10;16;6;3;5;7;0;0;1;1;0;0;0;0;332165,343582527013496;5728339,685084200464189;6,572286415000060;51,680911418000100
182710;5221031601300086613;5;3;15;0;2022;10;19;2;3;0;2;2;0;1;1;0;0;0;0;350384,579999773995951;5649654,053999279625714;6,868662472000040;50,979018179999997
182712;5221103603212595327;5;3;66;12;2022;11;14;5;3;0;1;1;1;1;0;0;0;0;0;320535,812894979026169;5581486,766024310141802;6,476924388000040;50,358063527000098
182713;5221104702100076673;5;5;15;0;2022;11;16;6;3;5;3;1;0;1;1;0;0;0;0;405853,456999977992382;5754438,165999660268426;7,630633397000050;51,932694578000103
182715;5221027601100381783;5;3;15;0;2022;10;10;5;3;0;7;0;0;1;0;0;0;0;1;355074,595135807001498;5644532,306906109675765;6,937466086000030;50,934189957000100
182719;5221104505100091502;5;1;14;0;2022;11;7;6;2;0;1;0;1;1;0;0;0;0;0;332133,837738071975764;5686015,797058669850230;6,591957863000060;51,300675727000097
182721;5221027310120989423;5;9;54;32;2022;10;16;5;2;0;1;0;0;1;0;0;0;0;0;387472,864339056017343;5692151,321488980203867;7,383436041000040;51,369455899999998
182722;5221111610111077581;5;3;70;16;2022;11;13;6;1;5;3;0;0;1;1;0;0;0;0;296006,138999055023305;5661569,612995440140367;6,088241039000020;51,069339978000102
182723;5221101608100980711;5;3;34;2;2022;11;12;3;3;6;6;0;0;1;0;1;0;0;0;292951,869242365006357;5633101,824330469593406;6,060883208000060;50,812586296000099
182724;5221108702100796697;5;5;15;0;2022;11;14;3;3;4;6;0;0;1;1;0;0;0;0;403814,912842819001526;5755463,825396480038762;7,600705292000040;51,941565013000101
182726;5221103508000685419;5;1;19;0;2022;11;15;5;3;5;2;0;0;1;1;0;0;0;0;351127,202999782981351;5704651,530999289825559;6,856387852000070;51,473413501000003
182728;5221105301301585018;5;9;78;24;2022;11;22;7;3;8;6;2;0;1;0;0;0;0;0;397349,130802501982544;5719006,952157610096037;7,517454453000030;51,612725560999998
182730;5221024705000381024;5;5;54;8;2022;10;15;2;3;0;7;0;1;1;0;0;0;0;0;335882,709008705976885;5745827,009187310002744;6,617749616000030;51,839108649000103
182735;5221102711216891796;5;5;70;4;2022;11;19;4;2;1;1;2;0;1;1;0;0;0;0;423597,714560942025855;5735717,735086009837687;7,892803861000060;51,767126190000099
182736;5221109514210089811;5;1;66;12;2022;11;8;4;3;1;5;0;0;1;1;0;0;0;0;320414,780131269013509;5693935,807474199682474;6,420031764000040;51,368244434000097
182737;5221029609248594751;5;3;58;48;2022;10;1;7;3;0;7;2;0;1;0;0;0;0;0;321212,190936436003540;5637074,021308110095561;6,459656184000040;50,857684915000000
182738;5221104607400090939;5;3;82;68;2022;11;14;6;3;0;2;0;0;1;1;0;0;0;0;367868,758999878016766;5631797,722999489866197;7,124041738000070;50,822806732000103
182739;5221026307000794465;5;9;62;36;2022;10;13;4;3;5;3;0;0;1;1;0;0;0;0;405153,905999978014734;5662891,735999610275030;7,645108072000030;51,109652724999997
182740;5221028301101609062;5;9;13;0;2022;10;16;6;3;4;6;0;0;1;1;0;0;0;0;394898,890839277999476;5707948,475450229831040;7,485386385000030;51,512874548000099
182742;5221110600360886557;5;3;82;12;2022;11;12;5;3;5;3;0;0;1;1;0;0;0;0;354585,078051150019746;5625704,657979169860482;6,937980550000020;50,764864864000103
182746;5221025516300795567;5;1;58;28;2022;10;9;3;3;5;2;0;0;1;1;0;0;0;0;347857,710999756993260;5684885,166999219916761;6,817814264000050;51,294936022999998
182747;5221027307000677916;5;9;62;40;2022;10;12;5;3;0;1;0;0;1;0;0;0;0;0;415933,538076683995314;5698673,440867680124938;7,790642077000030;51,433016088000002
182753;5221110301103073910;5;9;13;0;2022;11;9;5;3;0;1;0;0;1;0;0;0;0;0;390229,181229080015328;5705574,469539550133049;7,418856894000040;51,490648270000101
182756;5221102300100372091;5;9;11;0;2022;11;13;4;3;5;3;0;0;1;1;0;0;0;0;376209,671836083987728;5704408,018982900306582;7,217427433000070;51,477269480000103
182757;5221103701610299278;5;5;62;12;2022;11;12;5;3;0;7;0;0;1;0;0;0;0;0;359322,694784488994628;5725189,656276379711926;6,966091070000060;51,660065729999999
182758;5221108518200348995;5;1;70;24;2022;11;13;3;3;3;7;0;0;1;0;0;0;0;0;336987,580999666010030;5703160,652998910285532;6,653655188000070;51,456122364000102
182759;5221030600120193675;5;3;82;24;2022;10;17;1;3;0;1;1;0;1;0;0;0;0;0;372006,672508358024061;5615568,251559009775519;7,188399386000070;50,677859727000097
182760;5221105706200049812;5;5;58;12;2022;11;11;7;3;5;3;0;0;1;1;0;0;0;0;375012,882999909983482;5755594,188999569974840;7,181849464000040;51,937012527000000
182761;5221026410120190691;5;7;70;32;2022;10;15;4;3;5;3;0;0;1;1;0;0;0;0;490307,548841621028259;5783941,721107969991863;8,858163159000069;52,205835643999997
182763;5221024518200079018;5;1;70;24;2022;10;16;2;3;0;3;0;1;1;1;0;0;0;0;334540,609999638982117;5703396,945998810231686;6,618356260000040;51,457535413000102
182766;5221108502102087262;5;1;13;0;2022;11;6;3;3;0;1;2;0;1;0;0;0;0;0;362545,441771133977454;5702773,965717519633472;7,021418822000040;51,459430257000101
182774;5221108607500186340;5;3;82;56;2022;11;7;3;3;5;2;0;0;1;1;0;0;0;0;373727,537117775995284;5624896,650577460415661;7,209550422000060;50,762084405000103
182775;5221103513210081477;5;1;62;24;2022;11;16;5;3;1;5;1;1;1;1;0;0;0;0;338465,875345711014234;5674766,099854719825089;6,687787353000030;51,201431735000000
182776;5221030405228587286;5;7;54;28;2022;10;10;1;3;0;1;0;0;1;0;0;0;0;0;452518,530903469014447;5743293,356041329912841;8,310834221000050;51,838435748999999
182778;5221026502317071540;5;1;13;0;2022;10;17;4;3;0;7;0;0;1;0;0;0;0;0;355629,278811960015446;5704302,749757410027087;6,921308930000070;51,471446106000002
182785;5221109503200295646;5;1;24;0;2022;11;21;4;3;4;6;2;0;1;1;0;0;0;0;375355,097885461989790;5681935,406423020176589;7,213011630000040;51,275108725999999
182787;5221104709110196522;5;5;66;64;2022;11;17;6;3;5;3;2;0;1;1;0;0;0;0;394665,522133708989713;5770993,709778529591858;7,462873688000060;52,079486295999999
182788;5221025610111294916;5;3;70;16;2022;10;17;3;3;5;3;0;0;1;0;0;1;0;0;295976,149999056011438;5663563,626995420083404;6,086688225000050;51,087237061000103
182793;5221107701110995081;5;5;62;32;2022;11;10;2;3;6;4;0;0;1;0;1;0;0;0;375324,719568344997242;5719254,637558870017529;7,199430775000050;51,610505099000100
182794;5221023603104524148;5;3;66;4;2022;10;16;1;3;0;1;0;0;1;0;0;0;0;0;342554,803016351012047;5605563,037099930457771;6,776093330000040;50,580728560000097
182796;5221025514110582307;5;1;66;32;2022;10;8;3;3;5;3;0;1;1;0;0;0;0;1;318689,419999442994595;5682614,272997960448265;6,401028931000040;51,265997981000098
182798;5221102518300291544;5;1;70;20;2022;11;16;4;3;0;7;0;1;1;0;0;0;0;0;330291,075140268018004;5706956,819994360208511;6,555537356000060;51,488257979000103
182801;5221030705000864594;5;5;54;20;2022;10;19;1;3;5;2;2;0;1;1;0;0;0;0;364002,054999865009449;5786626,543999490328133;7,009409816000070;52,213270366000103
182806;5221111405108694427;5;7;54;8;2022;11;15;6;3;0;7;0;0;1;0;0;0;0;1;456514,541470824973658;5752026,341017999686301;8,367729627000070;51,917276006000101
182807;5221031701300586669;5;5;62;14;2022;10;14;2;3;1;5;0;0;1;1;0;0;0;0;361237,158999848004896;5714078,675999440252781;6,998150129000070;51,560697810000100
182808;5221108518400985982;5;1;70;8;2022;11;13;3;3;5;3;0;0;1;1;0;0;0;0;342792,340999719977845;5715028,873999089933932;6,731843885000050;51,564396096999999
182809;5221102705000993122;5;5;54;8;2022;11;15;4;3;5;3;0;0;1;1;0;0;0;0;335732,093899424013216;5745841,768174420110881;6,615558392000030;51,839196954999998
182810;5221103600110567663;5;3;14;0;2022;11;21;5;3;5;3;2;1;1;1;0;0;0;0;365649,950569688982796;5622515,139045069925487;7,095950562000040;50,738865567000097
182811;5221030500100881219;5;1;11;0;2022;10;2;1;3;0;7;2;0;1;0;0;0;0;0;344115,300970002019312;5676788,047888370230794;6,767708046000050;51,221169077000098
182816;5221024516800186640;5;1;58;20;2022;10;16;2;3;5;3;0;0;1;1;0;0;0;0;358618,477564362983685;5661983,471643740311265;6,981066989000060;51,091901665000101
182818;5221031518400089684;5;1;70;8;2022;10;7;2;3;5;3;0;0;1;1;0;0;0;0;344626,184999732999131;5714900,452999140135944;6,758337007000020;51,563750468000102
182819;5221108301101073910;5;9;13;0;2022;11;9;3;3;0;7;0;0;1;0;0;0;0;0;393399,607089554017875;5708226,326457629911602;7,463704453000050;51,515091097999999
182820;5221109513130852455;5;1;62;22;2022;11;12;4;3;5;3;0;0;1;1;0;0;0;0;336256,588473059004173;5683603,779583729803562;6,652150798000040;51,280205702000003
182822;5221104514116086030;5;1;66;16;2022;11;8;6;2;5;3;0;1;1;1;0;0;0;0;304703,067020262009464;5688915,147543270140886;6,197345555000030;51,317968317000101
182824;5221027514217095753;5;1;66;36;2022;10;14;5;3;7;5;0;0;1;1;0;0;0;0;327913,162570022977889;5682578,063762660138309;6,533127799000060;51,268532012999998
182825;5221029317140993200;5;9;78;28;2022;10;21;7;3;8;1;2;0;1;0;0;0;0;0;401361,271143916004803;5700951,270001649856567;7,580438542000020;51,451142043000097
182829;5221104500200578850;5;1;11;0;2022;11;17;6;3;0;7;2;1;1;0;1;0;0;0;348780,851999766018707;5682594,877999249845743;6,832014298000050;51,274602281000099
182833;5221103602800785806;5;3;62;12;2022;11;7;5;2;0;1;0;0;1;0;0;0;0;0;352105,509887473017443;5634347,906880109570920;6,899363161000050;50,841912979000000
182835;5221104602400773750;5;3;62;32;2022;11;12;6;3;0;1;0;1;1;0;0;0;0;0;336891,644175737979822;5637490,636043149977922;6,682051165000080;50,866063328000102
182836;5221025702100069101;5;5;15;0;2022;10;13;3;3;0;1;0;0;1;0;0;0;0;0;406110,347361525986344;5757496,191165340133011;7,633533520000070;51,960224981000103
182838;5221024301202494225;5;9;13;0;2022;10;17;2;3;5;3;0;1;1;0;0;0;0;1;393417,375999959011097;5709572,900999619625509;7,463553102000050;51,527198083000002
182839;5221110513210993028;5;1;62;24;2022;11;9;5;3;3;6;0;0;1;0;0;0;0;1;338282,716999672993552;5673349,507998970337212;6,685805926000060;51,188652047000097
182844;5221025601700286547;5;3;16;0;2022;10;7;3;3;4;6;1;1;1;1;0;0;0;0;362729,085092837980483;5653868,715062069706619;7,042807276000080;51,019971735000098
182845;5221026701910151884;5;5;62;8;2022;10;13;4;3;0;1;0;0;1;0;0;0;0;0;381584,709080670028925;5726487,506702589802444;7,287345357000050;51,676861906000099