OBJECTID;UIDENTSTLAE;ULAND;UREGBEZ;UKREIS;UGEMEINDE;UJAHR;UMONAT;USTUNDE;UWOCHENTAG;UKATEGORIE;UART;UTYP1;ULICHTVERH;IstStrassenzustand;IstRad;IstPKW;IstFuss;IstKrad;IstGkfz;IstSonstige;LINREFX;LINREFY;XGCSWGS84;YGCSWGS84
182846;5221111600110986337;5;3;14;0;2022;11;15;6;3;5;3;0;0;1;1;0;0;0;0;365206,599703269021120;5624102,214883670210838;7,089090223000030;50,753027291000102
182849;5221031405228578034;5;7;54;28;2022;10;22;2;3;5;3;2;0;1;1;0;0;0;0;450054,093999999982771;5746817,726999660022557;8,274558031000030;51,869906479000100
182850;5221107404302087425;5;7;66;8;2022;11;10;2;3;3;6;0;0;1;0;0;0;1;0;482733,220236096996814;5770329,219023969955742;8,748015007000051;52,083265144000102
182852;5221110411236778085;5;7;74;36;2022;11;5;5;3;5;3;2;0;1;1;0;0;0;0;477299,523000002023764;5720425,377999650314450;8,671997885000049;51,634382206000097
182854;5221111411232537615;5;7;74;32;2022;11;7;6;3;5;3;1;0;1;0;0;0;0;0;481882,697999999974854;5733310,669999659992754;8,737550727000039;51,750404510000102
182858;5221110303100993034;5;9;15;0;2022;11;7;5;3;5;3;0;0;1;1;0;0;0;0;417764,092831745976582;5728399,219304909929633;7,810013271000060;51,700510436999998
182860;5221105514215485960;5;1;66;28;2022;11;2;7;3;8;1;2;0;1;0;0;0;0;0;325060,237331833981443;5688617,330604970455170;6,489313442000030;51,321916764999997
182861;5221026513210076161;5;1;62;24;2022;10;14;4;3;1;5;0;0;1;1;0;0;0;0;338865,611123025999404;5674294,488237179815769;6,693715925000050;51,197307234000000
182862;5221027702100339586;5;5;15;0;2022;10;12;5;3;3;4;0;0;1;0;1;0;0;0;404720,981950032000896;5762021,112920089624822;7,612062492000060;52,000660215000003
182867;5221108405108206274;5;7;54;8;2022;11;13;3;3;5;3;0;0;1;0;0;0;0;0;459580,255999999993946;5750189,185999670065939;8,412517467000040;51,900989814000098
182868;5221109607200090886;5;3;82;20;2022;11;8;4;2;0;7;0;1;1;1;0;0;0;0;381234,355916447006166;5626574,520574170164764;7,315399135000060;50,778751866999997
182870;5221104514210086193;5;1;66;12;2022;11;7;6;3;5;2;0;1;1;1;0;0;0;0;320097,324075516022276;5694158,702423409558833;6,415363290000070;51,370146184000099
182871;5221025709800774768;5;5;66;88;2022;10;16;3;3;4;2;0;0;1;1;0;0;0;0;419022,343999988981523;5788564,856999680399895;7,814022498000040;52,241528243000097
182874;5221030702100150182;5;5;15;0;2022;10;16;1;3;4;6;0;0;1;1;0;0;0;0;408756,682784673990682;5756254,544715999625623;7,672366572000040;51,949504886000099
182875;5221107500200978689;5;1;11;0;2022;11;11;2;3;0;1;0;1;1;0;0;0;0;0;344935,250579141022172;5678430,678296330384910;6,778729580000060;51,236152040000000
182876;5221024301301685018;5;9;78;24;2022;10;6;2;3;8;1;2;1;1;0;0;0;0;0;394220,734846298990306;5719120,996577589772642;7,472254900000050;51,613171499000003
182878;5221025500300772321;5;1;11;0;2022;10;18;3;3;0;1;1;0;1;0;0;0;0;0;344157,680999726988375;5676339,766999140381813;6,768509281000040;51,217152693000102
182882;5221108601300386503;5;3;15;0;2022;11;10;3;3;1;5;0;0;1;1;0;0;0;0;352744,524205195019022;5645466,270787890069187;6,903951306000070;50,941992880000001
182887;5221028600110093628;5;3;14;0;2022;10;13;6;3;1;5;0;0;1;1;0;0;0;0;364935,903457222972065;5621439,660914010368288;7,086230950000070;50,729033655000102
182890;5221101301102948069;5;9;13;0;2022;11;15;3;3;0;7;0;0;1;0;0;0;0;1;396339,300670252996497;5705723,868792629800737;7,506790319000060;51,493144434999998
182892;5221103410110896859;5;7;70;24;2022;11;15;5;3;4;2;0;0;1;1;0;0;0;0;493696,229999999981374;5793002,206999690271914;8,907583069000051;52,287343745000001
182893;5221109508000585407;5;1;19;0;2022;11;15;4;3;5;2;0;0;1;1;0;0;0;0;349343,406999771017581;5712780,082999249920249;6,827249762000060;51,545978437000002
182897;5221030500300074148;5;1;11;0;2022;10;16;1;3;1;1;0;0;1;1;0;0;0;0;343749,451622511027381;5675645,475285190157592;6,762971124000050;51,210802702000102
182898;5221107310210280506;5;9;54;24;2022;11;17;2;3;6;7;2;0;1;0;1;0;0;0;380228,338641190028284;5682674,683835710398853;7,282595322000020;51,282798634000102
182900;5221110301205094450;5;9;13;0;2022;11;11;5;3;5;3;0;0;1;1;0;0;0;0;388210,271184794022702;5714012,527941090054810;7,387110435000070;51,566095027000102
182902;5221110701610551227;5;5;62;12;2022;11;14;5;3;5;3;0;0;1;1;0;0;0;0;362011,695554114994593;5726684,195666809566319;7,004352701000070;51,674162305999999
182908;5221029602700986775;5;3;62;28;2022;10;15;7;3;3;2;0;0;1;0;0;1;0;0;352246,295242702006362;5640551,730329079553485;6,898855412000050;50,897700575999998
182911;5221027602600769700;5;3;62;20;2022;10;12;5;3;0;1;0;0;1;0;0;0;0;0;346034,771999738004524;5630980,837999200448394;6,814616133000070;50,810072318000003
182913;5221110601200993008;5;3;15;0;2022;11;20;5;3;0;1;2;0;1;0;0;0;0;0;355283,884555088006891;5641967,862295949831605;6,941460229000030;50,911196341000000
182916;5221107606100686388;5;3;78;4;2022;11;7;2;2;0;7;0;0;1;0;0;0;0;0;367126,613303315010853;5646250,666351520456374;7,108255384000070;50,952536791999997
182917;5221104514210989305;5;1;66;12;2022;11;14;6;2;5;3;0;0;1;1;0;0;0;0;321037,442999479011633;5694521,007998099550605;6,428672785000060;51,373697750000098
182918;5221025709500176740;5;5;66;76;2022;10;13;3;3;5;3;0;0;1;0;0;0;1;0;394271,122028232028242;5795834,607484090141952;7,449370839000040;52,302665868000098
182919;5221027400200993261;5;7;11;0;2022;10;13;5;3;7;6;0;0;1;0;1;0;0;0;472376,160000001022127;5764394,487999670207500;8,597351175000030;52,029488082000100
182921;5221103705000993117;5;5;54;20;2022;11;15;5;3;5;2;0;0;1;0;0;0;0;0;365864,837653680006042;5786331,801554700359702;7,036774533000030;52,211078601000096
182923;5221031313121085009;5;9;58;32;2022;10;8;2;3;5;3;0;0;1;1;0;0;0;0;449363,293000000994653;5689164,390999640338123;8,272854854000061;51,351493178000098
182924;5221106500300079217;5;1;11;0;2022;11;15;1;3;5;3;0;0;1;1;0;0;0;0;348356,551999762014020;5672529,053999239578843;6,830195573000030;51,184041258000001
182926;5221104317140993100;5;9;78;28;2022;11;19;6;3;0;1;2;0;1;0;0;0;0;0;399757,402308181975968;5698116,019932799972594;7,558167023000070;51,425374374000100
182927;5221025503400378633;5;1;22;0;2022;10;15;3;3;3;6;0;0;1;0;0;0;1;0;365927,303999868978281;5671739,333999480120838;7,081742054000070;51,181335321000098
182928;5221026610111714452;5;3;70;16;2022;10;18;4;2;5;2;2;0;1;1;0;0;0;0;296336,897999059990980;5661553,521995490416884;6,092964762000070;51,069312906000100
182930;5221101516600589272;5;1;58;4;2022;11;12;3;3;5;2;0;0;1;1;0;0;0;0;356057,936999814002775;5674175,331999369896948;6,939653246000030;51,200826510000098
182932;5221028601700781716;5;3;16;0;2022;10;16;6;2;3;6;0;0;1;1;0;0;0;0;359133,615604467981029;5656478,872829060070217;6,990562268000080;51,042559395000097
182935;5221105601100293465;5;3;15;0;2022;11;9;7;3;3;6;0;1;1;0;0;0;0;0;355120,972224485012703;5644548,074074200354517;6,938119386000040;50,934343306000102
182937;5221027711111391857;5;5;70;52;2022;10;15;5;3;5;3;0;0;1;0;0;1;0;0;430796,229185730975587;5756640,144799590110779;7,992912685000020;51,956150314000098
182939;5221111500300165285;5;1;11;0;2022;11;13;6;3;1;5;0;0;1;1;0;0;0;0;351906,384816132020205;5670061,396027290262282;6,881967593000070;51,162797355000102
182940;5221101301201581368;5;9;13;0;2022;11;4;3;3;0;1;2;1;1;0;0;0;0;0;386134,677979253989179;5708801,609657459892333;7,358863157000030;51,518844170000101
182943;5221102608100594783;5;3;34;2;2022;11;8;4;3;0;1;0;0;1;0;0;0;0;0;294816,980999002000317;5628548,541995449922979;6,089864938000060;50,772355937000000
182944;5221109600110993023;5;3;14;0;2022;11;13;4;3;1;7;0;0;1;1;0;0;0;0;364658,335244898975361;5621349,867620239965618;7,082333298000040;50,728162004000097
182947;5221025702100264311;5;5;15;0;2022;10;13;3;3;5;3;0;0;1;1;0;0;0;0;405971,656895659980364;5757041,256808619946241;7,631640167000060;51,956112386000001
182949;5221024404302542854;5;7;66;8;2022;10;11;2;3;5;2;0;0;1;1;0;0;0;0;483147,282000000006519;5769647,247999669983983;8,754091307000071;52,077146472999999
182951;5221031600130069576;5;3;82;8;2022;10;18;2;3;1;5;2;0;1;1;0;0;0;0;375310,041213402000722;5610932,108107959851623;7,236692395000030;50,636903678000103
182952;5221107506100591500;5;1;16;0;2022;11;7;2;3;5;2;0;0;1;1;0;0;0;0;323352,958031187998131;5677042,506589270196855;6,470555316000060;51,217409167000000
182954;5221104301205179517;5;9;13;0;2022;11;6;6;3;8;7;0;2;1;0;0;0;0;0;388550,253673547005747;5713664,143001269549131;7,392124054000020;51,563031011000099
182956;5221026602300886443;5;3;62;36;2022;10;18;4;3;0;1;2;0;1;0;0;0;0;0;343106,193999714974780;5655555,417999120429158;6,762510477000030;51,030108667000000
182957;5221102411132182083;5;7;74;32;2022;11;11;4;2;7;2;0;0;1;1;0;0;0;0;482037,310999999986961;5731666,118999660015106;8,739875373000070;51,735622902000003
182959;5221028705000973525;5;5;54;8;2022;10;10;6;3;5;3;0;0;1;1;0;0;0;0;337144,142999672971200;5745760,797998880036175;6,636074287000040;51,838883096000103
182961;5221104601100082122;5;3;15;0;2022;11;10;6;3;7;1;0;1;1;0;0;0;0;0;356047,947130128974095;5646136,367652069777250;6,950675163000030;50,948849156000101
182963;5221027609220579477;5;3;58;20;2022;10;13;5;2;0;6;0;0;1;0;0;0;0;0;313906,164576204027981;5635680,364485199563205;6,356670874000030;50,842860919000003
182964;5221024600140995389;5;3;14;0;2022;10;20;2;3;5;3;2;1;1;1;0;0;0;0;368320,633364874986000;5621351,587452420033514;7,134194313000020;50,729019133000101
182965;5221110518400019985;5;1;70;8;2022;11;18;5;3;3;6;2;0;1;1;0;0;0;0;340716,422776484978385;5715041,992360710166395;6,701912828000050;51,563931492000101
182967;5221107513210095463;5;1;62;24;2022;11;8;2;3;0;1;0;0;1;0;0;0;0;0;339121,010465387022123;5674638,135455300100148;6,697214228000060;51,200466843000100
182969;5221025709700576365;5;5;66;28;2022;10;16;3;3;5;3;0;0;1;1;0;0;0;0;414292,273999986995477;5791423,689999680034816;7,744039000000040;52,266508408999997
182970;5221027518410590521;5;1;70;16;2022;10;13;5;3;1;2;0;0;1;1;0;0;0;0;345784,520999745000154;5723196,525999169796705;6,771387803000040;51,638606738000099
182972;5221103706000291823;5;5;58;16;2022;11;13;5;3;0;7;0;0;1;0;0;0;0;0;381185,568124663026538;5743561,024760539643466;7,275740206000020;51,830222035000098
182973;5221031317110494317;5;9;78;36;2022;10;12;2;3;1;7;0;0;1;1;0;0;0;0;406334,737109565990977;5710653,632897510193288;7,649416943000060;51,539203522000001
182975;5221028518300595939;5;1;70;20;2022;10;17;6;3;5;3;0;0;1;1;0;0;0;0;329137,241999581980053;5709713,902998560108244;6,537598948000040;51,512678592000000
182976;5221110501125579596;5;1;12;0;2022;11;12;5;3;6;6;0;0;1;0;1;0;0;0;344179,638999729999341;5703915,561999130062759;6,756755294000070;51,464930299000102
182977;5221025600350934351;5;3;82;32;2022;10;16;3;3;3;6;0;0;1;1;0;0;0;0;359908,447824775008485;5609836,335858199745417;7,019435284000050;50,623556870000101
182979;5221111500300576299;5;1;11;0;2022;11;9;6;3;5;3;0;0;1;1;0;0;0;0;345508,135999738005921;5675629,640999170020223;6,788136680000040;51,211138874000000
182981;5221103701800380898;5;5;62;4;2022;11;7;5;3;5;2;0;0;1;1;0;0;0;0;382818,528401992982253;5712556,202514880336821;7,309839967000070;51,551911336000003
182984;5221030310130785267;5;9;54;20;2022;10;16;1;3;0;1;0;0;1;0;0;0;0;0;392150,615676013985649;5695595,745267979800701;7,449563496000050;51,401324191000100
182985;5221105605104686484;5;3;74;4;2022;11;13;7;2;9;1;0;0;1;0;0;0;0;0;404724,876400534994900;5652358,437117519788444;7,641755373000020;51,014888579000100
182986;5221026310220585535;5;9;54;8;2022;10;12;4;3;5;3;0;0;1;0;0;0;0;1;385808,898999942000955;5684323,978999589569867;7,362051509000030;51,298769223000100
182990;5221101313110884941;5;9;58;4;2022;11;12;3;3;5;2;0;0;1;1;0;0;0;0;428369,062172868987545;5696922,524273220449686;7,969856490000040;51,418983498000003
182996;5221104601200993575;5;3;15;0;2022;11;7;6;3;0;1;0;1;1;0;0;0;0;0;354512,179728741990402;5642935,586253300309181;6,930104702000050;50,919699047000101
182997;5221025603116996194;5;3;66;16;2022;10;7;3;3;4;1;2;1;1;0;0;0;0;0;343247,559999711986165;5613620,420999139547348;6,782467101000070;50,653321480000002
182998;5221027411132350043;5;7;74;32;2022;10;6;5;3;0;7;2;0;1;0;0;0;0;0;483712,620999999984633;5730058,033999660052359;8,764211188000051;51,721215320000098
182999;5221023601300786503;5;3;15;0;2022;10;9;1;3;0;2;0;1;1;1;0;0;0;0;355037,600999807007611;5645976,228999360464513;6,936365402000040;50,947156835000001
183000;5221110601200399867;5;3;15;0;2022;11;8;5;3;5;2;0;0;1;1;0;0;0;0;359586,983999833988491;5637424,553999410010874;7,004376326000060;50,871427561000097
183003;5221023601600819570;5;3;15;0;2022;10;16;1;3;6;1;0;0;1;0;1;0;0;0;361701,234958301996812;5645195,416779680177569;7,031461759000020;50,941776685999997
183005;5221025505100091407;5;1;14;0;2022;10;8;3;3;1;5;0;0;1;1;0;0;0;0;332010,702780117979273;5686246,009797110222280;6,590084800000060;51,302707654000102
183006;5221026608404780835;5;3;34;4;2022;10;19;4;3;0;5;2;0;1;1;0;0;0;0;301199,252419051015750;5639437,616465389728546;6,174364845000070;50,872382223999999
183012;5221028601100374258;5;3;15;0;2022;10;8;6;3;0;6;0;0;1;1;0;0;0;1;355189,657970599015243;5645877,778011560440063;6,938567681000050;50,946310297000103
183013;5221110301306295039;5;9;13;0;2022;11;17;5;3;4;6;2;0;1;0;0;1;0;0;401175,259351545013487;5714997,385793229565024;7,573824318000050;51,577369093000101
183014;5221024702100587866;5;5;15;0;2022;10;13;2;3;5;2;0;0;1;1;0;0;0;0;407523,013999980990775;5757721,375999660231173;7,654026609000030;51,962485819999998
183015;5221110608100775510;5;3;34;2;2022;11;15;5;3;0;1;0;0;1;0;0;0;0;1;294786,133052350021899;5629083,065047239884734;6,089129806000070;50,777145703000002
183016;5221031609108180820;5;3;58;8;2022;10;15;2;3;5;2;0;0;1;1;0;0;0;0;322445,906999479979277;5630248,052998309955001;6,480472624000070;50,796740120999999
183017;5221108701910448544;5;5;62;8;2022;11;15;3;2;5;3;0;0;1;1;0;0;0;0;384635,409999938972760;5722938,625999599695206;7,332619001000070;51,645600639000101
183019;5221110410120490733;5;7;70;32;2022;11;13;5;3;0;6;0;0;1;1;0;0;0;0;501136,300000000977889;5787905,417999680154026;9,016641666000060;52,241555779000102
183020;5221103514210291565;5;1;66;12;2022;11;8;5;3;4;6;0;0;1;0;0;0;0;0;319745,067999463004526;5692949,170998009853065;6,410921145000030;51,359169577999999
183024;5221028313110082031;5;9;58;4;2022;10;16;6;2;0;7;0;0;1;0;0;0;0;0;428095,654137236007955;5697568,632766299881041;7,965794115000050;51,424757643000099
183027;5221028316100880559;5;9;74;40;2022;10;20;6;3;0;1;2;0;1;0;0;0;0;0;438736,828815172018949;5713572,149575239978731;8,116046784000050;51,569890174000101
183028;5221110315110089967;5;9;70;40;2022;11;16;5;3;7;4;0;0;1;0;1;0;0;0;431789,549224201007746;5639070,120458429679275;8,030009758000061;50,899257404000103
183031;5221102303100529416;5;9;15;0;2022;11;8;4;2;5;2;0;0;1;1;0;0;0;0;422067,207033819984645;5726344,719071740284562;7,872726654000080;51,682655220000100
183037;5221026600310193367;5;3;14;0;2022;10;16;4;3;5;3;0;0;1;1;0;0;0;0;362418,424685315985698;5618527,076780449599028;7,051667715000060;50,702265370000099
183038;5221027702100079097;5;5;15;0;2022;10;20;5;3;5;3;2;0;1;1;0;0;0;0;405877,256999977980740;5757538,694999660365283;7,630130532000070;51,960567615000102
183043;5221102601700799037;5;3;16;0;2022;11;18;4;3;5;3;2;0;1;1;0;0;0;0;361497,182999846991152;5654515,126999439671636;7,025007162000070;51,025485689999996
183044;5221109608100575516;5;3;34;2;2022;11;21;4;3;1;5;2;0;1;1;0;0;0;0;293682,637974269979168;5630245,105862240307033;6,072846874000050;50,787190655000103
183045;5221030300100707063;5;9;11;0;2022;10;16;1;2;5;2;0;0;1;1;0;0;0;0;375298,450999911001418;5704479,700999559834599;7,204287513000050;51,477713575999999
183047;5221025705000731358;5;5;54;68;2022;10;11;3;3;5;3;0;0;1;0;0;0;0;1;350894,034999786992557;5767551,262999280355871;6,826052029000040;52,038502204000103
183048;5221027500300687368;5;1;11;0;2022;10;13;5;3;4;2;0;0;1;1;0;0;0;0;344220,592999727989081;5675633,501999139785767;6,769716136000060;51,210823822000101
183050;5221110601400993012;5;3;15;0;2022;11;15;5;3;5;2;0;0;1;1;0;0;0;0;353964,640855990990531;5655314,309115310199559;6,917348241000070;51,030803446999997
183051;5221031601400776589;5;3;15;0;2022;10;10;2;2;0;1;0;0;1;0;0;0;0;0;354280,039684212999418;5653702,973536379635334;6,922490651000030;51,016403157000099
183064;5221025400300791388;5;7;11;0;2022;10;17;3;3;0;3;0;0;1;0;1;0;0;0;464155,005000000994187;5761333,774999669753015;8,477843725000071;52,001500135000100
183066;5221031705000530800;5;5;54;68;2022;10;11;2;2;5;3;0;0;1;1;0;0;0;0;350151,143284528981894;5767966,884446229785681;6,815047107000050;52,042036037000102
183067;5221108400300474306;5;7;11;0;2022;11;8;3;3;8;7;0;0;1;1;0;0;0;0;472343,412291312997695;5756047,458898819983006;8,597547211000061;51,954440411000100
183068;5221102601400190318;5;3;15;0;2022;11;8;4;3;0;2;0;0;1;1;0;0;0;0;354183,062018320022617;5648819,660017039626837;6,923069639000060;50,972494241000000
183069;5221109601300493462;5;3;15;0;2022;11;20;4;3;7;1;2;0;1;0;0;0;0;0;349334,798967611975968;5644487,717686530202627;6,855857492000040;50,932318420999998
183070;5221103601400486384;5;3;15;0;2022;11;17;5;3;3;6;2;1;1;1;0;0;0;0;357317,686999820987694;5646862,495999380014837;6,968454599000040;50,955690505000099
183071;5221029610121144973;5;3;70;12;2022;10;15;7;3;0;7;0;0;1;0;0;0;0;0;294290,937999012006912;5651808,943995210342109;6,069330068000060;50,981070628000097
183072;5221105316100980503;5;9;74;40;2022;11;16;7;3;0;7;2;0;1;1;0;0;0;0;438815,448999996995553;5713594,335999649949372;8,117177169000060;51,570098180000102
183078;5221107516300591252;5;1;58;28;2022;11;11;2;3;1;7;0;0;1;1;0;0;0;0;349362,360228509991430;5684710,410130379721522;6,839452724000070;51,293765768000100
183080;5221025608200064212;5;3;34;2;2022;10;15;3;2;3;2;0;0;1;0;0;0;0;0;295895,339295896992553;5626562,295853179879487;6,106240004000030;50,754897088000099
183086;5221108411132594299;5;7;74;32;2022;11;16;3;3;5;3;0;0;1;1;0;0;0;0;485181,368000001006294;5731869,195999659597874;8,785396646000040;51,737540780000103
183088;5221029516800891085;5;1;58;20;2022;10;14;7;3;5;3;0;0;1;1;0;0;0;0;356367,655381112010218;5664403,692827279679477;6,947983991000060;51,113091879000102
183089;5221104518400391102;5;1;70;8;2022;11;8;6;3;5;3;0;0;1;0;0;0;0;0;344002,886999728973024;5716237,275999120436609;6,748758339000060;51,575589333000003
183092;5221029310110016858;5;9;54;16;2022;10;12;7;3;1;5;0;0;1;1;0;0;0;0;372307,914002490986604;5697025,522331579588354;7,163936391000050;51,410054338000101
183094;5221107505200885879;5;1;14;0;2022;11;13;2;3;5;3;0;0;1;1;0;0;0;0;329266,694999581028242;5691038,070998590439558;6,548463079000040;51,344942091000100
183095;5221023601300686560;5;3;15;0;2022;10;14;1;2;5;3;0;0;1;1;0;0;0;0;349147,868703325977549;5644930,517952890135348;6,853015963000080;50,936248690000099
183096;5221104313220796920;5;9;58;24;2022;11;14;6;2;0;5;0;0;1;1;0;0;0;0;488514,767243159993086;5700425,303218980319798;8,834700192000071;51,454889933000103
183098;5221026711313387237;5;5;70;8;2022;10;14;4;3;4;6;0;0;1;0;0;0;0;0;433036,648999997007195;5734308,575999650172889;8,029838641000030;51,755666420000097
183103;5221103601100093465;5;3;15;0;2022;11;8;5;3;0;1;0;0;1;0;0;0;0;0;354753,242553493008018;5644942,618081069551408;6,932732328000040;50,937796477000099
183107;5221109706100085357;5;5;58;16;2022;11;13;4;3;3;6;0;0;1;1;0;0;0;0;381275,078999930003192;5744739,677999599836767;7,276634137000030;51,840833789000001
183109;5221110608200794760;5;3;34;2;2022;11;8;5;3;5;3;0;0;1;1;0;0;0;0;295546,188309362973087;5628418,917778019793332;6,100265249000070;50,771449184000097
183110;5221101316100594438;5;9;74;32;2022;11;6;3;3;0;1;2;0;1;0;0;0;0;0;441964,291052353975829;5704037,607392660342157;8,164180776000020;51,484509195000001
183111;5221107709300081036;5;5;66;84;2022;11;11;2;3;0;7;0;0;1;0;0;0;0;0;385740,960999943024945;5779262,833999630063772;7,329921133000030;52,152030826000001
183112;5221103301201985664;5;9;13;0;2022;11;17;5;2;5;7;2;1;1;1;0;0;0;0;392252,242151578015182;5708378,819432429969311;7,447128826000040;51,516244090999997
183114;5221029702100576692;5;5;15;0;2022;10;15;7;3;4;6;0;0;1;0;0;0;0;0;404747,635113622993231;5752681,952678140252829;7,615040211000060;51,916720793000103
183115;5221105500300574539;5;1;11;0;2022;11;14;7;3;5;2;0;0;1;0;0;0;0;0;353295,504326990980189;5666620,710285889916122;6,903222462000030;51,132236440000000
183116;5221026502103195021;5;1;13;0;2022;10;8;4;3;0;7;0;0;1;1;0;0;0;0;362799,701999854005408;5703687,066999459639192;7,024722060000040;51,467697467000100
183117;5221027601600993463;5;3;15;0;2022;10;9;5;3;0;3;0;0;1;1;0;0;0;0;363021,093703104008455;5646207,140570430085063;7,049856333000040;50,951184500000103
183118;5221024606100095287;5;3;78;4;2022;10;11;2;3;4;2;0;0;1;1;0;0;0;0;367708,091999877011403;5646828,317999489605427;7,116319270000080;50,957862320000103
183123;5221025709500876740;5;5;66;76;2022;10;18;3;3;0;2;2;0;1;1;0;0;0;0;396346,174730885017198;5787708,047355529852211;7,482288507000020;52,230024854000099
183124;5221027500200700428;5;1;11;0;2022;10;7;5;3;3;6;2;0;1;1;0;0;0;0;345503,736653776024468;5688755,194841030053794;6,782401541000070;51,329075492000101
183126;5221028706100165763;5;5;58;32;2022;10;12;6;3;6;1;0;1;1;0;1;0;0;0;387356,260404656000901;5753574,020451320335269;7,361982549000060;51,921492042000096
183127;5221103601700195390;5;3;16;0;2022;11;16;5;3;5;2;0;1;1;1;0;0;0;0;360167,888999837974552;5655652,652999419718981;7,005625339000060;51,035386834000100
183128;5221030705000491795;5;5;54;12;2022;10;15;1;3;0;1;0;0;1;0;0;0;0;0;354100,395597981987521;5746138,246341629885137;6,881850595000060;51,846961954000101
183129;5221106601300093462;5;3;15;0;2022;11;11;1;3;0;7;0;0;1;0;0;0;0;0;350581,417894896992948;5644944,753911159932613;6,873397837000030;50,936749826000003
183131;5221109700000395222;5;5;13;0;2022;11;14;4;3;5;3;0;0;1;1;0;0;0;0;367371,377999878022820;5714619,549999509938061;7,086386465000030;51,567034262000000
183137;5221103515210993115;5;1;54;12;2022;11;16;5;2;5;3;0;1;1;1;0;0;0;0;311072,530999345995951;5708668,279997210018337;6,278119015000070;51,497536662000101
183138;5221030516800096233;5;1;58;26;2022;10;12;1;2;0;7;0;0;1;0;0;0;0;0;351961,408659122011159;5663316,526984389871359;6,885525018000070;51,102201137000101
183139;5221105605104716923;5;3;74;4;2022;11;14;7;2;0;7;0;0;1;0;0;0;0;0;407076,434681533020921;5650831,290793810039759;7,675660619000040;51,001544226000100
183142;5221030608100077574;5;3;34;2;2022;10;13;1;3;0;1;0;0;1;0;0;0;0;0;293911,192010033992119;5628585,878422159701586;6,077014912000040;50,772370203000001
183144;5221023515211086195;5;1;54;16;2022;10;17;1;3;0;5;1;0;1;1;0;0;0;0;303571,604906335996930;5728900,622179119847715;6,158873033000020;51,676678620000096
183147;5221027300000489970;5;9;11;0;2022;10;14;5;3;5;3;0;0;1;1;0;0;0;0;377020,817999914987013;5705434,539999569766223;7,228744395000040;51,486672215000098
183148;5221111518100993001;5;1;70;48;2022;11;8;6;2;5;3;0;0;1;1;0;0;0;0;334708,545999647001736;5727940,887998799793422;6,609227616000060;51,678082988000000
183150;5221108610211594778;5;3;70;4;2022;11;16;3;3;5;3;0;0;1;1;0;0;0;0;311869,489999332989100;5661029,658997450023890;6,314674050000060;51,069908274000099
183155;5221025302100229173;5;9;14;0;2022;10;16;3;3;5;2;0;0;1;0;0;0;0;1;394341,053999959025532;5694742,386999620124698;7,481295187000060;51,394065857999998
183156;5221111316100380652;5;9;74;24;2022;11;0;6;2;0;1;2;0;1;0;0;0;0;0;433305,226470516994596;5724966,208117599599063;8,035517471000050;51,671709448999998
183158;5221108405108032030;5;7;54;8;2022;11;18;3;3;0;7;2;0;1;0;1;0;0;0;456360,778999999980442;5750609,027999670244753;8,365673656000070;51,904521562000099
183166;5221110503100881995;5;1;24;0;2022;11;15;5;2;0;1;0;0;1;0;0;0;0;0;368652,473044954997022;5674646,086121080443263;7,119646551000070;51,208091955999997
183167;5221031601300099802;5;3;15;0;2022;10;8;2;3;0;5;0;0;1;1;0;0;0;0;352522,655788192991167;5648598,566762570291758;6,899526355000030;50,970084624000002
183169;5221104411108055604;5;7;74;8;2022;11;14;6;3;0;3;0;0;1;1;0;0;0;0;487686,061660056991968;5737047,129373080097139;8,821485894000030;51,784157675000102
183170;5221025706000491823;5;5;58;16;2022;10;14;3;2;0;2;0;1;1;0;0;0;0;1;381728,495052443002351;5743497,199949369765818;7,283637260000030;51,829763644000103
183171;5221027516900490891;5;1;58;26;2022;10;10;5;3;0;5;0;0;1;1;0;0;0;0;353327,917356301972177;5662544,811655240133405;6,905342713000040;51,095617476000001
183173;5221109400100993056;5;7;11;0;2022;11;9;4;3;0;3;0;0;1;0;0;0;1;0;468299,073000001022592;5764876,049999670125544;8,537880328000030;52,033599559999999
183183;5221030600380993216;5;3;14;0;2022;10;12;1;3;0;1;0;0;1;0;0;0;0;0;369407,804997491999529;5618274,190465089865029;7,150679310000040;50,701604138000100
183184;5221106303100594461;5;9;15;0;2022;11;10;1;3;5;3;0;0;1;1;0;0;0;0;416369,973999987996649;5724767,533999649807811;7,790714788000060;51,667657597000101
183186;5221027602700073825;5;3;62;28;2022;10;15;5;3;4;6;0;0;1;0;0;1;0;0;347927,128999756008852;5639997,103999230079353;6,837711322000080;50,891595349000099
183188;5221111303100094500;5;9;15;0;2022;11;11;6;3;0;7;0;0;1;1;0;0;0;0;421679,729809765995014;5726401,911607130430639;7,867110263000030;51,683115452999999
183189;5221101310230593942;5;9;54;12;2022;11;9;3;3;3;7;0;0;1;1;0;0;0;0;383947,417999937024433;5686521,376999589614570;7,334647629000070;51,318143497000101