OBJECTID;UIDENTSTLAE;ULAND;UREGBEZ;UKREIS;UGEMEINDE;UJAHR;UMONAT;USTUNDE;UWOCHENTAG;UKATEGORIE;UART;UTYP1;ULICHTVERH;IstStrassenzustand;IstRad;IstPKW;IstFuss;IstKrad;IstGkfz;IstSonstige;LINREFX;LINREFY;XGCSWGS84;YGCSWGS84
183190;5221108502226796544;5;1;13;0;2022;11;17;3;2;0;1;1;1;1;0;0;0;0;0;360581,872252994973678;5697827,102690010331571;6,995120633000060;51,414496010000100
183191;5221103303100523121;5;9;15;0;2022;11;15;5;3;2;6;0;0;1;1;0;0;0;0;423453,445686865015887;5725740,032104809768498;7,892906675000060;51,677409906000001
183193;5221030301101685591;5;9;13;0;2022;10;12;1;3;5;3;0;0;1;1;0;0;0;0;392382,120999957027379;5707149,329999620094895;7,449375216000020;51,505217689000098
183195;5221025709700676667;5;5;66;56;2022;10;8;3;3;0;1;1;1;1;0;0;0;0;0;416852,522169989999384;5796702,222007740288973;7,780244891000050;52,314347427000001
183196;5221027600110499997;5;3;14;0;2022;10;14;5;3;0;6;0;0;1;1;0;0;0;0;366085,956800282001495;5621374,460762520320714;7,102540552000050;50,728713884999998
183199;5221110514210046108;5;1;66;12;2022;11;19;5;3;5;3;2;0;1;1;0;0;0;0;319758,278999464004301;5694034,536998010240495;6,410560569000040;51,368923338999998
183200;5221031608200780711;5;3;34;2;2022;10;18;2;3;5;3;2;0;1;0;0;0;0;1;291987,967159375024494;5629052,841568600386381;6,049511914000050;50,775877590999997
183201;5221107609108879477;5;3;58;8;2022;11;13;2;3;5;7;0;0;1;1;0;0;0;0;322250,288999478972983;5631420,858998290263116;6,477131960000070;50,807216749000098
183203;5221130502100291615;5;1;13;0;2022;11;9;4;3;5;3;0;0;1;1;0;0;0;0;363368,137999859987758;5701455,508999469690025;7,033762805000040;51,447781120999998
183205;5221114608100889923;5;3;34;2;2022;11;8;2;3;5;3;0;0;1;1;0;0;0;0;293658,459998979989905;5629551,388995249755681;6,072893686000040;50,780951719000001
183206;5221125608416071699;5;3;34;16;2022;11;14;6;3;0;5;0;0;1;1;0;0;0;0;295248,873761297028977;5634956,179379019886255;6,092409907000050;50,830057009000001
183208;5221122303100093923;5;9;15;0;2022;11;8;3;3;3;6;0;1;1;1;0;0;0;0;416406,256999987992458;5724572,610999650321901;7,791285950000030;51,665910742000101
183214;5221123711214890018;5;5;70;4;2022;11;11;4;2;0;3;0;0;1;1;0;0;0;0;423194,743267349025700;5733290,351008139550686;7,887501713000060;51,745249751000102
183215;5221114514219646108;5;1;66;36;2022;11;12;2;3;1;3;0;0;1;1;0;0;0;0;328175,871999565977603;5679670,301998550072312;6,538286303000060;51,242488539000099
183218;5221125506100591413;5;1;16;0;2022;11;12;6;3;0;5;0;0;1;0;0;0;0;1;321261,148709375993349;5673420,012268859893084;6,442437893000030;51,184216578000097
183221;5221122300500177650;5;9;11;0;2022;11;16;3;3;5;3;1;0;1;1;0;0;0;0;380122,462079511024058;5701334,246713169850409;7,274785744000040;51,450486056000003
183222;5221123601100897505;5;3;15;0;2022;11;18;4;3;5;2;2;1;1;1;0;0;0;0;356246,584246713027824;5644955,475926700048149;6,953967120000070;50,938286234000003
183226;5221116601400076563;5;3;15;0;2022;11;19;4;3;0;1;2;1;1;0;0;0;0;0;355782,170999812020455;5649544,016999370418489;6,945543324000030;50,979406494999999
183228;5221130709700992680;5;5;66;28;2022;11;17;4;3;5;2;2;1;1;1;0;0;0;0;412679,934999984980095;5792531,872999680228531;7,720131238000020;52,276215442000101
183229;5221125316100049278;5;9;74;40;2022;11;7;6;3;5;3;2;1;1;1;0;0;0;0;439547,642999998002779;5712102,419999649748206;8,127997174000029;51,556763966000098
183230;5221115600110099957;5;3;14;0;2022;11;9;3;3;0;7;0;0;1;1;0;0;0;0;365824,549459996982478;5623085,356755410321057;7,098215925000030;50,744031018999998
183233;5221122709110052454;5;5;66;64;2022;11;7;3;3;5;3;0;0;1;1;0;0;0;0;394973,505999961984344;5771171,214999649673700;7,467311642000030;52,081140155000099
183234;5221129405108087099;5;7;54;8;2022;11;9;3;2;5;3;0;1;1;1;0;0;0;0;456711,831000000005588;5750153,787999670021236;8,370833289000069;51,900456086000098
183235;5221128600110594923;5;3;14;0;2022;11;7;2;3;4;6;2;1;1;0;0;0;0;0;361697,618109246017411;5622996,444238729774952;7,039790737000030;50,742263563000101
183236;5221112607500556079;5;3;82;56;2022;11;15;7;3;5;2;0;0;1;0;0;0;0;0;373308,901999900990631;5626910,093999519944191;7,202924103000040;50,780090843000004
183238;5221202600110595282;5;3;14;0;2022;12;12;6;3;5;3;0;0;1;0;0;0;0;1;363993,950176981976256;5623652,968479439616203;7,072075254000030;50,748706681000002
183244;5221116516500081919;5;1;58;16;2022;11;13;4;3;5;2;0;0;1;1;0;0;0;0;355121,524999808985740;5671535,951999359764159;6,927323729000020;51,176871507999998
183245;5221122505200091475;5;1;14;0;2022;11;9;3;3;0;1;0;1;1;0;0;0;0;0;335336,801651482994203;5692317,939860410057008;6,634949503000030;51,358231696000097
183251;5221128601200992716;5;3;15;0;2022;11;13;2;3;0;1;0;1;1;0;0;0;0;0;355260,839738060021773;5642341,809072719886899;6,940984315000040;50,914551156000101
183255;5221201505200491558;5;1;14;0;2022;12;12;5;3;6;4;0;0;1;0;1;0;0;0;330239,035620153008495;5689794,895645099692047;6,563003839000030;51,334064836000003
183256;5221125500200446012;5;1;11;0;2022;11;8;6;3;1;5;0;1;1;1;0;0;0;0;347047,687281212012749;5677355,314470100216568;6,809424970000070;51,227059456000099
183257;5221115601200890383;5;3;15;0;2022;11;14;3;3;5;3;0;0;1;0;0;1;0;0;353644,646693625021726;5643936,809509620070457;6,917368910000050;50,928477329000003
183258;5221121410250695672;5;7;70;44;2022;11;17;2;2;5;3;2;0;1;1;0;0;0;0;455100,325000000011642;5810881,258999690413475;8,339374528000061;52,446274705000100
183259;5221122608436669628;5;3;34;36;2022;11;8;3;3;5;3;0;1;1;1;0;0;0;0;298944,460999089991674;5633305,830996059812605;6,145723889000070;50,816529428000102
183261;5221113608404089812;5;3;34;4;2022;11;17;1;3;5;3;1;0;1;1;0;0;0;0;301090,473999136011116;5640963,082996309734881;6,171990881000060;50,886046129000100
183262;5221202608404089900;5;3;34;4;2022;12;11;6;3;5;3;0;1;1;1;0;0;0;0;300679,131999129022006;5640122,117996259592474;6,166608747000050;50,878351103999996
183263;5221116608332069642;5;3;34;32;2022;11;14;4;3;1;5;0;0;1;1;0;0;0;0;303185,697202532028314;5628216,415817840024829;6,208583582000070;50,772272338999997
183264;5221118514114992895;5;1;66;24;2022;11;7;6;3;5;2;1;1;1;1;0;0;0;0;309788,214999307994731;5676939,486997189931571;6,276600560000080;51,212126822000101
183265;5221117514210185921;5;1;66;12;2022;11;9;5;3;5;3;0;1;1;1;0;0;0;0;320078,624410114018247;5694988,027473989874125;6,414675090000060;51,377589890000102
183269;5221116301101095215;5;9;13;0;2022;11;17;4;3;5;3;2;0;1;1;0;0;0;0;394227,441733938991092;5707002,345984529703856;7,475997612000070;51,504244923999998
183271;5221123600110992697;5;3;14;0;2022;11;16;4;3;4;6;1;0;1;0;0;0;0;1;363551,683440459019039;5623444,731015410274267;7,065886946000030;50,746731308999998
183275;5221116709800200966;5;5;66;40;2022;11;20;4;2;8;7;2;0;1;0;0;0;0;0;421300,812499039981049;5782286,846567150205374;7,848844758000040;52,185426877000097
183284;5221129410110887124;5;7;70;24;2022;11;14;3;3;5;3;0;1;1;1;0;0;0;0;491446,459000002010725;5795510,442999689839780;8,874536484000030;52,309863573000001
183285;5221128513210891336;5;1;62;24;2022;11;13;2;3;5;3;0;1;1;1;0;0;0;0;337880,645711205026601;5671455,252559489570558;6,680911834000030;51,171518552000101
183286;5221112702100076692;5;5;15;0;2022;11;12;7;3;6;4;0;0;1;0;1;0;0;0;405710,496746012009680;5757640,530983880162239;7,627676286000050;51,961454705999998
183288;5221202601200586367;5;3;15;0;2022;12;8;6;3;5;2;0;1;1;1;0;0;0;0;354445,801999802002683;5643135,219999349676073;6,929081316000070;50,921476364000100
183289;5221117601500278386;5;3;15;0;2022;11;17;5;3;0;1;2;0;1;0;0;0;0;0;357324,859999820007943;5644949,455999390222132;6,969306159000040;50,938499931000102
183291;5221129711411081044;5;5;70;28;2022;11;7;3;3;3;5;0;1;1;1;0;0;0;0;441341,899999998975545;5742209,090999660082161;8,148813245000040;51,827625768000097
183292;5221115404301090726;5;7;66;44;2022;11;13;3;3;1;5;0;0;1;1;0;0;0;0;493469,296563813986722;5764087,270558830350637;8,904812249000029;52,027375441000103
183294;5221122300800373301;5;9;54;36;2022;11;5;3;3;0;1;2;1;1;0;0;0;0;0;383828,427999938023277;5699739,935999589972198;7,328618573000030;51,436928904000098
183301;5221128701610297118;5;5;62;12;2022;11;10;2;3;5;3;0;1;1;1;0;0;0;0;359186,300999837985728;5724108,806999419815838;6,964555718000040;51,650319269000100
183302;5221113711114791712;5;5;70;52;2022;11;19;1;2;0;1;2;0;1;0;0;0;0;0;428455,705065989983268;5753295,906898749992251;7,959553999000040;51,925790864000099
183303;5221117411132778163;5;7;74;32;2022;11;17;5;3;0;1;2;0;1;0;0;0;0;0;483336,216713681991678;5729308,071347430348396;8,758797995000069;51,714461110999999
183307;5221115608100085809;5;3;34;2;2022;11;17;3;3;5;3;1;1;1;1;0;0;0;0;293655,999820286990143;5629549,042886390350759;6,072860152000030;50,780929774000100
183310;5221123301103280864;5;9;13;0;2022;11;11;4;3;0;4;0;0;1;0;1;0;0;0;391150,721781242988072;5703859,962504769675434;7,432653931000060;51,475415783000102
183316;5221130601500499204;5;3;15;0;2022;11;18;4;3;0;3;2;1;1;1;0;0;0;0;359892,651058877992909;5646280,295838579535484;7,005317656000050;50,951089988000000
183317;5221124610111685702;5;3;70;16;2022;11;11;5;2;5;2;0;0;1;1;0;0;0;0;294577,016999022976961;5658548,245995219796896;6,069585173000060;51,041696576000000
183318;5221114705000578089;5;5;54;12;2022;11;7;2;3;0;3;0;0;1;0;0;0;0;0;352380,861112447979394;5746700,799059810116887;6,856665201000060;51,851564435999997
183322;5221127411108537691;5;7;74;8;2022;11;19;1;3;5;3;2;0;1;0;1;0;0;0;487569,905000001017470;5736925,957999659702182;8,819806331000050;51,783065625000098
183325;5221202516300278874;5;1;58;28;2022;12;19;6;2;5;3;2;1;1;0;0;0;0;1;349744,543911569984630;5684820,922654040157795;6,844883583000070;51,294859774000003
183326;5221118314130390198;5;9;66;28;2022;11;12;6;3;5;3;0;1;1;1;0;0;0;0;419807,271999990975019;5647551,807999620214105;7,857781793000070;50,973974815000098
183327;5221123711311094426;5;5;70;8;2022;11;11;4;3;5;2;0;0;1;1;0;0;0;0;433522,388142691983376;5734038,190223280340433;8,036926637000020;51,753293501000002
183328;5221114505100279384;5;1;14;0;2022;11;17;2;3;0;1;2;0;1;0;0;0;0;0;332154,362971793976612;5689307,478064199909568;6,590702634000020;51,330254439999997
183331;5221114711314276703;5;5;70;8;2022;11;7;2;3;5;3;0;0;1;1;0;0;0;0;433296,335000011022203;5739149,394999999552965;8,032670211000040;51,799216463999997
183337;5221128300700690545;5;9;16;0;2022;11;5;2;3;5;3;2;1;1;1;0;0;0;0;373786,829054078029003;5709503,273957080207765;7,180734511000030;51,522526163000101
183340;5221202516000089276;5;1;58;24;2022;12;7;6;3;5;3;1;0;1;1;0;0;0;0;358361,005241048987955;5679309,475564429536462;6,970567603000060;51,247540188000102
183341;5221117600380578302;5;3;14;0;2022;11;8;5;3;5;3;0;1;1;1;0;0;0;0;368106,873346492007840;5618316,000746900215745;7,132252227000040;50,701686314000000
183343;5221114301301066168;5;9;78;24;2022;11;14;2;3;4;1;0;0;1;0;0;0;0;0;397563,299224258982576;5719585,559689350426197;7,520377354000060;51,617965415000100
183344;5221112407140697000;5;7;62;16;2022;11;5;7;3;4;3;2;0;1;1;0;0;0;0;512973,063000000023749;5729727,860999650321901;9,187796202000071;51,718333096999999
183354;5221201515111395174;5;1;54;8;2022;12;15;5;3;5;3;0;0;1;1;0;0;0;0;309912,643999346997589;5747047,554996940307319;6,240549204000050;51,841836353000097
183357;5221121513110286924;5;1;62;16;2022;11;10;2;3;0;2;0;1;1;1;0;0;0;0;332633,217999615997542;5674962,373998760245740;6,604283584000030;51,201516288000100
183362;5221202515210062166;5;1;54;12;2022;12;14;6;3;5;3;0;0;1;1;0;0;0;0;314318,172328241984360;5710545,787284900434315;6,323835289000040;51,515475530000103
183366;5221114702100065409;5;5;15;0;2022;11;16;2;3;5;3;0;0;1;1;0;0;0;0;408519,429641866008751;5753736,582442279905081;7,669585174000080;51,926832892999997
183375;5221123702100696579;5;5;15;0;2022;11;16;4;3;1;5;2;0;1;1;0;0;0;0;405649,849044220987707;5755736,866313120350242;7,627316548000070;51,944333428000000
183380;5221125513320590240;5;1;62;4;2022;11;10;6;3;5;7;0;1;1;0;0;0;0;0;349090,842999765009154;5662015,594999260269105;6,845098420000060;51,089762581999999
183382;5221126701930449479;5;5;62;36;2022;11;15;7;3;0;7;0;0;1;1;0;0;0;0;384079,310430566023570;5719885,289442799985409;7,325596269000070;51,618043862000000
183384;5221123410110772231;5;7;70;24;2022;11;12;4;3;5;3;0;1;1;1;0;0;0;0;493338,375928140012547;5791388,888863010331988;8,902368608000071;52,272834960000097
183386;5221113600380799954;5;3;14;0;2022;11;14;1;3;5;3;0;0;1;1;0;0;0;0;368863,711599442001898;5617839,318407460115850;7,143133100000060;50,697572955000098
183389;5221119301301066239;5;9;78;24;2022;11;21;7;3;0;7;2;0;1;0;0;0;0;0;397576,248966997023672;5719563,019291710108519;7,520570926000060;51,617765165999998
183390;5221130601200992274;5;3;15;0;2022;11;21;4;3;0;3;2;1;1;1;0;0;0;0;360016,821999836014584;5636603,112999419681728;7,010795802000080;50,864149300000101
183391;5221124702100068372;5;5;15;0;2022;11;13;5;2;2;6;0;1;1;1;0;0;0;0;407373,984999978973065;5758356,026999659836292;7,651686996000020;51,968165584000097
183392;5221115601300992952;5;3;15;0;2022;11;15;3;3;5;3;0;0;1;1;0;0;0;0;353322,759374166023917;5646586,426673499867320;6,911724940000060;50,952206666999999
183393;5221117400100690817;5;7;11;0;2022;11;16;5;3;0;2;0;1;1;1;0;0;0;0;467870,968999999982771;5765931,741999669931829;8,531540672000061;52,043066224000000
183394;5221201702100064311;5;5;15;0;2022;12;7;5;3;0;7;1;1;1;0;0;0;0;0;405118,954999978013802;5756000,876999660395086;7,619522217000050;51,946616178000099
183403;5221119502101170125;5;1;13;0;2022;11;22;7;3;5;7;2;0;1;1;0;0;0;0;362017,746999849972781;5702919,036999450065196;7,013771241000030;51,460605540000103
183406;5221130313211395512;5;9;58;12;2022;11;16;4;3;5;2;1;0;1;1;0;0;0;0;471045,718075315002352;5694214,806322690099478;8,583791649000030;51,398423632000103
183407;5221115601500795407;5;3;15;0;2022;11;19;3;3;5;3;2;1;1;1;0;0;0;0;361543,279919803026132;5652424,966536340303719;7,026461892000040;51,006712243000003
183408;5221121505100796075;5;1;14;0;2022;11;5;2;3;9;1;2;1;1;0;0;0;0;0;331432,887160393001977;5687259,634337070398033;6,581324642000030;51,311643263000100
183409;5221123301301185574;5;9;78;24;2022;11;8;4;3;5;3;0;1;1;1;0;0;0;0;397574,550999966973905;5718512,438999629579484;7,520853436000040;51,608321660000101
183411;5221128518100795949;5;1;70;48;2022;11;7;2;3;5;7;2;1;1;1;0;0;0;0;336527,298999664024450;5727017,652998870238662;6,635941849000060;51,670321084000101
183415;5221124609248799651;5;3;58;48;2022;11;15;5;2;0;3;0;0;1;1;0;0;0;0;321924,634999477013480;5639051,701998259872198;6,468805965000060;50,875672055999999
183416;5221115300200938377;5;9;11;0;2022;11;18;3;3;6;6;2;0;1;0;1;0;0;0;371643,324823211005423;5705131,864085930399597;7,151445425000080;51,482757071000002
183421;5221112410110572324;5;7;70;24;2022;11;17;7;3;5;6;2;0;1;1;0;0;0;0;492382,830999999016058;5791579,991999690420926;8,888360049000029;52,274540668999997
183423;5221201608100080837;5;3;34;2;2022;12;4;5;2;1;1;2;1;1;1;0;0;0;0;294200,786259390006308;5629059,094128469936550;6,080851813000040;50,776723035000003
183426;5221114500200378878;5;1;11;0;2022;11;17;2;3;0;5;2;0;1;1;0;0;0;0;345216,430987094994634;5678967,916926319710910;6,782522015000040;51,241055683000098
183427;5221117405228370325;5;7;54;28;2022;11;17;5;3;5;3;2;1;1;1;0;0;0;0;452578,137999998987652;5742186,103999660350382;8,311851069000060;51,828485991999997
183428;5221119505100591492;5;1;14;0;2022;11;11;7;3;5;3;0;1;1;1;0;0;0;0;328800,375999575015157;5686773,785998569801450;6,543822349000040;51,306492691000102
183429;5221201502404996108;5;1;17;0;2022;12;15;5;2;0;7;0;0;1;0;0;0;0;0;354502,723730786994565;5703392,049143720418215;6,905474945000040;51,462974209000002
183431;5221115705000996519;5;5;54;20;2022;11;11;3;2;8;1;0;1;1;0;0;0;0;0;364659,358971853973344;5786502,508851120248437;7,019074064000050;52,212317713000097
183435;5221129400100736690;5;7;11;0;2022;11;10;3;2;5;3;0;1;1;1;0;0;0;0;465816,789999999979045;5766411,879999670200050;8,501542755000060;52,047260059999999
183441;5221124601300893462;5;3;15;0;2022;11;15;5;3;4;1;0;0;1;1;0;0;0;0;347682,026809932023752;5646069,554875819943845;6,831693202000050;50,946098952000099
183443;5221125515111091853;5;1;54;8;2022;11;13;6;3;5;2;0;1;1;1;0;0;0;0;310278,801999351999257;5746477,565996980294585;6,246170547000080;51,836841897000099
183444;5221116601600744884;5;3;15;0;2022;11;15;4;3;3;3;0;0;1;0;0;0;0;1;361625,908999844978098;5643068,714999440126121;7,031197661000020;50,922645330000101
183447;5221129500300001983;5;1;11;0;2022;11;16;3;3;5;2;0;0;1;1;0;0;0;0;344675,980293817003258;5674524,044830449856818;6,776710861000030;51,200978933000002
183448;5221128515111596502;5;1;54;8;2022;11;20;2;3;5;7;2;1;1;1;0;0;0;0;310044,940999348997138;5747166,013996959663928;6,242402277000050;51,842945221000001
183449;5221112518100391439;5;1;70;48;2022;11;8;7;3;5;7;0;0;1;1;0;0;0;0;336387,042999661993235;5726863,097998860292137;6,633987779000050;51,668891768999998
183455;5221116502405095011;5;1;17;0;2022;11;9;4;3;4;2;0;1;1;1;0;0;0;0;356990,609999821987003;5699935,944999390281737;6,942661327000050;51,432551726000000
183457;5221127601500593360;5;3;15;0;2022;11;1;1;3;0;1;2;0;1;0;0;0;0;0;358344,891117251012474;5645514,533712170086801;6,983594873000070;50,943829773000097
183461;5221122601300443829;5;3;15;0;2022;11;7;3;3;5;3;1;1;1;1;0;0;0;0;349161,614999765995890;5645593,895999260246754;6,852936816000070;50,942213583000097
183464;5221113307000095840;5;9;62;52;2022;11;14;1;2;4;1;0;0;1;1;0;0;0;0;420041,790999991004355;5675984,379999630153179;7,854822430000070;51,229632019000100
183468;5221115411132992953;5;7;74;32;2022;11;12;3;3;5;3;0;0;1;0;0;0;0;1;482278,273999999975786;5729081,539999649859965;8,743496354000060;51,712391868000097
183470;5221116505100095990;5;1;14;0;2022;11;7;4;3;1;5;0;1;1;1;0;0;0;0;331577,237860667984933;5688868,753037169575691;6,582633710000040;51,326142323000099
183477;5221114601300481661;5;3;15;0;2022;11;6;2;3;5;2;2;0;1;1;0;0;0;0;352901,397999792010523;5647401,581999319605529;6,905400782000070;50,959424721000097
183480;5221117600110894841;5;3;14;0;2022;11;0;5;2;0;1;2;1;1;0;0;0;0;0;365915,182807308970951;5621265,353868380188942;7,100161909000060;50,727693844000001
183482;5221201600110386289;5;3;14;0;2022;12;21;5;3;4;2;2;0;1;1;0;0;0;0;363750,143999858002644;5621012,955999449826777;7,069597312000040;50,724921616000103
183483;5221125400100992777;5;7;11;0;2022;11;7;6;3;0;3;1;0;1;1;0;0;0;0;467480,488491841999348;5767241,712993159890175;8,525722787000060;52,054820845999998
183484;5221115705000181002;5;5;54;20;2022;11;17;3;3;5;2;2;0;1;1;0;0;0;0;365500,552999873005319;5783398,601999499835074;7,032610678000030;52,184633995000098
183486;5221123500300187489;5;1;11;0;2022;11;10;4;3;3;6;0;0;1;1;0;0;0;0;348473,114842681970913;5672697,004989339970052;6,831791305000020;51,185581335999998
183488;5221113411232868163;5;7;74;32;2022;11;13;1;3;0;1;0;0;1;0;0;0;0;0;483213,265001095016487;5737617,423978599719703;8,756617099000040;51,789168986000000
183493;5221124609224780827;5;3;58;24;2022;11;11;5;3;6;4;0;0;1;0;1;0;0;0;314480,810999366978649;5644523,346997720189393;6,360336180000050;50,922483237999998
183494;5221115506100869725;5;1;16;0;2022;11;12;3;3;8;7;0;0;1;0;0;0;0;0;319806,672004367981572;5672043,427095499821007;6,422338498000040;51,171393969000100
183495;5221125702100096677;5;5;15;0;2022;11;8;6;3;0;3;0;1;1;0;0;0;0;0;406629,684999979974236;5758745,583999659866095;7,640749904000070;51,971542577999998
183496;5221116701300481320;5;5;62;14;2022;11;12;4;3;5;3;0;0;1;1;0;0;0;0;362410,935999853012618;5712014,946999460458755;7,015879787000070;51,542440178000000
183502;5221120701200881135;5;5;62;20;2022;11;10;1;3;1;1;0;0;1;1;0;0;0;0;370575,015999892028049;5718071,709999529644847;7,131310390000070;51,598802595999999
183503;5221202513210891182;5;1;62;24;2022;12;16;6;3;5;3;1;0;1;1;0;0;0;0;337435,813055865000933;5675503,531131559982896;6,672721899000070;51,207765211999998
183506;5221114516500986706;5;1;58;16;2022;11;15;2;3;5;3;0;0;1;1;0;0;0;0;353453,984480604005512;5669772,191520109772682;6,904203199000050;51,160597032000098
183509;5221127300500762586;5;9;11;0;2022;11;13;1;3;2;6;0;0;1;0;0;0;0;0;376978,198999914980959;5703577,474999570287764;7,228777653000070;51,469972649000098
183512;5221113601200957991;5;3;15;0;2022;11;12;1;3;5;2;0;0;1;1;0;0;0;0;356271,895999812986702;5641006,943999369628727;6,955883160000040;50,902807520000103
183513;5221117301101580686;5;9;13;0;2022;11;15;5;3;5;7;0;0;1;1;0;0;0;0;392533,046740483026952;5706353,635810829699039;7,451791411000040;51,498094362000103
183517;5221115601200992944;5;3;15;0;2022;11;23;3;3;0;1;2;1;1;0;0;0;0;0;354722,921999803977087;5643741,128999349661171;6,932779986000070;50,926991363000099
183518;5221121505100876119;5;1;14;0;2022;11;16;2;3;0;1;1;1;1;0;0;0;0;0;333407,316941055993084;5689893,139349539764225;6,608397069000030;51,335884514000000
183520;5221201600330895341;5;3;82;48;2022;12;8;5;3;5;3;0;1;1;1;0;0;0;0;355044,078447078005411;5609813,125310170464218;6,950719714000060;50,622159341000000
183521;5221126601100978625;5;3;15;0;2022;11;2;7;3;2;1;2;1;1;0;0;0;0;0;355204,557962825987488;5644007,013959839940071;6,939523075000070;50,929501905999999
183524;5221114601100599127;5;3;15;0;2022;11;11;2;3;2;6;0;0;1;1;0;0;0;0;355227,131999808014371;5644058,341999360360205;6,939823703000060;50,929968847000097
183525;5221117513310678714;5;1;62;8;2022;11;19;5;3;5;3;2;0;1;1;0;0;0;0;329313,826999576005619;5660368,769998629577458;6,563728562000050;51,069423401999998
183528;5221125317240371599;5;9;78;40;2022;11;21;6;3;0;1;2;1;1;0;0;0;0;0;404351,527999821002595;5723958,545999890193343;7,617201308000060;51,658468277000097
183529;5221115500200181138;5;1;11;0;2022;11;23;3;3;7;1;2;1;1;0;0;0;0;0;341772,325262766971719;5683451,989887270145118;6,731238197000040;51,280400495000002
183531;5221121400200472190;5;7;11;0;2022;11;8;2;2;0;1;0;2;1;0;0;0;0;0;471386,912000000011176;5761766,249999670311809;8,583151850000039;52,005808244999997
183532;5221123405108954199;5;7;54;8;2022;11;19;4;3;5;3;2;1;1;1;0;0;0;0;455980,125999999989290;5750503,158999660052359;8,360154496000060;51,903539793000000
183533;5221128506100755122;5;1;16;0;2022;11;8;2;3;3;6;0;1;1;1;0;0;0;0;320143,168302932986990;5670213,930794869549572;6,428061572000050;51,155065194000002
183535;5221203316300977855;5;9;74;28;2022;12;13;7;3;5;3;0;0;1;1;0;0;0;0;453489,620999999984633;5725667,373999649658799;8,327287072000050;51,680047455000100
183537;5221118600380395272;5;3;14;0;2022;11;14;6;3;5;3;0;0;1;1;0;0;0;0;369865,337999886018224;5615558,898999500088394;7,158111073000040;50,677300783000099
183538;5221130410210325610;5;7;70;20;2022;11;14;4;2;0;7;0;1;1;0;0;0;0;0;473065,801730378996581;5795575,694265039637685;8,604927980000070;52,309856191999998
183539;5221124610212632873;5;3;70;40;2022;11;10;5;3;5;3;0;0;1;1;0;0;0;0;309570,570999299990945;5668613,497997200116515;6,277898434000060;51,137269793000002
183541;5221125608200515590;5;3;34;2;2022;11;5;6;3;5;2;2;1;1;1;0;0;0;0;297720,016411815013271;5628793,925577959977090;6,130848603000060;50,775579350000001
183542;5221116411132774571;5;7;74;32;2022;11;5;4;3;5;2;2;1;1;1;0;0;0;0;483740,597999999998137;5729935,251999660395086;8,764621933000059;51,720112159999999
183543;5221122518320544811;5;1;70;52;2022;11;17;3;3;5;3;1;1;1;1;0;0;0;0;323668,244999521994032;5726353,480998209677637;6,450507077000050;51,660467025000102
183545;5221127608100389923;5;3;34;2;2022;11;14;1;2;0;1;0;1;1;0;0;0;0;0;293217,931501167011447;5629457,696259349584579;6,066705886000020;50,779953364000100
183548;5221202317250589283;5;9;78;32;2022;12;16;6;3;5;3;1;0;1;0;0;0;0;0;393940,581999960006215;5724268,908999630250037;7,466650361000060;51,659389760000103
183550;5221124300800993888;5;9;54;36;2022;11;14;5;3;5;3;0;0;1;1;0;0;0;0;384762,862999939010479;5700455,616999600082636;7,341823405000070;51,443552337000000
183552;5221111705000095212;5;5;54;8;2022;11;20;6;3;5;2;2;0;1;1;0;0;0;0;336570,577999666973483;5745090,446998859755695;6,628073025000050;51,832693454999998
183553;5221202301102992620;5;9;13;0;2022;12;11;6;3;1;5;0;0;1;0;0;0;0;1;396486,593435386021156;5706036,846432499587536;7,508819458000060;51,495984681000003
183555;5221126600350895292;5;3;82;32;2022;11;13;7;3;5;3;0;0;1;1;0;0;0;0;359937,366843671014067;5610113,983802219852805;7,019739025000040;50,626059235000099
183558;5221128706000039834;5;5;58;16;2022;11;7;2;3;5;3;2;1;1;1;0;0;0;0;381144,015999928989913;5744141,311999600380659;7,274938184000060;51,835428315999998
183561;5221116610222885762;5;3;70;36;2022;11;18;4;3;0;7;2;0;1;0;0;0;0;0;300460,934083830972668;5664774,157811139710248;6,149973138000060;51,099686523999999
183563;5221201514210589446;5;1;66;12;2022;12;13;5;3;5;3;0;0;1;1;0;0;0;0;320078,438233177992515;5694988,051324970088899;6,414672406000020;51,377590044999998
183564;5221124709500211931;5;5;66;76;2022;11;19;5;3;4;1;2;1;1;1;0;0;0;0;396238,898646307992749;5786490,982281669974327;7,481091709000050;52,219066337000100
183567;5221121515110617807;5;1;54;24;2022;11;16;2;3;5;3;2;0;1;1;0;0;0;0;313276,407999388989992;5734674,417997349984944;6,295978181000070;51,731845048000103
183570;5221128601100595293;5;3;15;0;2022;11;16;2;3;0;1;1;1;1;0;0;0;0;0;356305,841999813972507;5642578,796999369747937;6,955746708000050;50,916942074000097
183571;5221112600110394923;5;3;14;0;2022;11;13;7;3;1;5;0;0;1;1;0;0;0;0;366775,163842764974106;5619613,214013149961829;7,112936510000050;50,713042179000098