OBJECTID;UIDENTSTLAE;ULAND;UREGBEZ;UKREIS;UGEMEINDE;UJAHR;UMONAT;USTUNDE;UWOCHENTAG;UKATEGORIE;UART;UTYP1;ULICHTVERH;IstStrassenzustand;IstRad;IstPKW;IstFuss;IstKrad;IstGkfz;IstSonstige;LINREFX;LINREFY;XGCSWGS84;YGCSWGS84
183572;5221202500300701483;5;1;11;0;2022;12;7;6;3;5;3;1;0;1;1;0;0;0;0;353108,896797514986247;5667486,194242860190570;6,900204396000050;51,139966059000102
183574;5221130600110095263;5;3;14;0;2022;11;19;4;3;0;1;2;0;1;0;0;0;0;0;365804,465548767999280;5622486,256451589986682;7,098149625000080;50,738641698999999
183575;5221124600110895282;5;3;14;0;2022;11;18;5;3;5;3;2;0;1;0;0;0;0;0;365068,899002736026887;5621008,000796419568360;7,088272239000050;50,725184838000096
183578;5221116601300586362;5;3;15;0;2022;11;15;4;1;5;3;0;0;1;1;0;0;0;0;351772,120999783976004;5646036,021999309770763;6,889888160000050;50,946863773000103
183581;5221112303100460416;5;9;15;0;2022;11;9;7;3;5;3;0;0;1;1;0;0;0;0;414204,905561058025341;5727779,213972999714315;7,758675676000050;51,694404161000101
183582;5221120601200372646;5;3;15;0;2022;11;3;1;3;0;1;2;0;1;0;0;0;0;0;355571,073306026984937;5641918,481343680061400;6,945562130000040;50,910824494000103
183583;5221201709500992639;5;5;66;76;2022;12;7;5;3;5;3;0;1;1;1;0;0;0;0;392642,259880328027066;5793213,577406469732523;7,426326636000060;52,278794394999998
183586;5221202610121285739;5;3;70;12;2022;12;8;6;3;3;2;0;0;1;1;0;0;0;0;297751,804999076994136;5649655,336995789781213;6,119766243000070;50,962954615999998
183588;5221130601100376439;5;3;15;0;2022;11;9;4;3;0;1;0;0;1;0;0;0;0;0;355466,153999809001107;5644628,185999359935522;6,942996761000070;50,935149864000003
183591;5221125705000992762;5;5;54;68;2022;11;13;6;3;7;1;0;0;1;0;0;0;0;0;350823,392596578982193;5767575,712942330166698;6,825012208000030;52,038702872999998
183592;5221116518100496110;5;1;70;48;2022;11;7;4;3;5;3;1;1;1;1;0;0;0;0;335033,595999651006423;5726166,469998810440302;6,614762587000030;51,662237767000100
183593;5221122505200896012;5;1;14;0;2022;11;18;3;3;0;1;2;0;1;0;0;0;0;0;329563,226999584003352;5690077,090998600237072;6,553176746000080;51,336397862000098
183602;5221201316300291306;5;9;74;28;2022;12;16;5;3;5;3;1;0;1;1;0;0;0;0;454700,129333739983849;5724162,451902509666979;8,344989478000061;51,666615847000102
183606;5221121709500251486;5;5;66;76;2022;11;8;2;3;0;1;0;2;1;0;0;0;0;0;393983,415999961027410;5793574,005999660119414;7,445864365000030;52,282293936000002
183607;5221123410110082103;5;7;70;24;2022;11;12;4;3;0;3;0;1;1;1;0;0;0;0;492918,737000000022817;5792873,768999679945409;8,896187288000020;52,286179553000103
183608;5221128601200992720;5;3;15;0;2022;11;12;2;3;0;1;0;1;1;0;0;0;0;0;355250,897999807028100;5642864,214999360032380;6,940635698000050;50,919243429000097
183610;5221203600110865629;5;3;14;0;2022;12;1;7;3;0;1;2;1;1;0;0;0;0;0;366115,307906776026357;5623033,290638130158186;7,102353602000050;50,743630168999999
183612;5221119513210395733;5;1;62;24;2022;11;12;7;3;1;6;0;0;1;1;0;0;0;0;338372,948451825999655;5674289,685425289906561;6,686672858000070;51,197124938999998
183615;5221115601100272622;5;3;15;0;2022;11;17;3;3;5;3;2;1;1;1;0;0;0;0;356310,522999814013019;5643711,670999369584024;6,955366899000070;50,927124253999999
183618;5221129514210096114;5;1;66;12;2022;11;6;3;3;5;3;2;0;1;1;0;0;0;0;319915,758904289978091;5692629,502775860019028;6,413531993000050;51,356352198000103
183619;5221128600140793510;5;3;14;0;2022;11;7;2;3;4;2;1;1;1;1;0;0;0;0;369818,217650805017911;5622988,243946000002325;7,154824135000070;50,744067331000103
183622;5221118503100992881;5;1;24;0;2022;11;17;6;3;0;6;2;1;1;1;0;0;0;0;369377,521027107024565;5679916,360998519696295;7,128098801000020;51,255624006000097
183624;5221114608200073694;5;3;34;2;2022;11;7;2;3;0;7;0;0;1;0;0;0;0;0;298610,088288729020860;5627965,415901480242610;6,143910210000060;50,768447648000098
183625;5221125518400992771;5;1;70;8;2022;11;10;6;3;5;3;0;0;1;1;0;0;0;0;343905,189999728987459;5714915,540999120101333;6,747936747000040;51,563686943000100
183627;5221122410110840208;5;7;70;24;2022;11;13;3;3;5;3;0;0;1;1;0;0;0;0;493983,619747626013122;5793229,962103500030935;8,911792297000030;52,289394600000001
183635;5221203711112693885;5;5;70;52;2022;12;13;7;3;5;3;0;0;1;1;0;0;0;0;429847,665234623011202;5756024,348510449752212;7,979236787000050;51,950495691000100
183636;5221117301306175381;5;9;13;0;2022;11;8;5;3;5;3;0;1;1;1;0;0;0;0;397110,835782949987333;5714215,463102229870856;7,515418950000030;51,569613456000098
183639;5221124702100992787;5;5;15;0;2022;11;13;5;3;0;3;0;0;1;1;0;0;0;0;401414,775714170013089;5753625,319895699620247;7,566326750000030;51,924619974999999
183640;5221115702100076106;5;5;15;0;2022;11;15;3;3;5;2;0;0;1;1;0;0;0;0;406682,789999980013818;5754908,105999659746885;7,642564935000050;51,937058321999999
183642;5221121709700992857;5;5;66;28;2022;11;7;2;3;0;7;2;2;1;0;0;0;0;0;412148,280999985989183;5794527,886999679729342;7,711820523000030;52,294071408000001
183643;5221123600350696081;5;3;82;32;2022;11;20;4;3;0;7;2;1;1;0;0;0;0;0;361137,094635432003997;5609083,915388089604676;7,037076172000070;50,617088153000097
183644;5221129313110587422;5;9;58;4;2022;11;8;3;3;5;3;1;1;1;1;0;0;0;0;429517,634038264979608;5698424,683072660118341;7,986072746000050;51,432632542000100
183650;5221117500200593771;5;1;11;0;2022;11;15;5;3;5;3;0;0;1;1;0;0;0;0;342823,672966870013624;5687641,798968779854476;6,744455355000070;51,318337245000102
183653;5221115609108785784;5;3;58;8;2022;11;6;3;3;0;3;2;0;1;1;0;0;0;0;321678,532999471004587;5631700,333998260088265;6,468889494000050;50,809551866000000
183654;5221121709700972366;5;5;66;56;2022;11;7;2;3;0;1;0;2;1;0;0;0;0;0;417237,007383948017377;5797149,630281659774482;7,785773760000040;52,318427032000002
183656;5221129610211214180;5;3;70;4;2022;11;23;3;1;8;1;2;0;1;0;0;0;0;0;311653,826429262990132;5657014,832120600156486;6,313688002000050;51,033774290000103
183659;5221202705000981549;5;5;54;20;2022;12;12;6;3;0;3;0;0;1;1;0;0;0;0;364321,218161294003949;5786583,244439340196550;7,014095691000020;52,212959988000101
183663;5221125316100690591;5;9;74;40;2022;11;14;6;3;5;3;0;0;1;1;0;0;0;0;437315,415999997989275;5712653,163999649696052;8,095704165000029;51,561471779000001
183667;5221123316200990113;5;9;74;52;2022;11;8;4;3;0;6;0;0;1;1;0;0;0;0;424016,751891813008115;5711561,015773270279169;7,904126407000040;51,550018436000101
183669;5221128600110699957;5;3;14;0;2022;11;17;2;3;5;3;2;1;1;1;0;0;0;0;361903,583230850985274;5623650,849992020055652;7,042462813000040;50,748194149000000
183674;5221124513320196223;5;1;62;4;2022;11;19;5;3;0;2;2;0;1;1;0;0;0;0;346970,382888650987297;5662639,819307469762862;6,814578325000070;51,094809927000000
183676;5221125601400185269;5;3;15;0;2022;11;18;6;3;5;2;2;0;1;1;0;0;0;0;356379,671999813988805;5646432,826999380253255;6,955277495000080;50,951596137000102
183681;5221202316100089286;5;9;74;24;2022;12;22;6;2;1;5;2;1;1;1;0;0;0;0;438208,944240704004187;5722929,346078249625862;8,106781333000070;51,653958099000100
183685;5221203606400086537;5;3;78;28;2022;12;14;7;3;0;4;0;0;1;0;1;0;0;0;373217,626705839007627;5642522,682036920450628;7,196224395000060;50,920401282000100
183686;5221117600110886289;5;3;14;0;2022;11;12;5;2;4;6;0;1;1;0;0;0;0;0;366514,056637460016645;5622017,560144229792058;7,108370008000070;50,734592595999999
183688;5221201505200596041;5;1;14;0;2022;12;7;5;3;0;7;1;0;1;1;0;0;0;0;329795,965310156985652;5689593,423463130369782;6,556745825000060;51,332122405000099
183689;5221125404103596919;5;7;66;52;2022;11;16;6;3;5;3;0;0;1;0;0;0;1;0;519788,608000001986511;5747648,822999659925699;9,287478824000059;51,879264159000101
183691;5221121404301078056;5;7;66;44;2022;11;7;2;3;0;7;2;1;1;1;0;0;0;0;494278,615517490019556;5764821,301374769769609;8,916596121000049;52,033983978999998
183693;5221128513110992708;5;1;62;16;2022;11;16;2;3;5;2;1;1;1;1;0;0;0;0;333685,920373045024462;5677751,959368550218642;6,618044610000030;51,226886443000097
183694;5221113513320790220;5;1;62;4;2022;11;15;1;3;8;1;0;0;1;0;0;0;0;0;346244,992075748974457;5661399,462908980436623;6,804755061000040;51,083470362000099
183697;5221118607200967672;5;3;82;20;2022;11;7;6;3;5;2;0;1;1;0;0;1;0;0;380026,059999925026204;5625618,048999549821019;7,298580432000050;50,769905532000102
183700;5221114702100096677;5;5;15;0;2022;11;15;2;3;5;3;0;0;1;1;0;0;0;0;411409,333999984024558;5760399,558999669738114;7,709883607000050;51,987192118000102
183701;5221125608200763894;5;3;34;2;2022;11;10;6;3;5;3;0;0;1;0;0;1;0;0;296103,802953415026423;5628148,184476439841092;6,108313079000030;50,769213860999997
183702;5221116500300045578;5;1;11;0;2022;11;15;4;3;3;6;0;0;1;1;0;0;0;0;344083,674709008017089;5674186,883257839828730;6,768386000000020;51,197788076000101
183703;5221120601100899029;5;3;15;0;2022;11;14;1;3;0;1;0;0;1;0;0;0;0;0;354831,414134715974797;5645259,394081300124526;6,933717935000060;50,940662945000000
183704;5221122516900391137;5;1;58;26;2022;11;16;3;3;5;3;0;0;1;0;0;0;0;1;352541,525999789009802;5663011,525999319739640;6,893929572000050;51,099609821000101
183705;5221129516200371934;5;1;58;12;2022;11;7;3;3;5;3;0;0;1;1;0;0;0;0;359553,988076601992361;5688384,035610229708254;6,984080710000060;51,329383672000098
183710;5221117702100276683;5;5;15;0;2022;11;9;5;3;3;2;0;1;1;1;0;0;0;0;405448,447999977972358;5758183,465999660082161;7,623714038000060;51,966290330000000
183711;5221202709700496557;5;5;66;28;2022;12;12;6;2;0;7;0;0;1;0;1;0;0;0;410723,260081044980325;5791393,067211960442364;7,691761259000030;52,265665359000103
183712;5221116601600693577;5;3;15;0;2022;11;8;4;3;0;3;0;1;1;1;0;0;0;0;364094,128999858978204;5639878,004999459721148;7,067482385000060;50,894555453000102
183713;5221118600110395526;5;3;14;0;2022;11;12;6;3;0;1;0;1;1;0;0;0;0;0;365884,377999867021572;5621594,860999469645321;7,099605838000060;50,730648334000101
183714;5221130701910567141;5;5;62;8;2022;11;17;4;3;1;5;2;0;1;1;0;0;0;0;381926,131585341005120;5721389,223536140285432;7,294002632000060;51,631112977999997
183716;5221130301306084945;5;9;13;0;2022;11;15;4;3;5;3;0;1;1;1;0;0;0;0;400425,771725767990574;5714988,569229420274496;7,563014338000070;51,577157939000102
183717;5221115601200681846;5;3;15;0;2022;11;7;3;3;3;2;0;0;1;1;0;0;0;0;355699,442999811028130;5642363,860999369993806;6,947210744000070;50,914859164000099
183719;5221116601400981842;5;3;15;0;2022;11;1;4;2;4;6;2;1;1;0;0;0;0;0;355187,489515585009940;5647964,845322029665112;6,937706502000030;50,965065684000102
183720;5221121406210033553;5;7;58;4;2022;11;12;2;3;5;3;0;0;1;1;0;0;0;0;470682,021000000997446;5783373,745999679900706;8,571023201000060;52,200034723000002
183722;5221129608100585843;5;3;34;2;2022;11;15;3;3;4;7;0;0;1;1;0;0;0;0;294225,062351204978768;5629073,816969620063901;6,081187441000050;50,776863875000103
183723;5221128405108096858;5;7;54;8;2022;11;9;2;3;2;6;0;1;1;0;0;0;0;1;457098,775080210994929;5751213,166652870364487;8,376325021000071;51,910010434000100
183724;5221112601500090275;5;3;15;0;2022;11;15;7;3;5;3;0;0;1;1;0;0;0;0;357661,441833220014814;5644127,799321520142257;6,974414448000060;50,931198903000102
183725;5221120501317095919;5;1;12;0;2022;11;9;1;3;1;5;0;0;1;1;0;0;0;0;344346,568938961019740;5699817,960058799944818;6,760958724000030;51,428159553999997
183726;5221202601300672617;5;3;15;0;2022;12;15;6;3;0;1;0;1;1;0;0;0;0;0;350882,184999777004123;5646280,643999289721251;6,877128494000030;50,948832534000097
183727;5221117602600745456;5;3;62;20;2022;11;7;5;3;4;2;2;1;1;1;0;0;0;0;342850,212598640006036;5629942,383748469874263;6,769895155000030;50,799885646000099
183730;5221114705000591247;5;5;54;8;2022;11;10;2;3;5;2;0;0;1;1;0;0;0;0;336669,852999668975826;5745688,760998860001564;6,629230115000040;51,838097449000003
183731;5221116505100672045;5;1;14;0;2022;11;19;4;2;5;3;2;0;1;1;0;0;0;0;328050,209106771973893;5688455,427981929853559;6,532259679000050;51,321373887000000
183732;5221122500300557377;5;1;11;0;2022;11;2;3;3;0;1;2;1;1;0;0;0;0;0;344903,531999733007979;5675051,916999160312116;6,779737254000050;51,205783910000001
183738;5221114506100391416;5;1;16;0;2022;11;7;2;3;1;7;1;0;1;1;0;0;0;0;322046,409961499972269;5670214,403158480301499;6,455248623000050;51,155664426999998
183739;5221203608100094900;5;3;34;2;2022;12;13;7;3;0;6;0;1;1;0;0;0;0;1;293834,339492633007467;5628889,707109030336142;6,075756133000030;50,775071621999999
183740;5221117405108982114;5;7;54;8;2022;11;9;5;3;4;2;0;1;1;1;0;0;0;0;457531,699000002001412;5749696,858999660238624;8,382805103000070;51,896411120000003
183741;5221118709300065802;5;5;66;84;2022;11;16;6;3;1;5;1;0;1;1;0;0;0;0;390113,481355683994479;5775554,678881630301476;7,395003262000050;52,119592252000103
183743;5221124705000076764;5;5;54;48;2022;11;12;5;3;5;3;0;0;1;1;0;0;0;0;341861,163999715994578;5744289,895999040454626;6,705155899000030;51,827024107000099
183746;5221121601600486357;5;3;15;0;2022;11;19;2;3;0;2;2;0;1;1;0;0;0;0;364094,128999858978204;5639878,004999459721148;7,067482385000060;50,894555453000102
183749;5221128505100595884;5;1;14;0;2022;11;10;2;3;0;5;0;1;1;1;0;0;0;0;329749,984741117979866;5688528,669505650177598;6,556595124000070;51,322543095000100
183750;5221113411132992980;5;7;74;32;2022;11;10;1;3;1;5;0;0;1;1;0;0;0;0;481707,791279817000031;5728476,122994340024889;8,735271078000039;51,706930061999998
183754;5221130601600145853;5;3;15;0;2022;11;10;4;3;0;7;0;1;1;0;0;0;0;1;365366,919000197027344;5645111,033999660052359;7,083638492000030;50,941885921999997
183756;5221115410110096890;5;7;70;24;2022;11;12;3;3;4;2;0;0;1;1;0;0;0;0;492805,291000000026543;5793499,921999690122902;8,894510780000081;52,291807507999998
183757;5221125709800992767;5;5;66;40;2022;11;13;6;3;5;3;0;0;1;1;0;0;0;0;420889,395999989996199;5782421,275999680161476;7,842796807000070;52,186576382000098
183759;5221122500100860580;5;1;11;0;2022;11;17;3;2;5;3;2;1;1;1;1;1;0;1;344941,543628752988297;5677241,017093090340495;6,779334472000070;51,225464190000103
183760;5221127600140234650;5;3;14;0;2022;11;10;1;3;5;3;0;0;1;1;0;0;0;0;367274,544740125013050;5622400,082854529842734;7,119002920000070;50,738205016000101
183762;5221121303100580471;5;9;15;0;2022;11;6;2;3;5;3;2;0;1;1;0;0;0;0;420585,404477600997780;5720549,946006690151989;7,852613821000030;51,630354453999999
183763;5221202513130992618;5;1;62;22;2022;12;14;6;3;5;3;0;0;1;1;0;0;0;0;339374,175917704007588;5679850,857634260319173;6,698499037000030;51,247373863000099
183764;5221118301101992284;5;9;13;0;2022;11;19;6;3;5;3;2;1;1;1;0;0;0;0;392410,530481753987260;5706836,603663699701428;7,449879793000040;51,502412180000100
183768;5221201601500086604;5;3;15;0;2022;12;11;5;3;5;3;0;0;1;1;0;0;0;0;364391,186769882973749;5650106,816573799587786;7,067896193000020;50,986556565999997
183769;5221125503200581201;5;1;24;0;2022;11;12;6;3;4;2;0;0;1;1;0;0;0;0;373266,899999902001582;5680744,578999539837241;7,183512065000060;51,263945454000101
183771;5221123502307596901;5;1;13;0;2022;11;17;4;3;3;6;2;1;1;0;0;1;0;0;359882,362999839999247;5702568,383999420329928;6,983192041000050;51,456929941000098
183772;5221128702000496748;5;5;15;0;2022;11;15;2;3;5;3;0;1;1;1;0;0;0;0;405994,141999978979584;5753970,389999659731984;7,632806838000020;51,928513752000100
183778;5221111709110696564;5;5;66;64;2022;11;16;6;3;4;2;0;0;1;1;0;0;0;0;394765,931929392972961;5771052,088122890330851;7,464320370000050;52,080030072000099
183781;5221123516200086890;5;1;58;12;2022;11;15;4;3;5;3;0;0;1;1;0;0;0;0;359289,513999835995492;5688169,774999420158565;6,980371676000060;51,327392863999997
183782;5221128601500090324;5;3;15;0;2022;11;18;2;3;9;6;2;1;1;1;0;0;0;0;360333,488725763978437;5649534,348685439676046;7,010340387000040;50,980441572000103
183787;5221125301103569019;5;9;13;0;2022;11;7;6;3;5;3;1;0;1;1;0;0;0;0;390113,031876397028100;5705608,305136649869382;7,417174027000040;51,490929833000102
183789;5221126410220696998;5;7;70;8;2022;11;16;7;3;8;1;1;0;1;0;0;0;0;0;474693,680268072988838;5803083,860877489671111;8,628239498000029;52,377433875000101
183794;5221112600130295378;5;3;82;8;2022;11;17;7;3;0;7;2;0;1;0;0;0;0;0;380652,838748875015881;5611702,307765590026975;7,311963966000060;50,644945726000103
183795;5221202405228090798;5;7;54;28;2022;12;13;6;3;5;3;0;1;1;0;0;0;1;0;453121,102999999013264;5744648,138999659568071;8,319395863000070;51,850666922000102
183798;5221124410110378088;5;7;70;24;2022;11;7;5;3;5;3;0;0;1;1;0;0;0;0;492777,182261465000920;5793301,718082530423999;8,894102898000030;52,290025186999998
183800;5221114702100470511;5;5;15;0;2022;11;15;2;3;0;5;0;0;1;1;0;0;0;0;400810,790999972028658;5761423,229999659582973;7,555294628000070;51,994601589000098
183803;5221122500100091221;5;1;11;0;2022;11;19;3;3;5;3;2;1;1;1;0;0;0;0;345172,510999736026861;5676822,773999170400202;6,782820255000050;51,221768795999999
183805;5221111711215087237;5;5;70;4;2022;11;15;6;3;0;1;0;0;1;0;0;0;0;0;423275,755003197002225;5734558,281338170170784;7,888395101000070;51,756659098000100
183815;5221121709300679125;5;5;66;84;2022;11;7;2;3;0;1;2;2;1;0;0;0;0;1;389866,217428871023003;5776140,047214039601386;7,391203816000030;52,124803886000102
183816;5221123505100091610;5;1;14;0;2022;11;7;4;3;0;7;1;0;1;1;0;0;0;0;330288,655999591981526;5688618,588998639956117;6,564275735000020;51,323511876000097
183817;5221128608200969664;5;3;34;2;2022;11;17;2;3;5;3;2;1;1;1;0;0;0;0;300279,004167017992586;5627218,022641720250249;6,167953213000030;50,762311533999998
183821;5221119506100011795;5;1;16;0;2022;11;11;7;3;5;7;0;0;1;1;0;0;0;0;320251,260243935976177;5674979,695418319664896;6,427222457000030;51,197910790999998
183822;5221130502321296514;5;1;13;0;2022;11;15;4;3;2;1;0;0;1;1;0;0;0;0;357576,680999825999606;5704220,496999390423298;6,949361894000050;51,471200508999999
183823;5221125405112870301;5;7;54;12;2022;11;14;6;3;4;6;0;1;1;1;0;0;0;0;456680,041653471998870;5767330,960451380349696;8,368202617000071;52,054884084000001
183825;5221115601200793575;5;3;15;0;2022;11;17;3;3;0;6;2;0;1;0;0;0;0;0;355802,353999810991809;5642601,107999370433390;6,948579957000050;50,917016992000100
183827;5221122602900374806;5;3;62;40;2022;11;14;3;3;5;3;0;0;1;1;0;0;0;0;358032,973999824025668;5631327,823999390006065;6,984667244000040;50,816255636000101
183832;5221124601500893402;5;3;15;0;2022;11;6;5;3;5;2;2;1;1;0;0;0;0;1;359759,184999837016221;5649177,708999419584870;7,002301877000040;50,977096836000001
183835;5221116516800086640;5;1;58;20;2022;11;8;4;3;5;3;0;1;1;1;0;0;0;0;356506,209999817016069;5665443,074999379925430;6,949548541000070;51,122467053999998
183836;5221116601500464473;5;3;15;0;2022;11;16;4;3;5;2;1;1;1;1;0;0;0;0;362445,484999852022156;5649803,675999449566007;7,040306536000060;50,983370523000097
183838;5221201317140394410;5;9;78;28;2022;12;18;5;3;0;1;2;0;1;0;0;0;0;0;400277,769713800982572;5699775,497193089686334;7,565181870000060;51,440383238000003
183839;5221125316200360943;5;9;74;52;2022;11;18;6;3;5;3;2;0;1;1;0;0;0;0;424488,349979518970940;5712343,534844029694796;7,910758710000040;51,557116614000101
183841;5221121505200085953;5;1;14;0;2022;11;8;2;3;5;3;1;0;1;1;0;0;0;0;332370,604999615985435;5690906,126998740248382;6,593051222000040;51,344680543999999
183848;5221130411132350102;5;7;74;32;2022;11;14;4;3;5;3;0;0;1;1;0;0;0;0;482631,587000000989065;5732411,915999660268426;8,748443990000061;51,742347299000102
183851;5221125605120490415;5;3;74;20;2022;11;22;6;3;0;1;2;1;1;0;0;0;0;0;386147,728999943006784;5653286,703999579884112;7,376732139000070;51,019854830000000
183853;5221122505200776540;5;1;14;0;2022;11;15;3;3;3;5;0;0;1;1;0;0;0;0;330713,254999596974812;5689840,678998660296202;6,569783132000050;51,334617524000102
183855;5221111709500993005;5;5;66;76;2022;11;6;6;2;5;3;2;0;1;1;0;0;0;0;393848,733194132975768;5796479,665745929814875;7,442975123000050;52,308381643000097
183857;5221201702100087866;5;5;15;0;2022;12;16;5;3;5;1;0;0;1;0;0;0;0;0;407886,380999981018249;5758195,781999659724534;7,659186479000030;51,966810365000100
183859;5221124300800596574;5;9;54;36;2022;11;7;5;3;5;3;1;1;1;1;0;0;0;0;385189,695725185971241;5700977,835297600366175;7,347793036000040;51,448332757999999
183861;5221117300500975644;5;9;11;0;2022;11;18;5;3;4;6;2;1;1;0;0;0;0;0;376266,401999911991879;5703833,480999560095370;7,218445135000020;51,472118280000103
183862;5221201508000385419;5;1;19;0;2022;12;17;5;3;8;5;2;1;1;1;0;0;0;0;351049,606999783020001;5704409,546999289654195;6,855373392000050;51,471218739999998
183864;5221115709000342520;5;5;66;52;2022;11;8;3;3;1;5;0;0;1;1;0;0;0;0;378216,220397078024689;5778770,533132219687104;7,220167158000040;52,145998679000101
183865;5221126505100652406;5;1;14;0;2022;11;10;7;3;3;6;0;1;1;1;0;0;0;0;331754,016926934011281;5686047,768567070364952;6,586499439000020;51,300850841000099
183866;5221121709700072374;5;5;66;28;2022;11;8;2;3;0;1;1;2;1;0;0;0;0;0;408748,251550138986204;5792915,304084939882159;7,662416612000070;52,279023204000097
183871;5221116601300699175;5;3;15;0;2022;11;9;4;3;5;2;0;1;1;1;0;0;0;0;353035,806493046984542;5645824,797489499673247;6,907949830000060;50,945289129999999
183873;5221130506100491463;5;1;16;0;2022;11;15;4;3;5;3;0;0;1;0;0;0;0;1;320409,054425470996648;5673514,222666990011930;6,430211358000070;51,184795846000000
183874;5221124600310293367;5;3;14;0;2022;11;10;5;3;5;7;0;1;1;1;0;0;0;0;362544,126448452007025;5619980,456111160106957;7,052905524000040;50,715357715000003
183875;5221115505100091610;5;1;14;0;2022;11;11;3;3;5;3;0;0;1;1;0;0;0;0;330710,088999597006477;5689183,697998659685254;6,570049915000030;51,328714333999997
183877;5221121513310686719;5;1;62;8;2022;11;9;2;1;5;3;0;1;1;0;0;0;0;1;332742,117847179993987;5666238,491175269708037;6,609897084000070;51,123169283999999
183878;5221122705000992841;5;5;54;8;2022;11;7;3;3;5;3;1;1;1;1;0;0;0;0;335609,338999658008106;5747499,011998820118606;6,612990399000070;51,854048499999998
183883;5221202601400493520;5;3;15;0;2022;12;16;6;3;5;2;1;0;1;1;0;0;0;0;352667,325999793014489;5653338,574999320320785;6,899662850000030;51,012717594999998
183886;5221123607100575830;5;3;82;60;2022;11;23;4;3;0;1;2;1;1;0;0;0;0;0;373463,671999901998788;5628784,353999529965222;7,204472911000040;50,796971253000002
183888;5221116405116878114;5;7;54;16;2022;11;5;4;3;5;2;2;1;1;1;0;0;0;0;446895,732000000018161;5756852,958999670110643;8,227141143000040;51,959834190000002
183889;5221122518401992833;5;1;70;36;2022;11;12;3;3;5;3;0;0;1;1;0;0;0;0;353157,462999798997771;5728653,082999319769442;6,875562748000050;51,689608681999999
183891;5221111709110196847;5;5;66;8;2022;11;16;6;3;5;3;1;0;1;1;0;0;0;0;399030,840999968990218;5781588,218999659642577;7,523407883000060;52,175520749000000
183892;5221201608408532735;5;3;34;8;2022;12;8;5;3;5;3;0;0;1;1;0;0;0;0;301087,914059184025973;5643786,187025249935687;6,170417015000060;50,911401486000003
183896;5221114301201194313;5;9;13;0;2022;11;8;2;3;4;1;0;0;1;1;0;0;0;0;391254,712999955983832;5707813,162999619729817;7,432932601000060;51,510968628999997
183898;5221119400100987023;5;7;11;0;2022;11;15;7;3;4;2;0;0;1;1;0;0;0;0;467863,834000001021195;5764181,968999669887125;8,531601075000030;52,027334295000102
183899;5221122601200193347;5;3;15;0;2022;11;18;3;2;5;3;2;0;1;0;0;0;0;0;353688,633999796991702;5643954,731999339535832;6,917987213000060;50,928649550999999
183901;5221127506100075569;5;1;16;0;2022;11;13;1;2;0;7;0;1;1;0;0;0;0;0;321177,668251392024104;5675001,371077240444720;6,440457291000030;51,198396176000102
183906;5221123601400990422;5;3;15;0;2022;11;17;4;2;5;3;2;1;1;1;0;0;0;0;357897,899029939027969;5648731,878522739745677;6,975980112000060;50,972633897999998
183916;5221113603116074307;5;3;66;16;2022;11;14;1;3;0;1;0;0;1;0;0;0;0;0;343706,012554346001707;5613777,381027990020812;6,788881298000040;50,654855163000001
183917;5221203514211479025;5;1;66;12;2022;12;11;7;3;5;3;0;0;1;1;0;0;0;0;322961,887999506026972;5695560,440998219884932;6,455775783000040;51,383638265999998
183918;5221116601500493409;5;3;15;0;2022;11;6;4;3;4;5;2;1;1;1;0;0;0;0;360185,990726588992402;5647920,405605959706008;7,008861082000070;50,965901099000099
183919;5221118513330800443;5;1;62;12;2022;11;16;6;3;0;7;1;0;1;1;0;0;0;0;325495,448999529005960;5664843,080998430028558;6,507120639000050;51,108471862999998
183921;5221124400200276103;5;7;11;0;2022;11;17;5;3;5;3;2;1;1;1;0;0;0;0;468207,491000001027714;5763064,179999670013785;8,536713691000051;52,017304473000102
183922;5221115515212017928;5;1;54;32;2022;11;11;3;3;0;1;0;1;1;0;0;0;0;0;309597,795342054974753;5718439,065755910240114;6,251613596000030;51,584796609000101
183923;5221125601700095760;5;3;16;0;2022;11;12;6;3;5;3;0;0;1;1;0;0;0;0;359142,146999832009897;5656342,451999410055578;6,990736940000030;51,041335486999998
183924;5221116705000191795;5;5;54;12;2022;11;7;4;3;5;3;0;1;1;1;0;0;0;0;351710,356999790004920;5746075,168999290093780;6,847205635000020;51,845765538000101
183925;5221121313212094341;5;9;58;36;2022;11;16;2;3;5;2;2;0;1;1;0;0;0;0;462912,872678590007126;5689516,436891130171716;8,467379981000020;51,355704655000103
183926;5221123313211996150;5;9;58;12;2022;11;13;4;3;5;3;0;0;1;1;0;0;0;0;469523,672332395974081;5693819,792962170206010;8,561947334000021;51,394792082999999
183927;5221128502200694966;5;1;13;0;2022;11;17;2;3;0;1;2;1;1;0;0;0;0;0;360681,551013667020015;5700851,308011390268803;6,995363792000030;51,441697029000103
183929;5221121310220571404;5;9;54;8;2022;11;11;2;2;0;1;0;1;1;0;0;0;0;0;385623,641999942017719;5684322,350999590009451;7,359395886000070;51,298717399000097
183934;5221115400200774588;5;7;11;0;2022;11;13;3;3;5;3;0;0;1;1;0;0;0;0;472865,171706309018191;5764626,404626009985805;8,604460493000030;52,031597316000003