OBJECTID;UIDENTSTLAE;ULAND;UREGBEZ;UKREIS;UGEMEINDE;UJAHR;UMONAT;USTUNDE;UWOCHENTAG;UKATEGORIE;UART;UTYP1;ULICHTVERH;IstStrassenzustand;IstRad;IstPKW;IstFuss;IstKrad;IstGkfz;IstSonstige;LINREFX;LINREFY;XGCSWGS84;YGCSWGS84
183937;5221112301102608944;5;9;13;0;2022;11;17;7;2;6;7;2;0;1;0;1;0;0;0;396925,117010093003046;5705609,244084849953651;7,515259297000060;51,492221216000097
183938;5221201705000595212;5;5;54;48;2022;12;9;5;3;5;6;0;0;1;1;0;0;0;0;342053,637999719008803;5745198,938999050296843;6,707531760000050;51,835245407000102
183940;5221123516700956014;5;1;58;8;2022;11;11;4;3;0;7;0;0;1;0;0;0;0;1;362209,240999849978834;5674664,039999449625611;7,027456462000030;51,206735234000099
183941;5221128709110170630;5;5;66;8;2022;11;8;2;3;0;7;0;1;1;0;0;0;0;0;400710,290949795977212;5780521,231189359910786;7,548272096000060;52,166235653999998
183942;5221113600140034157;5;3;14;0;2022;11;14;1;3;5;7;0;0;1;1;0;0;0;0;367623,657344851002563;5622330,190918230451643;7,123972848000050;50,737656505000103
183944;5221119405108474500;5;7;54;8;2022;11;12;7;2;5;3;0;0;1;1;0;0;0;0;456451,200999999011401;5748151,583999659866095;8,367298290000059;51,882434807999999
183947;5221115601200093502;5;3;15;0;2022;11;17;3;3;4;2;1;0;1;0;0;0;0;0;354217,529999802005477;5642603,258999349549413;6,926048388000030;50,916638146000103
183948;5221126411128976191;5;7;74;28;2022;11;5;7;2;9;1;2;1;1;0;0;0;0;0;484641,967000000993721;5716978,756999650038779;8,778239840000030;51,603640402000103
183949;5221121601200992853;5;3;15;0;2022;11;13;2;3;0;1;0;0;1;0;0;0;0;0;353819,093954338983167;5642290,343792459927499;6,920509463000030;50,913725282000001
183950;5221122709300396690;5;5;66;84;2022;11;13;3;3;5;3;0;0;1;1;0;0;0;0;390357,605395714985207;5776565,955287850461900;7,398241527000040;52,128729315999998
183952;5221128601200890338;5;3;15;0;2022;11;10;2;3;1;5;0;1;1;1;0;0;0;0;353763,599295398977119;5643147,151451990008354;6,919377102000060;50,921411092000000
183954;5221203602100115068;5;3;62;8;2022;12;10;7;3;0;7;0;0;1;0;0;0;1;0;334038,696128932002466;5648332,268827769905329;6,636612808000050;50,962663417000002
183956;5221130514213086053;5;1;66;8;2022;11;11;4;3;5;3;0;0;1;1;0;0;0;0;314885,849999391997699;5690599,115997630171478;6,342427885000060;51,336498345000102
183958;5221115400100178118;5;7;11;0;2022;11;14;3;3;5;2;0;0;1;1;0;0;0;0;468303,086000000010245;5764820,818999670445919;8,537943945000050;52,033103229000098
183960;5221116500200256862;5;1;11;0;2022;11;9;4;3;5;3;0;1;1;1;0;0;0;0;344893,338594091008417;5679683,404542599804699;6,777587065000030;51,247396842000100
183963;5221125406140903359;5;7;58;32;2022;11;18;6;3;0;1;2;0;1;0;0;0;0;0;465185,627880204003304;5776512,548786840401590;8,491307840000051;52,138030457000099
183974;5221124407220097000;5;7;62;32;2022;11;13;5;3;3;2;0;0;1;1;0;0;0;0;506123,735858340980485;5746027,611552500165999;9,088934307000050;51,865005142000001
183975;5221114711111602616;5;5;70;52;2022;11;15;2;3;5;2;0;0;1;1;0;0;0;0;430747,309993834001943;5757714,207255640067160;7,991984344000060;51,965799644000100
183977;5221116405108992930;5;7;54;8;2022;11;11;4;3;0;1;0;1;1;0;0;0;0;0;457177,601077966974117;5750428,923016619868577;8,377568349000059;51,902965702000103
183978;5221120301101453567;5;9;13;0;2022;11;16;1;3;3;2;2;1;1;1;0;0;0;0;393700,639999958977569;5707634,995999620296061;7,468219497000060;51,509832655000103
183980;5221129500300978862;5;1;11;0;2022;11;17;3;3;5;3;2;1;1;1;0;0;0;0;344619,713999730010983;5675972,546999149955809;6,775278832000030;51,213978999000098
183982;5221112709110393606;5;5;66;12;2022;11;9;7;2;5;3;0;0;1;1;0;0;0;0;400814,729999972973019;5776347,024999669753015;7,551017127000020;52,128737284000103
183984;5221202513210178746;5;1;62;24;2022;12;18;6;3;0;1;2;1;1;0;0;0;0;0;339251,435047273989767;5673896,800046090036631;6,699411416000030;51,193842701000101
183987;5221129706000296668;5;5;58;16;2022;11;15;3;3;0;7;0;0;1;0;0;0;0;0;381959,243893825972918;5743549,414266180247068;7,286966476000030;51,830281711000097
183989;5221112307000068928;5;9;62;52;2022;11;21;7;3;8;1;2;0;1;0;0;0;0;0;420940,209602330985945;5673301,469159349799156;7,868278659000050;51,205636737000098
183992;5221130313231992678;5;9;58;48;2022;11;17;4;3;1;5;2;1;1;1;0;0;0;0;466980,701668170979246;5671406,062520720064640;8,527470499000060;51,193111365999997
183994;5221123513320081736;5;1;62;4;2022;11;11;4;3;0;5;0;0;1;1;0;0;0;0;344484,506110268994235;5661031,382756249979138;6,779798121000060;51,079688420000103
183996;5221113702100174776;5;5;15;0;2022;11;2;1;3;1;5;2;0;1;1;0;0;0;0;406265,932353930023964;5758606,884962679818273;7,635494022000050;51,970234660000102
183997;5221203601700078581;5;3;16;0;2022;12;23;7;3;1;5;2;0;1;1;0;0;0;0;359214,996582955005579;5655369,179846880026162;6,992153617000040;51,032606628000103
184002;5221115601100990265;5;3;15;0;2022;11;21;3;3;1;5;2;1;1;1;0;0;0;0;355782,493999811995309;5643180,502999369986355;6,948068522000030;50,922218966999999
184003;5221126407320090684;5;7;62;12;2022;11;16;7;2;4;2;2;0;1;1;0;0;0;0;516357,489000000990927;5712934,115999650210142;9,236003051000070;51,567244786000103
184005;5221123316300992825;5;9;74;28;2022;11;6;4;3;5;3;2;1;1;1;0;0;0;0;453489,620999999984633;5725667,373999649658799;8,327287072000050;51,680047455000100
184007;5221128411132082046;5;7;74;32;2022;11;6;2;3;0;1;2;1;1;0;0;0;0;0;482319,139000002003741;5730395,675999649800360;8,744021120000070;51,724208951000001
184013;5221129705000380892;5;5;54;8;2022;11;7;3;2;3;6;0;1;1;0;0;0;0;0;336289,989684176980518;5745838,694074870087206;6,623650489000060;51,839333152999998
184016;5221116405108306735;5;7;54;8;2022;11;13;4;3;0;6;0;0;1;0;0;0;0;0;456788,570852025004569;5751021,918102339841425;8,371839719000040;51,908267023000100
184018;5221127702100776106;5;5;15;0;2022;11;1;1;3;5;3;2;1;1;1;0;0;0;0;405853,456999977992382;5754438,165999660268426;7,630633397000050;51,932694578000103
184019;5221112506100895533;5;1;16;0;2022;11;17;7;3;1;5;1;0;1;1;0;0;0;0;319522,832007175020408;5673636,916516230441630;6,417482435000070;51,185618927000100
184022;5221118310110075735;5;9;54;16;2022;11;22;6;3;3;7;2;1;1;1;0;0;0;0;374022,406039735011291;5695714,325359210371971;7,189041113000030;51,398653606000003
184024;5221114502401577690;5;1;17;0;2022;11;15;2;3;5;3;0;0;1;1;0;0;0;0;353043,152228894992732;5699498,422240439802408;6,886095545000050;51,427610239000003
184025;5221117502134195023;5;1;13;0;2022;11;8;5;3;0;6;0;0;1;1;0;0;0;0;365231,181999867025297;5700970,006999479606748;7,060741699000060;51,443864519000002
184026;5221119518200544728;5;1;70;24;2022;11;7;7;3;0;7;0;0;1;0;0;0;0;0;337973,313021657988429;5703150,311003649607301;6,667835540000060;51,456312405000098
184029;5221115711111181091;5;5;70;52;2022;11;14;3;3;5;3;0;0;1;0;0;0;1;0;429954,648999996017665;5756400,297999669797719;7,980716575000030;51,953888812999999
184030;5221126602900086660;5;3;62;40;2022;11;17;7;3;5;3;2;0;1;1;0;0;0;0;357950,061999825004023;5631222,968999389559031;6,983531617000040;50,815292951000103
184032;5221112506100992986;5;1;16;0;2022;11;10;7;3;0;1;0;0;1;1;0;0;0;0;320853,188999469974078;5672293,545998129993677;6,437168174000020;51,173969593000002
184034;5221202515212591081;5;1;54;32;2022;12;7;6;3;5;3;2;0;1;1;0;0;0;0;308888,119200826971792;5718543,770704500377178;6,241325447000070;51,585496796000001
184036;5221123701400195026;5;5;12;0;2022;11;13;4;3;2;2;0;0;1;1;0;0;0;0;359747,871851678006351;5711786,079262220300734;6,977593439000030;51,539728083000099
184037;5221114400100538704;5;7;11;0;2022;11;18;2;3;4;2;2;0;1;1;0;0;0;0;467256,692000002018176;5764634,167999669909477;8,522708756000039;52,031364324999998
184039;5221119601400992868;5;3;15;0;2022;11;18;7;3;6;7;2;0;1;0;1;0;0;0;354569,166760465013795;5646787,073222409933805;6,929377706000030;50,954325663000098
184040;5221201701920992631;5;5;62;28;2022;12;16;5;3;5;3;2;0;1;1;0;0;0;0;379702,552015243971255;5721737,944482740014791;7,261771061000050;51,633776006000097
184043;5221121608312285697;5;3;34;12;2022;11;7;2;3;5;2;2;1;1;1;0;0;0;0;307352,843306351976935;5632914,942842340096831;6,265149963000060;50,815876011000100
184044;5221123502405089561;5;1;17;0;2022;11;18;4;3;0;7;0;0;1;0;0;0;0;0;354977,922999574977439;5700332,574999630451202;6,913564804000030;51,435604234000003
184048;5221116610211085854;5;3;70;4;2022;11;18;4;3;0;3;2;0;1;1;0;0;0;0;312301,203998500015587;5662072,572999309748411;6,320287596000070;51,079417620000100
184049;5221119514111085821;5;1;66;32;2022;11;17;7;3;5;3;2;0;1;1;0;0;0;0;313521,343537885986734;5681281,135009739547968;6,327728002000070;51,252356163000101
184051;5221124705000195869;5;5;54;68;2022;11;6;5;3;5;3;1;1;1;1;0;0;0;0;350629,124324874021113;5767447,141976320184767;6,822238156000030;52,037495443000097
184055;5221122705000691207;5;5;54;4;2022;11;7;3;3;5;3;0;1;1;1;0;0;0;0;364300,717999865999445;5771975,777999489568174;7,019629468000060;52,081701864000102
184056;5221129601400992692;5;3;15;0;2022;11;8;3;3;6;4;1;0;1;0;1;0;0;0;357957,063140091020614;5648148,376079070381820;6,977050141000060;50,967404592999998
184059;5221202405108992621;5;7;54;8;2022;12;11;6;3;5;3;0;0;1;1;0;0;0;0;457296,657854249002412;5749912,288333940319717;8,379362762000030;51,898329994000100
184063;5221114610212363885;5;3;70;40;2022;11;13;2;3;3;2;0;0;1;1;0;0;0;0;309425,415999298973475;5668791,874997179955244;6,275731662000060;51,138823709000100
184066;5221122500300001983;5;1;11;0;2022;11;11;3;3;6;4;0;1;1;0;1;0;0;0;344712,909915980009828;5675760,124426339752972;6,776704092000050;51,212095648999998
184069;5221201607300586272;5;3;82;76;2022;12;15;5;3;5;3;0;0;1;1;0;0;0;0;402500,382999973022379;5627623,109999599866569;7,616659388000070;50,792144779000097
184076;5221125301303394282;5;9;13;0;2022;11;14;6;3;4;3;0;0;1;1;0;0;0;0;397541,889821392018348;5706648,382482980377972;7,523838660000020;51,501673877000002
184077;5221115702100072433;5;5;15;0;2022;11;9;3;3;1;5;0;0;1;1;0;0;0;0;406042,704254231997766;5758035,667139559984207;7,632401761000040;51,965062609000000
184079;5221123411132037764;5;7;74;32;2022;11;7;4;3;5;3;2;0;1;0;0;0;0;1;481813,005000000004657;5731994,491999659687281;8,736609984000040;51,738568158000099
184080;5221128607100185037;5;3;82;60;2022;11;13;2;3;5;3;0;0;1;1;0;0;0;0;374212,727999905007891;5628875,008999530225992;7,215065306000040;50,797949170999999
184081;5221113600380992977;5;3;14;0;2022;11;14;1;3;0;1;0;0;1;0;0;0;0;0;367948,154623322014231;5617518,498002380132675;7,130290995000050;50,694482198000102
184085;5221130702100992673;5;5;15;0;2022;11;12;4;3;0;7;0;0;1;0;1;0;0;0;406835,028904479986522;5751808,692124330438673;7,645617648000040;51,909224562000098
184086;5221124411132478146;5;7;74;32;2022;11;13;5;3;5;3;0;0;1;1;0;0;0;0;481035,642999999981839;5729518,532999659888446;8,725486984000041;51,716280363000102
184090;5221121518200847955;5;1;70;24;2022;11;9;2;3;5;3;0;1;1;1;0;0;0;0;335375,992999647976831;5702253,162998850457370;6,630902016000050;51,447503075999997
184104;5221125301302295238;5;9;13;0;2022;11;17;6;3;2;3;2;1;1;1;0;0;0;0;395094,899543625011574;5708622,946797549724579;7,488009256000050;51,518973511000098
184105;5221115518400485931;5;1;70;8;2022;11;12;3;3;0;3;0;0;1;1;0;0;0;0;343089,968050437979400;5715117,118884179741144;6,736094976000060;51,565271826000100
184107;5221121316100075728;5;9;74;40;2022;11;10;2;3;0;7;0;1;1;0;1;0;0;0;438080,743683649983723;5713682,904785670340061;8,106561984000050;51,570814246000097
184111;5221113301102180481;5;9;13;0;2022;11;13;1;2;7;1;0;0;1;0;0;0;0;0;394346,473972918000072;5705236,103182859718800;7,478240879000050;51,488391214000004
184114;5221124601000215180;5;3;15;0;2022;11;8;5;3;0;5;0;0;1;1;0;0;0;0;354039,774217863974627;5642633,694088329561055;6,923509169000060;50,916866726000102
184116;5221125606100593389;5;3;78;4;2022;11;7;6;3;0;3;2;1;1;1;0;0;0;0;368786,680169752973597;5650376,248734050430357;7,130387970000070;50,989996853999997
184118;5221122601100081788;5;3;15;0;2022;11;10;3;3;1;5;0;0;1;1;0;0;0;0;355867,497609189013019;5644527,160603930242360;6,948744713000050;50,934342410000099
184120;5221112513320686768;5;1;62;4;2022;11;10;7;3;1;3;0;0;1;1;0;0;0;0;347617,107098305015825;5667343,296660119667649;6,821819880000020;51,137246753000099
184126;5221117515212421932;5;1;54;32;2022;11;7;5;3;5;2;1;1;1;1;0;0;0;0;309578,130412227008492;5718360,070390139706433;6,251372932000040;51,584080489000002
184128;5221201600110086286;5;3;14;0;2022;12;13;5;3;5;2;0;0;1;1;0;0;0;0;365817,705222250020597;5620815,373903409577906;7,098945293000040;50,723626932000101
184131;5221121508000895074;5;1;19;0;2022;11;14;2;3;5;3;0;0;1;1;0;0;0;0;351136,249999783991370;5703058,585999290458858;6,857188847000030;51,459102500000000
184134;5221113600110065599;5;3;14;0;2022;11;13;1;3;0;1;0;0;1;0;0;0;0;0;365907,606859859020915;5621234,530098490417004;7,100065838000030;50,727415053000101
184135;5221203500300076148;5;1;11;0;2022;12;13;7;3;5;3;0;0;1;1;0;0;0;0;351935,407999787013978;5668671,962999300099909;6,882954098000030;51,150319266000103
184137;5221118607400814879;5;3;82;68;2022;11;9;6;3;0;1;0;1;1;0;0;0;0;0;368138,583999879017938;5632688,233999489806592;7,127550194000040;50,830872124000102
184139;5221124603116379304;5;3;66;16;2022;11;9;5;3;0;1;0;1;1;0;0;0;0;0;344501,582873601000756;5614414,032914689742029;6,799860104000060;50,660789296000097
184149;5221202406110172191;5;7;58;12;2022;12;12;6;3;5;2;0;0;1;1;0;0;0;0;478538,488000001001637;5775349,639999680221081;8,686483161000069;52,128255306000000
184150;5221117709500196541;5;5;66;60;2022;11;16;5;3;5;3;1;0;1;1;0;0;0;0;388798,487999951001257;5789126,618999649770558;7,371354462000060;52,241301112000002
184151;5221123601200992812;5;3;15;0;2022;11;11;4;3;0;1;0;0;1;0;0;0;0;1;354438,254898815008346;5643153,760806170292199;6,928966612000070;50,921641082000100
184152;5221114500300701652;5;1;11;0;2022;11;7;2;3;0;3;0;0;1;0;0;0;0;1;350408,371999776980374;5672669,519999279640615;6,859473628000050;51,185844089000099
184158;5221202502408867262;5;1;17;0;2022;12;8;6;2;5;3;0;0;1;1;0;0;0;0;351144,532999783987179;5699234,268999289721251;6,858916151000070;51,424741167999997
184159;5221117709500296578;5;5;66;76;2022;11;7;5;3;0;7;2;1;1;0;0;0;0;0;393760,939999961003195;5794583,210999660193920;7,442286177000030;52,291320900000102
184165;5221111709300574741;5;5;66;84;2022;11;10;6;3;5;3;0;0;1;1;0;0;0;0;390433,915999952994753;5775798,094999640248716;7,399603163000050;52,121843493000000
184170;5221114601200481912;5;3;15;0;2022;11;9;2;3;0;1;0;0;1;0;0;0;0;0;354306,749677893007174;5642960,695825560018420;6,927174005000040;50,919872867999999
184172;5221118702100974469;5;5;15;0;2022;11;16;6;3;0;1;0;1;1;0;0;0;0;0;404961,423999977996573;5756265,214999659918249;7,617157846000050;51,948965267000098
184173;5221201405116082112;5;7;54;16;2022;12;18;5;3;5;3;2;0;1;1;0;0;0;0;447870,753999999025837;5757422,416999669745564;8,241243438000030;51,965046020999999
184183;5221116601700599206;5;3;16;0;2022;11;17;4;3;5;3;2;0;1;1;0;0;0;0;360302,856955525989179;5659042,199089489877224;7,006241117000060;51,065881429000100
184186;5221124601300099802;5;3;15;0;2022;11;2;5;2;0;1;2;1;1;0;0;0;0;0;354558,413783353986219;5646289,205151179805398;6,929423608000040;50,949848760000101
184189;5221116407101090542;5;7;62;20;2022;11;6;4;3;5;3;2;1;1;1;0;0;0;0;527296,580085244961083;5737088,574734110385180;9,395715380000070;51,783999934000100
184197;5221113706300094281;5;5;58;4;2022;11;9;1;3;3;6;1;0;1;1;0;0;0;0;404445,669372209988069;5738522,652223399840295;7,614565524000060;51,789397537000099
184198;5221203705000992604;5;5;54;32;2022;12;19;7;3;1;5;2;0;1;1;0;0;0;0;325118,416003699006978;5745382,559850010089576;6,461885137000020;51,831849787000102
184206;5221128609108085749;5;3;58;8;2022;11;8;2;3;4;2;0;1;1;1;0;0;0;0;323858,920786159986164;5631074,516789429821074;6,500106723000040;50,804596416000003
184208;5221202709500976632;5;5;66;76;2022;12;10;6;3;0;7;0;0;1;0;0;0;0;0;395504,480312427971512;5795794,302674460224807;7,467464831000030;52,302539676000002
184209;5221116601700190404;5;3;16;0;2022;11;5;4;3;5;2;2;1;1;1;0;0;0;0;360943,286338687001262;5658227,519277770072222;7,015688588000050;51,058715393999996
184211;5221201505200095871;5;1;14;0;2022;12;7;5;3;1;5;1;0;1;1;0;0;0;0;326081,770055769011378;5694085,539087650366127;6,501287463000040;51,371353165000102
184212;5221125317240085064;5;9;78;40;2022;11;13;6;3;0;1;0;1;1;0;0;0;0;0;405488,367095075023826;5725204,700992450118065;7,633294584000050;51,669862183000099
184214;5221121405112887157;5;7;54;12;2022;11;8;2;3;0;1;0;2;1;0;0;0;0;0;455992,596999999019317;5767472,896999670192599;8,358159009000079;52,056105965000000
184216;5221129608200433186;5;3;34;2;2022;11;17;3;2;0;1;2;1;1;0;0;0;0;0;296637,097007106989622;5628263,642259989865124;6,115802280000030;50,770438003999999
184221;5221113513210075545;5;1;62;24;2022;11;13;1;3;3;6;0;0;1;0;0;0;0;0;339082,521999681019224;5672877,025999000295997;6,697452950000070;51,184632555000100
184222;5221117518400577721;5;1;70;8;2022;11;15;5;3;0;3;0;1;1;1;0;0;0;0;344557,942999734019395;5717134,893999139778316;6,756364602000080;51,583807483999998
184223;5221118702100370512;5;5;15;0;2022;11;13;6;3;0;1;0;1;1;0;0;0;0;0;409220,580999982019421;5754283,016999660059810;7,679635025000040;51,931859401000096
184228;5221122603116524885;5;3;66;16;2022;11;15;3;3;5;2;0;0;1;1;0;0;0;0;344218,728999721992295;5614394,042999159544706;6,795869584000060;50,660534065000000
184231;5221112601100386373;5;3;15;0;2022;11;19;7;3;3;6;2;0;1;1;0;0;0;0;354909,824999806005508;5645307,542999349534512;6,934814058000030;50,941115383000103
184234;5221130602400315147;5;3;62;32;2022;11;7;4;3;5;3;1;0;1;1;0;0;0;0;336915,471999655012041;5638327,636998949572444;6,682016323000030;50,873590784999998
184237;5221125518120944428;5;1;70;44;2022;11;12;6;3;5;3;0;1;1;1;0;0;0;0;340495,677085635019466;5719116,787632879801095;6,696879817000020;51,600478437000000
184240;5221128300500789559;5;9;11;0;2022;11;17;2;3;5;2;1;1;1;1;0;0;0;0;378695,004999922006391;5703889,495999570004642;7,253376041000020;51,473147623999999
184243;5221201600110695296;5;3;14;0;2022;12;6;5;3;5;3;2;1;1;1;0;0;0;0;365188,823999866028316;5624639,518999460153282;7,088641626000030;50,757852383000099
184245;5221123705000895195;5;5;54;8;2022;11;8;4;3;5;3;0;1;1;1;0;0;0;0;335171,756999654986430;5746229,724998800083995;6,607247575000030;51,842517019000098
184246;5221114513210095733;5;1;62;24;2022;11;0;2;3;5;2;2;0;1;1;0;0;0;0;338145,589999670977704;5674924,461998960003257;6,683135362000030;51,202763945000100
184247;5221117301102082388;5;9;13;0;2022;11;7;5;3;8;6;2;1;1;1;0;0;0;0;396275,703578114975244;5706203,727942110039294;7,505733499000030;51,497446068000002
184250;5221115709300196690;5;5;66;68;2022;11;7;3;3;0;3;2;0;1;1;0;0;0;0;376350,438052948971745;5786007,392822279594839;7,190275618000040;52,210616048000098
184253;5221128705000947518;5;5;54;20;2022;11;14;2;3;5;2;0;1;1;1;0;0;0;0;365934,097999873978551;5785982,463999509811401;7,037925929000040;52,207956531000001
184260;5221115600110099997;5;3;14;0;2022;11;15;3;2;0;1;0;0;1;0;0;0;0;0;365903,412935538974125;5621241,066182189621031;7,100004073000040;50,727472831000100
184261;5221121316100082008;5;9;74;40;2022;11;6;2;2;2;6;2;1;1;0;0;0;0;1;439455,863986036973074;5714424,502147450111806;8,126273366000021;51,577630983000098
184263;5221129513210172148;5;1;62;24;2022;11;16;3;3;3;2;1;0;1;1;0;0;0;0;341785,169170585984830;5670511,189271870069206;6,737133417000050;51,164129423000098
184265;5221112601500086851;5;3;15;0;2022;11;16;7;3;4;2;0;0;1;1;0;0;0;0;361896,175999847997446;5649573,190999439917505;7,032573223000040;50,981167597000102
184266;5221202502340373454;5;1;13;0;2022;12;14;6;3;3;5;0;0;1;1;0;0;0;0;361953,347356308018789;5710163,027437720447779;7,010011417000040;51,525686638000103
184267;5221118404101992897;5;7;66;20;2022;11;6;6;3;5;3;2;0;1;0;0;0;0;1;490007,241380673018284;5755431,508979519829154;8,854603726000050;51,949500374000102
184268;5221124605148078492;5;3;74;48;2022;11;7;5;3;0;3;2;1;1;1;0;0;0;0;395517,789680254005361;5646731,299641800113022;7,512162639000050;50,962704390000098
184269;5221115500100560580;5;1;11;0;2022;11;8;3;3;4;2;0;1;1;1;0;0;0;0;345855,859046539000701;5676913,112000349909067;6,792559371000040;51,222765443000100
184271;5221116502401473598;5;1;17;0;2022;11;16;4;3;0;1;0;0;1;0;0;0;0;0;352800,009999794012401;5698810,467999319545925;6,882886412000060;51,421365387000002
184272;5221122601200487338;5;3;15;0;2022;11;18;3;3;4;6;2;0;1;1;0;0;0;0;353520,184941086976323;5644301,862506460398436;6,915452385000040;50,931726341999997
184273;5221127600120034433;5;3;82;24;2022;11;3;1;2;4;7;2;0;1;0;0;0;0;0;380755,153317457006779;5617045,596937860362232;7,311688191000030;50,692998084000102
184274;5221112316200560672;5;9;74;48;2022;11;7;7;2;4;6;0;0;1;1;0;0;0;0;427826,244999994989485;5718322,382999650202692;7,957669220000070;51,611304109000102
184277;5221117600140650189;5;3;14;0;2022;11;18;5;3;5;3;2;1;1;1;0;0;0;0;367136,418963406002149;5622288,422258590348065;7,117086773000040;50,737169820000098
184278;5221123711142051245;5;5;70;44;2022;11;9;4;3;5;3;0;1;1;1;0;0;0;0;416000,164658056979533;5759878,531122730113566;7,776849029000060;51,983221866000100
184280;5221219600110594841;5;3;14;0;2022;12;10;2;2;0;1;0;2;1;0;0;0;0;0;365620,271036915015429;5621288,192000829614699;7,095977461000070;50,727830972000000
184281;5221214316300457793;5;9;74;28;2022;12;12;4;3;1;6;0;0;1;1;0;0;0;0;454605,353541547025088;5725090,504366800189018;8,343498557000030;51,674952200000099
184283;5221210601200078523;5;3;15;0;2022;12;4;7;3;0;1;2;0;1;0;0;0;0;0;354280,872074541985057;5643413,466596559621394;6,926625182000070;50,923935261000103
184284;5221220705000691746;5;5;54;12;2022;12;15;3;3;5;3;0;1;1;1;0;0;0;0;353301,537999800988473;5746565,567999330349267;6,870080217000070;51,850592099000004
184285;5221215709500479091;5;5;66;76;2022;12;5;5;3;5;3;2;0;1;1;0;0;0;0;395155,130999962973874;5794202,646999659948051;7,462838669000060;52,288168466000101
184286;5221205705000047427;5;5;54;16;2022;12;9;2;3;5;3;0;1;1;0;0;0;0;0;362993,224999857018702;5757309,032999469898641;7,006429122000040;51,949592228000000
184291;5221208404301992551;5;7;66;44;2022;12;13;5;3;5;3;0;1;1;1;0;0;0;0;492289,394000001018867;5763568,714999670162797;8,887626390000040;52,022698010000099
184292;5221215515110085952;5;1;54;36;2022;12;14;5;3;4;2;0;0;1;1;0;0;0;0;301097,572999208990950;5740287,175995780155063;6,116633850000030;51,778059521000003
184295;5221205607200137021;5;3;82;20;2022;12;21;2;2;0;7;2;1;1;0;0;0;0;0;385034,746185556985438;5620916,407496250234544;7,371047902000040;50,728655648000000
184296;5221229516800091072;5;1;58;20;2022;12;16;5;3;0;7;0;0;1;0;0;0;0;0;356575,991154655988794;5665818,704545379616320;6,950395551000040;51,125860140999997
184297;5221222411108074571;5;7;74;8;2022;12;17;5;3;5;3;2;1;1;0;0;0;0;0;487682,561999999976251;5737041,409999660216272;8,821435363000029;51,784106174000001
184299;5221220410230696844;5;7;70;4;2022;12;11;3;3;3;3;0;1;1;1;0;0;0;0;486996,366000001027714;5784299,864999679848552;8,809694657000019;52,208987387000001
184300;5221207601700586440;5;3;16;0;2022;12;0;4;3;0;3;0;1;1;1;0;0;0;0;361054,121529977011960;5657317,680089389905334;7,017618455000050;51,050565476000003
184302;5221223602700093623;5;3;62;28;2022;12;14;6;3;5;3;0;1;1;1;0;0;0;0;351043,992107425001450;5638650,394852730445564;6,882545506000040;50,880305313000100
184307;5221221500200867276;5;1;11;0;2022;12;11;4;3;0;1;0;1;1;0;0;0;0;0;347541,336098999017850;5677522,752707569859922;6,816418236000060;51,228696060000097
184311;5221227500200546012;5;1;11;0;2022;12;6;3;3;5;2;2;0;1;1;0;0;0;0;347791,954126515018288;5681368,091418080031872;6,818370016000070;51,263315627000097
184314;5221222514213290112;5;1;66;8;2022;12;7;5;3;5;3;2;1;1;1;0;0;0;0;315135,085999395989347;5690822,215997650288045;6,345886089000030;51,338583386000003
184316;5221213405108987126;5;7;54;8;2022;12;7;3;3;5;3;1;0;1;1;0;0;0;0;457092,430999999982305;5750664,199999660253525;8,376301169000040;51,905074424000098
184317;5221208301101085416;5;9;13;0;2022;12;9;5;3;5;3;0;1;1;1;0;0;0;0;395069,519613532989752;5707090,476404840126634;7,488099737000030;51,505194072000101
184319;5221220701300595026;5;5;62;14;2022;12;13;3;3;5;3;0;1;1;1;0;0;0;0;360460,640032493975013;5714933,241267159581184;6,986615911000060;51,568185423000003
184323;5221205601200992587;5;3;15;0;2022;12;9;2;3;4;2;0;1;1;1;0;0;0;0;353114,133999792975374;5644276,199999320320785;6,909688340000060;50,931392459999998
184325;5221217709500596558;5;5;66;76;2022;12;14;7;3;5;2;0;0;1;1;0;0;0;0;393900,121269362978637;5792378,355466620065272;7,445020005000060;52,271532290000003
184327;5221207705000821168;5;5;54;52;2022;12;10;4;3;0;7;0;0;1;1;0;0;0;0;379252,241960011015180;5772966,168739450164139;7,237359904000070;52,094065150000098
184329;5221223605144690199;5;3;74;44;2022;12;10;6;3;5;3;0;1;1;1;0;0;0;0;402681,357360279012937;5637112,526208120398223;7,616706329000070;50,877486349000002
184330;5221209602300615346;5;3;62;36;2022;12;12;6;3;6;7;0;0;1;0;1;0;0;0;346785,283366855001077;5652797,400317889638245;6,816102371000060;51,006317795000001
184333;5221221608100580780;5;3;34;2;2022;12;17;4;3;3;2;2;1;1;1;0;0;0;0;294670,812999001005664;5629212,738995419815183;6,087423897000060;50,778269523000098
184334;5221216709110596546;5;5;66;12;2022;12;8;6;3;5;3;0;0;1;1;0;0;0;0;405955,020339717972092;5771689,110183159820735;7,627373228000070;52,087769606000101