OBJECTID;UIDENTSTLAE;ULAND;UREGBEZ;UKREIS;UGEMEINDE;UJAHR;UMONAT;USTUNDE;UWOCHENTAG;UKATEGORIE;UART;UTYP1;ULICHTVERH;IstStrassenzustand;IstRad;IstPKW;IstFuss;IstKrad;IstGkfz;IstSonstige;LINREFX;LINREFY;XGCSWGS84;YGCSWGS84
184340;5221224500300096954;5;1;11;0;2022;12;16;7;3;0;1;1;0;1;0;0;0;0;0;343855,739931003015954;5676766,340950730256736;6,764003580000060;51,220903102000101
184343;5221229600140345323;5;3;14;0;2022;12;12;5;3;0;3;0;0;1;1;0;0;0;0;368023,735138973977882;5623812,814079930074513;7,129108336000060;50,751073525000002
184347;5221214518200892096;5;1;70;24;2022;12;20;4;3;0;1;2;0;1;0;0;0;0;0;335425,399760900007095;5702351,559941270388663;6,631566613000070;51,448401445000101
184350;5221208602800389822;5;3;62;12;2022;12;10;5;3;5;2;0;1;1;0;0;0;0;1;351538,461285386001691;5632826,927973289974034;6,891930936000050;50,828099244000001
184351;5221210705000096107;5;5;54;8;2022;12;23;7;3;8;7;2;0;1;0;0;0;0;0;335625,105053669016343;5745822,032789140008390;6,614016218000070;51,838988186000101
184352;5221228705000802662;5;5;54;4;2022;12;20;4;2;6;1;2;1;1;0;1;0;0;0;357515,385609577002469;5776447,068666709586978;6,918804703000030;52,120171211000098
184353;5221221515111895174;5;1;54;8;2022;12;15;4;3;5;7;0;0;1;1;0;0;0;0;310543,324999356002081;5746812,372997010126710;6,249822034000030;51,839938528000097
184359;5221222608100194915;5;3;34;2;2022;12;19;5;3;5;3;2;1;1;1;0;0;0;0;293931,744998985028360;5629073,747995300218463;6,077032697000050;50,776759128000002
184361;5221213602300025962;5;3;62;36;2022;12;8;3;3;0;1;1;1;1;0;0;0;0;0;346214,135967287002131;5651903,510156409814954;6,808346355000030;50,998132978000100
184362;5221208400300082010;5;7;11;0;2022;12;20;5;3;5;3;2;0;1;1;0;0;0;0;471728,713999999978114;5755250,418999670073390;8,588668069000050;51,947243471000000
184363;5221212602500581730;5;3;62;24;2022;12;17;2;3;5;3;2;0;1;1;0;0;0;0;346299,969999741006177;5641234,887999200262129;6,814072115000040;50,902287532000102
184367;5221226515212044821;5;1;54;64;2022;12;12;2;3;1;1;0;1;1;1;0;0;0;0;305322,516542901983485;5723431,655646329745650;6,187209106000070;51,628173293000003
184370;5221217518100195949;5;1;70;48;2022;12;11;7;3;1;7;0;0;1;1;0;0;0;1;334778,773273947008420;5727562,477983370423317;6,610421448000070;51,674704153000100
184372;5221207505100072114;5;1;14;0;2022;12;8;4;2;0;2;1;0;1;1;0;0;0;0;330591,643999596009962;5689163,903998659923673;6,568360836000070;51,328501240000001
184373;5221214518100096110;5;1;70;48;2022;12;7;4;3;5;3;2;2;1;1;0;0;0;0;336127,089999659976456;5726564,750998860225081;6,630371971000050;51,666135734000100
184375;5221209516200491121;5;1;58;12;2022;12;20;6;3;8;1;2;1;1;0;0;0;0;0;358823,559999831020832;5688363,950999409891665;6,973611348000080;51,329022328000100
184376;5221212701400891627;5;5;12;0;2022;12;8;2;3;0;1;1;2;1;0;0;0;0;0;358092,322999827971216;5710612,863999400287867;6,954209889000030;51,528771861000102
184379;5221221400300876062;5;7;11;0;2022;12;7;4;3;0;3;2;1;1;1;0;0;0;0;467146,384875872987323;5762034,802541649900377;8,521350394000020;52,007987909000100
184380;5221217301203385033;5;9;13;0;2022;12;15;7;3;0;7;0;1;1;1;0;0;0;0;392382,778051764995325;5712513,565419809892774;7,447745499000060;51,553433617000103
184381;5221211706300496684;5;5;58;24;2022;12;2;1;2;7;7;2;2;1;1;0;0;0;0;393104,448403958987910;5736727,087895089760423;7,450744476000070;51,771206886000101
184382;5221206514118586020;5;1;66;16;2022;12;15;3;3;5;3;0;1;1;0;0;1;0;0;308401,632999291992746;5687785,243997000157833;6,250963469000060;51,309077357000000
184390;5221215705000591855;5;5;54;8;2022;12;20;5;3;6;4;2;1;1;0;1;0;0;0;335378,985738425981253;5745843,742683749645948;6,610436694000040;51,839110722999997
184392;5221227601500090402;5;3;15;0;2022;12;17;3;3;1;5;2;0;1;1;0;0;0;0;360342,288999838987365;5648134,732999419793487;7,011003256000040;50,967865199000101
184398;5221215600380886251;5;3;14;0;2022;12;15;5;3;5;3;0;1;1;1;0;0;0;0;369891,718179880990647;5617584,585225960239768;7,157771160000040;50,695514226999997
184402;5221220610211563885;5;3;70;4;2022;12;13;3;3;0;1;0;1;1;1;0;0;0;0;311758,778999331989326;5662227,107997429557145;6,312472207000040;51,080628048000101
184403;5221215705000091775;5;5;54;8;2022;12;14;5;2;0;3;0;0;1;1;0;0;0;0;335136,121999654977117;5747318,033998800441623;6,606211900000060;51,852283151000101
184407;5221231600140571665;5;3;14;0;2022;12;12;7;3;0;7;0;0;1;0;0;0;0;0;367680,241890757984947;5622415,499699230305851;7,124743671000030;50,738436163000102
184412;5221215602300189770;5;3;62;36;2022;12;9;5;3;5;3;0;1;1;1;0;0;0;0;346814,755999747023452;5654557,944999209605157;6,815778754000060;51,022145792000103
184415;5221205607100225398;5;3;82;60;2022;12;17;2;3;5;3;2;1;1;1;0;0;0;0;373098,705999900004826;5628499,950999519787729;7,199395095000060;50,794335128999997
184417;5221217706200979103;5;5;58;12;2022;12;10;7;3;3;6;0;2;1;1;0;0;0;0;372863,714219252986368;5756709,979018850252032;7,150191077000040;51,946552576000002
184419;5221207705000091732;5;5;54;48;2022;12;15;4;2;2;6;0;0;1;1;0;0;0;0;341128,328438898024615;5745676,054129210300744;6,693894244000030;51,839269355000098
184420;5221215500300091126;5;1;11;0;2022;12;12;5;3;3;2;0;0;1;1;0;0;0;0;345078,489999734971207;5674235,601999159902334;6,782592193000030;51,198496433000102
184425;5221221518400885894;5;1;70;8;2022;12;9;4;3;5;3;0;1;1;1;0;0;0;0;342987,892999721982051;5716033,372999089770019;6,734214075000070;51,573475580000000
184426;5221216701300094967;5;5;62;14;2022;12;6;6;3;5;3;2;2;1;1;0;0;0;0;363173,217999858024996;5712741,830999470315874;7,026582677000020;51,549157504999997
184429;5221213608100489838;5;3;34;2;2022;12;14;3;2;0;1;0;0;1;0;0;0;0;0;294703,473992475017440;5627421,748317830264568;6,088885905000040;50,762195776000098
184432;5221213705000681028;5;5;54;12;2022;12;12;3;3;5;3;0;0;1;1;0;0;0;0;352834,850999797985423;5747801,713999319821596;6,862783088000070;51,861575938999998
184433;5221208608100089831;5;3;34;2;2022;12;17;5;3;5;2;2;0;1;1;0;0;0;0;294459,509929249994457;5629263,623614990152419;6,084402281000050;50,778651688000103
184435;5221220706000427034;5;5;58;16;2022;12;0;3;3;0;1;0;0;1;0;0;0;0;0;382127,987211851985194;5742792,854184160009027;7,289671745000020;51,823517975000101
184438;5221227601300386263;5;3;15;0;2022;12;12;3;3;5;3;0;0;1;1;0;0;0;0;348291,188245668017771;5646546,671030719764531;6,840159484000030;50,950547032000003
184440;5221219501313391597;5;1;12;0;2022;12;14;2;3;5;3;0;0;1;1;0;0;0;0;343342,316999721981119;5701324,615999110043049;6,745858265000040;51,441419944000103
184441;5221213600310193374;5;3;14;0;2022;12;17;3;3;0;1;2;0;1;0;0;0;0;0;362476,580063229019288;5620046,069061010144651;7,051924850000030;50,715931447999999
184442;5221208513330495517;5;1;62;12;2022;12;12;5;3;1;5;0;1;1;1;0;0;0;0;325328,697238295979332;5663984,520996030420065;6,505156423000070;51,100707940000099
184452;5221214709500374669;5;5;66;76;2022;12;14;4;3;5;3;0;1;1;1;0;0;0;0;393694,929999960004352;5795387,033999660052359;7,441065032000040;52,298532232000099
184455;5221209411232992545;5;7;74;32;2022;12;7;6;3;0;1;1;2;1;0;0;0;0;0;480716,577147302974481;5730916,970493130385876;8,720791061000060;51,728843224000101
184459;5221212705000586931;5;5;54;8;2022;12;10;2;3;5;3;0;0;1;1;0;0;0;0;337122,667999672004953;5745619,113998879678547;6,635829555000040;51,837604009000103
184461;5221229700000081488;5;5;13;0;2022;12;13;5;3;5;3;0;0;1;1;0;0;0;0;367069,820994866022374;5713877,676820360124111;7,082318674000020;51,560296346000001
184466;5221215400200506716;5;7;11;0;2022;12;13;5;2;5;3;0;0;1;1;0;0;0;0;468207,491000001027714;5763064,179999670013785;8,536713691000051;52,017304473000102
184472;5221221316100082135;5;9;74;40;2022;12;15;4;3;0;7;1;1;1;1;0;1;0;0;438107,669868326978758;5713980,167250580154359;8,106898079000080;51,573489747000103
184476;5221214515211992458;5;1;54;56;2022;12;17;4;3;8;1;2;0;1;1;0;0;0;0;311171,015397274983115;5727371,017795659601688;6,269479889000020;51,665546722000002
184480;5221213607100632320;5;3;82;60;2022;12;15;3;3;5;3;0;0;1;1;0;0;0;0;376458,605999912018888;5629808,828999539837241;7,246604273000060;50,806826043999997
184481;5221209316100094367;5;9;74;40;2022;12;7;6;3;1;6;1;2;1;1;0;0;0;0;439011,057657936995383;5714604,286084259860218;8,119823850000049;51,579199382000098
184486;5221227313110793778;5;9;58;4;2022;12;9;3;3;5;3;0;0;1;1;0;0;0;0;427955,743182925973088;5700745,726495089940727;7,963135528000070;51,453303054999999
184487;5221222601100992336;5;3;15;0;2022;12;22;5;3;5;7;2;0;1;1;0;0;0;0;355647,875694972986821;5645583,978955999948084;6,945202543000050;50,943784905000001
184490;5221208505200796117;5;1;14;0;2022;12;7;5;3;5;3;2;1;1;1;0;0;0;0;326115,938999545003753;5694072,860998420044780;6,501784075000050;51,371249736000003
184491;5221215601100992453;5;3;15;0;2022;12;9;5;3;1;5;0;1;1;1;0;0;0;0;356235,154973216995131;5646141,856621050275862;6,953336298000070;50,948945205000001
184497;5221216608100494884;5;3;34;2;2022;12;10;6;3;8;1;0;0;1;0;0;0;0;0;293913,994999221991748;5628639,615814549848437;6,077024508000020;50,772853822000101
184501;5221219602300225962;5;3;62;36;2022;12;4;2;3;0;1;2;2;1;0;0;0;0;0;346477,300352189980913;5652453,621863230131567;6,811861254000060;51,003146517000097
184507;5221212515210054146;5;1;54;12;2022;12;16;2;3;1;5;0;0;1;1;0;0;0;0;314201,007942889002152;5710279,488163719885051;6,322288967000080;51,513045148000103
184513;5221213405108494427;5;7;54;8;2022;12;10;3;3;5;2;0;0;1;1;0;0;0;0;457497,776861309015658;5749452,342711959965527;8,382342284000060;51,894210186000102
184519;5221228313110575326;5;9;58;4;2022;12;17;4;3;3;6;2;0;1;0;0;1;0;0;428385,656221553974319;5700908,201390930451453;7,969288881000070;51,454818306000000
184520;5221221404101687357;5;7;66;20;2022;12;7;4;3;0;7;2;1;1;0;0;0;0;0;491121,477379044983536;5755943,530487890355289;8,870802766000050;51,954122868000098
184522;5221212515210581472;5;1;54;12;2022;12;11;2;2;5;2;0;0;1;1;0;0;0;0;314610,111601434997283;5710423,918443449772894;6,328102066000040;51,514476780000102
184523;5221206711216987237;5;5;70;4;2022;12;11;3;3;2;6;0;1;1;1;0;0;0;0;423846,744658784999046;5735370,789332480169833;7,896488055000020;51,764041200000101
184530;5221220600110378264;5;3;14;0;2022;12;15;3;3;0;1;0;1;1;0;0;0;0;0;363741,669203246012330;5621023,626506590284407;7,069473370000030;50,725015534000100
184532;5221206313233050115;5;9;58;28;2022;12;16;3;2;5;7;1;1;1;1;0;0;0;0;479048,779406454006676;5671940,504103629849851;8,700138763000041;51,198487075999999
184533;5221225600140395325;5;3;14;0;2022;12;14;1;3;8;7;0;1;1;1;0;0;0;0;366924,876140913984273;5623784,672688820399344;7,113550086000030;50,750569714000100
184541;5221223701300694971;5;5;62;14;2022;12;14;6;3;1;1;0;1;1;1;0;0;0;0;360055,116940226987936;5715151,281995589844882;6,980681773000070;51,570044247000098
184542;5221209502209577995;5;1;13;0;2022;12;16;6;3;0;7;2;0;1;0;0;0;0;0;361020,155115096014924;5700938,245429350063205;7,000198598000050;51,442561460000000
184543;5221205500300379203;5;1;11;0;2022;12;15;2;3;5;3;0;1;1;1;0;0;0;0;351495,017100924975239;5670174,345599429681897;6,876041913000050;51,163705688999997
184549;5221223405116306680;5;7;54;16;2022;12;2;6;2;0;1;2;1;1;0;0;0;0;0;447694,620999999984633;5757253,486999670043588;8,238705746000051;51,963510757999998
184555;5221215709110742437;5;5;66;8;2022;12;17;5;3;0;1;2;0;1;0;0;0;0;0;398987,768426924012601;5782332,295772359706461;7,522556590000020;52,182200398000099
184556;5221212513320374095;5;1;62;4;2022;12;12;2;3;5;3;0;0;1;1;0;0;0;0;348252,659909671987407;5662566,663347939960659;6,832907225000040;51,094493297000000
184564;5221215608200563894;5;3;34;2;2022;12;9;5;3;4;6;0;0;1;1;0;0;0;0;300238,205117390025407;5626152,557577249594033;6,167953518000050;50,752727614999998
184565;5221226513210175545;5;1;62;24;2022;12;12;2;3;4;5;0;1;1;1;0;0;0;1;341317,819764242973179;5672635,134318919852376;6,729517255000080;51,183083983000103
184566;5221205515210992578;5;1;54;12;2022;12;20;2;3;5;6;2;1;1;1;0;0;0;0;313129,017923642997630;5711578,796599670313299;6,306169020000030;51,524361720999998
184575;5221228300600520107;5;9;16;0;2022;12;8;4;3;4;6;2;1;1;1;0;0;0;0;378092,406942298985086;5712793,179542629979551;7,241624772000020;51,553039753000100
184576;5221221601600986470;5;3;15;0;2022;12;15;4;2;5;3;0;1;1;0;0;0;1;0;359554,220999835000839;5642965,920999419875443;7,001780058000070;50,921220933000001
184578;5221205609108094751;5;3;58;8;2022;12;8;2;3;3;1;1;1;1;1;0;0;0;0;322182,675586930010468;5631493,435620520263910;6,476138137000020;50,807848035000099
184579;5221221701300046941;5;5;62;14;2022;12;7;4;3;5;3;2;0;1;0;0;0;0;1;361665,145857102004811;5716519,970222369767725;7,003359180000070;51,582740790000102
184581;5221220315210771277;5;9;70;24;2022;12;6;3;2;0;1;2;1;1;0;0;0;0;0;432666,905691972002387;5646195,709207840263844;8,041167896000051;50,963429034000100
184583;5221215303100941177;5;9;15;0;2022;12;5;5;2;1;7;2;1;1;1;0;0;0;0;415842,302793827024288;5723836,647303059697151;7,783310727000070;51,659210648000098
184584;5221223601400693634;5;3;15;0;2022;12;13;6;1;0;3;0;1;1;0;0;0;0;1;357402,601817519986071;5648609,235001649707556;6,968978210000050;50,971409297000001
184588;5221221411132678165;5;7;74;32;2022;12;18;4;3;6;4;2;0;1;0;1;0;0;0;482655,829000000027008;5729387,333999649621546;8,748945792000031;51,715153159000103
184589;5221216601600386470;5;3;15;0;2022;12;11;6;3;5;3;0;2;1;1;0;0;0;0;362818,829892890993506;5645576,020749780349433;7,047216288000070;50,945464299999998
184590;5221206608404985695;5;3;34;4;2022;12;8;3;3;3;2;0;1;1;1;0;0;0;0;302179,467999156971928;5639646,032996459864080;6,188166352000050;50,874590454000000
184592;5221223300300593666;5;9;11;0;2022;12;5;6;3;5;2;2;1;1;1;0;0;0;0;380243,330999927013181;5703155,061999579891562;7,275907750000040;51,466876607000103
184597;5221215709000992452;5;5;66;8;2022;12;10;5;3;5;3;0;0;1;1;0;0;0;0;399630,190930735028815;5781487,935162889771163;7,532199438000020;52,174728780000102
184598;5221212601300081791;5;3;15;0;2022;12;13;2;3;5;3;0;0;1;1;0;0;0;0;351920,674999786016997;5648498,393999299965799;6,890999516000020;50,969029985000098
184601;5221231502321880940;5;1;13;0;2022;12;13;7;3;0;7;0;1;1;0;0;0;0;0;356469,629469451028854;5704126,729814990423620;6,933471543000050;51,470078194999999
184602;5221222601300778624;5;3;15;0;2022;12;21;5;3;0;1;2;1;1;0;0;0;0;0;353964,124701416003518;5646719,348657120019197;6,920796430000050;50,953564051999997
184606;5221215600380878213;5;3;14;0;2022;12;16;5;3;5;3;1;2;1;1;0;0;0;0;370656,641280431998894;5615371,434278610162437;7,169370407000030;50,675792176000101
184607;5221224601400992339;5;3;15;0;2022;12;9;7;3;5;3;0;0;1;1;0;0;0;0;351767,710999784001615;5646982,259999309666455;6,889440183000030;50,955365979000099
184608;5221209702100079097;5;5;15;0;2022;12;12;6;3;0;4;0;0;1;0;1;0;0;0;405718,866504820005503;5757889,444578059948981;7,627729734000070;51,963693469000098
184611;5221221709500951486;5;5;66;76;2022;12;16;4;3;0;1;2;1;1;0;0;0;0;0;393484,142077722004615;5794711,847537459805608;7,438188635000070;52,292423389000099
184616;5221223706000476729;5;5;58;28;2022;12;16;6;3;5;3;1;1;1;1;0;0;0;0;398013,251999970001634;5733320,929999640211463;7,522861904000020;51,741507064000103
184617;5221209400200196843;5;7;11;0;2022;12;13;6;2;5;3;0;0;1;0;0;1;0;0;469517,126401294022799;5763859,190779600292444;8,555726499000061;52,024525638999997
184618;5221204307000585513;5;9;62;32;2022;12;3;1;3;0;7;2;1;1;0;0;0;0;0;404300,315999976999592;5675039,662999619729817;7,629685585000060;51,218716778000001
184619;5221228400100096915;5;7;11;0;2022;12;12;4;3;0;7;0;1;1;0;1;0;0;0;461081,674106767983176;5766119,567597519606352;8,432532345000030;52,044319775000098
184624;5221214516500992455;5;1;58;16;2022;12;15;4;2;1;5;1;0;1;1;0;0;0;0;355271,602324301027693;5671563,083004510030150;6,929458353000030;51,177153322999999
184627;5221219705000528447;5;5;54;12;2022;12;7;2;3;5;3;0;2;1;1;0;0;0;0;351599,763999790011439;5745008,790999289602041;6,846058809000060;51,836154916000098
184629;5221208601300895873;5;3;15;0;2022;12;15;5;3;0;2;0;0;1;1;0;0;0;0;355037,909999806026462;5645971,557999360375106;6,936371657000050;50,947114935000101
184630;5221210601500090215;5;3;15;0;2022;12;12;7;3;0;2;0;0;1;1;0;0;0;0;359095,286394495982677;5650379,596975750289857;6,992385012000060;50,987736140999999
184631;5221220608100094900;5;3;34;2;2022;12;12;3;2;5;3;0;1;1;1;0;0;0;0;293823,048998982005287;5627491,051995290443301;6,076379927000060;50,762506094999999
184632;5221216316300076616;5;9;74;28;2022;12;15;6;2;0;7;0;1;1;0;0;0;0;0;451963,994999999995343;5726389,253999659791589;8,305123223000070;51,686409293000096
184634;5221226701700685352;5;5;62;16;2022;12;23;2;2;8;1;2;0;1;0;0;0;0;0;376234,275621685024817;5735241,288042900152504;7,206891776000020;51,754378660000000
184637;5221222705000695948;5;5;54;8;2022;12;12;5;3;3;6;0;1;1;1;0;0;0;0;336275,896999665012117;5745749,585998849943280;6,623488284000080;51,838528523000001
184638;5221219515210196072;5;1;54;12;2022;12;4;2;3;0;1;2;2;1;0;0;0;0;0;314580,962288176000584;5710343,365700529888272;6,327724813000030;51,513743697000102
184642;5221220601700395390;5;3;16;0;2022;12;11;3;3;5;3;0;1;1;1;0;0;0;0;359142,146999832009897;5656342,451999410055578;6,990736940000030;51,041335486999998
184647;5221222514118086214;5;1;66;16;2022;12;14;5;3;0;7;0;1;1;1;0;0;0;0;310595,635171779023949;5687294,013508060015738;6,282665378000050;51,305399499000004
184648;5221219407101987067;5;7;62;20;2022;12;18;2;2;0;1;2;2;1;0;0;0;0;0;526332,138547917944379;5736183,599867939949036;9,381665665000069;51,775909441000103
184649;5221213501214673927;5;1;12;0;2022;12;16;3;3;5;3;1;0;1;1;0;0;0;0;340413,415999696007930;5695550,363999029621482;6,706349487000070;51,388722802000103
184662;5221219705000896575;5;5;54;4;2022;12;8;2;3;0;1;0;2;1;0;0;0;0;0;357276,728263370983768;5777327,351823369972408;6,914952023000070;52,128018832000102
184665;5221228700000596562;5;5;13;0;2022;12;17;4;3;5;3;2;1;1;1;0;0;0;0;364935,287999866995960;5716171,237999480217695;7,050662791000040;51,580400140000101
184669;5221206518400086207;5;1;70;8;2022;12;0;3;3;0;7;0;1;1;0;0;0;0;0;343463,569857646012679;5714877,662460690364242;6,741587444000060;51,563224220000102
184671;5221230508000582214;5;1;19;0;2022;12;18;6;3;0;1;2;1;1;0;0;0;0;0;351758,512690606992692;5703684,533268559724092;6,865876845000060;51,464890271000101
184674;5221213518400489287;5;1;70;8;2022;12;8;3;3;5;3;0;1;1;1;0;0;0;0;342458,585999717004597;5715652,514999080449343;6,726753064000040;51,569906095000100
184677;5221221301301917213;5;9;78;24;2022;12;9;4;3;1;7;0;1;1;1;0;0;0;0;398257,595527641999070;5719891,251993950456381;7,530313614000020;51,620839089000100
184680;5221224601200095651;5;3;15;0;2022;12;17;7;1;4;2;2;0;1;1;0;0;0;0;360432,834275001019705;5638397,926340210251510;7,016018737000020;50,880380407000096
184684;5221220513210749943;5;1;62;24;2022;12;18;3;3;0;7;2;1;1;1;0;0;0;0;338718,644999677024316;5674283,402998980134726;6,691619238000040;51,197166170999999
184685;5221208500300082078;5;1;11;0;2022;12;7;5;3;5;3;2;1;1;1;0;0;0;0;344156,891003476979677;5674047,710886660031974;6,769493500000070;51,196557534000100
184693;5221207600110173841;5;3;14;0;2022;12;18;4;3;0;7;2;1;1;0;0;0;0;0;365841,574968556000385;5622487,419878309592605;7,098674816000030;50,738660729999999
184701;5221205608200394877;5;3;34;2;2022;12;17;2;3;5;3;2;1;1;1;0;0;0;0;297995,435999068024103;5629635,123995929956436;6,134287853000050;50,783230622000097
184705;5221212516900389214;5;1;58;26;2022;12;13;2;3;5;3;0;0;1;1;0;0;0;0;352761,275999790988863;5662297,602999320253730;6,897356999000070;51,093250775000101
184707;5221207518100992560;5;1;70;48;2022;12;15;4;2;5;3;0;0;1;1;0;0;0;0;335911,769999657990411;5728094,364998850040138;6,626542755000060;51,679814561000100
184708;5221214600110495296;5;3;14;0;2022;12;15;4;3;0;1;0;2;1;0;0;0;0;0;367023,997999872022774;5619628,232999480329454;7,116453677000040;50,713234151000101
184709;5221223711111591695;5;5;70;52;2022;12;13;6;3;5;3;0;1;1;1;0;0;0;0;430256,035228793974966;5756281,030612469650805;7,985125738000020;51,952854525000099
184711;5221209606700199811;5;3;78;8;2022;12;19;6;3;4;3;2;0;1;1;0;0;0;0;368087,818999879003968;5660705,408999499864876;7,116675144000060;51,082671382000100
184712;5221204600110085801;5;3;14;0;2022;12;14;1;3;3;6;0;0;1;1;0;0;0;0;366559,624823704012670;5621848,489203440025449;7,109076585000030;50,733083454999999
184716;5221212315110889946;5;9;70;40;2022;12;11;2;3;0;1;0;2;1;0;0;0;0;0;431051,196999994979706;5639112,388999610207975;8,019503635000040;50,899549754000098
184717;5221207411132992567;5;7;74;32;2022;12;7;4;3;4;3;1;1;1;1;0;0;0;0;483531,498000001010951;5730374,710999649949372;8,761574158000030;51,724057369000001
184718;5221227515210582161;5;1;54;12;2022;12;11;3;2;0;2;0;1;1;0;0;0;0;0;314416,237201259005815;5710974,786687339656055;6,325021137000020;51,519360977000098
184720;5221223500300001983;5;1;11;0;2022;12;9;6;2;0;1;0;1;1;0;0;0;0;0;344963,743173167982604;5675595,494929639622569;6,780363614000070;51,210684534000102
184724;5221211505200491329;5;1;14;0;2022;12;17;1;3;0;5;2;0;1;1;0;0;0;0;329584,249299233022612;5689865,933359109796584;6,553579279000080;51,334507170000101
184725;5221220705000591707;5;5;54;4;2022;12;7;3;3;0;7;2;0;1;0;0;0;0;1;363790,834493444010150;5772178,128416859544814;7,012112350000050;52,083394857000002
184727;5221205711215002938;5;5;70;4;2022;12;14;2;3;0;1;0;2;1;0;0;0;0;0;423184,244999993010424;5734938,027999649755657;7,886985609000020;51,760060336999999
184729;5221205601500967675;5;3;15;0;2022;12;19;2;3;4;2;2;1;1;1;0;0;0;0;358446,437967030971777;5644844,906382420100272;6,985299591000060;50,937836756000102
184730;5221221709500455136;5;5;66;76;2022;12;7;4;3;5;3;2;1;1;1;0;0;0;0;391763,960807693016250;5791988,320676339790225;7,413850854000030;52,267610670000103
184742;5221213705000992483;5;5;54;8;2022;12;10;3;3;0;2;0;2;1;1;0;0;0;0;336585,040999668010045;5745699,891998860053718;6,627994933000020;51,838172636000103
184744;5221219609108544967;5;3;58;8;2022;12;19;2;3;5;3;2;0;1;1;0;0;0;0;323875,763999500020873;5631455,791998379863799;6,500162620000030;50,808027000999999
184745;5221209300800989953;5;9;54;36;2022;12;17;6;3;1;1;2;0;1;1;0;0;0;0;384452,380833100003656;5700008,144022909924388;7,337503887000030;51,439467178000001
184751;5221206404301090692;5;7;66;44;2022;12;15;3;2;0;1;0;1;1;0;0;0;0;0;491896,694000000017695;5763319,951999669894576;8,881909122000019;52,020455807000097
184755;5221219500300992408;5;1;11;0;2022;12;5;2;3;0;1;2;2;1;0;0;0;0;0;344214,857999728992581;5673013,494999139569700;6,770771125000070;51,187280508000100
184759;5221219606100790473;5;3;78;4;2022;12;19;2;3;0;1;2;1;1;0;0;0;0;0;368682,994089198007714;5650610,232492949813604;7,128826839000060;50,992076186000098
184762;5221210601300787361;5;3;15;0;2022;12;1;7;2;0;1;2;0;1;0;0;0;0;0;352617,003010766988155;5646595,932147360406816;6,901680277000030;50,952112053000100
184764;5221221411132178092;5;7;74;32;2022;12;18;4;3;0;1;2;1;1;0;0;0;0;0;483332,369100084993988;5729318,680543649941683;8,758741795000050;51,714556388000098
184768;5221226705000242405;5;5;54;4;2022;12;10;2;3;9;1;0;1;1;0;0;0;0;0;364198,155447245982941;5772575,070140910334885;7,017895022000060;52,087061623000103
184769;5221231601300481791;5;3;15;0;2022;12;13;7;3;5;2;0;0;1;1;0;0;0;0;355035,955999807978515;5645982,544999349862337;6,936339486000070;50,947213181000102
184778;5221225600110873846;5;3;14;0;2022;12;13;1;3;5;3;0;1;1;1;0;0;0;0;366255,674158905982040;5621626,441854599863291;7,104852506000040;50,731017788000003
184780;5221221705000095212;5;5;54;8;2022;12;12;4;3;5;3;0;1;1;1;0;0;0;0;337388,110999675001949;5744928,057998890057206;6,640003665000050;51,831473199000101
184782;5221220317120477915;5;9;78;16;2022;12;13;3;3;5;3;0;0;1;1;0;0;0;0;404012,072018794016913;5706293,356767590157688;7,617123980000030;51,499618451000103
184783;5221207505200091475;5;1;14;0;2022;12;15;4;3;5;3;0;0;1;1;0;0;0;0;332678,230999619001523;5690480,418998749926686;6,597664243000050;51,340946594999998
184784;5221214705000572450;5;5;54;8;2022;12;11;4;3;0;3;0;2;1;1;0;0;0;0;335614,332240173011087;5747518,285945019684732;6,613053669000070;51,854223115000103
184785;5221223705000572471;5;5;54;8;2022;12;18;6;2;0;1;2;1;1;0;0;0;0;0;337380,458037009986583;5746742,761638679541647;6,639039680000050;51,847773484000101
184797;5221211406210279095;5;7;58;4;2022;12;10;1;3;5;3;0;0;1;1;0;0;0;0;471360,636000000988133;5781763,387999679893255;8,581088424000029;52,185592601000103
184800;5221206500200462215;5;1;11;0;2022;12;7;3;3;5;3;1;1;1;1;0;0;0;0;343801,401999723981135;5679872,905999129638076;6,761871552000060;51,248801577999998
184806;5221208601100486548;5;3;15;0;2022;12;12;5;3;0;1;0;1;1;0;0;0;0;0;356852,010000028996728;5644766,104999390430748;6,962652665000060;50,936734985000001
184813;5221218502145691450;5;1;13;0;2022;12;11;1;3;4;1;0;1;1;1;0;0;0;0;368537,438999884005170;5701038,330999510362744;7,108263538000070;51,445255623000001
184817;5221208316300094277;5;9;74;28;2022;12;16;5;3;5;3;1;1;1;1;0;0;0;0;454865,566000000981148;5724887,062999649904668;8,347287802000039;51,673144055000101
184818;5221215607200795297;5;3;82;20;2022;12;15;5;3;5;2;1;1;1;1;0;0;0;0;378683,672999922011513;5625920,966999550350010;7,279452469000030;50,772349206999998
184826;5221214516800992466;5;1;58;20;2022;12;7;4;3;5;2;0;0;1;1;0;0;0;0;356349,211108318995684;5664595,930209140293300;6,947644109000070;51,114814807000101
184831;5221221600110495258;5;3;14;0;2022;12;9;4;3;3;6;0;0;1;1;0;0;0;0;364513,885569009988103;5620780,302896209992468;7,080497054000030;50,723009158000103