OBJECTID;UIDENTSTLAE;ULAND;UREGBEZ;UKREIS;UGEMEINDE;UJAHR;UMONAT;USTUNDE;UWOCHENTAG;UKATEGORIE;UART;UTYP1;ULICHTVERH;IstStrassenzustand;IstRad;IstPKW;IstFuss;IstKrad;IstGkfz;IstSonstige;LINREFX;LINREFY;XGCSWGS84;YGCSWGS84
184832;5221216702100476106;5;5;15;0;2022;12;8;6;3;5;3;2;1;1;1;0;0;0;0;405662,922851624025498;5751420,208640700206161;7,628689805000020;51,905535393000001
184833;5221212513310992463;5;1;62;8;2022;12;14;2;3;0;7;0;0;1;0;0;0;0;0;333744,488560556026641;5660001,115163560025394;6,627079312000030;51,067420562999999
184834;5221206514113596005;5;1;66;32;2022;12;6;3;3;5;3;2;1;1;1;0;0;0;0;315360,484745425987057;5685490,620167910121381;6,351878838000060;51,290766146000102
184837;5221219516800890291;5;1;58;20;2022;12;8;2;3;5;3;0;1;1;1;0;0;0;0;356587,368999817001168;5664160,351999379694462;6,951217534000020;51,110960104000100
184838;5221214317230194398;5;9;78;8;2022;12;22;4;3;7;7;2;2;1;0;0;0;0;1;415241,281604873016477;5718602,271965250372887;7,775891299000020;51,612066104000100
184839;5221208701500765815;5;5;62;24;2022;12;18;5;3;1;5;2;1;1;1;0;0;0;0;370063,049792615987826;5725919,678807930089533;7,121009733000050;51,669211983000103
184843;5221215711412554394;5;5;70;28;2022;12;15;5;3;6;6;0;0;1;0;1;0;0;0;440965,491815883025993;5742022,599960650317371;8,143383654000051;51,825909521000000
184844;5221206500300172534;5;1;11;0;2022;12;16;3;3;0;7;2;0;1;0;0;0;0;0;351277,912999782012776;5670646,490999289788306;6,872743881000080;51,167892006999999
184846;5221230404302082041;5;7;66;8;2022;12;19;6;3;0;2;2;0;1;1;0;0;0;0;483394,070000000006985;5769326,071999670006335;8,757707945000050;52,074266313000102
184847;5221222600110394841;5;3;14;0;2022;12;10;5;3;0;1;0;1;1;0;0;0;0;0;366091,901999867986888;5621365,614999470300972;7,102627954000070;50,728635750000102
184850;5221208515110258072;5;1;54;36;2022;12;14;5;3;5;5;0;0;1;1;0;0;0;0;302970,254220157978125;5741353,885524010285735;6,143138919000020;51,788300981000098
184851;5221215505200095990;5;1;14;0;2022;12;11;5;3;5;3;0;0;1;1;0;0;0;0;332358,193999614974018;5690079,598998730070889;6,593262327000050;51,337251330000100
184858;5221220500200562215;5;1;11;0;2022;12;10;3;3;5;3;0;1;1;1;0;0;0;0;346676,948923205025494;5676951,890529059804976;6,804292022000030;51,223335007000102
184859;5221207602700393623;5;3;62;28;2022;12;14;4;3;1;5;0;0;1;1;0;0;0;0;352380,298748450004496;5640295,073923589661717;6,900863391000030;50,895428373000101
184860;5221215400100003323;5;7;11;0;2022;12;9;5;3;4;2;0;0;1;1;0;0;0;0;465448,636000000988133;5766441,573999670334160;8,496171580000070;52,047504197000102
184863;5221209500300500909;5;1;11;0;2022;12;9;6;3;6;6;0;0;1;0;1;0;0;0;347933,714999757998157;5673335,159999229945242;6,823808780000040;51,191172377999997
184867;5221221405116524695;5;7;54;16;2022;12;11;4;3;5;2;0;1;1;1;0;0;0;0;447847,558000000019092;5757136,630999670363963;8,240949248000049;51,962474565000001
184871;5221222705000980892;5;5;54;8;2022;12;7;5;3;0;5;2;1;1;1;0;0;0;0;332915,646649744012393;5743368,332013330422342;6,575908979000080;51,816142190000100
184878;5221204705000080974;5;5;54;8;2022;12;17;1;3;0;5;2;0;1;1;0;0;0;0;335816,891507802996784;5745832,869208849966526;6,616792351000070;51,839141947000002
184879;5221228709700072366;5;5;66;72;2022;12;15;4;2;0;7;0;1;1;0;0;0;0;0;413024,956566128006671;5802882,651172510348260;7,722509938000030;52,369305328000102
184880;5221221405108096967;5;7;54;8;2022;12;13;4;3;0;1;0;1;1;0;0;0;0;0;456353,395863101002760;5750351,814891399815679;8,365598922000061;51,902208495000103
184881;5221216601200399156;5;3;15;0;2022;12;6;6;3;4;2;2;2;1;1;0;0;0;0;359125,419031217985321;5638049,819008369930089;6,997579721000020;50,876934633000097
184882;5221212516800695743;5;1;58;20;2022;12;11;2;3;1;5;0;0;1;1;0;0;0;0;356475,289089664001949;5664531,849854419939220;6,949469662000070;51,114270535999999
184887;5221219515212196091;5;1;54;32;2022;12;5;2;2;0;1;2;2;1;0;0;0;0;0;308907,047681536991149;5718400,692395029589534;6,241676204000040;51,584218204000102
184890;5221210500200474713;5;1;11;0;2022;12;15;7;3;5;2;0;0;1;1;0;0;0;0;345271,990999736997765;5679038,576999169774354;6,783286815000050;51,241705663000097
184893;5221206505200372045;5;1;14;0;2022;12;16;3;3;3;2;1;0;1;1;0;0;0;0;329266,694999581028242;5691038,070998590439558;6,548463079000040;51,344942091000100
184895;5221222516300579563;5;1;58;28;2022;12;20;5;3;1;5;2;1;1;1;0;0;0;0;351371,124999783001840;5685695,707999289967120;6,867831941000080;51,303147330000101
184898;5221208400200750092;5;7;11;0;2022;12;21;5;3;5;3;2;0;1;1;0;0;0;0;467705,401000001002103;5763705,342999669723213;8,529336912000080;52,023039931000000
184907;5221207601300199093;5;3;15;0;2022;12;7;4;3;6;7;0;1;1;0;1;0;0;0;354141,982999800995458;5644821,856999339535832;6,924086827000050;50,936556950000103
184912;5221211405108568069;5;7;54;8;2022;12;3;1;3;8;1;2;0;1;0;0;0;0;0;458428,547810459975153;5749470,204155649989843;8,395865610000040;51,894440981000102
184919;5221230705000676764;5;5;54;8;2022;12;12;6;3;1;5;0;0;1;1;0;0;0;0;337123,547999672999140;5745482,742998880334198;6,635906510000040;51,836379170000001
184922;5221219508000477780;5;1;19;0;2022;12;5;2;3;0;1;2;2;1;0;0;0;0;0;355903,590140772983432;5707752,490319440141320;6,923847816000030;51,502514857000101
184925;5221220705000282335;5;5;54;8;2022;12;13;3;3;9;1;0;1;1;0;0;0;0;0;338672,417667458008509;5746300,849262080155313;6,657985914000050;51,844178298000003
184928;5221226600360893473;5;3;82;12;2022;12;18;2;3;5;3;2;0;1;1;0;0;0;0;359558,998306213994510;5624510,111487469635904;7,008921499000050;50,755354269000101
184929;5221205518200896132;5;1;70;24;2022;12;15;2;3;5;3;1;1;1;1;0;0;0;0;336765,030999662994873;5702182,216998900286853;6,650906198000030;51,447267742000101
184931;5221217702100074776;5;5;15;0;2022;12;16;7;3;0;2;0;0;1;1;0;0;0;0;407925,166999981971458;5758290,443999660201371;7,659725499000050;51,967667665000100
184932;5221220316100976100;5;9;74;40;2022;12;13;3;3;5;3;0;0;1;0;0;0;0;0;436138,023097200028133;5713462,580519310198724;8,078574200000050;51,568616709000104
184939;5221206405228596973;5;7;54;28;2022;12;14;3;3;1;6;0;1;1;1;0;0;0;0;450803,083999998983927;5744676,146999659948051;8,285740827000041;51,850719226000102
184944;5221220513130546536;5;1;62;22;2022;12;20;3;3;0;1;2;1;1;0;0;0;0;1;339171,998837449005805;5678986,072746610268950;6,695993117000060;51,239546934000003
184949;5221205500300481122;5;1;11;0;2022;12;12;2;3;3;5;0;1;1;0;0;0;0;1;344045,875201629009098;5675649,556545830331743;6,767209768000040;51,210920395000102
184950;5221229506100171989;5;1;16;0;2022;12;20;5;3;6;4;2;0;1;0;1;0;0;0;321260,426282024011016;5671462,693082770332694;6,443400786000040;51,166633234000102
184953;5221207711215089447;5;5;70;4;2022;12;17;4;3;5;3;2;0;1;0;0;0;0;1;423289,196999993000645;5734577,970999659970403;7,888585468000030;51,756837942000097
184957;5221208709500379091;5;5;66;76;2022;12;12;5;3;0;2;0;1;1;0;0;0;0;0;393534,361999962013215;5793269,067999660037458;7,439380461000040;52,279466602000099
184962;5221206518310645087;5;1;70;32;2022;12;8;3;3;5;3;1;1;1;1;0;0;0;0;333506,066904204024468;5713408,918093830347061;6,598753685000080;51,547178039000102
184964;5221230601200275885;5;3;15;0;2022;12;10;6;3;0;1;0;0;1;0;0;0;0;0;354263,090999802981969;5643523,997999340295792;6,926328184000060;50,924924085000001
184968;5221208501325091536;5;1;12;0;2022;12;7;5;3;5;2;1;1;1;1;0;0;0;0;345196,797999737027567;5692821,888999160379171;6,776230649000070;51,365532047999999
184972;5221224601600992338;5;3;15;0;2022;12;21;7;2;5;3;2;0;1;1;0;0;0;0;363773,808999857981689;5639449,068999459967017;7,063090322000050;50,890624914000099
184973;5221205601300073653;5;3;15;0;2022;12;15;2;3;5;3;0;1;1;0;0;1;0;0;353185,380021365999710;5647231,843160330317914;6,909510116000040;50,957971776000100
184976;5221220301101479507;5;9;13;0;2022;12;16;3;2;0;7;2;1;1;0;1;0;0;0;393367,935287558007985;5708232,016902130097151;7,463246463000080;51,515136269000003
184979;5221223601100986489;5;3;15;0;2022;12;10;6;3;0;1;0;1;1;0;0;0;0;0;355554,849999808007851;5643606,028999360278249;6,944663261000070;50,925986150000000
184982;5221228610211045930;5;3;70;4;2022;12;11;4;3;0;5;0;0;1;1;0;0;0;0;311859,069549886975437;5661929,205832810141146;6,314057428000070;51,077985037000097
184983;5221221602400486158;5;3;62;32;2022;12;16;4;3;1;5;1;0;1;1;0;0;0;0;336175,379765878024045;5641985,724142510443926;6,669866193000080;50,906250257000103
184988;5221222709500220043;5;5;66;76;2022;12;16;5;2;4;1;0;0;1;0;0;0;0;0;395312,983060654019937;5793720,931687390431762;7,465301712000040;52,283869244000101
184993;5221220706000496581;5;5;58;40;2022;12;8;3;3;5;3;2;1;1;1;0;0;0;0;376963,805024782021064;5764425,707010350190103;7,207047519000070;52,016812561000101
184994;5221215706300096538;5;5;58;44;2022;12;17;5;3;0;7;1;0;1;0;1;0;0;0;394664,092999961983878;5746545,011999639682472;7,470354385000060;51,859746448000102
185004;5221208601600399084;5;3;15;0;2022;12;7;5;3;5;3;2;0;1;1;0;0;0;0;363287,563999856007285;5645154,238999449647963;7,054042941000030;50,941784929000100
185006;5221227317140845236;5;9;78;28;2022;12;15;3;3;0;1;0;0;1;0;0;0;0;0;400158,837912844028324;5699490,230496269650757;7,563551693000020;51,437798026000102
185007;5221220709500576614;5;5;66;76;2022;12;17;3;3;4;2;2;0;1;1;0;0;0;0;394229,896253051992971;5793210,508764199912548;7,449590213000020;52,279074588000100
185008;5221215608404989757;5;3;34;4;2022;12;12;5;3;5;3;0;2;1;1;0;0;0;0;303395,956449427991174;5638579,112142370082438;6,206008949000020;50,865422412000001
185009;5221212506100391563;5;1;16;0;2022;12;7;2;3;4;2;1;2;1;1;0;0;0;0;319698,091999455995392;5676002,758998040109873;6,418799529000070;51,206926753000097
185015;5221213317210018740;5;9;78;20;2022;12;7;3;3;5;2;2;1;1;1;0;0;0;0;406720,055908904003445;5716219,329146959818900;7,653494129000020;51,589298191000097
185016;5221208600140575867;5;3;14;0;2022;12;14;5;2;0;7;0;1;1;0;0;0;0;0;371554,747460578975733;5623160,799308050423861;7,179363916000060;50,746005081000099
185021;5221212709500079127;5;5;66;76;2022;12;6;2;3;0;1;2;1;1;0;0;0;0;0;395414,221862501988653;5793155,478594279848039;7,466960705000080;52,278806619000100
185022;5221205606100481799;5;3;78;4;2022;12;8;2;3;5;3;0;1;1;1;0;0;0;0;367503,693999875977170;5650036,875999489799142;7,112241488000050;50,986652788000100
185031;5221229407113613890;5;7;62;20;2022;12;17;5;3;0;6;2;1;1;1;0;0;0;0;529522,434976757038385;5742714,290069350041449;9,428461737000021;51,834467717000102
185032;5221221506100478960;5;1;16;0;2022;12;18;4;3;5;7;2;1;1;1;0;0;0;0;320733,034386852988973;5673269,360682269558311;6,434964410000020;51,182697887000103
185033;5221216607100040960;5;3;82;28;2022;12;7;6;3;1;7;2;1;1;1;0;0;0;0;374743,194999906991143;5634163,007999530062079;7,220782861000030;50,845594936000097
185036;5221213602700999597;5;3;62;28;2022;12;8;3;3;3;3;0;2;1;1;0;0;0;0;352060,313999784993939;5638712,711999310180545;6,896957172000040;50,881126429000098
185040;5221213711112787309;5;5;70;52;2022;12;7;3;3;5;2;2;2;1;1;0;0;0;0;429985,241366440022830;5755146,971791829913855;7,981416971000040;51,942625745000001
185044;5221220602600786742;5;3;62;20;2022;12;10;3;3;5;3;0;1;1;1;0;0;0;0;346431,514999741979409;5631046,678999209776521;6,820215601000030;50,810769295000100
185046;5221206500100074083;5;1;11;0;2022;12;7;3;3;5;3;2;1;1;1;0;0;0;0;343193,249999720021151;5681679,126999120227993;6,752373059000040;51,264863924000103
185047;5221227518100095971;5;1;70;48;2022;12;14;3;3;1;7;0;0;1;0;0;0;0;1;335280,058501060004346;5726464,074185510165989;6,618182590000060;51,664983640999999
185050;5221213506100995480;5;1;16;0;2022;12;16;3;3;0;7;1;0;1;1;0;0;0;0;322022,226081972010434;5675734,353985549882054;6,452169430000030;51,205244458000003
185051;5221208501319273928;5;1;12;0;2022;12;17;5;3;5;2;2;0;1;1;0;0;0;0;344302,895300899981521;5696918,032454269938171;6,761604513000070;51,402091746000103
185052;5221215601300786585;5;3;15;0;2022;12;17;5;3;1;5;2;0;1;1;0;0;0;0;353074,300802572979592;5647224,983691849745810;6,907932358000040;50,957881821999997
185057;5221227601200390617;5;3;15;0;2022;12;9;3;3;5;3;0;0;1;1;0;0;0;0;355054,210999806004111;5642039,656999349594116;6,938166939000040;50,911783917000001
185060;5221219400200103323;5;7;11;0;2022;12;12;2;3;0;5;0;0;1;1;0;0;0;0;470936,892834272002801;5765169,650735200382769;8,576306957000041;52,036383752000098
185069;5221222410110074524;5;7;70;24;2022;12;12;5;3;0;1;0;1;1;0;0;0;0;0;494483,455378274025861;5793232,318024730309844;8,919120470000051;52,289421027000103
185071;5221220513120992386;5;1;62;20;2022;12;7;3;3;5;2;2;1;1;1;0;0;0;0;326084,349557597015519;5673787,544529099948704;6,511204058000030;51,189006054000103
185075;5221209601200781782;5;3;15;0;2022;12;11;6;3;5;3;0;0;1;1;0;0;0;0;355502,388133878004737;5642228,019527840428054;6,944463209000050;50,913589075000097
185084;5221230705000874468;5;5;54;8;2022;12;17;6;3;0;7;2;1;1;0;0;0;0;0;335021,586999651975930;5745670,773998799733818;6,605336221000070;51,837451424999998
185087;5221213608100989826;5;3;34;2;2022;12;18;3;3;5;3;2;0;1;0;0;0;0;1;295083,771123405022081;5629168,909529290162027;6,093298039000050;50,778021919000103
185089;5221212601400099181;5;3;15;0;2022;12;10;2;3;5;3;0;0;1;1;0;0;0;0;352173,459999788028654;5653661,790999310091138;6,892495805000070;51,015495414000000
185090;5221210601200662761;5;3;15;0;2022;12;19;7;3;0;1;2;0;1;0;0;0;0;0;355247,408999807026703;5643287,625999360345304;6,940418043000020;50,923047666999999
185091;5221220705000195121;5;5;54;8;2022;12;12;3;3;5;3;0;1;1;1;0;0;0;0;337334,800999675004277;5745749,576998890377581;6,638844512000050;51,838837854000097
185092;5221215700000089275;5;5;13;0;2022;12;9;5;3;5;2;0;0;1;1;0;0;0;0;367155,622999875980895;5710766,908999499864876;7,084730227000020;51,532361258000002
185093;5221206503400481629;5;1;22;0;2022;12;16;3;3;6;4;1;1;1;0;1;0;0;0;365458,316999868024141;5670957,310999480076134;7,075328789000030;51,174196985999998
185095;5221222516900095557;5;1;58;26;2022;12;14;5;3;7;5;0;1;1;1;0;0;0;0;352159,270999787026085;5665228,861999309621751;6,887565444000070;51,119436845000102
185105;5221216514215089446;5;1;66;28;2022;12;13;6;3;3;6;0;2;1;1;0;0;0;0;325731,568999538023490;5688144,320998409762979;6,499169553000060;51,317873560000102
185106;5221207601300678606;5;3;15;0;2022;12;16;4;3;5;3;1;1;1;1;0;0;0;0;348316,877999757009093;5646157,727999240159988;6,840686960000030;50,947058678000097
185109;5221219607400093610;5;3;82;44;2022;12;16;2;3;5;3;2;1;1;1;0;0;0;0;361998,019999846990686;5630877,225999440066516;7,041088004000070;50,813164282000102
185110;5221208705000721097;5;5;54;68;2022;12;7;5;3;0;3;2;1;1;1;0;0;0;0;351481,310999789973721;5767458,565999289974570;6,834648078000040;52,037826977000101
185115;5221212514114089759;5;1;66;24;2022;12;10;2;3;3;3;0;0;1;1;0;0;0;0;309550,544947366986889;5677445,469498899765313;6,272933140000020;51,216592343000102
185116;5221206711421090704;5;5;70;28;2022;12;15;3;3;5;3;0;0;1;1;0;0;0;0;440532,239999999001157;5742767,939999659545720;8,136969683000070;51,832564326000103
185121;5221220301103387259;5;9;13;0;2022;12;18;3;3;5;2;2;1;1;1;0;0;0;0;391370,231999955023639;5705065,533999609760940;7,435442620000060;51,486294138000098
185123;5221214705000308064;5;5;54;12;2022;12;15;4;3;5;3;0;0;1;1;0;0;0;0;352043,240999793983065;5746622,833999300375581;6,851800257000040;51,850774547000100
185135;5221218608404271693;5;3;34;4;2022;12;23;1;3;0;1;2;2;1;0;0;0;0;0;300695,004619597981218;5640158,702256210148335;6,166814145000050;50,878685166000103
185139;5221220706000992384;5;5;58;12;2022;12;7;3;3;5;3;1;1;1;1;0;0;0;0;373992,543999906978570;5756812,262999569997191;7,166568718000060;51,947728578000103
185140;5221216500200572113;5;1;11;0;2022;12;18;6;3;0;7;2;2;1;1;0;0;0;0;346154,667554376996122;5677840,132488500326872;6,796437162000070;51,231175785000097
185146;5221220405232837513;5;7;54;32;2022;12;15;3;3;0;1;0;1;1;0;0;0;0;0;461765,505259042023681;5742287,237828820012510;8,445152218000031;51,830099684000103
185151;5221205500200550578;5;1;11;0;2022;12;16;2;3;4;2;1;1;1;1;0;0;0;0;346097,173399306018837;5679231,245064970105886;6,795016577000070;51,243660084000098
185154;5221217316300075448;5;9;74;28;2022;12;16;7;3;5;6;2;0;1;1;0;0;0;0;454669,953635870013386;5725159,764470710419118;8,344423752000070;51,675580126000099
185157;5221223505200575930;5;1;14;0;2022;12;17;6;3;5;3;2;1;1;0;0;0;0;0;330240,763999590999447;5690583,478998639620841;6,562652735000030;51,341149856000101
185158;5221219514210560576;5;1;66;12;2022;12;8;2;3;5;3;2;1;1;1;0;0;0;0;320906,714337999001145;5693709,618206240236759;6,427205293000040;51,366367939000000
185159;5221208601100799086;5;3;15;0;2022;12;14;5;3;5;3;0;0;1;1;0;0;0;0;356799,983999818970915;5645343,496999380178750;6,961685764000040;50,941911032000100
185168;5221222505100772045;5;1;14;0;2022;12;9;5;3;5;3;0;1;1;1;0;0;0;0;330789,442999597988091;5688332,392998659983277;6,571592029000040;51,321089899000100
185170;5221213600380992481;5;3;14;0;2022;12;11;3;2;5;3;0;0;1;1;0;0;0;0;367057,177949416975025;5620300,813696079887450;7,116681055000070;50,719286947999997
185171;5221208516300191239;5;1;58;28;2022;12;6;5;3;0;1;2;1;1;0;0;0;0;0;349315,139696885016747;5685568,540792380459607;6,838413705000050;51,301464124000098
185173;5221224601100086405;5;3;15;0;2022;12;11;7;2;5;3;0;1;1;1;0;0;0;0;356728,006999818026088;5643407,203999379649758;6,961423111000040;50,924491871000001
185175;5221222316400891188;5;9;74;44;2022;12;23;5;2;0;1;2;1;1;0;0;0;0;0;453856,679999999003485;5703996,551999639719725;8,335444076000041;51,485235540000097
185178;5221230601700695390;5;3;16;0;2022;12;12;6;3;0;7;0;1;1;1;0;0;0;0;362325,322187730984297;5655355,221886659972370;7,036489541000040;51,033234696000100
185182;5221208515210882161;5;1;54;12;2022;12;10;5;3;5;3;0;1;1;1;0;0;0;0;313771,521613765973598;5710637,129210470244288;6,315917642000040;51,516116036000000
185184;5221215514210586050;5;1;66;12;2022;12;7;5;3;5;3;1;2;1;1;0;0;0;0;322773,752999502001330;5695297,911998209543526;6,453205930000020;51,381221257000000
185192;5221214600110085801;5;3;14;0;2022;12;15;4;2;0;1;0;2;1;0;0;0;0;0;366389,131815135013312;5621304,271288109943271;7,106859239000070;50,728152830000099
185197;5221221602600080704;5;3;62;20;2022;12;8;4;2;5;3;0;1;1;1;0;0;0;0;343140,701999714015983;5629891,101999130100012;6,774036054000020;50,799503528999999
185204;5221209300600899524;5;9;16;0;2022;12;6;6;3;5;3;2;1;1;1;0;0;0;0;378719,211999922001269;5710456,520999579690397;7,251466440000060;51,532174200999997
185211;5221222601200043459;5;3;15;0;2022;12;17;5;3;4;2;2;1;1;1;0;0;0;0;360002,689273856987711;5638715,531475289724767;7,009786413000030;50,883130747999999
185212;5221219313212395833;5;9;58;36;2022;12;5;2;3;0;7;2;2;1;0;0;0;0;0;462695,567745899024885;5689655,715164979919791;8,464244734000030;51,356942754999999
185215;5221215502401489509;5;1;17;0;2022;12;9;5;3;0;7;0;2;1;0;0;0;0;0;353620,293362241005525;5699393,702318980358541;6,894434676000060;51,426818615999998
185218;5221205505200992585;5;1;14;0;2022;12;16;2;3;5;3;2;2;1;1;0;0;0;0;329233,652999581012409;5691005,896998589858413;6,548004534000030;51,344643122999997
185219;5221229701700095974;5;5;62;16;2022;12;17;5;3;5;3;2;1;1;0;0;0;0;1;374615,370999909006059;5733494,142999559640884;7,184079695000040;51,738317324000000
185222;5221212600110992494;5;3;14;0;2022;12;17;2;3;4;7;2;0;1;1;0;0;0;0;364124,311999858997297;5624222,363999459892511;7,073711961000070;50,753854820000100
185227;5221209500100765542;5;1;11;0;2022;12;15;6;2;7;7;0;0;1;0;0;0;0;0;343237,084812284971122;5679001,880714589729905;6,754173631000070;51,240820409999998
185235;5221231301301472535;5;9;78;24;2022;12;12;7;2;5;3;0;1;1;1;0;0;0;0;393023,734999958018307;5718171,833999619819224;7,455263280000050;51,604413959000098
185236;5221207705000395078;5;5;54;8;2022;12;9;4;3;5;3;0;1;1;1;0;0;0;0;336300,427999664971139;5745905,294998849742115;6,623770353000050;51,839934520000000
185238;5221224316100094438;5;9;74;40;2022;12;11;7;2;5;2;0;0;1;1;0;0;0;0;436223,665999997989275;5712993,500999649986625;8,079894852000050;51,564409160000103
185241;5221228501127796018;5;1;12;0;2022;12;20;4;3;5;3;2;1;1;1;0;0;0;0;346650,889999751001596;5705392,451999190263450;6,791662762000040;51,478875260000102
185244;5221212503200992491;5;1;24;0;2022;12;20;2;3;5;3;2;0;1;1;0;0;0;0;375264,304999909014441;5681953,926999550312757;7,211704182000060;51,275255313999999
185245;5221206608200589809;5;3;34;2;2022;12;15;3;3;1;5;0;1;1;1;0;0;0;0;295657,937645650003105;5628198,131860489957035;6,101970633000060;50,769505600000102
185249;5221214405108996967;5;7;54;8;2022;12;7;4;3;5;2;1;0;1;1;0;0;0;0;456605,580847740988247;5751718,496814739890397;8,369092029000059;51,914515422000100
185259;5221213301101992451;5;9;13;0;2022;12;15;3;3;6;4;0;0;1;0;1;0;0;0;392396,382830203976482;5707008,047761400230229;7,449623734000060;51,503950500000002
185264;5221205503400090754;5;1;22;0;2022;12;14;2;3;0;1;0;1;1;0;0;0;0;0;363859,282281458028592;5667882,288027290254831;7,053631721000040;51,146183125000100
185266;5221221709500536091;5;5;66;76;2022;12;16;4;3;5;3;0;0;1;1;0;0;0;0;393750,640999961004127;5794752,218999659642577;7,442081931000080;52,292837814000102
185268;5221219709500596634;5;5;66;76;2022;12;17;2;3;0;3;2;1;1;1;0;0;0;0;394502,857999916013796;5793853,712999990209937;7,453388497000050;52,284907677000000
185269;5221207608100094906;5;3;34;2;2022;12;9;4;3;5;3;0;1;1;1;0;0;0;0;294314,857111714023631;5631662,523119299672544;6,081010661000050;50,800145290000003
185270;5221214705000291867;5;5;54;4;2022;12;12;4;3;0;7;0;0;1;1;0;0;0;0;357331,553999828000087;5771265,475999389775097;6,918290654000030;52,073567896999997
185271;5221224500100676165;5;1;11;0;2022;12;9;7;3;5;3;0;0;1;1;0;0;0;0;344772,526999733003322;5676979,413999159820378;6,777029146000070;51,223067650000097
185278;5221212516600174038;5;1;58;4;2022;12;13;2;3;0;7;0;0;1;0;0;0;0;0;357774,195155725989025;5674833,436896120198071;6,963941730000040;51,207170414000103
185279;5221207501124375479;5;1;12;0;2022;12;15;4;3;5;6;0;0;1;1;0;0;0;0;342575,125483256997541;5703387,723404659889638;6,733910491000070;51,459743794000097
185281;5221223515111596053;5;1;54;8;2022;12;13;6;3;5;3;0;1;1;1;0;0;0;0;310007,059110914007761;5746267,613818580284715;6,242346357000030;51,834863998000102
185283;5221213502101880547;5;1;13;0;2022;12;18;3;3;0;7;2;0;1;0;0;0;0;0;361896,297999850008637;5702770,509999450296164;7,012082144000030;51,459241202999998
185288;5221205709110000952;5;5;66;64;2022;12;7;2;3;0;7;2;0;1;1;0;0;0;0;395291,601035637024324;5771451,535683359950781;7,471865864000050;52,083719829000103
185292;5221217600380375889;5;3;14;0;2022;12;12;7;3;0;7;0;2;1;0;0;0;0;0;369521,488849445013329;5616220,231961299665272;7,153013639000050;50,683168067000103
185340;5220315516310111220;5;1;58;28;2022;3;11;3;3;0;1;0;0;1;0;0;0;0;0;349759,700393227976747;5684827,289329810068011;6,845098128000070;51,294920982000100
185385;5220413516340488226;5;1;58;28;2022;4;14;4;3;4;6;0;0;1;0;0;0;0;0;348663,083539122017100;5688604,292753189802170;6,827778708000040;51,328569053000102
185467;5220314500300817226;5;1;11;0;2022;3;17;2;3;5;3;0;0;1;1;0;0;0;0;345849,219224937027320;5674997,125530989840627;6,793287852000050;51,205547571000103
185481;5220103602800025227;5;3;62;12;2022;1;10;2;3;5;3;0;1;1;1;0;0;0;0;351531,629268134012818;5634134,056762910448015;6,891304523000030;50,839844218000103
185531;5221018601130106220;5;3;15;0;2022;10;9;3;3;0;1;0;1;1;0;0;0;0;0;355271,029383410990704;5644165,369201710447669;6,940405454000030;50,930941694000097
185553;5220103500300136229;5;1;11;0;2022;1;14;2;3;4;2;0;1;1;1;0;0;0;0;341831,780572431976907;5674950,347779829986393;6,735845233000020;51,204029013000103
185835;5220208500200271223;5;1;11;0;2022;2;10;3;3;4;2;0;1;1;1;0;0;0;0;345286,901564689993393;5678390,707186839543283;6,783780125000020;51,235888338999999
185873;5220830601610576229;5;3;15;0;2022;8;11;3;3;3;6;0;0;1;1;0;0;0;0;363967,600512193981558;5645278,551451859995723;7,063670193000060;50,943063027000100
185883;5220108601410633223;5;3;15;0;2022;1;8;7;3;0;1;0;2;1;0;0;0;0;0;355778,501626702025533;5649579,793070480227470;6,945476893000030;50,979727086000103
185931;5220711500200435228;5;1;11;0;2022;7;16;2;3;5;3;0;0;1;0;0;0;0;1;345128,773984145023860;5678390,969838630408049;6,781516701000040;51,235847803000098
185948;5220809516710326223;5;1;58;8;2022;8;11;3;3;5;3;0;0;1;1;0;0;0;0;360583,239007289987057;5673378,033484400250018;7,004694009000050;51,194783671000003
186055;5220127500300934227;5;1;11;0;2022;1;17;5;3;1;7;2;1;1;1;0;0;0;0;345623,331495694001205;5676239,844431020319462;6,789521973000030;51,216652990000100
186152;5220117500200543221;5;1;11;0;2022;1;10;2;3;3;3;0;1;1;1;0;0;0;0;346586,886403939977754;5677093,105514749884605;6,802942833000030;51,224579703000103
186208;5220310516340081225;5;1;58;28;2022;3;22;5;3;2;2;2;0;1;1;0;0;0;0;349201,186038947023917;5689520,327779480256140;6,835108671000060;51,336943076000097
186211;5220828601610491224;5;3;15;0;2022;8;12;1;3;8;1;0;0;1;0;0;0;0;0;358928,439999829977751;5641940,228999409824610;6,993279103000020;50,911850269000098
186219;5220503601220393224;5;3;15;0;2022;5;16;3;3;0;7;0;0;1;0;1;0;0;0;348672,337041626975406;5644871,644822900183499;6,846277571000030;50,935595057000100
186324;5220606317230196228;5;9;78;8;2022;6;17;2;3;5;3;0;0;1;1;0;0;0;0;413040,434842850023415;5717149,773455579765141;7,744474419000030;51,598673341999998